0.6658660510172646,11.672710637530914,151.99908088235293,0.035
0.8924239798925251,14.921322732372506,143.5546875,0.045
0.3715278142850464,12.31305914058779,135.99917763157896,0.0625
0.9292923716291163,13.088016825907431,128.0,0.025
1.0,13.129573322518365,114.84375,0.0525
0.8836249707737128,12.77530954940137,120.18531976744184,0.025
0.6305793137369502,13.292204788692423,126.04801829268293,0.045
0.6357658632291409,13.668921188055425,123.046875,0.0375
0.956462851597718,14.756288387752939,123.046875,0.025
0.9319077997679328,14.415710784980098,126.04801829268293,0.04
0.8730780002553514,14.043796250127356,100.0,0.0375
0.8525319092926429,13.45044804504554,143.5546875,0.0475
0.3625016349754236,12.333209841315565,119.0,0.0175
0.6011587998670942,13.299677396659781,135.99917763157896,0.035
0.8893694284333937,12.565743521481675,151.99908088235293,0.0325
0.4473696382142274,13.16679235587953,143.5546875,0.0375
0.4554949193017473,13.464223609019198,143.5546875,0.0325
0.3610153226164186,13.159288519763495,143.5546875,0.04
0.8665749091097509,14.680987808421381,135.99917763157896,0.035
0.9137570830536776,14.162974870965378,139.6748310810811,0.085
0.7440862078341041,13.7569206844995,132.51201923076923,0.0225
0.7987402950388639,12.862129074245885,129.19921875,0.025
0.8791106618080545,14.87969823996681,129.19921875,0.0325
0.9238214295221332,12.624669359151447,129.19921875,0.0475
0.884995723111201,12.660799176266217,129.19921875,0.05
0.8592823160383287,13.74472933249642,143.5546875,0.0375
0.8646930012687164,12.017054585952092,110.0,0.0475
0.8092519829666216,12.715193394533493,151.99908088235293,0.0475
0.6402237658303448,13.00032132194749,150.0,0.07
0.9180455581942266,12.718574458396203,143.5546875,0.05
0.92550589587485,12.54451310859138,143.5546875,0.0425
0.864343925354542,11.47607191920758,139.6748310810811,0.04
0.8933765654984321,10.78313134802794,139.6748310810811,0.035
0.8903343642556735,11.497323703184518,139.6748310810811,0.04
0.8203283748338914,12.067489177419944,143.5546875,0.0625
0.9568044338146872,9.84484826048573,161.4990234375,0.0425
0.9427948965037622,12.605620999535908,150.0,0.075
0.7938635882594587,13.460397066136032,132.51201923076923,0.055
0.7749316993540486,12.344647587134233,147.65625,0.0475
0.8161583238869963,12.275010687360698,150.0,0.0425
0.26982136012593116,9.951181014792748,147.65625,0.03
0.8819561394746538,13.61393839756158,166.70866935483872,0.0425
0.18434286426004196,12.406074911674514,172.265625,0.1
0.3704143469460184,12.475057436410982,172.265625,0.0675
0.9515441353199028,13.257208602580167,169.44159836065575,0.0825
0.8955209993462964,10.96983391991644,191.40625,0.06
0.2144226896105494,12.931435069888169,151.99908088235293,0.0575
0.9845074490507354,13.263644980828788,135.99917763157896,0.0375
0.9673796856864856,14.090895311035997,129.19921875,0.05
0.870724844369211,12.789065363665006,139.6748310810811,0.04
0.8167839385796858,13.65096141427657,139.6748310810811,0.025
0.7510781294274897,14.0474886301676,125.0,0.0175
0.8212539103817738,13.652054677789652,125.0,0.025
0.7623378664427485,13.839843894787125,132.0,0.05
0.8556704298067328,13.156731180817724,129.19921875,0.0525
0.9484478443441108,11.991021237333603,139.6748310810811,0.0425
0.829458763570706,9.771609681057496,135.99917763157896,0.065
0.900315753608481,12.469867875063605,132.0,0.0375
0.9059073955992678,11.72451663430683,123.046875,0.035
0.93681721092058,12.040847135882595,123.046875,0.0625
0.8166286659666542,12.788476171117926,143.5546875,0.0425
0.8746947435611474,14.1237734287084,139.6748310810811,0.025
0.9743184358996442,12.947248623708301,139.6748310810811,0.045
0.9440307637942864,13.988170448247791,136.0,0.0325
0.8427552161292113,12.533786143458922,131.0,0.0375
0.9693120640455614,13.154160273966903,127.0,0.045
0.9753546514162176,12.5244438507301,132.51201923076923,0.0375
0.7395626995261949,14.029485458758796,127.0,0.025
0.9919999346666981,13.006413148725905,130.0,0.0375
0.9058300701427839,11.943554066288264,143.5546875,0.03
0.9015838059822642,12.03573224719221,127.0,0.0525
0.9866313778863757,11.49482383613232,127.0,0.0425
0.9170898115934528,13.963448384528988,129.0,0.0425
0.9930684558673676,11.857106578916664,139.6748310810811,0.0425
0.8100354364719353,11.980670733955492,106.0,0.0275
0.8691677254428891,14.898989323818622,134.0,0.0425
0.8167731977333511,12.271808047045871,118.0,0.0425
0.3804279089615827,14.50734158622366,132.51201923076923,0.0275
0.9503090410727977,13.792247641563018,156.60511363636363,0.0525
0.904359630258522,12.561493861400422,100.0,0.045
0.9929617575809057,12.379959838585311,142.0,0.05
0.9952461277753034,11.649689403233396,142.0,0.0575
0.9955908561127,14.510932088830964,147.65625,0.035
0.726942635537242,12.32411678924678,120.0,0.015
0.92613770691635,11.556500866947339,161.4990234375,0.025
0.6303981490174586,13.149391832384184,153.0,0.0675
0.05533050880627885,14.173728720765915,120.0,0.005
0.301817878261541,12.435167023025969,151.99908088235293,0.02
0.6784137841068262,14.141914266026278,143.5546875,0.0425
0.4656830264691721,14.52895624164068,143.5546875,0.0325
0.7441561511697421,12.598252325095974,132.51201923076923,0.0475
0.97634209585167,11.792697497730705,128.0,0.035
0.9661515340222021,12.589827988772445,144.0,0.045
0.970649129013377,12.776113938572635,129.0,0.0375
0.9474476183787102,12.476685991272936,130.0,0.0425
0.9839943088983358,9.996512332091093,136.0,0.0625
0.8559176484312202,12.886949225823066,156.60511363636363,0.0425
0.8003116040399884,13.81706367669475,135.99917763157896,0.0275
0.9249443542621264,14.017125285916864,151.99908088235293,0.05
0.9480007117256972,14.041501789254736,135.99917763157896,0.0325
0.888139343164289,14.997745083790207,125.0,0.0525
0.6595097952807817,13.942876893763524,151.99908088235293,0.045
0.7651712156245467,13.300943943240789,143.5546875,0.03
0.9569027178011928,13.235295771758985,143.5546875,0.03
0.8636770957740662,14.620582930698932,147.65625,0.035
0.8440442595113851,12.922522313737188,156.60511363636363,0.035
0.8810920707789227,13.107386387081824,147.65625,0.025
0.8771824419502655,14.084380307645809,129.0,0.035
0.9393023460349901,15.669699260605796,134.0,0.0375
0.9270406475221162,11.588712955763611,160.0,0.04
0.9155184547218821,14.022887777393201,151.99908088235293,0.0325
0.874485354657103,14.070741532596994,122.0,0.0675
0.7854529516425943,14.612658082431228,161.4990234375,0.06
0.7883071144227294,14.695774451717336,161.4990234375,0.06
0.9381997247441196,13.16610269601309,161.4990234375,0.0525
0.728108641734249,13.952051401210356,172.265625,0.0625
0.7865377021354326,14.864682767534813,161.4990234375,0.0375
0.7913595342702398,14.326139845542851,161.4990234375,0.0625
0.8654870341701937,13.069813355748614,139.6748310810811,0.0625
0.6850749129481034,13.073911911204895,151.99908088235293,0.0375
0.9776343949091328,11.59418628084332,130.0,0.0425
0.4948181737845973,13.290923200322004,137.0,0.03
0.6673360920822405,14.419760170504173,138.0,0.0425
0.6858256674777229,14.648204580868171,139.6748310810811,0.0325
0.7238993378581656,13.901229461885539,139.6748310810811,0.0675
0.9833654933583058,10.804039874380734,147.65625,0.1
0.8310926497125819,11.645978739840142,132.51201923076923,0.04
0.3362263253666096,11.378250343167965,132.51201923076923,0.035
0.852288545373099,15.164225272877692,139.0,0.04
0.9138732825922404,12.928299682424685,139.6748310810811,0.0525
0.9518370575109392,12.181717960443208,147.65625,0.0575
0.8412590834611046,15.744209809281324,147.65625,0.055
0.9172475272304924,14.14634250544,98.0,0.0375
0.7945165247269856,12.254703926962868,143.5546875,0.0275
0.8910331324917675,10.937068932953116,151.99908088235293,0.0725
0.9435559965358777,12.545341871449544,130.0,0.0275
0.5564024252543921,12.219302624304952,90.0,0.04
0.6192270350148066,12.301497737655788,89.0,0.035
0.8366041341344954,13.437280729058829,132.51201923076923,0.0325
0.965186569300944,14.117975315188723,135.99917763157896,0.0375
0.9908142082020552,11.73397330525174,132.51201923076923,0.0275
0.7845468687229455,11.71604825225958,129.19921875,0.035
0.5957307714281979,13.775436847888642,120.18531976744184,0.03
0.8806455574061844,14.569861134018186,143.5546875,0.0475
0.7925336906026251,12.68634540342446,128.0,0.025
0.8057404626572665,11.108346684392796,132.51201923076923,0.0325
0.8665557709891516,14.7109623300207,147.0,0.0725
0.9463814031869998,12.178537969866827,135.99917763157896,0.05
0.8024194395045109,13.034579790508062,129.19921875,0.04
0.8412590834611046,15.744209809281324,147.65625,0.055
0.9443233605585044,11.77846866134821,132.51201923076923,0.02
0.9564662379699082,12.35769086047697,135.99917763157896,0.0625
0.918900903832585,14.158064315607229,135.99917763157896,0.0425
0.9095582722205,12.819560939714393,135.99917763157896,0.03
0.8528273349810161,11.54713228423319,132.51201923076923,0.045
0.9461041584228798,12.481750277195982,143.5546875,0.0475
0.6954263501073157,13.22916054340378,143.5546875,0.025
0.5978190994693343,12.999198774588343,80.0,0.0375
0.9392009622227827,12.531177107244318,139.6748310810811,0.0375
0.8123706071716099,12.257936794290258,145.0,0.03
0.776429375335862,11.710283678712852,151.99908088235293,0.0325
0.7702590645197646,12.46012749400015,138.0,0.035
0.642362765909257,12.007304522604803,126.0,0.035
0.9471168143816047,15.42703325653084,147.65625,0.0325
0.9313036466505036,12.588267957162653,140.0,0.0425
0.9691411868283424,10.671302732683282,134.0,0.0775
0.7536015247188587,11.665056065777168,146.0,0.045
0.8080986773752721,12.083618775236111,146.0,0.045
0.9090063568133298,13.295349440559717,124.0,0.0325
0.8476055970895241,13.60839657599513,108.0,0.0325
0.9473531865379388,13.29714288275026,131.0,0.0425
0.9204189917933336,11.487203060856274,120.0,0.025
0.9427066540876935,13.160335083578012,104.0,0.0325
0.05851965741954745,11.620324804655798,135.99917763157896,0.0375
0.9465936966361723,11.520349342547675,132.51201923076923,0.04
0.8365355607607251,13.452940573449217,120.0,0.035
0.8111164933378188,12.318159239067036,120.0,0.035
0.8881268299436185,13.926201790881013,124.0,0.035
0.819278297776599,12.225277009433835,143.5546875,0.04
0.966249695870561,11.533144699034086,154.0,0.0325
0.4886036298468384,12.234822336448952,159.01442307692307,0.025
0.8422936484473053,13.850339828087003,161.4990234375,0.0375
0.9915484378076201,11.56287592490094,164.0,0.0325
0.9885941775190094,14.12112018479794,146.0,0.0325
0.9879801433155615,11.830799349573017,166.70866935483872,0.0325
0.8846926289132279,12.049064892863557,129.19921875,0.0275
0.872126625747104,13.254217082344825,127.0,0.04
0.9868551251061624,10.788573630875412,129.19921875,0.0375
0.8816552480319045,12.51368268082618,135.99917763157896,0.065
0.8598431670603922,13.15256019156547,129.19921875,0.0225
0.9525042688574064,12.105868990482188,132.51201923076923,0.06
0.9154050774779492,13.338684542812311,134.0,0.045
0.9771481619069572,11.994626580187592,161.4990234375,0.04
0.1842330371693265,12.136740256230995,166.70866935483872,0.035
0.8722184270524396,14.40895042301527,163.0,0.0625
0.7597833872119456,12.343490388272173,179.0,0.05
0.934211484220542,13.416961973603293,162.0,0.035
0.9976864439181485,11.68726074951077,139.6748310810811,0.0575
0.9929033646280577,11.122309896878386,161.4990234375,0.0525
0.4486967432423032,12.296211857193878,164.0625,0.0375
0.8814830899390199,12.796927531566215,169.44159836065575,0.03
0.9158730938313056,12.206895537775267,169.44159836065575,0.035
0.7496577046256724,11.566283472375115,166.70866935483872,0.0375
0.9845410827578869,12.505795037609694,154.267723880597,0.035
0.9475903701630493,12.130511792157936,149.7961956521739,0.05
0.9577835426956417,12.880714232620488,165.0,0.045
0.54489242976655,12.602648756268184,170.0,0.065
0.8308130852670789,13.428315156352635,164.0,0.06
0.9655995308273335,10.323270169791119,150.0,0.035
0.7185365109231819,14.75494474187968,120.18531976744184,0.045
0.8343713481535249,13.231811408426871,120.18531976744184,0.045
0.791368214649876,12.241193833605386,120.18531976744184,0.0525
0.8655625569334403,11.388100718781876,139.6748310810811,0.04
0.7210468678388037,12.173028984896574,139.6748310810811,0.0375
0.8196585450441944,12.276019756834833,139.6748310810811,0.0375
0.6194016629832533,12.64666319063342,50.0,0.0275
0.8626723683089337,12.658756412192435,70.0,0.0175
0.7386968586823985,13.58773018463812,90.0,0.0325
0.7174240811169597,11.746116786146713,60.0,0.02
0.5273103222592777,13.763995175304409,109.0,0.025
0.9762624332908264,12.074387606317615,132.51201923076923,0.0275
0.8345872080146877,13.289133411805865,123.0,0.025
0.6644902543959086,11.972183830406014,100.0,0.04
0.9870249782274158,12.7925919720901,129.19921875,0.04
0.9963248488891008,11.861141516558064,129.19921875,0.0525
0.9879441789262832,12.599260656631346,123.046875,0.055
0.5972261544867538,12.13752839378514,168.0,0.0525
0.9651555881838416,12.11454051609377,164.0625,0.075
0.9547258867144548,12.601068733569395,132.51201923076923,0.0375
0.8979267120169147,14.732143714105328,135.99917763157896,0.04
0.8847900598987731,14.504784689316594,135.99917763157896,0.04
0.9923756844246876,9.59473896953184,129.19921875,0.065
0.8935047790841236,11.62790973111198,129.19921875,0.045
0.9528962561604264,13.843588852308265,123.046875,0.03
0.8348908817689185,13.49676104672444,129.19921875,0.05
0.8699635094106857,12.670995798042512,129.0,0.0275
0.903605945823426,14.573952155220429,161.4990234375,0.025
0.5850830927639323,13.404440049138447,135.99917763157896,0.05
0.8710600933325904,12.400647920793014,156.60511363636363,0.0275
0.906454957191007,11.764315043102163,161.4990234375,0.0375
0.9636617986029644,13.00754322083126,130.0,0.0375
0.9348567098005744,12.643611716939525,156.60511363636363,0.0375
0.8947721311825563,11.943165520050261,143.5546875,0.0325
0.8171360016426742,12.917097858285736,151.99908088235293,0.0525
0.8201816007887976,13.763636986140806,143.5546875,0.035
0.9548509127903361,12.487686919895078,143.5546875,0.05
0.934220156602394,13.05783490255328,156.60511363636363,0.035
0.6572305184766836,11.95354991723434,135.99917763157896,0.0575
0.9510751854208114,13.948943279749956,156.0,0.05
0.8342687948359649,15.092057674691157,147.65625,0.0475
0.7929784200057872,12.686619226137584,138.0,0.045
0.93645148767674,12.441449454918883,143.5546875,0.0575
0.9162060614158039,11.562573386133451,147.65625,0.08
0.7920457953215903,13.505548721066333,143.0,0.0425
0.8762589449797061,15.10690445672699,143.5546875,0.0375
0.9030510837806004,15.334200961420438,129.19921875,0.0425
0.8845690496055236,11.906089305758458,132.51201923076923,0.0375
0.8692213881577515,13.456744642682654,132.51201923076923,0.045
0.9215562256037472,15.654903536068897,129.19921875,0.035
0.9472279243810383,13.204763332439137,139.6748310810811,0.0275
0.9580048275599098,13.352164945315177,151.99908088235293,0.0475
0.45843726076915003,14.072847119311756,132.51201923076923,0.0325
0.7075975186742989,13.410531017740404,151.99908088235293,0.0225
0.8783652879818064,12.792838615661383,151.99908088235293,0.0425
0.97000948832877,13.518408959936124,132.51201923076923,0.0475
0.8858659990183853,13.335931070206952,143.5546875,0.04
0.9497246678268916,12.808221675094359,125.0,0.035
0.8980473299296872,11.29307455387172,151.99908088235293,0.035
0.958507742952226,11.351783050940297,139.6748310810811,0.0525
0.9466455835626493,13.698473236544048,135.99917763157896,0.03
0.8115143215933762,14.463550090626352,123.046875,0.0525
0.8329768759706097,14.01176825056979,117.0,0.04
0.8790996315020615,12.124435102100193,156.0,0.0275
0.7491894533553484,11.5795110880896,151.99908088235293,0.055
0.8527190669763679,12.63592625652956,156.0,0.0525
0.7218422478344213,13.095568629322216,135.99917763157896,0.0675
0.6788976749510204,14.334169865113932,143.5546875,0.0325
0.9112520545276106,9.50249111519988,135.99917763157896,0.1
0.9174096921582476,12.391148236720175,147.65625,0.065
0.5406718489672253,13.427025334804423,160.0,0.0575
0.8760969921814514,13.492386260734113,147.65625,0.0625
0.898854020880518,14.72194919753725,147.65625,0.035
0.9358275349141748,11.74648484929468,138.0,0.0325
0.8314532896632747,10.543730535799414,132.51201923076923,0.0925
0.9107816329770659,14.775389658884256,151.99908088235293,0.0425
0.8963251480003356,12.464474099205244,156.60511363636363,0.0825
0.972159273465446,10.88065180584768,123.046875,0.04
0.8053990294788343,12.70729911369184,120.18531976744184,0.0275
0.9354151579329414,13.284382174207682,120.18531976744184,0.0275
0.8522142335596734,12.03101444388918,162.0,0.0625
0.7956351260841947,12.172551270345863,139.0,0.0575
0.6922105521918257,12.184166354486674,164.0,0.05
0.8233571334970193,11.87940314748943,139.6748310810811,0.06
0.9342361858454958,14.508253223284356,143.5546875,0.0375
0.9936171622756323,10.071371278680695,143.5546875,0.0625
0.8962270196753204,12.997280918993214,139.6748310810811,0.0575
0.9542959971888951,10.89248037145806,169.44159836065575,0.06
0.7832226110500082,12.520247457929248,175.1853813559322,0.045
0.9453744147921852,12.833911365269898,179.0,0.065
0.653947742641267,13.296898300398674,114.84375,0.0275
0.7116450265322853,10.835531313719962,132.51201923076923,0.0525
0.5988792932776927,11.425838601679903,75.0,0.02
0.8138697730092455,13.48307199515613,124.0,0.0375
0.891339542485256,9.17118691508317,107.666015625,0.0475
0.69073073686449,12.00449896113101,130.0,0.0125
0.8751784971477143,14.753093741370222,131.0,0.0275
0.8886708236570626,13.351873634650945,160.0,0.035
0.9833302449388563,11.210479714916312,135.99917763157896,0.095
0.8840740999995542,13.149572065045096,135.99917763157896,0.055
0.9157559756571266,11.166894826281759,132.51201923076923,0.0725
0.9007850656470124,15.829731042500054,132.0,0.05
0.929345166982383,15.906374114299172,132.0,0.05
0.8614505173306687,16.50883335295258,132.0,0.04
0.9829944735968928,10.521263959602932,151.99908088235293,0.085
0.9142544625635448,13.173087103431078,139.6748310810811,0.055
0.9656856424908992,12.451366839587354,126.04801829268293,0.0325
0.7887057449262864,16.02845596775408,133.0,0.0475
0.9009240089173796,12.621811413425451,135.99917763157896,0.0575
0.8430376798279235,13.93744169548918,140.0,0.0475
0.942326878116886,12.550866994486062,126.0,0.02
0.9621818408925056,10.97097147090135,132.51201923076923,0.065
0.2508639953708322,12.771269360186679,161.4990234375,0.0225
0.5846225944663614,12.98274068807686,91.0,0.025
0.4142042392121846,14.559286208209935,112.34714673913044,0.0625
0.568377849752308,12.797101469300419,126.04801829268293,0.0325
0.8559786056564718,13.05611248909644,126.04801829268293,0.04
0.9833034331768312,15.144951203391475,138.0,0.05
0.8898984528186473,13.778076393924204,139.6748310810811,0.055
0.98166527224596,12.356331622255093,143.5546875,0.0775
0.9257923376733458,8.396135414974793,156.60511363636363,0.075
0.939589368472865,11.085579293209957,160.0,0.0525
0.964316354452576,11.720763021383934,154.0,0.0775
0.9672406480821047,13.656860604654945,147.0,0.0425
0.9073586764683248,12.81865647693775,132.51201923076923,0.07
0.9829439684719948,10.132530315636558,154.267723880597,0.0375
0.9886117131626618,12.507695938704504,151.99908088235293,0.0325
0.9574644587650044,13.193432241729784,156.0,0.065
0.9540720673649473,12.182846315469344,139.6748310810811,0.0675
0.9295908576544021,12.86319739751404,134.0,0.0475
0.9162804753530158,12.828136086306236,126.04801829268293,0.045
0.9723445448123547,11.073526940850776,147.65625,0.0375
0.9704326081415523,11.606996014821048,147.65625,0.035
0.9073146763728785,10.128591007179395,161.4990234375,0.045
0.9121259161650626,12.710782448182002,126.04801829268293,0.0475
0.8279896585307045,12.509059397521035,126.0,0.04
0.828401914207275,12.992165188638426,132.51201923076923,0.04
0.8153746575319675,13.970835416654367,135.99917763157896,0.055
0.742865632270269,12.09564161351621,135.99917763157896,0.04
0.7736241294536995,12.736762906495876,135.99917763157896,0.0425
0.7403623069042535,13.876386798155304,118.0,0.0375
0.617178286801938,13.591392774131178,117.0,0.0575
0.8303084034794967,13.644505180432018,118.0,0.0425
0.7213066327735661,13.96692160096873,118.0,0.0375
0.9192855385617896,13.095293942790374,120.18531976744184,0.0375
0.7513993631693879,12.109352791838615,129.0,0.035
0.7933005149455099,12.612330886292028,112.0,0.0425
0.861046284610832,13.199824706952938,123.046875,0.0375
0.7129099282473007,14.23765141921254,143.5546875,0.035
0.6092604311340337,12.778148430527974,135.99917763157896,0.0375
0.7443478816800224,13.601089375097068,120.18531976744184,0.035
0.7582004259231757,12.877554291809428,135.99917763157896,0.0425
0.7858582309806368,14.360165194267747,132.51201923076923,0.0425
0.5893498946688215,13.707676185437418,106.0,0.045
0.6584575715672799,13.60506877495607,90.0,0.035
0.900289123096066,13.979874608421392,112.0,0.0375
0.8332682314300808,13.732776670403066,112.0,0.045
0.5834488967972054,13.222882066718117,132.51201923076923,0.0275
0.9411430236965256,12.866512648366124,132.51201923076923,0.0375
0.8538029151120289,12.903554910115837,120.18531976744184,0.0475
0.8393368625620297,12.02836529940354,135.99917763157896,0.0425
0.9008014107626638,13.520225740997748,135.99917763157896,0.035
0.8286479035676478,11.714110379446552,135.99917763157896,0.0575
0.8382383812039702,11.342382113977358,147.65625,0.0675
0.868249233714227,12.394736210383297,151.99908088235293,0.0775
0.8090079522275382,14.959096428545589,126.04801829268293,0.055
0.985724148857259,12.263981852051746,139.6748310810811,0.0325
0.9939718130806604,12.709542468469351,136.0,0.0325
0.9833647616186771,13.205733821079118,147.65625,0.06
0.9068584226328,12.40627055859974,129.19921875,0.0475
0.9763068459190096,11.567569928884886,139.6748310810811,0.0325
0.8604216724306196,13.985840791176997,136.0,0.0275
0.9672077684729612,14.65366692748506,132.51201923076923,0.0275
0.9601508135534658,11.853820923696752,135.99917763157896,0.03
0.913765044125509,14.020885914610583,129.19921875,0.035
0.9104978237609842,10.115352298573503,135.99917763157896,0.0275
0.8964895903494988,15.40008818535609,135.99917763157896,0.025
0.8004236126679899,13.183600487658097,132.51201923076923,0.0275
0.8848463115558483,13.264964477927517,129.19921875,0.0275
0.9281280372753787,15.047739590599623,143.5546875,0.0425
0.9802094872675334,11.20250875599389,147.65625,0.0425
0.5555556689081793,12.924627937460448,110.0,0.045
0.8775725143960177,11.657944595914737,151.99908088235293,0.075
0.8813379149364444,17.108167784968053,123.046875,0.0275
0.906473505394986,16.646721399948913,123.046875,0.03
0.928026310373514,15.770076388450708,123.046875,0.035
0.9340544438036438,11.00307956019692,132.51201923076923,0.0875
0.808651765611272,14.067710577582202,129.19921875,0.04
0.9590463543162168,12.442744516112684,142.0,0.0425
0.8941170232095592,12.430360336946729,139.6748310810811,0.0625
0.891137256131503,12.087093055780565,150.0,0.0475
0.9230738826890801,12.716081931817865,132.51201923076923,0.05
0.9538584265829811,12.288607420300242,123.046875,0.0525
0.9617371018360078,12.45984244590023,123.046875,0.0375
0.9562850269028764,12.149681042264326,126.04801829268293,0.0275
0.7336427214199259,13.054862250789391,123.046875,0.0375
0.9509522128979572,13.30670067580243,126.04801829268293,0.0375
0.7282049601617742,12.757531575257467,150.0,0.045
0.8072134935889466,12.279752630411355,151.99908088235293,0.04
0.8969207366083567,13.075097423592403,161.4990234375,0.05
0.91617801447699,13.738909714192111,132.51201923076923,0.05
0.9653556881448659,12.956580717622904,126.04801829268293,0.0375
0.944650606560317,12.702568287045152,129.19921875,0.0325
0.821183196277355,12.777381650141017,129.0,0.04
0.8904035666160124,13.807394858351742,96.0,0.03
0.8357236283628077,13.454532077150654,135.99917763157896,0.0475
0.6401025364065762,13.43242334514569,139.6748310810811,0.05
0.8570772551432504,13.223294716803283,135.99917763157896,0.0425
0.975095841323112,13.665627495055874,126.04801829268293,0.0375
0.8714448547031434,12.284109016944722,132.51201923076923,0.0425
0.9602139002141188,12.150345774778994,126.04801829268293,0.0375
0.9158551442913105,12.687875146336168,129.19921875,0.0425
0.9635807337245726,11.756921090433996,123.046875,0.035
0.9495581745367296,10.622804541639471,126.04801829268293,0.045
0.9331622523952912,13.140291179800784,126.04801829268293,0.0325
0.7065507271507024,17.005237878111608,147.65625,0.03
0.7988815899407986,12.980842584205982,127.0,0.035
0.7274080772425001,14.646440558547212,143.5546875,0.035
0.7592261121010647,13.478647419276532,161.4990234375,0.0325
0.7549435492419843,12.794429494192281,151.99908088235293,0.0275
0.9482690149738138,13.866735801429598,123.046875,0.0475
0.8930216438601846,14.774331370987941,126.04801829268293,0.035
0.9453136962216,12.35039656181268,126.04801829268293,0.0425
0.8601145609266256,13.319131421473624,126.04801829268293,0.035
0.9257678473829142,12.71268420609535,126.04801829268293,0.0325
0.9732017661357737,13.332563497492886,120.18531976744184,0.05
0.8611786177442295,13.874209511084803,126.04801829268293,0.055
0.968986669056644,12.768074813907251,126.04801829268293,0.06
0.9347564092797211,13.457621366046634,126.04801829268293,0.04
0.8611786177442295,13.874209511084803,126.04801829268293,0.055
0.9819102116517716,13.587426898778912,126.04801829268293,0.04
0.8775506111731821,13.894668393664022,123.046875,0.04
0.8498227157647871,16.389399364483253,120.18531976744184,0.035
0.7653812962453541,12.751956384370562,151.99908088235293,0.035
0.8571579850208666,12.939490901458472,151.99908088235293,0.0425
0.9459474160232136,12.889384778471594,126.04801829268293,0.035
0.908820400768252,11.08548608669824,135.99917763157896,0.04
0.996931450777151,9.52797457867473,129.19921875,0.0475
0.9367526771646302,13.024139047836558,132.51201923076923,0.04
0.9404061386212138,14.305575233472824,129.19921875,0.0325
0.8670549349944158,13.439889951958591,132.51201923076923,0.03
0.8816477431999801,13.269262238776498,132.51201923076923,0.03
0.57554755646092,16.09203571237531,135.99917763157896,0.0475
0.9572860814537754,11.75200500030697,117.0,0.0775
0.95999263804697,13.4762991130792,158.0,0.06
0.969907540504854,11.948391963496755,156.0,0.0775
0.978757655919518,13.149946039491072,147.65625,0.05
0.9852575241539903,12.241362225015434,152.0,0.04
0.6930567887664391,13.00321211555525,161.4990234375,0.0275
0.9440664329036126,12.849226499514947,152.0,0.04
0.8615104368868898,12.611317381080733,159.01442307692307,0.04
0.8749193391837433,13.042674322441735,159.01442307692307,0.0525
0.9147561304185609,12.286483844203298,148.0,0.025
0.9617894415080191,13.46756954838771,181.3322368421053,0.0575
0.9166793441942976,12.7979863678915,165.0,0.07
0.9678453669899671,12.306155791097446,164.0625,0.0525
0.98070433167176,11.302410344341974,160.0,0.0725
0.9631403856318698,13.41272824700981,166.70866935483872,0.055
0.8747266242429932,12.187000836537988,154.0,0.0375
0.8856295120739521,11.570651546888083,132.51201923076923,0.03
0.7651120426994915,13.309254102997047,162.0,0.0375
0.46241348263195414,13.371661579828093,160.0,0.0475
0.9503192147473174,14.39914319507986,156.0,0.0425
0.8756301005653779,12.819818667889127,151.99908088235293,0.045
0.989501889818348,12.424225578674012,198.76802884615384,0.0675
0.949776573664576,13.59171218946343,190.0,0.06
0.7696997045083457,12.82596162682506,160.0,0.04
0.9170580421007636,10.49873932853999,92.0,0.045
0.7698912294515081,13.467774119145876,129.19921875,0.04
0.9007643194881148,13.633448320346387,139.6748310810811,0.0325
0.9352334579061838,11.68198421801754,147.65625,0.09
0.9746423691051189,10.735196220855062,132.51201923076923,0.07
0.5372412637019353,14.144254641194625,161.4990234375,0.0325
0.4098392933690439,12.702654049468489,160.0,0.035
0.9581859065974092,14.911605796744993,115.0,0.035
0.7858318734168079,13.476815776927824,120.18531976744184,0.05
0.8909870794381648,12.694271335179938,123.046875,0.045
0.89976116500822,14.556988751987497,123.046875,0.0325
0.947587172787236,16.468468105671224,116.0,0.03
0.8695245030592167,14.452837461553017,129.19921875,0.05
0.9288892022341602,13.885592202801387,129.19921875,0.0375
0.92072211167448,14.720630604619094,164.0,0.0375
0.8938539712966203,12.980201842162561,98.0,0.0325
0.8520221600814425,13.799482343859308,139.6748310810811,0.02
0.5762490674930024,13.387108666870027,143.5546875,0.0475
0.7759057989106095,13.342507831139287,143.5546875,0.0575
0.5517868090681353,14.422088801909114,100.0,0.03
0.8729814200664053,14.070495013529513,100.0,0.0425
0.5090503034874038,14.217714544987906,100.0,0.0275
0.8548799786386546,13.594012118747713,127.0,0.0325
0.7579556175865513,14.059305891361989,129.19921875,0.035
0.6959650329397885,14.229834210166157,129.19921875,0.0325
0.4976789986770861,13.27346324751225,135.99917763157896,0.0375
0.3116225835648191,9.62356173581574,135.99917763157896,0.0475
0.9867979698524745,15.041567406157306,159.01442307692307,0.0275
0.9732809921891198,11.776571895627058,161.4990234375,0.03
0.9768881017020644,11.438731880399969,159.01442307692307,0.0375
0.722440542858813,12.206002496047821,129.19921875,0.0425
0.9123547772972143,14.179834904719836,135.99917763157896,0.0625
0.8669820741438115,12.137466014251766,132.51201923076923,0.04
0.5200775499327939,14.23027853721621,129.19921875,0.0575
0.8667701135616922,12.92659817729053,139.6748310810811,0.0625
0.9777330059064122,15.12651044236016,129.19921875,0.035
0.8550221818835981,14.556974897109471,147.65625,0.0425
0.7889785286799371,13.770309193601534,132.51201923076923,0.025
0.9598022185475668,11.663498523270617,147.65625,0.075
0.8956018438155109,12.591270500537671,139.6748310810811,0.0525
0.8167127261538893,13.04251853315193,135.99917763157896,0.045
0.7438351026673613,12.774891902775192,139.6748310810811,0.0625
0.9585245102430808,10.912361333293012,94.0,0.0475
0.9848417320751516,9.084658822718698,135.99917763157896,0.0325
0.9716452878028704,9.9625858564298,114.84375,0.0425
0.9879435453929676,8.80921597865481,98.0,0.0625
0.9876230491935344,15.352966594531544,147.65625,0.025
0.9075889992789123,13.339844117398094,132.51201923076923,0.0475
0.8834342286663663,14.27372586005243,129.19921875,0.0475
0.9069845988534078,13.671180586695325,120.18531976744184,0.0325
0.9399538120556776,11.900145615427942,123.046875,0.0975
0.891371972237311,13.708289114701692,119.0,0.035
0.7986894535072261,12.663392535535332,132.51201923076923,0.0475
0.9441764331146416,13.506464226539014,135.99917763157896,0.05
0.9709164547528129,14.07441076526896,129.19921875,0.0425
0.9752709478057836,13.665915154743828,132.51201923076923,0.0525
0.8389550632366692,12.164466915203967,120.0,0.0375
0.8696693652750896,11.927287584494692,135.99917763157896,0.06
0.990726851253072,11.202678273825416,143.5546875,0.04
0.8354601196397983,13.05522597377244,174.0,0.0625
0.9021732145299859,13.450322806274304,166.70866935483872,0.055
0.9728376559626319,11.977794343856011,135.99917763157896,0.0425
0.9313418287789774,12.488568952944682,132.51201923076923,0.0325
0.8527379132552139,12.937888646703701,139.6748310810811,0.0475
0.9826058932678052,11.23451691570888,129.0,0.0325
0.8470522432280153,12.727154448430255,150.0,0.065
0.9688616374824708,14.266181808176606,135.99917763157896,0.0325
0.8241869594988603,14.301522683708722,158.0,0.05
0.9539830005238932,10.793284805561564,110.0,0.0325
0.95642639183415,11.47467620047829,129.0,0.03
0.9713065439795332,11.62539001164849,129.0,0.045
0.9688473748362265,13.194989066347478,135.99917763157896,0.0475
0.7633168000985646,13.811933543277274,133.0,0.0575
0.9174252717614821,12.888389520400395,147.65625,0.04
0.8720114376688517,13.353588237109872,132.51201923076923,0.0625
0.7798140411979368,13.854405820643876,135.99917763157896,0.045
0.9889765943837177,12.47084516749865,139.6748310810811,0.035
0.7503103206217103,14.735087083067416,136.0,0.05
0.9856935837782526,13.622209892669517,139.6748310810811,0.04
0.942329078815995,12.846497502539197,172.0,0.0575
0.9751174654401572,12.139102188013489,220.0,0.07
0.8953240191136679,10.410031254181211,190.0,0.0775
0.918755144000575,11.117267150250363,181.3322368421053,0.075
0.8132317526565032,12.701205028617752,198.76802884615384,0.0575
0.9057014231087748,11.888135292462632,191.40625,0.0775
0.9058961010643488,12.881376564561888,191.40625,0.0675
0.9830424265813736,9.1561935836225,164.0625,0.06
0.941169731423946,13.49713260698105,191.40625,0.0575
0.8931204353544664,12.82915674247551,220.0,0.0775
0.8592665705860401,10.804471609377224,164.0625,0.0575
0.931036697582338,11.975093634786983,169.44159836065575,0.08
0.938254425123216,7.31910248918131,178.20581896551724,0.085
0.8536614757805678,12.235846030408112,191.40625,0.06
0.9847877246801878,11.180984813401745,143.5546875,0.045
0.7742634393833102,13.97940008672039,147.65625,0.0325
0.9503681346302296,10.100417054346313,187.9261363636364,0.065
0.8980751047301938,11.765053476487607,159.01442307692307,0.0925
0.9309805558664203,10.674920571725423,202.0,0.0325
0.8926478421885751,12.224571048534685,178.20581896551724,0.0775
0.8233550532507001,12.540371888332334,252.0,0.0775
0.9007525885423816,12.949896496178166,181.3322368421053,0.0775
0.8743850802480917,13.037842391323164,178.20581896551724,0.05
0.81843197073488,12.692048865092568,178.20581896551724,0.08
0.7407539644079231,12.43315308629827,181.3322368421053,0.0525
0.8908691192119277,10.34079865946188,178.20581896551724,0.075
0.9011864143725813,12.772450747181466,191.40625,0.06
0.8998053604047622,12.618849909308038,169.44159836065575,0.0775
0.4636516739124241,15.630390655268052,181.3322368421053,0.04
0.938857513650006,12.23801813300013,198.76802884615384,0.06
0.9149441902411051,12.0090536604929,202.0,0.05
0.9769998650170976,12.242484516152048,230.0,0.0825
0.79547794337241,14.639534966019458,172.265625,0.0625
0.9437077739918583,11.964794067170804,191.40625,0.0525
0.7903916761186223,13.213508937275304,210.0,0.0775
0.9020828595387652,10.923959335311872,184.5703125,0.0525
0.8554001844395276,11.76895842331616,139.6748310810811,0.05
0.7592573550639984,13.95253405480435,172.265625,0.0675
0.9085958489617744,12.157592506025807,178.20581896551724,0.0625
0.9159466575386156,12.407195065392273,198.76802884615384,0.075
0.754838315721363,12.68520706246668,230.0,0.07
0.9179932473745396,12.235440135823763,172.265625,0.0725
0.9569374404949696,13.880508348895724,143.5546875,0.045
0.973896755355503,10.016057654167803,169.44159836065575,0.0575
0.7963845728026745,13.339058337387026,123.046875,0.0525
0.9022705478496196,13.472618682481224,116.0,0.0425
0.818859766736538,13.698338281557533,109.0,0.04
0.8582179312820717,14.807804183105072,106.0,0.0325
0.7190553463099967,14.433645985554248,120.18531976744184,0.0325
0.9320703515545754,12.335524281932589,161.4990234375,0.035
0.9192828150413981,13.006895986617913,143.5546875,0.0275
0.810481967909966,12.149983326393,143.5546875,0.025
0.9305966899391184,14.292151712166792,129.19921875,0.0475
0.8607535559806008,14.196346406983157,129.19921875,0.0625
0.927613329650997,14.918333083420926,129.19921875,0.0325
0.8974509462589456,13.895555876928372,129.19921875,0.0575
0.8983658925564947,13.0118901929834,129.19921875,0.0325
0.9101116636387888,13.031955658006915,129.19921875,0.0325
0.909307385599282,13.12909578711388,126.04801829268293,0.0325
0.9071226934202958,12.663836781521944,126.04801829268293,0.045
0.8240730749731466,14.15584582584647,126.04801829268293,0.025
0.9998036500632248,10.879354278169227,120.18531976744184,0.06
0.9999033480551036,11.036930694497908,123.046875,0.0525
0.9635376806846572,10.841467563658853,120.18531976744184,0.02
0.9998811816121977,11.477819670309056,117.45383522727272,0.0875
0.8766896500114707,12.211556160185484,117.45383522727272,0.0675
0.94352363535191,11.506267353010886,151.99908088235293,0.0725
0.7733458556289413,13.468271697870971,129.19921875,0.05
0.7927012545622428,12.295937085272945,135.99917763157896,0.0425
0.9146762432133182,13.1845771570483,109.9567819148936,0.0475
0.900970542493426,12.720032427431118,126.04801829268293,0.0375
0.7616062066827888,14.13266973503194,126.04801829268293,0.0325
0.9725075129571943,13.002392023949529,126.0,0.045
0.7590852631768082,12.484288157778776,129.0,0.06
0.714189700883766,13.408867227813932,128.0,0.06
0.7408014149268599,15.317070768141733,127.0,0.0325
0.8811799581543052,12.726228333920272,128.0,0.055
0.7854826492665604,13.480655990413675,153.0,0.05
0.7375988509218246,13.720896926811367,127.0,0.0375
0.996084109200554,13.099695251627685,127.0,0.04
0.5582585054001629,13.124280469927962,161.4990234375,0.0525
0.929292746818084,14.475086956988852,161.4990234375,0.035
0.6726981243878772,13.316787336870018,138.0,0.0325
0.8516608457770696,13.264355154677581,143.5546875,0.0425
0.8274250900790696,13.840636905866333,143.5546875,0.04
0.8852070702859014,13.304838833939504,143.5546875,0.035
0.9513603359302161,13.392553077326939,135.99917763157896,0.035
0.957477197066597,12.260274412457605,156.60511363636363,0.04
0.863993483644943,10.129731854884298,184.5703125,0.0875
0.8982747210054891,13.721350133193265,126.0,0.0225
0.9568416904898178,14.134001716511353,169.44159836065575,0.045
0.9231852483405938,11.596054064331057,135.99917763157896,0.0525
0.984114830620204,14.242234098551371,156.60511363636363,0.0525
0.8303738163979748,10.302955647190329,139.6748310810811,0.0725
0.9191838799023854,14.75566061993565,143.5546875,0.0375
0.9394427259701263,14.959254838942217,164.0,0.04
0.6951405269632855,13.224721481023236,132.51201923076923,0.0425
0.8134983642266341,12.401149079053113,135.99917763157896,0.04
0.898116736755083,13.208212157625931,135.99917763157896,0.035
0.9786492720295166,12.924664924080538,143.5546875,0.0325
0.9744398922323161,11.996876456094864,129.19921875,0.0425
0.9413761645182604,12.939996110732322,129.19921875,0.035
0.9502908778148673,13.16448172769212,129.19921875,0.0475
0.2571886952779312,13.639685686894396,139.6748310810811,0.0275
0.8987969689846533,14.374655293633186,139.6748310810811,0.0475
0.7945786296289553,9.54051410831218,200.0,0.0575
0.8057640158386372,14.287592674910892,172.265625,0.0525
0.9437414082099116,13.122046092628867,156.60511363636363,0.02
0.8908879483277854,11.97090135063278,139.6748310810811,0.07
0.9846907732341912,13.581994979962298,140.0,0.0625
0.7174263757912892,13.621352603963023,128.0,0.04
0.41752211327955,14.081911741509172,143.5546875,0.035
0.9160513001661064,12.831302462214316,134.0,0.045
0.9270189949025018,12.043757095211326,164.0,0.05
0.5561114155970166,14.54866145142107,143.5546875,0.0325
0.8506501419405861,12.177474184778914,135.99917763157896,0.0525
0.8775306286359593,14.644778672759198,138.0,0.045
0.9513954913460714,12.438018266491962,151.99908088235293,0.04
0.822195884685318,13.006972667909208,143.5546875,0.0725
0.7648003370194234,12.686077845374928,143.5546875,0.065
0.6492309648218378,12.927697323567564,138.0,0.065
0.7157763643442303,11.847976459364748,139.6748310810811,0.0625
0.7933257926772879,13.477180520264556,139.6748310810811,0.055
0.8942754184070324,13.229247927596234,143.5546875,0.06
0.8615403130668802,12.807155573535995,143.5546875,0.06
0.8955880017395051,12.915610390731423,143.5546875,0.0675
0.8546238980749875,12.540015554410529,143.5546875,0.04
0.8723193397466142,12.009460117533806,143.5546875,0.0775
0.8719595451706434,13.942084140213481,151.99908088235293,0.0575
0.7838798717940002,12.711450946165291,120.0,0.07
0.845727847993385,13.09845629171737,139.6748310810811,0.075
0.8466284868960855,13.40831829230261,139.6748310810811,0.035
0.7807332497455078,12.773769179440423,139.6748310810811,0.0375
0.7908940774398681,13.201640179447548,150.0,0.0475
0.902697476426047,11.700196144393715,135.99917763157896,0.0475
0.9252807929018256,11.732316204378163,143.5546875,0.05
0.1387139176514295,13.097074505967509,129.19921875,0.035
0.93906216260418,14.391552100059174,158.0,0.04
0.5704226885911583,11.838162984741244,143.5546875,0.0375
0.7881161687273568,14.13934132295733,169.44159836065575,0.055
0.8349230550894478,12.988328227551447,169.44159836065575,0.05
0.9831749695352985,12.420977328617521,151.99908088235293,0.06
0.7853559816017528,12.824044193075935,156.60511363636363,0.06
0.9770872371040632,12.916539948153416,139.6748310810811,0.03
0.6348002114385292,13.617203683664968,156.0,0.0525
0.5748456551583939,14.13849584852067,156.60511363636363,0.045
0.2807540057603026,14.318856090347062,156.60511363636363,0.035
0.8773651608704376,12.648383120326805,120.18531976744184,0.0775
0.9399792499975992,12.882266723226486,123.046875,0.0275
0.9425103163721974,13.02802153748124,123.046875,0.0325
0.8106999226933367,12.69616018573042,123.046875,0.06
0.7116705828787542,12.675373884633583,123.046875,0.0525
0.8818948009671941,13.16174113929873,123.046875,0.0275
0.8611123743412211,13.767777267222153,123.046875,0.045
0.6522697872001707,14.22818994506935,123.046875,0.0325
0.5759462424347548,13.771689743616804,123.046875,0.035
0.9132178359330242,13.905129382410069,128.0,0.0325
0.9562262344916304,13.296942392369914,94.0,0.0225
0.7284096797282155,12.844473968832366,132.51201923076923,0.05
0.7716098424752322,13.365274476161755,132.51201923076923,0.0575
0.9883950302407978,16.473171019833217,129.0,0.0225
0.9491913481553582,10.845634378520264,175.1853813559322,0.09
0.9456580151738261,10.754526593417404,184.0,0.09
0.9706521183394784,9.160801698051262,196.0,0.0975
0.845146294827676,13.24635428013162,161.4990234375,0.035
0.5216493129999001,12.316823859547096,161.4990234375,0.055
0.8178743641002101,13.821809664770026,166.70866935483872,0.0525
0.9402975510257328,11.38429287391856,154.267723880597,0.09
0.8308035301167563,13.769284227060137,160.0,0.0325
0.8588457624656456,13.42619421042237,147.65625,0.0375
0.8846020136565773,11.62874927500166,139.6748310810811,0.0325
0.9398471679094814,13.74410424433979,109.0,0.0275
0.7806318717538694,9.076889509873848,158.0,0.07
0.7663738779754756,14.554402866377124,143.5546875,0.0375
0.7347533521650783,12.467917448731482,139.6748310810811,0.04
0.9232585606265498,13.440459413431757,166.70866935483872,0.0675
0.809650182858639,13.048706638350785,161.4990234375,0.035
0.8435458201438207,13.177237656504154,161.4990234375,0.03
0.9743332207261874,15.3719161935239,156.60511363636363,0.045
0.9762204263747262,12.987842409130833,161.4990234375,0.05
0.8944459517872666,13.730950788942948,132.51201923076923,0.055
0.9807281025441392,12.699533360078261,132.51201923076923,0.0875
0.9535754793531056,9.091318412868937,132.51201923076923,0.085
0.8527666437687653,11.555582768416858,147.0,0.0625
0.8876894838865452,13.2417812908322,147.0,0.0575
0.8711042388448367,9.835016490658493,142.0,0.035
0.9656379812877256,10.591934120836008,139.6748310810811,0.0275
0.9493738353959764,13.772988576538655,139.6748310810811,0.045
0.8611023278794463,13.00496069623209,139.6748310810811,0.04
0.8281653108098819,11.966642376174384,139.6748310810811,0.095
0.866834892216173,12.894896508910906,139.6748310810811,0.0425
0.7054443669749674,12.636454609045416,143.5546875,0.0325
0.9333788385320911,10.890908736118682,132.51201923076923,0.0825
0.9216670596891168,11.620020535177197,132.51201923076923,0.0825
0.9988397861939662,11.518798114364877,139.6748310810811,0.0975
0.9630809942530478,13.489722676660222,135.99917763157896,0.0475
0.7446084753725869,11.521406651192946,137.0,0.04
0.7708571631285441,11.525054554433536,142.0,0.1
0.8674167608681569,14.580803535139584,135.99917763157896,0.045
0.1629624415779109,15.244240800749107,125.0,0.0075
0.7708590890840722,16.39811989259533,146.0,0.0125
0.9541112488587152,14.306547562229934,143.5546875,0.0475
0.885229147469649,12.639044654307854,147.0,0.0975
0.9867136785266948,14.77986309829548,144.0,0.0425
0.972699056515426,15.491468701183626,139.6748310810811,0.025
0.965074058652138,14.15998682802022,143.5546875,0.04
0.7992065851664205,12.691817835478355,143.5546875,0.055
0.370184423132901,13.073822596434052,151.99908088235293,0.0675
0.896837849185692,16.07885185988477,143.5546875,0.04
0.9642802182248106,14.357745388506633,139.6748310810811,0.03
0.8642247329025687,12.12459016749263,123.046875,0.0275
0.8028437244501578,12.618172485860834,123.046875,0.0325
0.8974699438994751,12.161335681995238,123.046875,0.03
0.8331724564040311,13.231075095392729,123.046875,0.0325
0.9850451826918716,13.773509142675426,135.99917763157896,0.065
0.8999990251989911,13.279134097882444,129.19921875,0.0475
0.8659290746566781,13.923267389530368,129.19921875,0.0425
0.8705486023393617,13.59101622207457,123.046875,0.035
0.7431344200026585,12.719822503481586,132.51201923076923,0.0425
0.8459957963414125,12.524957157889162,126.04801829268293,0.0375
0.6223325928686672,14.70980996761477,129.19921875,0.0275
0.6384633463384897,11.556845554505557,113.0,0.0425
0.7092202052443413,12.48933242072794,147.65625,0.0575
0.19488132191027624,12.050812710352215,105.46875,0.0425
0.583225024437213,14.233291466799413,156.60511363636363,0.0325
0.6772495278449141,12.092660278676611,103.359375,0.0325
0.7774953431562948,13.888634654143438,129.19921875,0.025
0.9393133886491742,14.241668797661662,146.0,0.0425
0.9078831746153857,12.838430901244624,126.04801829268293,0.06
0.8140937741296903,13.416377245961801,126.04801829268293,0.035
0.8116721708748923,15.358028329018415,135.99917763157896,0.035
0.7204970213608667,12.357581644707235,147.65625,0.045
0.7151424486982709,12.987603663012248,139.6748310810811,0.05
0.8993776017105377,12.146039548581001,138.0,0.04
0.777145909800918,14.97342168098164,132.51201923076923,0.025
0.7965494823246837,12.941071733750183,132.51201923076923,0.045
0.6425457644681131,12.93711335335207,132.51201923076923,0.05
0.789203168548531,12.653394579600317,198.76802884615384,0.03
0.858845509777395,14.010758170456825,135.99917763157896,0.0375
0.7685972080947231,13.293821769918605,151.99908088235293,0.05
0.7044453483375661,12.954385925440382,151.99908088235293,0.045
0.8953683499045259,15.018367801678801,129.19921875,0.04
0.5406018346121055,12.502057528822874,97.0,0.0375
0.8436044226712005,13.814903686560417,135.99917763157896,0.055
0.7530726540600798,12.966406639932991,138.0,0.0325
0.7350052639410307,14.017462587567536,139.6748310810811,0.0425
0.7627320171140382,14.49974689167366,135.99917763157896,0.035
0.9369435055013788,13.540524350847027,135.99917763157896,0.0375
0.8496565709899255,12.844698658638034,139.6748310810811,0.035
0.4869591811447618,15.010427381151608,146.0,0.0475
0.6233232110176941,12.161551238257516,139.0,0.02
0.7767677035608925,12.64161635221746,139.6748310810811,0.0375
0.0470607895360291,11.397354521148449,80.0,0.0325
0.8592977411497971,12.742714563764828,135.99917763157896,0.0425
0.2303474228948002,14.334140766232007,140.0,0.05
0.8173194010963355,10.497768237012489,132.51201923076923,0.03
0.7536910395953071,14.191028864386416,126.04801829268293,0.045
0.8885131887068839,13.37079736040759,129.19921875,0.055
0.6865302050130426,13.292468856158273,129.19921875,0.0525
0.9549450105016087,12.078986116657763,123.046875,0.0425
0.7322930981831807,14.636236904833176,123.046875,0.0325
0.5661826452230397,13.127623893269938,161.4990234375,0.045
0.6882336601393934,11.95468836800449,161.4990234375,0.0675
0.715544766812639,12.46238734273443,166.70866935483872,0.035
0.873738206241197,11.898301316439152,208.0,0.0925
0.9424598396085262,11.56779566153785,192.0,0.0775
0.9293442808346108,11.703349808830994,191.40625,0.1
0.9352016319164046,11.811013418908686,186.0,0.0925
0.9838911875869768,11.192252688517923,150.0,0.045
0.9578360590917828,12.976475318430747,132.51201923076923,0.045
0.9474745074325686,11.01991269195239,143.5546875,0.0425
0.9852423156676636,11.799658140563388,135.0,0.035
0.7594597694577482,12.99148234437391,156.60511363636363,0.045
0.9090498841508784,12.99549227855248,161.4990234375,0.0375
0.9072642089957562,12.296115156159445,166.70866935483872,0.035
0.879128546910889,13.23485955953489,151.99908088235293,0.035
0.9059783971860906,12.073051309402826,156.60511363636363,0.045
0.8387391116257019,13.492536028430163,164.0,0.0475
0.961280130404658,10.857084802719497,135.99917763157896,0.04
0.8049721960441889,12.24231972461239,143.5546875,0.065
0.8131684976034326,13.625575438413922,115.0,0.0325
0.9073039665039748,12.666767828353914,118.0,0.045
0.9704020409285206,13.538751471038816,132.51201923076923,0.0425
0.7596224308942272,13.212440553644385,107.0,0.035
0.8129283088592772,13.711074014761737,123.046875,0.035
0.8898425269226041,12.59900439428565,126.04801829268293,0.035
0.7718379134847064,14.012609676035773,125.0,0.0375
0.859393262628387,13.202023375375774,120.18531976744184,0.0325
0.9130943727007316,12.729732757907488,132.51201923076923,0.045
0.9682746267833728,12.223844487146831,139.6748310810811,0.0675
0.8979792619949267,12.598166425151408,132.51201923076923,0.0625
0.8532506286248815,12.42756304358042,132.51201923076923,0.0575
0.959819223356631,13.68370362709,139.6748310810811,0.035
0.8763910961001203,14.338246262543445,132.51201923076923,0.0375
0.7714497936286171,13.7290810005125,132.51201923076923,0.0325
0.8914531570058919,13.420798499223004,132.51201923076923,0.04
0.8931668635670889,12.528656661989016,132.51201923076923,0.0575
0.9194940834203875,13.151387626489239,123.046875,0.065
0.8734761509052993,14.087742527300612,123.046875,0.04
0.8018746878862605,13.562460552846062,123.046875,0.03
0.909274589131342,14.318021919975903,123.046875,0.04
0.9265139584593531,13.311815335881306,123.046875,0.05
0.8969359993501654,13.522201336684102,123.046875,0.0575
0.8934407137594685,14.187113582950513,125.0,0.04
0.8204287942322738,13.41251213491174,120.18531976744184,0.03
0.9033736720214189,14.067841578499454,143.5546875,0.055
0.9022823139680236,12.782846002910198,129.0,0.04
0.886023095727875,13.53628042548652,123.046875,0.0425
0.7868289392572924,13.151723932374255,120.18531976744184,0.05
0.9042441057772911,13.07373880612776,129.0,0.045
0.8166714859612959,13.365698901725311,120.18531976744184,0.04
0.9086600622566235,11.403176503588377,140.0,0.04
0.9182522985524559,13.478856839082063,138.0,0.0425
0.9214696155899132,12.309816472296347,122.0,0.0325
0.9047128369830506,11.734474236525564,118.0,0.0325
0.8298839927625283,12.850011450625388,169.44159836065575,0.03
0.8585258689675357,13.924090923550466,151.0,0.045
0.7805685810332642,12.482128311882898,154.267723880597,0.0375
0.9091784522769566,13.40915387009585,168.0,0.0675
0.969458023657136,12.238422979962682,161.4990234375,0.0375
0.946946877416437,13.731053181403226,151.99908088235293,0.055
0.9269304143000652,12.821694668418289,147.65625,0.0525
0.900901368978082,12.999890599181056,161.4990234375,0.075
0.9964011186309905,11.65384776026588,154.267723880597,0.0325
0.8754466264712968,12.517917718102922,152.0,0.0575
0.8354319843625985,11.445214314380898,164.0625,0.0175
0.928143897113494,13.368487177738396,166.70866935483872,0.0325
0.819384155500701,13.115042479308284,156.60511363636363,0.02
0.8680085189787282,13.169200820829792,161.4990234375,0.025
0.9066179815873272,12.448502282325878,161.4990234375,0.025
0.8227697773894302,12.267155442612744,151.99908088235293,0.0875
0.7830934886771209,17.15076075662362,151.99908088235293,0.0475
0.7674620477901196,12.202621556853504,156.60511363636363,0.0875
0.6850189252424341,11.875048363406746,150.0,0.09
0.9191177870114244,15.800630834846327,126.04801829268293,0.0275
0.8273431670519391,15.06295194080887,135.99917763157896,0.035
0.8061963096165513,12.991771950919132,126.04801829268293,0.025
0.8569935120634369,13.487327927368472,129.19921875,0.0375
0.8326252921344868,13.168305723474823,135.99917763157896,0.0275
0.9028976742974693,15.426175345852235,126.04801829268293,0.0325
0.9696045540668118,12.212114223464884,172.265625,0.0425
0.8986973098032951,13.395716178148968,150.0,0.035
0.9421730489498253,12.00296252916139,139.6748310810811,0.04
0.761771077187285,12.673848660300296,184.5703125,0.055
0.7358460424820996,12.763457887378076,184.5703125,0.0475
0.992361264962254,12.802624069002434,156.60511363636363,0.0325
0.9723794972578902,14.017776869709008,139.6748310810811,0.035
0.8643457292641545,12.935972932359448,154.0,0.02
0.836992708713443,12.75273102360893,154.0,0.055
0.843821082149571,12.110371263999289,151.99908088235293,0.065
0.9596179995953051,9.58197774934423,154.0,0.0325
0.8910255411259937,11.63374660656424,132.51201923076923,0.05
0.8890823223333109,14.8926394663283,127.60416666666669,0.035
0.9534856620535799,12.491745402607112,126.04801829268293,0.04
0.8576366183451692,13.178005399607096,161.4990234375,0.0475
0.934728073570502,16.21908931626654,164.0625,0.0475
0.83364436494874,13.740713943016226,147.65625,0.045
0.960677003063041,13.698795449044841,156.60511363636363,0.0475
0.9087083364496817,12.371360901995875,139.6748310810811,0.0525
0.798728770856917,14.37321237397306,139.6748310810811,0.035
0.8565472325666397,12.456327875793717,143.5546875,0.04
0.7526539935811656,14.898566089440575,139.6748310810811,0.0275
0.7449513030771249,12.809785904389951,132.51201923076923,0.055
0.9343518306981109,11.12632607078783,150.0,0.05
0.5817225583062207,14.338400229711944,147.65625,0.055
0.8277574976250338,13.716173988356296,151.99908088235293,0.0475
0.9240024214466898,13.581469369666534,151.99908088235293,0.06
0.8003187777686407,12.423546131586702,143.5546875,0.065
0.8274316783570391,13.437777176410727,143.5546875,0.065
0.9476360557457628,10.437405743776765,126.0,0.0425
0.9290613584118038,10.255706926012024,143.5546875,0.0675
0.8486662839954874,11.467946394577268,139.6748310810811,0.0475
0.9236056966539272,11.81149547170969,143.5546875,0.03
0.8514397989491523,12.249843827604163,161.4990234375,0.075
0.9253502689029836,12.894815947576554,161.4990234375,0.0475
0.9037178656037568,13.408204574338658,160.0,0.03
0.9855710361844998,11.432087749753018,151.99908088235293,0.04
0.794502885846223,12.027244872374244,156.60511363636363,0.065
0.7945942987925507,12.943294334233885,156.60511363636363,0.055
0.8034818965490171,12.029909028756752,156.60511363636363,0.0675
0.8361806860024394,12.629133707206297,164.0,0.035
0.756902014930743,12.1475101759084,181.3322368421053,0.0425
0.8026859911268216,13.042216903720654,161.4990234375,0.05
0.863384546494301,13.489161588408146,161.4990234375,0.0525
0.6651574217400892,11.992702671168736,181.3322368421053,0.06
0.8957010095401217,12.959778729660188,132.51201923076923,0.035
0.8053234271838332,15.108551612754766,126.04801829268293,0.035
0.7199139334463224,12.27181629970833,161.4990234375,0.04
0.9790774548620202,12.511156567228376,135.99917763157896,0.0425
0.8462247021082274,11.956573196017748,129.19921875,0.04
0.9576603435140829,12.284761021650416,135.99917763157896,0.045
0.6631710700253804,13.961303468596972,117.45383522727272,0.0425
0.8934095353283655,13.019418628566148,140.0,0.07
0.9303498810202916,12.750315847991107,135.99917763157896,0.06
0.9675392926101084,12.06656896188548,135.99917763157896,0.0575
0.9804788122281136,11.273326336722775,134.23295454545453,0.0325
0.8956481600046979,13.422885425607184,139.6748310810811,0.045
0.6311758014519608,12.905521218596828,139.6748310810811,0.0375
0.8147449394771658,13.159582470629605,147.65625,0.0425
0.8801606031429828,10.494210916804873,156.60511363636363,0.055
0.8757941929324521,13.107346271491318,164.0625,0.0575
0.9289908546657493,13.354567823814197,139.6748310810811,0.05
0.8806534871491958,10.823968470752698,139.6748310810811,0.0525
0.5120404839446534,12.886796371693471,100.0,0.0325
0.94970103792621,14.09023857996803,134.23295454545453,0.035
0.5878083262767442,13.188211810464624,123.046875,0.0325
0.8267874418124967,12.81102558988696,120.18531976744184,0.04
0.9615280913160504,12.07956114276096,123.046875,0.045
0.5966947276879175,11.79352441741992,129.19921875,0.035
0.6332277598677055,12.498407619536986,123.046875,0.0475
0.6725292447844435,12.973852264003323,135.99917763157896,0.0325
0.6801194758859602,12.69246936589376,135.99917763157896,0.0375
0.4092697815793238,12.143760016938398,123.046875,0.025
0.8821785948691375,12.09075359154333,123.046875,0.04
0.4915460851085443,12.171727695925888,120.18531976744184,0.0375
0.6572340071991192,12.711726045702017,135.99917763157896,0.05
0.9309092981546807,12.078000302190606,135.99917763157896,0.0575
0.6372452382464983,12.51603860228295,135.99917763157896,0.0625
0.7072171434843308,11.850553566945116,135.99917763157896,0.0475
0.6282030039191604,12.431313762232842,135.99917763157896,0.0375
0.7940000163474799,12.537952516833837,117.45383522727272,0.035
0.0991141505770882,12.249408430933816,135.99917763157896,0.035
0.8423345872579517,11.408759742616123,139.6748310810811,0.0425
0.9372059114922642,15.216522669216694,146.0,0.0325
0.5871298112673221,12.425470982025445,135.99917763157896,0.0375
0.9647679556424515,11.770327353462728,147.65625,0.0375
0.4758382708779505,12.873876604322634,117.45383522727272,0.0425
0.6734218934497513,11.969408923671407,151.99908088235293,0.05
0.7500332380472152,15.298648448205403,120.18531976744184,0.0275
0.7681340671060934,12.032593613596319,129.0,0.05
0.9279947613361496,11.87173298809309,120.18531976744184,0.0475
0.813117376488886,11.409123426935857,123.046875,0.0375
0.7073859526163401,15.282095024984162,123.046875,0.03
0.762173193911557,14.030120908429657,123.046875,0.025
0.9946524254270492,15.084168159298411,156.60511363636363,0.045
0.7508507032484482,12.68063350396584,135.99917763157896,0.04
0.848545631435002,13.311710916668154,135.99917763157896,0.04
0.7826162790347304,12.877785950296461,135.99917763157896,0.0425
0.870408533677417,12.923369599187007,135.99917763157896,0.05
0.9864190441748694,14.78093918742134,184.5703125,0.0625
0.5911258816428931,12.642336018292518,169.44159836065575,0.04
0.9537041657672588,14.080375934378075,184.5703125,0.0475
0.8875576023713079,13.384744080874135,161.4990234375,0.0575
0.9299397910108836,14.716741854522592,149.7961956521739,0.0325
0.8228556086930693,12.532461756554792,156.60511363636363,0.0375
0.9126986480351886,12.43341968287029,135.99917763157896,0.0375
0.8388370652542096,14.262652409524712,135.99917763157896,0.035
0.8427012510067498,13.14357664726695,139.6748310810811,0.04
0.6858916876784227,14.15868102019608,156.60511363636363,0.0425
0.8858036139209302,11.728066344624857,161.4990234375,0.03
0.9633102505183928,14.703526399836498,139.6748310810811,0.035
0.7468463712382419,13.422734764097516,161.4990234375,0.0525
0.8216464726768824,14.406135981963534,161.4990234375,0.0325
0.8696717496880854,13.280501175258454,143.5546875,0.0425
0.9025085320537594,12.422077679498386,138.0,0.0525
0.8208960022997474,14.369556885539634,139.6748310810811,0.035
0.8026674935038959,13.788928927673853,135.99917763157896,0.0325
0.8401897470182523,13.09079879864981,143.5546875,0.035
0.7385864254249357,12.79886175786405,147.65625,0.065
0.655387774808514,12.42259398040554,129.0,0.0425
0.965193809701815,12.071619705848267,134.0,0.04
0.6489687010853524,12.027121606037346,129.0,0.0375
0.5392539703198616,13.011361133195201,129.0,0.0325
0.8249784356997165,13.874789841439183,123.046875,0.03
0.8910404076935463,12.270714594206204,129.19921875,0.0475
0.7613423340560511,13.883731072795618,126.04801829268293,0.0425
0.9028032996434736,13.988352950882057,126.04801829268293,0.025
0.7269826130795516,12.952582418008523,129.19921875,0.03
0.7844340439903057,13.655075177818823,160.0,0.045
0.6339996660412234,12.328456970553828,156.0,0.04
0.677989954821918,12.239559346260569,120.0,0.045
0.7788935502562903,13.14151513591028,147.65625,0.055
0.7095452761208862,13.405884272629109,147.65625,0.0475
0.6091646033237056,14.090192549725188,147.65625,0.04
0.9326142030247444,12.901167252318867,135.99917763157896,0.0575
0.7172693734201321,12.20056412032918,165.0,0.07
0.7816421762806997,13.140692988216829,143.5546875,0.0275
0.8778155244810123,14.484837079832037,150.0,0.0475
0.9280127634961187,13.243348633224464,123.046875,0.04
0.9480254003684668,13.686653217196284,123.046875,0.0375
0.6685855343329083,13.271256866263595,129.0,0.0425
0.6373083856363555,11.687226109590227,129.19921875,0.0575
0.9304926731020904,11.839183459019605,139.6748310810811,0.0625
0.9340131066259584,12.08401078611591,135.99917763157896,0.0575
0.6597404352681467,14.02520332648782,135.99917763157896,0.0575
0.884012438044723,11.594010518316264,129.19921875,0.0625
0.9422589922095255,12.248150149393961,139.6748310810811,0.0575
0.5113411701054165,14.212327610035956,123.046875,0.0275
0.9029543601626326,12.636480189802413,120.18531976744184,0.05
0.8633397114135509,14.078520614651508,123.046875,0.05
0.8625791612569285,13.350705329649312,123.046875,0.035
0.9507742112788415,12.722258018127574,123.046875,0.03
0.9395740981124587,14.129227596129525,123.046875,0.03
0.8614884548456497,14.690260242201118,111.0,0.025
0.8823184065942296,14.59067753511751,112.0,0.03
0.8757792917524567,13.414328223945144,112.0,0.025
0.8742436928774489,14.016387607359974,113.0,0.035
0.7091765765080319,13.777769807791376,118.0,0.03
0.8918650739279085,12.36837844142773,120.18531976744184,0.03
0.9516771456869197,13.505596127162754,181.3322368421053,0.04
0.9522369302435267,12.297301137981206,166.0,0.03
0.6397116972418007,13.485176581967373,164.0,0.025
0.5866274039483672,12.662229918316298,166.0,0.0375
0.9649187158440833,12.300086824915748,151.99908088235293,0.0675
0.9553842878991872,11.499953328264443,147.65625,0.04
0.95558009271349,11.771138337584834,147.65625,0.0425
0.8340999148437522,12.426638806385046,135.99917763157896,0.0375
0.8237706814151561,13.542514453373672,147.65625,0.0275
0.8744441718272484,10.867234554553141,147.0,0.0475
0.706456643519843,13.175366086652307,123.0,0.045
0.8947217736048417,13.368781619827832,138.0,0.045
0.6677051749474024,12.912724168746855,126.0,0.045
0.8874064426653567,12.65407212810139,139.6748310810811,0.035
0.9318263169772769,13.1100956769378,135.99917763157896,0.0475
0.8661020502447359,14.772300368760972,139.6748310810811,0.035
0.884185565600675,12.299167347819967,143.5546875,0.055
0.8997194330282047,13.607695644729102,126.04801829268293,0.0275
0.798266787785038,10.97488088239524,100.0,0.0325
0.8571181057605166,13.00349381873875,143.5546875,0.0325
0.47039917440613965,12.828055567120416,132.51201923076923,0.0375
0.8224199111906181,13.081179710528655,147.65625,0.0675
0.9519525038774848,14.070595321494126,129.19921875,0.0375
0.6106673213483526,13.97940008672039,132.51201923076923,0.0425
0.9543020178767284,11.30608477487354,135.99917763157896,0.0825
0.9731558559932676,11.468337820619528,135.99917763157896,0.05
0.944699164254297,12.386850793364278,135.99917763157896,0.065
0.9806189687299052,10.412501374244833,135.99917763157896,0.0475
0.9850310522283208,9.744544124231354,143.5546875,0.0625
0.8166130808890477,14.134218840942374,129.19921875,0.04
0.8645916940803712,13.45015914860975,129.19921875,0.0325
0.909491855598249,15.517757460931573,117.0,0.0225
0.8712407147154559,13.86850105477265,120.18531976744184,0.03
0.8826037647095699,13.809350903611787,123.046875,0.03
0.9310639520313512,14.956401659200504,126.04801829268293,0.035
0.925543688215493,13.69853864071768,126.04801829268293,0.0375
0.8848732653608569,11.81565577136968,112.0,0.0625
0.9176516508208905,11.671620311333559,98.0,0.06
0.9833610231594071,12.077548336289677,129.19921875,0.03
0.8585977516105697,13.736227012646252,132.51201923076923,0.0475
0.8548604093641055,14.092610413837251,147.65625,0.045
0.7123226155312955,12.622114516671513,147.65625,0.04
0.791616919675526,13.264525258220896,166.70866935483872,0.04
0.6911002179426433,13.009592142743806,135.99917763157896,0.04
0.9044418425858488,13.810803550775775,140.0,0.05
0.9918557771567396,9.804132024504097,156.60511363636363,0.06
0.7956080727884245,13.172168329746553,147.65625,0.0325
0.9928868636401524,9.89867063640254,146.0,0.0775
0.9940046590679016,11.387463729291811,143.5546875,0.0625
0.872482065768318,12.03967796272783,135.99917763157896,0.0275
0.8365582086076223,12.317120575756856,145.0,0.0325
0.8971458182703891,10.726117140341158,132.51201923076923,0.0325
0.9604841408529553,10.675992558651707,147.65625,0.0575
0.8675689820759613,12.76746791890849,147.65625,0.04
0.8894568437936975,12.689007451710015,135.99917763157896,0.05
0.8405830148460949,13.376062740833367,128.0,0.0325
0.6601464785726167,13.763469332418804,132.51201923076923,0.0475
0.8100983062804018,13.206490181125424,143.5546875,0.055
0.796964504722379,12.853911516746484,143.5546875,0.06
0.8646576188413,14.344112233743472,143.5546875,0.035
0.8312075884160841,14.080290539465155,143.5546875,0.035
0.8949684230414048,14.423382192156783,143.5546875,0.0325
0.8464474302695144,12.535851190127131,143.5546875,0.03
0.844590596955443,13.815740380466025,156.0,0.055
0.896322678823069,14.821528916663468,143.5546875,0.035
0.8088079291657913,11.630112766472621,139.6748310810811,0.0325
0.9661735585838244,13.420019469385526,135.99917763157896,0.035
0.7370334746067697,12.387939011323642,156.60511363636363,0.05
0.9824965632150134,13.005587003315313,151.99908088235293,0.045
0.9713401572579266,12.210683186705841,156.60511363636363,0.045
0.9435036553344306,12.16206976474785,161.4990234375,0.0425
0.7901121585790312,13.200200430974787,161.4990234375,0.0375
0.5536538821788215,13.080881836423996,147.65625,0.0425
0.8141962987368647,13.128065703417915,150.0,0.0475
0.7987417609982689,12.417789586049691,156.60511363636363,0.0425
0.1186481659539335,13.644662583832236,104.0,0.0375
0.8187833817847265,13.269922948040543,143.5546875,0.05
0.9813806868353228,13.285866047277418,195.01768867924528,0.0525
0.9820915610284694,12.8296617185114,198.76802884615384,0.055
0.9842558616847265,9.764809784407758,195.01768867924528,0.0725
0.9267839265385877,11.575834855650015,198.76802884615384,0.075
0.8430211740630515,12.157786883303086,135.99917763157896,0.0425
0.9678315473424368,13.288252961499808,148.0,0.0375
0.9308224981327028,12.874950235028338,163.0,0.06
0.9776823639727172,15.576905350552348,147.65625,0.0775
0.9513155500743348,11.714362872375826,135.0,0.04
0.9067737359032773,12.015912285692128,135.99917763157896,0.0325
0.9278928255547136,13.449601841927993,143.5546875,0.055
0.9860058835776288,12.824912647600735,126.04801829268293,0.06
0.8967335604589061,13.172732850587924,135.99917763157896,0.0375
0.9096859114669534,13.97940008672039,127.0,0.075
0.9854954202425044,9.158231940177206,143.5546875,0.08
0.9435127965189828,14.448215994720474,156.0,0.05
0.8703543337708612,15.267795256663394,150.0,0.0525
0.8762347692164763,14.423950097248273,143.5546875,0.0675
0.9983077654559384,11.892036809324235,151.99908088235293,0.0825
0.9838839652027664,12.661137278003984,151.99908088235293,0.09
0.9556056983698775,12.584524909347216,135.99917763157896,0.0575
0.9597074412551962,14.433368498589754,135.99917763157896,0.0375
0.9312805232230316,15.419762316273433,149.7961956521739,0.0575
0.8076050207174279,12.90503053832991,181.3322368421053,0.0525
0.923200612675081,13.809021198331944,149.7961956521739,0.035
0.8789802437440122,13.244349223040253,151.99908088235293,0.0575
0.7910346426087087,13.069256287303261,139.6748310810811,0.055
0.9595968464342086,14.347907461119206,139.6748310810811,0.025
0.9265894726971772,10.87418521079179,172.265625,0.065
0.9127710434411336,13.183618119584253,135.99917763157896,0.0425
0.9222802101594936,11.830435121587188,166.70866935483872,0.0425
0.9682479182377902,11.831624937672899,160.0,0.0625
0.9732760597114868,11.948605746320034,138.0,0.06
0.8935882470076556,11.868347476638766,150.0,0.055
0.9535844069073176,11.678123993888631,166.70866935483872,0.0375
0.9669318152001092,12.448997108675108,166.70866935483872,0.05
0.9674742865411932,13.874047859801834,160.0,0.045
0.5884018554718862,13.384906775368414,139.6748310810811,0.0325
0.8648952222431532,11.87251054547227,150.0,0.045
0.7410246256817543,14.191452550465568,149.7961956521739,0.0325
0.9496086908104482,12.570210003292702,147.65625,0.0425
0.9833010752682033,12.311799718115457,161.4990234375,0.05
0.9689784051253504,13.870290149855258,169.44159836065575,0.0625
0.8330427158197231,13.519136390011418,172.265625,0.0575
0.6969819538047541,13.186293233575771,172.265625,0.06
0.8185281803249551,13.294433303863698,135.99917763157896,0.05
0.9325974428090256,11.255628136035924,132.51201923076923,0.0525
0.8223845367112468,13.381670744859623,135.99917763157896,0.055
0.6474186996233756,13.818874613080188,156.60511363636363,0.0425
0.9696655013960951,13.179988713228253,164.0625,0.03
0.9882702367477618,11.989909602307897,164.0625,0.05
0.81469328280242,15.400122576077553,164.0,0.035
0.8078356674967948,14.402046649978129,168.0,0.0275
0.9334247368698719,13.788627637679078,169.44159836065575,0.035
0.9175335314983233,13.88184360306841,169.44159836065575,0.0325
0.8355336513031199,12.83217501311307,166.70866935483872,0.055
0.9755254717182325,12.988443343322716,151.99908088235293,0.05
0.958489809941971,16.125008773658497,146.0,0.035
0.8886318423330981,12.755569379145165,154.0,0.07
0.8763241980460375,13.35805915419392,151.99908088235293,0.0525
0.8915219907626721,13.361873236401383,156.60511363636363,0.0525
0.7544163368400824,16.561438785627097,161.4990234375,0.035
0.9805689877814023,11.92647534392234,146.0,0.0575
0.8929985559435136,13.053353590594371,139.6748310810811,0.035
0.9113519580212704,12.95797752258121,156.0,0.0625
0.7333618503910032,12.77554026703555,139.6748310810811,0.04
0.6016035416561706,13.104245870191146,143.5546875,0.03
0.9767253685270982,12.65078074905946,147.65625,0.025
0.9595099184436312,12.499588258849233,147.65625,0.0525
0.9463070825317528,16.22473616861697,156.60511363636363,0.0325
0.6745646134157343,13.17617816387555,147.65625,0.0275
0.6864998497964931,13.728608586335696,147.65625,0.0375
0.7308857808826804,14.498438619407178,151.99908088235293,0.0325
0.9264516222855261,12.762714090902975,161.4990234375,0.03
0.8576710335798295,12.943362249376346,172.0,0.0475
0.9069868619511202,10.503393426305932,156.60511363636363,0.08
0.7615405593050859,11.38558054775445,129.19921875,0.055
0.8857261181940583,11.574123043153277,132.51201923076923,0.035
0.7810632666720003,9.77021863221683,120.18531976744184,0.0675
0.8462460967621641,14.85562385091272,129.19921875,0.06
0.8533318583773541,12.545138793251605,120.18531976744184,0.085
0.9751782003652208,13.108696315865036,132.51201923076923,0.075
0.9385875260985928,10.947226734249607,129.19921875,0.0225
0.9574058634936771,15.189743884953096,156.0,0.0525
0.8994810001610606,14.618661046913608,156.60511363636363,0.05
0.9096019001859192,12.17187027863314,143.5546875,0.0575
0.34307982151564076,12.072357569658005,151.99908088235293,0.04
0.9187681636514009,13.35570949442652,156.0,0.055
0.9358895945315304,13.154869345531218,166.0,0.0525
0.9688871836341524,11.718678967187586,185.0,0.0575
0.9841501892036838,13.471418818453252,175.1853813559322,0.06
0.9918133358006052,11.434694477321363,169.44159836065575,0.065
0.9686386525825025,13.941819242418273,169.44159836065575,0.0425
0.695691831599514,13.289664082622933,139.6748310810811,0.0475
0.9832368165984652,12.902129638172887,132.51201923076923,0.09
0.7756630453056309,14.931855057185269,143.5546875,0.055
0.869822779501699,13.207213413713806,122.0,0.03
0.8810317808953703,13.136591272476458,135.99917763157896,0.0275
0.8426335922777553,12.53258002113106,120.0,0.04
0.8616436828065237,13.653526311066699,147.65625,0.055
0.9443331849606786,11.75917474101394,120.18531976744184,0.0475
0.9669290097628032,12.110544494389199,143.5546875,0.075
0.9246483873018008,13.969068044550237,129.19921875,0.04
0.787633486776252,12.763157356900503,120.18531976744184,0.0425
0.9532477297278443,12.187733003988743,147.65625,0.065
0.8546998914670783,14.736011334251533,147.65625,0.045
0.7612389634907288,13.854944835711466,147.65625,0.07
0.9410145279929968,13.942999544845083,139.6748310810811,0.035
0.7171470032157274,10.63860269031236,123.0,0.035
0.7757444122556203,14.106391495086282,132.51201923076923,0.0425
0.9596757756811969,13.102259083836746,150.0,0.0425
0.977070399634874,11.579668372724923,139.6748310810811,0.08
-0.5547482535361006,14.246203489092451,123.046875,0.03
0.18950375607944253,11.98631369632708,105.0,0.0275
-0.5296299741942875,11.464182228049584,132.51201923076923,0.02
0.9368671715840576,12.250645310558852,126.04801829268293,0.03
0.527461388982079,11.507387903046848,128.0,0.02
0.86232609535598,12.936685423997808,135.99917763157896,0.025
0.7892529339162636,12.075262965738599,156.60511363636363,0.03
0.2973366164626371,13.640073258741802,143.5546875,0.03
0.992614547587078,13.574942728972664,101.0,0.01
0.6108833047800759,12.99089496521573,135.99917763157896,0.0225
0.7365498451655275,11.384886875496708,103.0,0.03
0.863110398204221,12.060739731240002,132.51201923076923,0.0225
0.7726619398142816,13.89725353596255,129.19921875,0.0225
0.8418934851210392,13.181849890855135,132.51201923076923,0.03
0.7249535298522273,13.405737085204809,126.04801829268293,0.0275
0.9426367273581693,12.519285475155737,132.51201923076923,0.0325
0.8345010046054111,12.163942659949313,104.0,0.0375
0.8371293248802228,10.697489982177055,129.19921875,0.0275
0.6544226546688783,11.72383903907114,120.0,0.02
0.7920392854141526,13.142040728695036,123.046875,0.035
0.772108116067118,13.21704726642034,123.046875,0.0725
0.9020075547021552,13.028480235033982,123.046875,0.0575
0.8691619338095116,14.223382050541172,123.046875,0.045
0.7033058994757757,14.546593273962447,120.18531976744184,0.0225
0.8786621727603493,14.438950299968525,120.18531976744184,0.0575
0.856744962267046,13.871663022923673,120.18531976744184,0.0775
0.9098126361034582,12.608964284918555,129.19921875,0.035
0.940617041689447,11.920033022231664,200.0,0.0375
0.9758747978172346,12.265039707917872,191.40625,0.08
0.956337989587192,14.496283311323184,181.3322368421053,0.0775
0.9437492135877033,13.843626601737233,178.20581896551724,0.07
0.6248113296727276,14.052882671443546,178.20581896551724,0.055
0.9058544504857196,13.481249126766699,132.51201923076923,0.0475
0.9121008670112802,15.16304678569816,139.6748310810811,0.055
0.9897278568159456,13.466950156384426,174.0,0.0425
0.9931619367944876,12.605265831899665,151.99908088235293,0.0525
0.9698079812307118,15.085273991899292,135.99917763157896,0.04
0.9883808922532763,14.05879857592819,143.5546875,0.04
0.855287485339156,13.503483306338005,139.6748310810811,0.055
0.8647751985775279,12.37948484910862,172.0,0.035
0.9580362921465371,11.765478769314266,169.0,0.0425
0.6621390887029838,14.412232127797477,147.65625,0.03
0.9214343095899518,12.860547761527705,149.7961956521739,0.05
0.8113581639152385,15.496883105344883,161.4990234375,0.0325
0.9010219866860478,13.64454782411071,135.99917763157896,0.035
0.9032806781788216,14.07412269020261,143.5546875,0.0625
0.7768783183619518,11.451767473469612,143.5546875,0.0375
0.6913083691756045,12.873907170548907,135.99917763157896,0.045
0.7645069747843539,12.935348620555011,135.99917763157896,0.0525
0.801531986655066,13.357363436098892,123.0,0.025
0.8500136759128203,14.705952022543528,132.51201923076923,0.0275
0.9716705127140802,11.113145421519668,147.0,0.0475
0.9595468591514974,12.423296536198492,135.99917763157896,0.055
0.7968894907060555,12.78299804529625,135.99917763157896,0.0575
0.9264410136621932,12.303860573568862,115.0,0.0275
0.7576671925253615,14.527877003916055,112.34714673913044,0.0175
0.9387079803609346,11.87238210756967,115.0,0.04
0.9375774591070816,13.629516794888294,113.0,0.035
0.8285025766625715,12.60340649918932,160.0,0.0325
0.9819071951438703,12.435602511673924,151.99908088235293,0.045
0.8301182319611082,18.22228208428389,156.60511363636363,0.0425
0.9884666608018898,15.589625111748623,161.4990234375,0.05
0.6970240487255563,14.295796704663768,147.65625,0.0325
0.970839143854274,13.14161381901694,191.40625,0.03
0.958915711568378,11.268865406826528,161.4990234375,0.03
0.8236256710025041,13.37715283438553,178.20581896551724,0.04
0.9704693825469339,10.978593914887135,126.04801829268293,0.045
0.9796703317565219,11.456422174264546,123.046875,0.025
0.9116177284440484,12.116621261218544,151.99908088235293,0.04
0.8872773192117873,13.795781416056869,150.0,0.0325
0.8922575774348593,12.917663360163449,126.04801829268293,0.0325
0.9292807004031604,13.42032953466352,132.51201923076923,0.04
0.957343461026526,10.342300242246425,139.6748310810811,0.0275
0.9835717982281638,11.706526552625778,143.5546875,0.0325
0.9341472406361908,12.740929901614026,132.51201923076923,0.035
0.9544168386957708,12.10194513098106,143.5546875,0.03
0.7941381639053601,15.174366915015687,151.99908088235293,0.055
0.7821689701921886,13.850956094691318,123.046875,0.04
0.9627526293786136,12.113611239111842,123.046875,0.0225
0.9627223730664046,12.116496471302307,123.046875,0.0225
0.9347270548300154,15.006542604287985,129.19921875,0.025
0.7653256495669047,12.667918174229255,132.0,0.04
0.8087343380263842,13.40570821795698,132.0,0.0625
0.9254822218401938,12.11180294821419,135.99917763157896,0.055
0.8290668720576907,12.768277050946708,138.0,0.0675
0.9259794496603068,12.595091117669051,129.19921875,0.03
0.8725617203389497,14.230085805368994,129.19921875,0.035
0.729771662631156,13.72710683382009,129.19921875,0.0375
0.8742508131738529,10.726555532389439,129.19921875,0.0375
0.9719789815835488,11.122497796243351,126.04801829268293,0.025
0.8871975880373183,14.302828686777506,124.0,0.0375
0.9683330931403376,11.04074902792992,147.65625,0.065
0.9801066917731036,13.663514743055735,143.5546875,0.035
0.7376303029676043,12.63657280423605,147.65625,0.0375
0.9762307454041492,13.773920260833624,151.99908088235293,0.07
0.8958134487377193,14.577475499609442,127.0,0.055
0.6071992903864936,13.530831118890916,127.0,0.045
0.8946338150935803,13.729536196307034,127.0,0.05
0.8754597707481784,14.84918621123882,126.0,0.0275
0.4365700298606635,12.578076841416358,143.5546875,0.0325
0.8526827569638389,10.559281480292011,151.99908088235293,0.0375
0.5799707205125213,10.922266670924396,151.99908088235293,0.0325
0.733431681580817,11.198866457721369,156.0,0.0575
0.9884582286973046,8.915657452269677,75.0,0.07
0.9853469268032348,9.036923444575711,220.0,0.0625
0.8803534046875825,15.158737084375758,147.65625,0.0375
0.912098600743177,12.72006248384302,139.6748310810811,0.0325
0.9444224859857856,12.71239316361332,151.99908088235293,0.0375
0.9364369078481872,11.293000549602404,151.99908088235293,0.0475
0.9354876722683345,12.283579482086331,119.0,0.0375
0.2116749751172476,14.85031911443848,143.5546875,0.0225
0.7889176655683448,13.971594231914203,135.99917763157896,0.0225
0.9118303171742946,15.691188127322757,135.99917763157896,0.02
0.7726592917196431,13.442768860884993,175.1853813559322,0.0625
0.7365243481986508,12.9921446990734,129.0,0.035
0.7092932296356852,14.489647838784853,145.0,0.0275
0.8917832417126734,13.82602229131333,135.99917763157896,0.0625
0.5376209229307232,13.968521761265126,135.99917763157896,0.0575
0.5075391601773742,14.24852400942791,135.99917763157896,0.055
0.8753560489262784,12.768627501104717,132.51201923076923,0.045
0.8454279375564873,12.685362135663574,132.51201923076923,0.08
0.5152336065008787,14.212730699393493,135.99917763157896,0.0575
0.979522959715428,13.027368401817425,161.4990234375,0.055
0.986068878421296,13.818361377917771,156.60511363636363,0.0475
0.7868194991966588,12.549942597480062,139.6748310810811,0.045
0.6563100376977752,13.54051360354387,135.99917763157896,0.0475
0.8631436097061845,12.73257005570336,127.0,0.055
0.9931244607456556,12.104308883447429,161.4990234375,0.05
0.8936900458648088,13.810856782579652,129.19921875,0.0325
0.6962012154120418,11.635890464078132,135.99917763157896,0.0775
0.9278927317347426,12.743994375905231,147.65625,0.04
0.9137031254740277,11.37247246250633,135.99917763157896,0.06
0.6732357659863585,11.893586781752052,135.99917763157896,0.035
0.9425434419629208,12.397016025261149,166.0,0.04
0.7934390847829397,12.70324268901122,125.0,0.045
0.9754597936010388,10.391342291377015,130.0,0.04
0.9538619439219023,14.17583740083116,161.4990234375,0.04
0.8070631574695115,11.733789576667416,135.99917763157896,0.0425
0.9795094748949484,13.253653725843366,139.6748310810811,0.04
0.9677750147533748,12.048920617857004,155.0,0.0575
0.8849303127156776,12.731377424991862,143.5546875,0.045
0.9624063458878265,13.84668656006492,143.5546875,0.0425
0.9342980720332149,12.224529544714489,139.6748310810811,0.03
0.9401030397867907,13.418480386887172,143.5546875,0.0425
0.81211730179318,12.299640280932344,175.1853813559322,0.0525
0.905974001211262,13.575396328414861,170.0,0.0425
0.9176095418718814,12.687626452097057,222.0,0.0625
0.9714707723965227,11.727841315712478,161.4990234375,0.05
0.5501431119131686,13.244980156971115,172.265625,0.045
0.9308584119144543,12.544888011684954,165.0,0.0525
0.8800006299117211,11.988459276403805,161.4990234375,0.065
0.8541539363129297,13.107915125866104,156.60511363636363,0.03
0.9324770966948852,14.436783008631313,151.99908088235293,0.0325
0.4457450171346883,11.965373764245196,156.60511363636363,0.0375
0.728570939246463,15.308086149333668,120.18531976744184,0.0375
0.8112917710602603,14.127183528187954,120.18531976744184,0.0475
0.9684506825822992,14.707380426121258,120.18531976744184,0.0275
0.9739159599891336,11.671856654972665,126.04801829268293,0.035
0.9463537383315894,13.290038665134158,126.04801829268293,0.0375
0.9930481599948416,11.291209567146426,132.51201923076923,0.04
0.9895420383568416,10.47751934868255,128.0,0.03
0.9075635167176557,14.646497384917181,126.04801829268293,0.03
0.938921080352827,13.314720339261045,123.046875,0.05
0.991795914921676,11.234220855062674,178.20581896551724,0.0525
0.9510846440689764,12.682447017183332,175.1853813559322,0.085
0.8943060298055918,14.176453026976805,128.0,0.0425
0.9427406615119854,11.092327508996021,166.0,0.045
0.9393334532533413,13.302743218546707,150.0,0.0375
0.9775355072732942,12.852749350387992,151.99908088235293,0.045
0.9094364064982753,10.273140087094779,169.44159836065575,0.0775
0.8127274425220655,14.281402155526312,153.0,0.0325
0.9536417377064543,12.829911365545728,123.046875,0.0275
0.7953060057447874,13.579387719479065,139.6748310810811,0.025
0.9019569865743554,9.84132090629788,139.6748310810811,0.08
0.94692267313884,12.804686669716887,132.51201923076923,0.025
0.7500652821170947,12.659260506145152,156.60511363636363,0.035
0.9463325059405464,12.889451516406917,149.7961956521739,0.03
0.8399486778501442,13.478773421150503,159.01442307692307,0.025
0.8434815957010376,14.464257036631423,123.046875,0.03
0.8342761981288729,13.609431525230132,123.046875,0.0325
0.9901661214767259,13.32562961016022,120.18531976744184,0.035
0.7806259873000134,13.44500852544633,123.046875,0.0425
0.7643755209230947,14.0124336447454,129.19921875,0.0275
0.7406354191537086,13.97940008672039,123.046875,0.0375
0.595221070371523,13.105332853150692,120.18531976744184,0.0575
0.7873076385008153,13.954304097109581,100.0,0.0425
0.8401005677275941,13.297016789583799,109.9567819148936,0.0475
0.9841120680586892,12.271975715807041,112.0,0.065
0.9586934826863244,11.162295210990337,106.0,0.0425
0.7036516389903117,14.200526984273978,120.18531976744184,0.03
0.9952195812604584,11.75977717734592,120.18531976744184,0.04
0.8582440620569426,13.279163714847247,120.18531976744184,0.03
0.98863035858526,14.016408620075508,143.5546875,0.04
0.8285759083472132,12.781177462810607,161.4990234375,0.0775
0.7744022407982151,12.53023533325294,156.60511363636363,0.045
0.8234611405021837,14.09666692727415,123.046875,0.0525
0.8029147089401016,13.648728848339134,132.51201923076923,0.0375
0.8469920900908472,12.951419561350626,123.046875,0.0325
0.697122958361106,13.08384438074598,150.0,0.035
0.9191907941577284,13.07528564484967,198.76802884615384,0.07
0.7181359902317259,10.47626429771282,175.1853813559322,0.08
0.9528100849330532,15.09638073433598,184.5703125,0.075
0.9647283768085726,10.925768739499045,195.01768867924528,0.065
0.9621928960640267,14.295223647526605,143.5546875,0.05
0.8675193420291656,14.5133552009675,139.6748310810811,0.05
0.6410050415865112,13.734792989572265,134.0,0.03
0.8574668487014476,14.033233923448456,138.0,0.065
0.9755711361796888,10.393738124713781,132.51201923076923,0.08
0.8633821445592005,12.335180681140919,96.0,0.0275
0.5570976169416109,13.304554773490098,150.0,0.0875
0.6383066500214973,13.282244765031523,161.4990234375,0.0675
0.9480849480497189,9.27680256147202,151.99908088235293,0.03
0.8471630643495063,13.65376111230708,114.0,0.0475
0.8736835967686034,14.323353491398136,114.84375,0.045
0.837022718479042,14.666238767392295,114.84375,0.045
0.8801304212755665,11.714021038515046,120.18531976744184,0.025
0.701327333651931,12.6762515977999,106.0,0.0275
0.6849584075123308,14.754672030054303,126.04801829268293,0.0325
0.8203769126450537,14.819266038133556,126.04801829268293,0.055
0.9460818391434145,13.931239422990142,169.44159836065575,0.02
0.9690086729742824,12.89267346944977,161.4990234375,0.0375
0.9031993013615026,11.86145284786308,164.0,0.095
0.986290107050134,14.257898775654652,161.4990234375,0.0425
0.7939934414498292,13.389653966638573,135.99917763157896,0.0525
0.6250964490338112,13.301022567848221,129.19921875,0.0375
0.9316463458667303,13.573226189263,123.046875,0.0575
0.9044770443539525,12.84695002935187,135.99917763157896,0.0525
0.7310178765841565,12.364071121487024,147.65625,0.0625
0.717380202957466,13.809542968157098,147.65625,0.0575
0.8266024400525822,12.868626554723487,147.65625,0.0575
0.8027449145756093,13.66959489374446,100.0,0.05
0.9332646444629964,13.86437282586005,139.6748310810811,0.065
0.922091124834542,14.375602624164756,139.6748310810811,0.045
0.7385342408016928,13.998223447509423,139.6748310810811,0.05
0.1826216969459096,13.022918328879264,118.0,0.0625
0.8508809613610975,12.363921174398415,166.70866935483872,0.0425
0.9872977373551359,8.571884315646578,161.4990234375,0.06
0.8524374148856391,14.373835231649057,135.99917763157896,0.03875
0.8099420024896191,14.238425495504835,132.51201923076923,0.035
0.9826963968347908,11.23058941801941,126.04801829268293,0.045
0.47005093043262114,14.138730251201778,188.0,0.035
0.9815530886186804,10.791600759798875,135.99917763157896,0.0475
0.6836674547435895,14.305981050463583,174.0,0.07
0.979747827410192,12.316161645451652,126.04801829268293,0.0575
0.661269705975595,11.545780292712422,147.65625,0.035
0.723811973983042,12.565973775292008,132.51201923076923,0.06
0.8732765393197934,14.569090239698344,135.99917763157896,0.0425
0.947450224712624,10.449500194102034,150.0,0.055
0.9373503734065138,13.142097683380033,132.51201923076923,0.0425
0.7485157292817417,13.63725833635844,129.19921875,0.04
0.6813056863345942,12.673605574151198,159.01442307692307,0.0275
0.7219330350948945,12.753572472207928,143.5546875,0.045
0.7897481480625561,10.76855744087181,139.6748310810811,0.0375
0.5523613649271502,13.466720148961105,143.5546875,0.03
0.7220264038482319,11.943012434535028,129.19921875,0.03
0.8857904737594716,13.672986701102545,151.99908088235293,0.055
0.9458467697652956,12.84482068265237,140.0,0.085
0.8729365944964405,12.822188630774107,143.5546875,0.0375
0.9033895223221564,12.070892710846028,161.4990234375,0.0325
0.8298936524392513,11.320357684322476,161.4990234375,0.0625
0.9749917018519828,11.472215371779123,143.5546875,0.0325
0.841382505220765,12.168865688646186,156.60511363636363,0.06
0.7259332185021747,13.34451241421056,147.65625,0.03
0.8694252798133975,12.389235056086822,150.0,0.035
0.875535033291344,13.613384592423486,130.0,0.0325
0.8765401202571552,13.699613893977613,139.6748310810811,0.035
0.4878782045683585,13.171338339042942,145.57658450704224,0.0375
0.9907842612606236,10.461360521764618,151.99908088235293,0.0675
0.9261877240895973,13.973831520752437,129.19921875,0.03
0.866204751849338,16.252106927181835,143.5546875,0.04
0.6948706370146266,12.538054519013343,151.99908088235293,0.0425
0.9518278723703972,14.528963237669112,126.04801829268293,0.03
0.6483454165134996,12.206467696460265,139.6748310810811,0.05
0.912520984800836,13.70028848215606,126.04801829268293,0.0225
0.9729410223795498,12.558955565979524,139.6748310810811,0.04
0.939451815571564,13.23628241889584,123.046875,0.025
0.9535269143664667,13.095617606385312,150.0,0.0425
0.8546797662719854,12.667034946320069,150.0,0.0375
0.965205207204012,12.875179289633737,123.046875,0.03
0.9518278723703972,14.528963237669112,126.04801829268293,0.03
0.867784750400534,13.319711888225964,156.60511363636363,0.0675
0.6535390603038321,12.53013278856243,139.6748310810811,0.045
0.8420717657558082,13.321325107477726,129.19921875,0.03
0.8106294390663542,13.331299926459613,129.19921875,0.035
0.8977221934015756,12.57003831441217,135.99917763157896,0.0625
0.902996519141074,12.434913453724455,135.99917763157896,0.06
0.6973434075732976,12.407323613611727,132.51201923076923,0.0525
0.8960241825586451,12.565268590979208,135.99917763157896,0.055
0.9023975670629143,12.846683817837175,135.99917763157896,0.07
0.7964901933328521,13.637852368659818,143.5546875,0.05
0.8945194508136511,13.167857559753749,151.99908088235293,0.0475
0.8234457181525556,12.03531409422872,147.65625,0.0525
0.8910943068784526,12.045637607769082,151.99908088235293,0.045
0.9612459348144695,14.636881664904482,126.04801829268293,0.0225
0.9624031733707356,12.97667437892822,139.6748310810811,0.07
0.9901570030331128,11.774794123425306,139.6748310810811,0.055
0.9696757230510978,11.639432850357078,132.51201923076923,0.065
0.8717690732166066,12.567623759380862,139.6748310810811,0.055
0.693999541412351,11.63159450085595,143.5546875,0.055
0.797715271141149,11.546602371885651,143.5546875,0.0525
0.958448726597754,13.528828367022763,126.04801829268293,0.0325
0.9631531911755019,13.57652565032171,126.04801829268293,0.0275
0.9581206711825325,11.89332438184116,126.04801829268293,0.0425
0.6553935757380956,12.561270054549217,135.99917763157896,0.0525
0.8644038207640453,13.106563023126297,147.0,0.0525
0.7512331952613558,14.097253381311916,142.0,0.0475
0.7200006604072199,13.52679258180876,142.0,0.05
0.8462454252904997,11.604970527280482,147.65625,0.07
0.8255142356044143,12.574014265015936,140.0,0.0225
0.9968992441650772,10.920639466125078,156.60511363636363,0.0375
0.8575279159287758,12.776948805150154,164.0625,0.0725
0.9438241369761685,11.065308576454,164.0625,0.03
0.9778027828308503,8.522701460806953,166.70866935483872,0.0875
0.6819693744215798,12.636616631304259,140.0,0.0625
0.9059641108417016,13.19926450614602,137.0,0.0475
0.8944429075918039,11.166746261740766,141.58818493150685,0.0625
0.8938047328647876,14.60563227250427,169.44159836065575,0.03
0.9193768203806947,13.210544902655778,150.0,0.0275
0.978880930478122,14.202900695091692,139.6748310810811,0.0425
0.707565393353984,14.545850883078852,143.5546875,0.02
0.9418901284722481,16.12858969401713,143.5546875,0.0225
0.9813483746119516,12.251127326982047,161.4990234375,0.035
0.8403963348878909,13.24246619807191,161.4990234375,0.0425
0.8475440743313252,12.869928835523153,175.1853813559322,0.0525
0.9114147920384844,12.621630054794334,151.99908088235293,0.0375
0.9722832878427723,11.87439301318913,151.99908088235293,0.035
0.9117486080642688,15.309490397619562,151.99908088235293,0.035
0.8186523214176495,14.913009165710085,151.99908088235293,0.0325
0.8898205367293811,12.648261466275724,156.60511363636363,0.045
0.929585461658596,13.65654944796617,150.0,0.025
0.8205243493099418,11.44545164996109,169.44159836065575,0.0475
0.9570452056891783,14.079586094257348,143.5546875,0.035
0.7667470693263547,15.417841270280789,156.60511363636363,0.0225
0.9397429095834527,10.229678913639749,166.70866935483872,0.0875
0.7867635520547956,14.016963691715251,150.0,0.0325
0.8492102652438138,13.457996137400556,150.0,0.0575
0.854973329326908,9.370340195278912,161.4990234375,0.08
0.6172712807388067,12.333645497685913,147.65625,0.045
0.5533792104219893,12.555563385036905,147.65625,0.055
0.6798789136590686,12.462482058759102,147.65625,0.045
0.7193222770566258,13.100456620713071,151.99908088235293,0.0675
0.6653479439304424,13.331715885170784,151.99908088235293,0.04
0.7064512023155206,13.287929428465475,139.6748310810811,0.035
0.9070642335248786,13.768077145027751,139.6748310810811,0.0325
0.8906995953701443,13.69896878562977,139.6748310810811,0.0725
0.6203027514149113,13.499394539090163,132.51201923076923,0.035
0.625478702751264,13.194365100528728,147.65625,0.03
0.5185280136050767,14.04787777336912,139.6748310810811,0.045
0.9896606990766896,13.64054642344584,151.99908088235293,0.045
0.8299605593593211,14.286292343740897,139.6748310810811,0.0625
0.9541598562897662,14.790347280908913,132.51201923076923,0.0475
0.2110487706210528,13.7708782961086,149.7961956521739,0.045
0.7992497779910299,12.374319490844691,147.65625,0.0725
0.8594249413226333,13.660327037604004,139.6748310810811,0.06
0.8489614596563997,15.604626804648127,139.6748310810811,0.045
0.7090834454891336,15.060243206023603,143.5546875,0.045
0.8978582100335373,14.656747797234235,135.99917763157896,0.0525
0.968131481947592,12.949992367769667,172.265625,0.0575
0.9490640642160302,13.25647358342107,195.01768867924528,0.055
0.940410650873984,13.319160005815514,184.5703125,0.0575
0.810298264784383,13.853620222218025,156.60511363636363,0.03
0.9095476739094102,14.254519086211417,106.0,0.02
0.1331247429449365,13.258573784442284,112.0,0.025
0.7770229782975049,15.229854267995272,143.5546875,0.0275
0.9019729524389111,13.116291883301052,151.99908088235293,0.03
0.7517600777378032,14.759009036402498,139.6748310810811,0.0175
0.9547921283770836,12.894712697823916,132.51201923076923,0.0375
0.9935095066945798,13.137900570337068,166.70866935483872,0.0225
0.9479091126437467,12.513492664010874,132.51201923076923,0.03
0.997346455422579,14.261893085181796,164.0625,0.0325
0.8726566612961294,15.384024148478428,143.5546875,0.02
0.8607079870669034,13.390222341923844,120.0,0.0175
0.8072747777092081,13.676033276107741,139.6748310810811,0.0625
0.8790195560841277,13.024830914675782,147.65625,0.0575
0.9259286635285412,13.071895889132604,132.51201923076923,0.03
0.9290526128300588,14.756197095429252,129.0,0.0225
0.9037823735032051,14.503188567549138,132.51201923076923,0.05
0.6750388560136846,14.30429541525779,130.0,0.0575
0.8661548009748035,14.273268661634807,128.0,0.0475
0.8238006266127084,13.689653043115582,132.51201923076923,0.05
0.823426519827258,13.814341610255712,132.51201923076923,0.045
0.9090845761851162,13.49388292109132,126.0,0.0525
0.8875468972295437,13.638447273388538,129.0,0.0575
0.8745661527592257,13.375174766950366,129.0,0.065
0.8215276575615095,13.993712978423813,143.5546875,0.0475
0.8490689472241547,13.473298877315969,120.0,0.05
0.8995788331594258,12.857138664138805,90.0,0.07
0.8136967322951307,13.754371574975938,123.046875,0.0475
0.9379669360873693,13.822321915104101,123.0,0.0475
0.88340966511295,13.762090609869968,113.0,0.045
0.7249093164409076,13.489255117290718,129.19921875,0.05
0.624430631727092,13.75170314767768,130.0,0.05
0.764684907947222,13.67088684410005,129.19921875,0.05
0.698906572857499,13.701199000964497,130.0,0.05
0.9257494015250236,12.453731604183876,161.4990234375,0.045
0.9094820666771616,14.465560872213956,184.5703125,0.04
0.9788698733679126,15.60310763366323,184.5703125,0.0525
0.964042995971229,13.60206840151878,126.04801829268293,0.0425
0.9205881754776275,13.62779282951859,130.0,0.045
0.9639499946919098,13.600337359580724,125.0,0.045
0.9489346008340733,13.421751662678874,139.6748310810811,0.03
0.82153068763353,13.63859255943049,107.0,0.0275
0.6084333697434358,14.695010330273478,120.0,0.0475
0.82380627613656,12.269219327522611,129.0,0.0425
0.9040652420305104,13.448928042164791,139.6748310810811,0.0525
0.7707017054295757,13.464039895889185,140.0,0.0525
0.9388481110787805,13.857070024319363,132.51201923076923,0.07
0.9911057765158273,12.788602546128146,132.51201923076923,0.0625
0.8691262324112649,13.412747363182396,139.6748310810811,0.055
0.6491395235903756,13.222829026118204,139.6748310810811,0.055
0.9678699642561088,15.070949356457028,125.0,0.03
0.9671244846888825,14.98817167456867,139.6748310810811,0.05
0.8690717430010374,12.925045276674684,128.0,0.035
0.8345868432505544,12.776079694046595,139.6748310810811,0.0425
0.9577448097660666,11.730746025967049,143.5546875,0.0575
0.9277230178794542,13.341301132197673,126.04801829268293,0.0575
0.9865876054879618,12.18535111292544,132.51201923076923,0.045
0.9786465530606302,12.847440277164178,135.99917763157896,0.055
0.7443218571921071,13.417002946401606,132.51201923076923,0.025
0.8701985795299673,11.636917738949371,143.5546875,0.06
0.942608696332913,15.347980372083851,126.04801829268293,0.055
0.962966475044686,13.317484961740906,132.51201923076923,0.06
0.9400540354789534,14.124017622500046,129.19921875,0.0525
0.992533002980108,14.488699619432971,139.6748310810811,0.035
0.8653612529969394,10.421680852623867,132.51201923076923,0.0575
0.9987719891122826,12.729493008959361,135.99917763157896,0.0325
0.7836171946618697,12.951278603935684,129.0,0.0425
0.9448372048453526,13.588706325306767,146.0,0.05
0.8896408689230351,10.940852675930884,132.51201923076923,0.0575
0.9044315355325248,14.087259394250896,127.0,0.0425
0.7320054740120208,9.963703091540475,147.65625,0.055
0.8890420078943257,11.239638885574326,166.70866935483872,0.0575
0.5824859740488555,11.388323583988562,147.65625,0.05
-0.053015097518171,12.936375045261707,187.9261363636364,0.055
0.7970784078348012,12.534179485536503,162.0,0.06
0.566610023256308,11.78156405243153,166.70866935483872,0.055
0.9354409420160671,12.026809765678252,169.44159836065575,0.04
-0.2545369150155275,11.199599718643508,166.70866935483872,0.0625
-0.2486248377296689,10.955361946077955,166.70866935483872,0.0525
0.4103005229834696,13.494881786971714,172.265625,0.05
0.45460946041696326,12.875026949417478,198.76802884615384,0.0475
0.7849424322669408,14.009645568253372,156.60511363636363,0.035
0.2642848383393786,12.571622277279362,150.0,0.05
-0.0243324820982599,11.784169959730535,147.65625,0.0425
0.4227497038058655,12.537732236021842,147.65625,0.04
0.941628851823714,12.692638864223746,151.99908088235293,0.035
0.1384003257832526,12.72911115495925,167.0,0.0775
0.2845818056360834,13.798665996729998,178.20581896551724,0.045
0.2784281037032814,12.50438411784492,150.0,0.05
0.6292784972029694,12.428541903942511,187.9261363636364,0.0525
0.7094220451177433,11.919954168174865,175.1853813559322,0.04
0.20460129125247678,12.15750753935982,166.70866935483872,0.05
0.2844910866936275,12.537003443490173,187.9261363636364,0.0325
0.9220325698939232,14.079876799548426,151.99908088235293,0.04
0.919285929722672,12.996487954935615,160.0,0.0825
0.9806272377135112,11.761895040165395,164.0,0.08
0.9440664329036126,12.849226499514947,150.0,0.04
0.96103757077498,13.854743873448431,181.3322368421053,0.0425
0.9549351360364919,13.470165353230483,166.0,0.0475
0.8788586925121581,13.129032846461733,161.4990234375,0.0925
0.9520283928273524,11.841515408427227,172.0,0.075
0.7632722318515889,13.536916924981124,120.18531976744184,0.0275
0.9461254406375552,14.448174986838245,129.19921875,0.0425
0.5775529099697321,11.685964750425745,129.19921875,0.0525
0.6801061297191954,12.97037433363073,130.0,0.04
0.9596926865800155,13.563851401312983,143.5546875,0.0425
0.9729845661837816,12.956934852235412,143.5546875,0.04
0.9623808090259725,16.07821154432068,135.99917763157896,0.0475
0.9908522610731676,13.798546573099822,143.5546875,0.04
0.9859271481337966,13.879870278895577,139.6748310810811,0.0425
0.5393152145222134,14.727959902947893,129.0,0.0525
0.8034186776288209,13.244964365480751,129.0,0.065
0.9265816892691748,14.620369636511835,120.18531976744184,0.03
0.5992123767108614,15.90440281411987,123.046875,0.0425
0.9024741586618475,15.351220223269513,123.046875,0.0425
0.9445145225492164,12.984999878321043,120.18531976744184,0.0225
0.9541873445261924,14.392711129950648,169.44159836065575,0.0475
0.9226309216810252,14.694943934620106,139.6748310810811,0.035
0.9863423555935846,11.277255168226073,139.6748310810811,0.06
0.8813053941024256,12.240186723574167,139.6748310810811,0.0525
0.8704783663501617,11.977396289906832,139.6748310810811,0.06
0.9828418578198715,11.495144079782612,143.5546875,0.04
0.8216563573778076,13.999795193385644,169.44159836065575,0.0475
0.985984508093927,11.161103781452754,143.5546875,0.0675
0.9164884978969989,11.892107925802577,139.6748310810811,0.0225
0.8288546012849362,9.381003871952824,139.6748310810811,0.08
0.9307101010462909,10.302664824432863,64.0,0.025
0.7476373319232977,14.784853677140903,129.19921875,0.0325
0.9296442914451455,12.841508639769774,143.5546875,0.04
0.6621016334196597,12.308170240082475,120.0,0.04
0.6225100457736137,11.554907256795188,138.0,0.07
0.9631094606484094,11.893175316670284,132.51201923076923,0.04
0.6814110087390255,14.101770461214292,142.0,0.0375
0.7267560374815336,11.662337454106044,139.6748310810811,0.025
0.5435924859772208,14.329733459482084,132.51201923076923,0.0525
0.9010168833103346,11.837765420038131,135.99917763157896,0.0475
0.9313919452818068,12.9827348143395,143.5546875,0.0425
0.8754842505226291,13.97940008672039,161.4990234375,0.035
0.9502225998323668,12.288592365628192,172.265625,0.0475
0.6298511389998598,11.970399188577698,161.4990234375,0.07
0.9364428364590609,13.496472362579327,151.99908088235293,0.04
0.7259630657395834,11.679380168826256,147.65625,0.0325
0.6892551700947279,11.989267390374737,143.5546875,0.04
0.8913849397475903,10.468748014487181,143.5546875,0.0575
0.8685075781988947,12.842809466399832,132.51201923076923,0.0475
0.5856003105468235,13.558819814091912,147.65625,0.065
-0.7138591705386664,9.294383469642108,118.0,0.06
0.4901808479036327,12.5931728908654,130.0,0.045
0.8687575107047455,14.057926523855368,135.0,0.0425
0.7539774344894608,12.828188027875935,129.19921875,0.03
0.731517889497922,12.80659005514714,135.99917763157896,0.0525
0.692872848090092,12.678918332455014,132.51201923076923,0.05
0.8151427499959621,13.34966598589391,130.0,0.025
0.9326318048502384,11.533742608789368,151.99908088235293,0.07
0.9298297761759404,12.280858730885598,135.99917763157896,0.0425
0.7902267915054357,13.449673242703726,120.18531976744184,0.0525
0.853471998437007,13.960124278848255,139.6748310810811,0.03
0.7771889811780781,14.980192645715587,134.0,0.0375
0.7995858255865543,10.47927524997766,132.51201923076923,0.0825
0.7627350744506015,13.900429291866512,129.19921875,0.0425
0.7759903292356765,12.761118253961687,132.51201923076923,0.095
0.832345828041066,13.344880154637163,129.0,0.04
0.9339759473319484,10.199004237476611,132.51201923076923,0.0625
0.7554494495932051,10.056471680113352,139.6748310810811,0.1
0.8925646119338634,12.825136092709778,132.51201923076923,0.0375
0.9186407775242413,13.175982481619444,135.99917763157896,0.035
0.9437612657850372,13.360002141341656,129.0,0.03
0.7905851626852125,14.72450435726618,134.0,0.055
0.8601519014667423,14.005016002882925,139.6748310810811,0.04
0.9101139177589176,14.317287989806054,128.0,0.04
0.8732877921244332,13.706969329497568,129.0,0.0575
0.9360006222987249,13.899717420277335,135.99917763157896,0.035
0.9234768851029911,13.1855480152803,129.0,0.0375
0.9403992027132352,14.166846627663784,126.0,0.0325
0.8438477943923841,13.664073010336876,134.0,0.0625
0.9722152982073612,13.90257148173934,130.0,0.045
0.637555314299489,12.788725523236767,134.0,0.045
0.8951177835918669,11.490298032434646,161.4990234375,0.06
0.7098471096684473,13.013325816809381,146.0,0.045
0.8059276937797848,12.85956684666932,139.6748310810811,0.045
0.7540066533898357,13.243618928145539,123.046875,0.0225
0.8369709767517308,13.549153088402127,123.046875,0.0275
0.9629454499502428,14.437222860038226,143.5546875,0.045
0.8515028997774363,8.871884813810555,105.46875,0.07
0.8845393900120441,12.14415791944421,105.46875,0.0525
0.8390387833186643,13.372268152510896,143.5546875,0.0275
0.9850043803605328,13.37933827308034,139.6748310810811,0.06
0.8900001042990277,11.490361648810442,139.6748310810811,0.045
0.9552198790161854,12.301944097401227,139.6748310810811,0.0325
0.959246179859544,11.971034729428952,139.6748310810811,0.035
0.6476764410866718,12.858653564552153,139.6748310810811,0.0375
0.5231788740797889,13.56348574398959,161.4990234375,0.0425
0.9831661109757804,10.25190860617781,147.65625,0.05
0.9516209250736092,13.646920839682558,151.99908088235293,0.0625
0.9074734940238445,13.896030244719121,151.99908088235293,0.0575
0.8963964866140204,13.22087850677247,169.44159836065575,0.055
0.5890763795202661,14.028177394129973,143.5546875,0.04
0.586572301986243,12.311117863207807,143.5546875,0.0475
0.6219712664553483,13.446879551296398,129.19921875,0.0375
0.6534551606406119,12.736696307281306,153.0,0.0525
0.8765528031092651,14.410017009966623,137.0,0.0325
0.9857865146066966,13.943822818254613,150.0,0.0275
0.824470178161738,11.951893581993266,139.6748310810811,0.0625
0.9295261673534108,10.10451991588896,178.20581896551724,0.0575
0.8521696968966381,9.807936944051134,172.265625,0.07
0.8420100473102892,15.00407215623257,135.99917763157896,0.035
0.7378064301812773,12.46133892352513,135.99917763157896,0.0375
0.8208704683045722,9.114160695964072,147.65625,0.0675
0.8099227278453135,11.76874023441802,156.60511363636363,0.045
0.6039379869032888,8.985876411788448,164.0,0.0575
0.5017280707306974,12.01475336239579,161.4990234375,0.035
-0.2091183239069149,13.123235395396216,161.4990234375,0.0275
0.9327504347186336,13.035307324031852,123.046875,0.0325
0.8818980239243426,12.699098257926407,116.0,0.0375
0.7045825982471772,13.276721869361246,135.99917763157896,0.0275
0.7925107920031034,13.405308847046904,147.65625,0.0325
0.9215654457259495,13.223379521708281,139.6748310810811,0.035
0.9460579595402139,13.412385124027717,139.6748310810811,0.0525
0.9032967084711312,13.757884200420255,139.6748310810811,0.0525
0.9091099454516177,12.201312332729245,139.6748310810811,0.0475
0.9191466537896755,13.263250700521485,139.6748310810811,0.025
0.2408108328788041,12.909948515756872,126.04801829268293,0.0325
0.7416279636687695,15.203358513057765,143.5546875,0.0375
0.8903888383594186,13.04412719960644,139.6748310810811,0.0375
0.9373330724664876,11.652346254099673,143.5546875,0.03
0.9293460743548976,13.79786775303904,126.04801829268293,0.045
0.9418637497271027,16.145897184350147,132.51201923076923,0.0375
0.8762426696629574,14.964449528862673,135.99917763157896,0.0725
0.8803438897526018,15.198059537493208,147.65625,0.07
0.8742744590108045,15.428790825580233,135.99917763157896,0.04
0.9850301306325655,11.179884493472146,150.0,0.045
0.8893707739341419,16.13739929386135,135.99917763157896,0.0275
0.830407463318713,14.0082246363617,161.4990234375,0.035
0.9084694059154685,14.148321726739436,147.65625,0.0375
0.7705510434851606,12.896376793016357,161.4990234375,0.06
0.36080550763407016,12.895564860232842,161.4990234375,0.0625
0.8593081078982844,13.13954321606172,132.51201923076923,0.03
0.4244720204727712,13.60343707199556,147.65625,0.035
0.6421179778958843,17.059241142098593,149.7961956521739,0.055
0.9373085500885504,14.580678143384327,120.18531976744184,0.0375
0.9217954996333038,13.964331609007612,123.046875,0.03
0.9395080719277238,14.113917234277494,123.046875,0.035
0.9075488178416862,13.4370195312666,156.60511363636363,0.0525
0.8853860786543353,13.958834655965733,126.04801829268293,0.02
0.9418703243593084,15.248193692305604,118.0,0.03
0.9502333193050206,13.224267620632832,120.18531976744184,0.045
0.9291774340902664,14.1810808835866,135.99917763157896,0.035
0.7965472566944136,16.064856019107875,126.04801829268293,0.0275
0.6709069998898652,16.96208487264188,126.04801829268293,0.065
0.9366281527990625,13.92664209753785,123.046875,0.065
0.9915062593454477,12.19810335957466,135.99917763157896,0.0325
0.776600930221244,14.101259770020764,139.6748310810811,0.0675
0.9416008216219328,14.03390904375305,132.51201923076923,0.045
0.9871990399323508,13.231599728390226,132.51201923076923,0.025
0.9489505838484009,14.692504936967918,132.51201923076923,0.04
0.9416618488563876,13.310153326993955,126.04801829268293,0.035
0.8832433846195054,13.33373733133729,126.04801829268293,0.0325
0.82568668631275,13.505248401718369,126.04801829268293,0.04
0.5975713449019621,14.154725876120125,139.0,0.0575
0.6190212633976827,14.1440485946931,139.0,0.0525
0.9603122641530687,11.854902743073719,156.60511363636363,0.06
0.8848324191976285,11.402655989459394,132.51201923076923,0.05
0.8699512750946709,12.027338892248888,132.51201923076923,0.04
0.36396454567588465,14.03182227253173,151.99908088235293,0.0375
0.6016904696292971,13.700794667354636,139.6748310810811,0.0725
0.8329725250058797,12.729828571693243,147.65625,0.0575
0.6733086957715836,11.67759168306275,147.65625,0.0625
0.7434796611041725,12.61403917490764,147.65625,0.05
0.5627985880630318,14.216439453986103,139.6748310810811,0.05
0.8175565116042603,12.855773394087192,139.6748310810811,0.0675
0.9248432264838098,12.193262608293452,143.5546875,0.045
0.8152996662280465,13.843063400580592,139.6748310810811,0.05
0.8304218368326257,13.908527906995118,139.6748310810811,0.0525
0.8214540456182206,14.02591088182655,139.6748310810811,0.04
0.8997584646524229,14.62231789057887,166.70866935483872,0.0625
0.383395875405239,11.417363144011452,150.0,0.05
0.8118335329562167,12.076783347403824,156.60511363636363,0.0475
0.8873870152478373,11.546984095801012,156.60511363636363,0.045
0.7366899889963344,13.068079991258262,156.60511363636363,0.05
0.678734746839102,12.687619763278587,151.99908088235293,0.0375
0.7295142689273593,12.433346373674912,151.99908088235293,0.035
0.7548038830219808,12.055543008088886,143.5546875,0.04
0.7757160294850585,14.137372843107862,145.57658450704224,0.04
0.7504006634558048,11.980507852776231,151.99908088235293,0.035
0.8147471357289733,10.548616954382203,135.99917763157896,0.04
0.9226214613639282,11.76224840033933,139.6748310810811,0.0575
0.2246808510061063,11.75803994863606,123.046875,0.04
0.7780772707828729,12.762531720970058,132.51201923076923,0.035
0.9761072906246128,11.824019616035354,139.6748310810811,0.035
0.9651288729101076,13.84758849627358,139.6748310810811,0.0425
0.9691478999086383,15.116165279664624,151.99908088235293,0.0375
0.8415715282751981,12.766648594078237,142.0,0.0325
0.39925626565291605,11.963326756371526,151.99908088235293,0.0325
0.5384573393318794,13.158886389496333,156.60511363636363,0.0575
0.688041037948657,12.972626982131267,158.0,0.065
0.7150007765607754,12.64060198237386,151.99908088235293,0.0375
0.935480071510891,12.337309025488809,161.4990234375,0.03
0.9455841707966892,13.75452958058753,161.4990234375,0.04
0.953369339789064,12.339938818595527,151.99908088235293,0.055
0.914151927156845,13.645916657100667,147.65625,0.05
0.7611738264024732,14.156891710489049,161.4990234375,0.025
0.6797479885005823,11.919923170833048,126.04801829268293,0.0625
0.7963174041330952,13.939002669305445,113.0,0.0425
0.8304343919442809,14.345073446755475,120.18531976744184,0.0225
0.9912583044518324,12.636357749561569,129.19921875,0.04
0.9698181766531077,14.226210052487346,129.19921875,0.065
0.9930652414876318,13.0231770523499,126.04801829268293,0.0375
0.8136279182019662,14.538351674113413,126.04801829268293,0.0475
0.9849640277736232,14.41266555667187,126.04801829268293,0.045
0.9857301102127669,11.001869954523375,132.51201923076923,0.0425
0.996367561445176,12.6193572915314,103.359375,0.04
0.7963962842989959,13.300819875816035,120.18531976744184,0.0275
0.2372801653752221,12.843210068787238,120.18531976744184,0.0375
0.9617103985714839,10.160216095118583,129.19921875,0.0375
0.928871458920152,11.511241845278484,117.45383522727272,0.03
0.8982557735949181,11.639837300129694,126.04801829268293,0.035
0.2834442090537168,10.376026846721045,147.65625,0.065
0.6225722891767602,12.165960744999198,126.04801829268293,0.0375
0.4622509709113183,12.820441959352001,136.0,0.045
0.7842955137945182,12.049897004184643,132.51201923076923,0.0225
0.8508668441204419,12.517523496026127,129.19921875,0.06
0.842249499825279,10.67375138653714,129.19921875,0.0575
0.8693473127266339,8.787964444282796,94.0,0.025
0.6517043732302181,14.030219483799842,139.6748310810811,0.0325
0.7792931315152134,11.360067000626428,132.51201923076923,0.0375
0.7820898141536612,11.12763847262839,132.51201923076923,0.04
0.4591634555096648,12.585903770436447,132.51201923076923,0.0425
0.6874173906099725,11.232400298871674,129.19921875,0.04
0.7665239311756475,12.476968448668561,135.99917763157896,0.045
0.6541849470180017,12.252856298906716,132.51201923076923,0.0675
0.7879924043239864,11.995200463433576,129.19921875,0.0425
0.8390398050983209,11.49882001965922,129.19921875,0.0225
0.3000041441927424,12.74834140302437,132.51201923076923,0.0375
0.9200825766686216,12.36620699755106,151.99908088235293,0.05
0.9206347905015148,11.977854776327632,132.51201923076923,0.04
0.7127378048460704,11.507389345589088,135.99917763157896,0.0625
0.9244808594607388,12.8849806868303,132.51201923076923,0.0575
0.83294595550535,13.227322018821237,123.046875,0.0675
0.8626035459771677,12.943753803470265,139.6748310810811,0.05
0.9006636159407433,13.308949928125976,129.19921875,0.0675
0.589838962995771,13.896100241720458,132.51201923076923,0.075
0.8009407856532037,12.68145909938507,126.04801829268293,0.0975
0.9496512302278798,15.48533092737216,126.04801829268293,0.04
0.8548814050765933,12.653365236329508,156.60511363636363,0.0625
0.995255014156117,13.038431105026639,151.99908088235293,0.0325
0.9893705977156882,13.915490421362444,156.0,0.0325
0.9922067237618926,14.437561126592252,139.6748310810811,0.03
0.9740905572626672,11.757762806924859,169.44159836065575,0.045
0.9823431750994072,13.458313743834436,178.20581896551724,0.035
0.93655048352295,15.13084498678466,149.7961956521739,0.0225
0.9618575264828612,9.724753345673651,166.70866935483872,0.05
0.9868108465015812,12.592140749494806,164.0,0.0425
0.9928906643020685,16.312316801148853,156.60511363636363,0.035
0.9980378508708396,14.891533674409182,159.01442307692307,0.04
0.965983617701161,12.462023078881543,178.20581896551724,0.0525
0.8884601324151192,12.812209089867004,114.0,0.06
0.8510421626580894,14.253478970016692,120.18531976744184,0.0475
0.8320123294436345,14.117712002649654,120.18531976744184,0.055
0.6980190209269377,12.819762535292057,143.5546875,0.0525
0.8187899402377496,13.425037468309299,132.51201923076923,0.0425
0.8514932036043481,12.979066530287978,143.5546875,0.03
0.8456526476883592,15.86375731764801,154.267723880597,0.045
0.8220509131669373,17.621852520791705,156.60511363636363,0.0375
0.6758884007548726,12.330811496297443,134.23295454545453,0.045
0.4922037665740542,12.86433544123124,143.5546875,0.0725
0.955085052127418,13.080925353196788,129.19921875,0.0525
0.9658449341802193,12.697023938655136,154.267723880597,0.0325
0.9063895331374869,12.313662426621983,151.99908088235293,0.05
0.6099492687382161,13.727949004672515,151.99908088235293,0.0525
0.8050765968554614,14.292630685053103,143.5546875,0.0225
0.9513792543917174,12.407517270920554,135.99917763157896,0.055
0.74980393207802,12.700898501070824,139.6748310810811,0.04
0.9178249926039842,12.796520206846573,139.6748310810811,0.0575
0.7568466376014226,12.806747179900729,139.6748310810811,0.0575
0.8606493511463313,13.442234872393845,122.0,0.05
0.8857455144329516,14.02747158893704,123.046875,0.0425
0.22279212353314892,12.554296159820776,151.99908088235293,0.0575
0.27069889601498576,13.374693014767274,169.44159836065575,0.0425
0.890646605060188,12.418311967414102,139.6748310810811,0.03
0.6786231666932449,13.555234081559645,161.4990234375,0.0575
0.5221673711819377,12.027543786401242,161.4990234375,0.0625
0.7166253433261258,12.35625606539917,161.4990234375,0.0525
0.8467286665206285,14.024100803776122,118.0,0.03
0.863075054713551,9.482454299862468,166.70866935483872,0.065
0.917324971871031,11.548088738051742,147.65625,0.03
0.8949329545989511,13.341359311304405,143.5546875,0.045
0.8452653944214439,12.73066727603195,156.60511363636363,0.03
0.8307094132806869,10.671790996369396,161.4990234375,0.0375
0.9259388454731914,11.741923983292844,129.19921875,0.055
0.8705618826393839,12.57859592114568,129.19921875,0.05
0.9443459994046499,9.200169680700515,129.19921875,0.04
0.924684786882735,10.394436841012158,129.19921875,0.035
0.8807355371124057,12.484222682653563,151.99908088235293,0.05
0.9492930735076924,12.738092395530836,151.99908088235293,0.0625
0.9538211083797352,10.452659133829723,143.5546875,0.035
0.7144065313664969,12.313979168036816,139.6748310810811,0.025
0.8999320305553947,12.124959975571938,135.99917763157896,0.0625
0.7140408054862426,13.636622783966484,168.0,0.07
0.6839579881195947,15.10383125826818,145.0,0.02
0.9272773690947165,11.805850130420009,128.0,0.025
0.7941518465433017,12.906366782990784,125.0,0.0375
0.8884371330951131,13.207592230375946,135.99917763157896,0.02
0.9283540003996529,13.211795539651472,132.51201923076923,0.0175
0.6069254727203253,14.030522390032706,132.51201923076923,0.02
0.9591502010170692,14.051400048034097,135.99917763157896,0.0275
0.974180107840306,12.745304827173756,132.51201923076923,0.03
0.9463132793081712,14.781978582827088,132.51201923076923,0.03
0.9825438273774424,13.288214866161002,125.0,0.0125
0.8583456813087325,12.624261223072509,132.51201923076923,0.045
0.7373272904134317,14.029026212545013,132.51201923076923,0.035
0.9614745957793904,11.556097648320204,156.60511363636363,0.035
0.5562122733202006,12.654400101261004,159.01442307692307,0.03
0.9429809236790117,12.824954434914003,166.70866935483872,0.0275
0.9405733575467528,13.77878245186146,109.0,0.03
0.14739369481744263,14.891060134255243,120.18531976744184,0.0375
0.6686223234189547,12.644518545167156,125.0,0.045
0.8609261824904972,11.950618126286525,139.6748310810811,0.0425
0.8652134994623291,12.09729386110659,139.6748310810811,0.0425
0.8979699023410401,12.022830910871999,139.6748310810811,0.045
0.7908920772626105,12.770716449903865,160.0,0.0425
0.740701333183062,11.31729567266132,143.5546875,0.095
0.6793305278599144,12.623992170438198,143.5546875,0.0625
0.7555023554928295,13.186067421245241,143.5546875,0.06
0.8661309134121683,12.405069422957308,118.0,0.065
0.8065952108228582,13.17068973534909,143.5546875,0.0425
0.8719392314587159,13.16557070237363,122.0,0.055
0.6651195535944661,12.56945822123293,143.5546875,0.045
0.8199757702759234,14.39632620485932,158.0,0.0475
0.745431679289474,12.855713728596436,143.5546875,0.045
0.951157437035227,12.65519486396228,151.99908088235293,0.0275
0.8159216839972723,12.627562895513586,151.99908088235293,0.035
0.8832651571473342,12.9896160870598,151.99908088235293,0.0325
0.9624897755890446,12.317575485897592,156.60511363636363,0.05
0.7213117930150166,13.138303666384633,150.0,0.045
0.8766928544521789,13.368742500169162,151.99908088235293,0.055
0.7220607896435421,13.828360837861077,151.99908088235293,0.045
0.7589910895547939,14.30960818087489,120.18531976744184,0.025
0.8306055321742342,13.928461774728826,123.046875,0.0275
0.5834193828390914,13.873224090229659,132.51201923076923,0.0325
0.49983748507367964,14.12193437444142,132.51201923076923,0.035
0.5180713742169113,11.301045694175176,131.0,0.0675
0.619513258278282,11.295810579325403,130.0,0.0675
0.6914411271457723,12.570356707744931,147.65625,0.065
0.41199059073454114,11.52820678427116,132.51201923076923,0.065
0.5851968564812408,14.206403323438725,132.51201923076923,0.065
0.4212495167409974,11.67080071635196,132.51201923076923,0.07
0.7869525481640656,12.140300736706205,139.6748310810811,0.0625
0.7465765280383739,11.195980957700776,135.99917763157896,0.065
0.816225088978749,11.389860895145878,156.60511363636363,0.0725
0.8805231170846097,10.666137232986866,139.6748310810811,0.0725
0.891601034768765,14.172160309865156,129.19921875,0.025
0.9900277714854554,12.193764229978726,129.19921875,0.0525
0.9903355112762674,11.733466199840176,123.046875,0.025
0.9790173745115508,14.258497013826222,123.046875,0.0275
0.8348460003088581,14.659144522293147,167.0,0.03
0.7737035845156999,13.60903590744623,125.0,0.0475
0.7986173164989325,16.079640720804736,135.99917763157896,0.0425
0.9000910495602671,13.829034710657158,123.046875,0.035
0.8892922684221309,10.609010433189995,120.18531976744184,0.035
0.8447787990733133,13.030465947210551,123.046875,0.0325
0.8000216632479596,13.745219870916246,120.18531976744184,0.04
0.949573657792874,13.950217625096172,159.01442307692307,0.0575
0.8794155681785185,12.451836246737122,118.0,0.035
0.8992507570385179,13.401628880371712,156.60511363636363,0.025
0.8430097420749205,11.455569871798387,156.60511363636363,0.0475
0.8310611115672496,12.824344739437663,151.99908088235293,0.07
0.8825877250908917,11.681473805047416,143.5546875,0.0475
0.2991081901458248,13.297731686757192,139.6748310810811,0.0325
0.931255125965926,11.206745374171772,129.19921875,0.04
0.9248650990349788,12.15157848093175,129.19921875,0.0325
0.8218368873797067,13.268359642852603,129.19921875,0.0275
0.8739947946280725,13.035994479013231,151.99908088235293,0.045
0.9764244036011154,13.361357225044703,151.99908088235293,0.0325
0.9271353206431612,12.07232308459257,129.19921875,0.0475
0.8964806064837578,12.735584848212332,129.19921875,0.0275
0.9889602292659185,12.264299401814029,123.046875,0.025
0.8828289236365422,12.619952063260897,126.04801829268293,0.035
0.2247801249303761,13.182705644996211,120.18531976744184,0.0275
0.9241492386471768,12.415183856965225,120.18531976744184,0.0225
0.9236644493841686,10.812254825957387,123.046875,0.0975
0.9511174982400822,12.498230759964494,120.18531976744184,0.0275
0.7604022085852954,11.9424214915092,126.04801829268293,0.05
0.6135224947278186,13.104534205807703,129.19921875,0.0325
0.8655331751301681,12.293441073709669,94.0,0.03
0.7976827417883128,12.555139563652244,126.04801829268293,0.0675
0.8978844101190538,15.004500061311784,123.046875,0.0325
0.9632265540486984,13.97940008672039,123.046875,0.045
0.9468095710782893,15.12633876649208,126.04801829268293,0.03
0.9507283373330917,11.810781801276832,132.51201923076923,0.0425
0.9497824141736456,12.38037737824931,132.51201923076923,0.05
0.89706420687705,11.757915241799928,132.51201923076923,0.0375
0.9330639298375002,13.781205305336055,132.51201923076923,0.025
0.8361855555991652,11.596667027056274,135.0,0.0625
0.7625664326797401,10.879182603832918,129.0,0.0575
0.8707643938114774,10.583084728112992,147.65625,0.0725
0.917998802109336,13.928696391381616,147.65625,0.03
0.7993979064571839,11.941909099434978,139.6748310810811,0.0625
0.8652241400133402,11.746607646906968,151.99908088235293,0.07
0.9614584017724905,14.844970467276699,120.0,0.035
0.8565103732858569,14.94969858883766,120.0,0.025
0.8985711364392565,12.085059282429974,120.18531976744184,0.035
0.8393134617545247,14.721905488906556,120.18531976744184,0.04
0.8664802737514419,13.17074091214185,126.04801829268293,0.0325
0.8695743093136966,13.323549818794229,114.0,0.0375
0.9908069745823462,11.638778575610647,117.45383522727272,0.0425
0.7734285191338279,14.04043243166305,126.04801829268293,0.03
0.743132967783219,14.026919404384186,126.04801829268293,0.0275
0.9165376745935158,15.549784175563355,123.046875,0.0275
0.8474557548251863,13.212609061919965,139.6748310810811,0.0375
0.6554778848376596,13.671788976902766,143.5546875,0.0375
0.859896808938716,12.85014175043117,132.51201923076923,0.04
0.9515262821952902,14.084476461509192,132.51201923076923,0.0425
0.8299842982940364,13.782669735415729,132.51201923076923,0.055
0.9161315712243914,13.842078178236616,132.51201923076923,0.05
0.9317211736281366,13.054205801356769,156.60511363636363,0.045
0.7386998274789616,12.1404026522893,143.5546875,0.0575
0.8445202171575982,13.3261940176485,129.19921875,0.07
0.891622702722631,12.571589986204073,156.60511363636363,0.07
0.951963771408856,11.371133206496632,161.4990234375,0.0775
0.9417206174333008,12.522202599288377,129.19921875,0.055
0.8252880028350376,12.493701922138968,129.0,0.045
0.8661065989404992,12.529122783818467,135.99917763157896,0.03
0.9810895933734364,12.123017762382617,135.99917763157896,0.0425
0.8597160346243792,14.562678999093997,123.046875,0.045
0.9114310815232464,13.24617467597312,135.99917763157896,0.035
0.8660560502336263,13.316184280050916,143.5546875,0.0425
0.8731415767260218,13.360634130581627,135.99917763157896,0.0325
0.8194125497266488,12.798879343907146,132.51201923076923,0.05
0.7364407197184261,13.535502163907344,129.19921875,0.045
0.674801693499111,13.336950786986126,129.19921875,0.05
0.6866360783233012,13.132665180243533,129.19921875,0.0675
1.0,13.33901251414012,129.19921875,0.06
0.8920124749334535,12.86802628241156,135.99917763157896,0.0525
0.783923085597013,11.868466536136337,129.19921875,0.025
0.8234326870193904,11.590378252656476,129.19921875,0.0275
0.846390053405211,14.225488866449886,126.04801829268293,0.0325
0.8173226841904344,13.303123737605109,143.5546875,0.0625
0.5949366801749124,13.17272217074006,151.99908088235293,0.055
0.7273277962681007,12.648268498640762,143.5546875,0.08
0.9406185066399664,13.180957728437866,124.0,0.0375
0.9128424865649276,14.809806648230984,147.65625,0.0275
0.939601937794058,12.370884640949795,151.99908088235293,0.0625
0.6364253221502474,12.321196726329218,143.5546875,0.0225
0.9855797806274927,13.264733610895474,147.65625,0.0225
0.7523532663763253,13.303264001360834,147.65625,0.06
0.5080607954271898,14.313447241245557,147.65625,0.04
0.6579744094372214,13.137196065035932,147.65625,0.0525
0.6347209152068243,13.9444439938301,154.0,0.0525
0.603185440671239,12.646022755464005,140.0,0.0575
0.8113136762040529,14.340449993627487,155.0,0.03
0.9426121408093892,13.753935851328803,156.0,0.04
0.816041190844865,15.739795104052613,126.04801829268293,0.0325
0.8211408367215223,13.748704362314855,132.51201923076923,0.0375
0.88922143604569,12.215006718007803,126.04801829268293,0.045
0.956400334248292,11.389659453301489,142.0,0.0475
0.9162240495793912,12.366947316961955,156.60511363636363,0.0425
0.9754487434100798,10.236074228132829,143.5546875,0.045
0.901751941122716,13.284157896371743,166.70866935483872,0.0475
0.991314666932414,13.397871858793003,156.0,0.0625
0.7399317319162572,12.70370546756998,166.70866935483872,0.0475
0.9546766258508306,10.174818890791919,161.4990234375,0.05
0.8394978834294388,14.129438654062133,166.70866935483872,0.055
0.8161256947294259,14.250256167576424,169.44159836065575,0.0475
0.9385579085182048,11.040379249153908,156.60511363636363,0.06
0.7286252314628846,12.371715826110698,156.0,0.0275
0.8266174062210159,12.214093181551435,132.51201923076923,0.035
0.8914149403122786,12.618723865195062,161.4990234375,0.0375
0.9765019533347088,12.292503135249309,126.04801829268293,0.0425
0.9800212118313184,12.87271821063927,129.19921875,0.04
0.97449997708508,12.407380285772346,143.5546875,0.025
0.8724075229114956,12.535664111839743,132.51201923076923,0.0625
0.7410758982349825,13.559328703705033,143.5546875,0.05
0.8485727156758218,13.52365180271193,132.51201923076923,0.0475
0.8469418909446529,12.510653259253608,115.0,0.07
0.7295412124667027,13.726427024016196,132.51201923076923,0.035
0.451244560632028,13.272695608171006,132.51201923076923,0.0575
0.8615193708954225,13.85861794346321,135.99917763157896,0.0475
0.7938686479850777,13.455092653269716,138.0,0.0525
0.7035816677619559,12.568221571056664,130.0,0.05
0.957252867977706,12.270243904142788,135.99917763157896,0.06
0.7252441350187385,14.834498320006578,109.0,0.0475
0.7648686742540397,14.458211566059354,109.0,0.04
0.5297800325871147,11.953462821596972,100.0,0.0575
0.9536445356062322,15.367657545993751,139.6748310810811,0.045
0.9099443327232345,13.19740267234556,123.046875,0.0475
0.9938925969543216,12.827520045653577,130.0,0.06
0.9504633429096532,13.546599504395367,130.0,0.0575
0.9772421708175398,12.01329735770577,143.5546875,0.09
0.8396597884163592,13.762195715640596,126.04801829268293,0.055
0.8853810490366192,14.070509574935851,156.60511363636363,0.085
0.9731724559032224,12.615356910521214,250.0,0.0775
0.7653100892285972,12.896842422158986,129.19921875,0.0675
0.9579631637029526,13.97940008672039,143.5546875,0.03
0.9489426900503856,13.269216906617153,147.65625,0.08
0.7193753060611783,12.387881195510138,147.65625,0.085
0.8096913552329981,12.044116200562769,147.65625,0.08
0.9461708106213437,12.313022120484428,163.0,0.0825
0.8218639769147738,12.09615646884617,157.0,0.0825
0.8061767894020219,13.580710630356142,150.0,0.0525
0.9542938560760748,12.196913249679689,156.60511363636363,0.05
0.952775904096072,11.997150572748636,150.0,0.0725
0.9717442611736706,10.318058498362506,129.19921875,0.0325
0.9801259355380016,14.317394857833955,147.65625,0.0675
0.9529617838318308,12.454639303294384,150.0,0.0425
0.9676206813275084,12.572637056862671,120.18531976744184,0.0375
0.9874409518967496,12.024537529019124,151.99908088235293,0.02
0.7327593223818114,12.308247999382685,154.0,0.0925
0.962222119149812,12.606443460917,156.60511363636363,0.0425
0.8863843727196282,11.298667932215832,187.9261363636364,0.0475
0.9257172772480556,13.614962969696355,151.99908088235293,0.065
0.9506071658195954,13.708596892232077,151.99908088235293,0.065
0.949584097047433,15.042258588171933,150.0,0.055
0.9323905366439516,14.01303058932367,143.5546875,0.035
0.9616569712595882,12.868112143378404,147.65625,0.0325
0.9863133535230716,10.19425962487125,135.99917763157896,0.035
0.9565030283460124,12.211669174557732,139.6748310810811,0.0375
0.8950434812186129,12.057345623313811,147.65625,0.0375
0.884974365402285,13.716229708550276,135.99917763157896,0.03
0.7539287463681854,12.143544340238263,139.6748310810811,0.035
0.965579836400226,12.154955058346834,134.23295454545453,0.0325
0.914502334561561,12.833749871212756,129.19921875,0.0375
0.7657813734224862,13.511795540707444,147.65625,0.03
0.9161324010853449,12.627725522013758,145.57658450704224,0.03
0.944519607032674,12.388160482359984,149.7961956521739,0.0375
0.8648599031372867,14.605129270612519,161.4990234375,0.0525
0.6801889373865917,13.598505996248331,161.4990234375,0.065
0.8890712732680074,14.703532074356966,129.19921875,0.0475
0.9655391285326176,13.953649574229765,129.19921875,0.0375
0.856592612514521,14.719740536819357,132.51201923076923,0.04
0.8729271468337886,14.662817755683921,132.51201923076923,0.04
0.917069230015821,11.9797186365252,135.99917763157896,0.0325
0.977179319656118,11.810914792971083,135.99917763157896,0.035
0.8539626120430425,13.934876250994703,115.0,0.0325
0.9018884920978631,11.665065096854606,143.5546875,0.0925
0.8618385502537598,13.353843242731218,127.0,0.065
0.94050924852583,13.866441977995432,126.0,0.07
0.9314666415102676,13.128110555070279,126.0,0.05
0.9759666016102256,12.510854580155229,132.51201923076923,0.0725
0.8270711842538319,12.802981661087198,132.51201923076923,0.07
0.8501809765844002,12.748605361710574,132.51201923076923,0.075
0.9424820790006568,13.973430915700762,126.04801829268293,0.025
0.8466403516549857,14.04296519723266,120.18531976744184,0.03
0.960884580482841,14.229491167122363,126.04801829268293,0.025
0.8872885991321242,13.83999344307307,123.046875,0.055
0.685092452581571,13.81033079887853,119.0,0.0625
0.9852301972834245,12.32877458326217,125.0,0.09
0.898913107336679,13.566545011294526,120.18531976744184,0.0675
0.8254573516671684,14.165120569098068,120.18531976744184,0.0725
0.7749079031184867,12.981112433452942,101.0,0.055
0.9487859770612124,15.065994544880107,116.0,0.04
0.824816819366448,12.63109055318426,139.6748310810811,0.0525
0.9739310776019239,14.226262589183817,116.0,0.04
0.4917949173592296,13.561203522909144,127.0,0.065
0.900897826736896,12.627608912610166,132.51201923076923,0.04
0.5114072426873663,13.505493982742797,123.046875,0.02
0.7220757764039923,14.026978394637428,106.0,0.025
0.7530374617201356,13.521834600861968,135.99917763157896,0.0725
0.8189535378351002,13.741804939192392,135.99917763157896,0.06
0.8805833237913854,13.069489707078338,100.0,0.0425
0.6417554967026877,12.707391261836715,132.51201923076923,0.0425
0.9340335210712474,14.357659546547456,123.0,0.0225
0.94135711792084,14.59378882635033,114.84375,0.0475
0.8831285744154963,12.129518837821966,172.265625,0.05
0.8667057261636499,14.179329102783399,178.20581896551724,0.0575
0.9609431053135834,14.447709059761078,125.0,0.0275
0.8757102188868291,12.211467193579558,135.99917763157896,0.0475
0.8880342513878847,11.767778973376943,135.99917763157896,0.0725
0.8628707228598462,13.092960406883371,143.5546875,0.0775
0.9688478900184613,13.7459253268106,169.44159836065575,0.055
0.917479785090929,12.431239771464597,161.4990234375,0.0575
0.6494767695866575,14.525119085830667,149.7961956521739,0.055
0.877242554976871,13.908424134771657,138.0,0.035
0.6436695836295583,13.798213935133102,143.5546875,0.035
0.7648958802090493,12.45661193323711,135.99917763157896,0.0525
0.9108560634628233,13.90398267849547,107.0,0.04
0.8321432979732442,14.04590155203901,139.6748310810811,0.05
0.8244138075541506,13.888944067513796,139.6748310810811,0.0475
0.9875657271671456,13.514522687297433,139.6748310810811,0.0525
0.8582527947831152,12.996167975830188,139.6748310810811,0.0375
0.7814598492311886,14.958934800541966,138.0,0.0325
0.5870316878367523,14.106383130150585,135.99917763157896,0.0275
0.7460597408946572,14.43104932035646,139.6748310810811,0.035
0.6955016821546843,12.483448536455157,106.0,0.0425
0.8209475872349461,13.935211209848509,128.0,0.0375
0.6157036267979279,12.943206860042636,135.0,0.0275
0.7626564915037918,14.353487789522482,151.99908088235293,0.035
0.7396465524674718,13.222998039712078,135.99917763157896,0.05
0.9413727136876331,12.46352371736846,143.5546875,0.0375
0.9591741449259357,14.561944918337531,143.5546875,0.0375
0.8806401744314947,13.566982696546301,143.5546875,0.04
0.9490681954084776,13.97940008672039,133.0,0.0375
0.941781421996274,12.985215247591512,129.0,0.035
0.9243187920696396,13.743920666169352,139.6748310810811,0.0225
0.9983656349785368,13.97940008672039,129.0,0.035
0.7330132274283914,15.305407075930137,161.4990234375,0.0475
0.8001961979764916,10.746811099065141,151.99908088235293,0.06
0.21940241138548383,12.918697434707646,139.6748310810811,0.07
0.993060790895812,10.725875328281765,130.0,0.0325
0.9306206977121634,12.590562503328515,128.0,0.035
0.8925472515866353,15.04501301377503,143.5546875,0.0325
0.8099637219531818,14.032716118130471,104.0,0.03
0.9617793594763926,14.695278371079421,139.6748310810811,0.06
0.9683465740611008,12.40711916098435,126.0,0.0375
0.941261695695062,13.477165309702926,128.0,0.0425
0.9310767072346249,12.111330064288033,143.5546875,0.0925
0.9031071886092857,13.025443748225253,143.5546875,0.0775
-0.0311333693805999,12.204610549744205,154.267723880597,0.0425
0.7613301235070363,12.200696624937637,156.60511363636363,0.0575
0.9693366492052504,11.95803121150164,156.60511363636363,0.06
0.8050867479976263,12.409202092197813,139.6748310810811,0.0525
0.9652869889761552,14.947737324568322,132.51201923076923,0.0525
0.09526951274009655,12.664966334123225,135.99917763157896,0.03
0.8476300059400543,13.230584670353467,156.60511363636363,0.055
0.8978387897367757,13.695854821324353,143.5546875,0.0275
0.8915688336790358,13.495823936352458,154.0,0.0425
0.8769424124411933,12.567158282393741,143.5546875,0.015
0.9686285957609944,12.042562348440942,139.6748310810811,0.04
0.8495027367636778,12.720178537184317,143.5546875,0.085
0.952879649587558,13.587114016082388,135.99917763157896,0.04
0.9137862252239148,12.824409987805067,143.5546875,0.0575
0.9765983345619448,16.55708748687407,143.5546875,0.05
0.9417855581046432,13.399491152189952,151.99908088235293,0.025
0.7969706034562272,11.897908325398365,139.6748310810811,0.035
0.8427215798631179,12.720893119112295,152.0,0.03
0.7765121145252739,15.618113862205693,147.65625,0.0225
0.8100231883671851,13.179854197630817,164.0,0.03
0.9382509800729271,11.999549927459483,161.4990234375,0.055
0.9461245742340358,13.179421488474894,161.4990234375,0.0675
0.7365219772686642,13.712739958732524,169.44159836065575,0.0475
0.9350840752928333,12.346890307743209,161.4990234375,0.06
0.967906652818673,13.92423051756966,156.60511363636363,0.0425
0.9675787957891241,12.74088428161452,166.70866935483872,0.035
0.7804652135490894,12.548864085530788,157.0,0.0475
0.8346673923883692,13.051825157358529,156.60511363636363,0.04
0.9259933951508827,13.585375274598054,166.70866935483872,0.035
0.9280831823474106,13.381223995855441,166.70866935483872,0.035
0.9483423744449394,13.015549918358744,167.0,0.0375
0.9082047535798302,13.5593374019136,172.265625,0.0525
0.9420132863361704,13.938400392700206,135.99917763157896,0.035
0.8227391303910758,10.366509014435092,129.19921875,0.055
0.9382738597587942,11.893584665896604,138.0,0.07
0.8544798924674087,12.603333493541964,143.5546875,0.03
0.9023974874079208,12.58444000397345,151.99908088235293,0.0475
0.9798638472286807,10.921595330106193,139.6748310810811,0.04
0.9320679279691231,11.974759922357755,100.0,0.03
0.8806198852290434,12.120058717489407,147.65625,0.045
0.8888978450260983,14.135064383802245,143.5546875,0.0325
0.7282198261005635,14.795049807803558,135.99917763157896,0.0225
0.9723343747190064,12.12927053489942,135.99917763157896,0.0425
0.8924429259428184,11.66264388640159,151.99908088235293,0.0425
0.9422463004046,13.488084245378744,139.6748310810811,0.04
0.5746471332594858,14.566056227343367,139.6748310810811,0.0675
0.9366047465808548,11.131577014120218,137.8125,0.04
0.9474142413724593,12.161628259357332,135.99917763157896,0.035
0.9044892384575848,14.775085007242462,120.18531976744184,0.025
0.8854522427910149,9.71475642485453,69.0,0.05
0.7640047963294123,12.244120393794152,91.0,0.0325
0.9686119251083388,11.805593799661713,143.5546875,0.065
0.9027319200454524,12.084855682482274,107.666015625,0.04
0.8537188380996461,12.533229647148616,161.4990234375,0.0325
0.8781597877510474,11.579574385167742,156.60511363636363,0.0375
0.904834999801529,12.687032690830222,156.0,0.03
0.994808575640681,12.950644120714466,151.99908088235293,0.0475
0.8466394855778128,11.858835045042277,151.99908088235293,0.04
0.7797154971277653,12.200598802674588,151.99908088235293,0.0475
0.9208875518150692,13.779373039792054,143.5546875,0.0475
0.8097982199063942,11.55859877268708,155.0,0.0425
0.9922779101752094,9.383404548502256,166.70866935483872,0.07875
0.9811351767839709,13.5574551855836,161.4990234375,0.0475
0.8178737668699505,11.87865374394232,154.267723880597,0.0425
0.7433457483561947,12.595933542239749,172.265625,0.0575
0.8672782754237763,13.79631439151395,117.45383522727272,0.045
0.7760717800806256,12.48323744843104,135.99917763157896,0.0475
0.6938162235537273,12.6088450668709,135.99917763157896,0.035
0.6104113550798478,13.97940008672039,135.99917763157896,0.0425
0.8047133953449757,14.280631255304193,135.99917763157896,0.05
0.7816452072683497,13.033496125156663,164.0625,0.0425
0.8227384868211068,13.052268142935716,169.44159836065575,0.0475
0.8341734115019179,12.638520195591102,161.4990234375,0.0375
0.9238218721633731,11.752666544370243,161.4990234375,0.0525
0.927736914761137,11.801179313060898,161.4990234375,0.035
0.9618907558294989,13.379132186788889,161.4990234375,0.0375
0.7661867473883329,12.651732141254344,184.5703125,0.05
0.7983873462971913,14.061350917815387,151.99908088235293,0.03
0.8857578771368956,12.582224020032102,156.60511363636363,0.0375
0.8139488355508518,12.96955200915302,147.65625,0.0375
0.8430097166133441,13.284538552823888,107.666015625,0.0325
0.7768288848509194,12.36027751340313,161.4990234375,0.025
0.8650846437055804,14.590014791586196,143.5546875,0.04
0.7537547277773282,12.91988149520416,156.60511363636363,0.0475
0.8765223058633719,12.553169436655224,123.046875,0.035
0.9479226000921638,12.449731986925237,123.046875,0.045
0.7812957616059257,13.354739624166251,112.34714673913044,0.04
0.864811757010194,12.787129376964794,123.046875,0.0225
0.6288172143748387,13.607608676502615,141.58818493150685,0.0275
0.8129566531471405,13.919798659662929,135.99917763157896,0.045
0.7236350323878415,14.191298135462503,132.51201923076923,0.025
0.8063569264821187,13.48444015376101,117.45383522727272,0.07
0.8806058761227833,13.053324490702279,123.046875,0.0675
0.6684348598244088,13.07561042384916,139.6748310810811,0.0625
0.7898345637571846,13.298474042403235,143.5546875,0.0625
0.9247241026755136,12.805491047228736,132.51201923076923,0.08
0.8407031196487075,13.318236915413664,132.51201923076923,0.0575
0.8511671968514998,12.42844534447266,139.6748310810811,0.06
0.8256311272608458,12.522800326067667,139.6748310810811,0.0675
0.6638515978739301,12.385708083532224,139.6748310810811,0.065
0.7154746910895946,13.605288919287853,139.6748310810811,0.0575
0.8517919657906956,11.04352242293151,139.6748310810811,0.065
0.8325862935182526,12.050919950501598,139.6748310810811,0.07
0.885341275687869,11.59772329986382,139.6748310810811,0.0725
0.570088584787641,12.34596183548136,139.6748310810811,0.08
0.690485896498346,12.579051730813728,143.5546875,0.0875
0.9357515446090328,12.850618990024433,147.65625,0.0725
0.8910783649758696,12.68598143407208,139.6748310810811,0.0825
0.8978171538255969,12.76097089265303,139.6748310810811,0.06
0.7397167661270265,12.454405024774161,139.6748310810811,0.0475
0.7613396653007296,13.659053867916002,135.99917763157896,0.0525
0.9791285962122616,12.968953961731986,150.0,0.0375
0.7217099041239373,11.24136279228679,132.51201923076923,0.0325
0.8779683835922224,13.0620627159575,135.99917763157896,0.0375
0.9472755542920874,14.527453417146145,161.4990234375,0.0425
0.9304853623393862,11.744773727254353,128.0,0.0475
0.9387523256888165,10.014723112537837,129.19921875,0.03
0.7434796541628875,12.527159302529734,139.6748310810811,0.07
0.5263530924493974,14.007989176672464,125.0,0.05
0.3282565078592621,12.846712035928274,132.51201923076923,0.0675
0.8293867960372168,13.600346898653974,132.51201923076923,0.055
0.6683138309927747,15.270163725390525,138.0,0.0425
0.8802201799878611,12.539146886373976,139.6748310810811,0.0525
0.9175816751229382,14.12909063298075,139.6748310810811,0.0475
0.7496072069368882,13.311132315817005,143.5546875,0.055
0.8649468126938887,14.601825764106945,146.0,0.045
0.7389544580253694,13.97940008672039,126.04801829268293,0.0275
0.914291633221942,12.091552950984177,135.99917763157896,0.07
0.9871154921644443,13.671265527712675,138.0,0.035
0.9759943022090282,12.468980754194655,139.6748310810811,0.0475
0.9388400757027286,13.394736468599913,135.99917763157896,0.03
0.9552627343235768,12.960076655998195,164.0,0.0375
0.8564873181658619,11.636063654961058,151.99908088235293,0.07
0.6825416914202413,12.581963638378848,161.4990234375,0.04
0.4663188424384832,12.108224360260856,175.1853813559322,0.0475
0.8673653587045174,12.19372528187605,161.4990234375,0.035
0.7415589315537207,12.804317618969442,161.4990234375,0.035
0.8711371545926619,11.802456664612755,170.0,0.0425
0.7819329922297367,12.692264430779328,155.0,0.0375
0.8786323621947978,12.494014554752045,140.0,0.055
0.9881098424572221,11.444780088554833,156.60511363636363,0.03
0.9919015002078677,11.958163197242298,151.99908088235293,0.0525
0.6701840477353926,13.648270438536592,143.5546875,0.0375
0.9445033965918006,11.323958333436805,147.65625,0.045
0.9018610741425788,12.32865037584222,170.0,0.0475
0.8757416199903822,12.25339469179664,132.51201923076923,0.0475
0.8024784115878928,13.629700311416611,139.6748310810811,0.07
0.7394435004873625,13.583553636181001,139.6748310810811,0.0475
0.8648203949876794,13.829399169396227,146.0,0.05
0.8264362839152413,13.651018450836421,162.0,0.03
0.8495549487879506,12.875059087141253,147.65625,0.0275
0.8908312861218108,16.17712317831695,123.046875,0.0275
0.9650747498816808,13.333551279602244,126.04801829268293,0.0275
0.8416417431660768,15.573103600707142,120.18531976744184,0.0525
0.8929286585304534,12.299158032595344,135.99917763157896,0.0675
0.778707202455996,13.624824747511742,187.9261363636364,0.0625
0.9289737545058157,12.342146719212288,135.99917763157896,0.06
0.7895297086955088,12.917252785280201,126.0,0.03
0.896532743452046,13.230269811681014,135.99917763157896,0.0475
0.8711846110792606,12.26641075044154,139.6748310810811,0.0325
0.9447904842310586,12.778972954753996,135.99917763157896,0.0675
0.9290646015424318,16.241976588158302,129.19921875,0.0275
0.8792406969269871,12.283555588077531,116.0,0.0325
0.9845226186067548,12.976414524890245,156.60511363636363,0.0325
0.9435372611518484,12.93934175749115,110.0,0.0375
0.9023890835640166,11.31159407731549,147.65625,0.0525
0.6540039841099631,13.564550481863971,139.6748310810811,0.0325
0.768667011197033,12.8327367695222,139.6748310810811,0.0425
0.5284616114940713,13.556260537878709,149.7961956521739,0.025
0.6851834651811245,13.886299528172133,139.6748310810811,0.0325
0.872358567110048,12.309658945654796,139.6748310810811,0.0325
0.2450608372184537,15.196813689640793,143.5546875,0.035
0.7167737326787686,12.952405980327995,147.65625,0.0525
0.8635612701244768,11.278668364740632,147.65625,0.06
0.4096752475668964,14.571195042608652,135.99917763157896,0.065
0.7920813278856746,12.348677430585532,143.5546875,0.0325
0.7785324393939459,11.927671385455168,143.5546875,0.045
0.8488401479182283,12.850761630266572,138.0,0.0475
0.8681274236793772,12.036749854932287,139.6748310810811,0.065
0.6856693284385691,16.062248505279875,147.0,0.0425
0.607002114220378,13.113529309775188,150.0,0.035
0.8311248391024262,14.233998348093913,147.65625,0.03
0.7961041427853397,14.599471585211441,151.99908088235293,0.055
0.9759096103111377,13.95841121713218,135.99917763157896,0.035
0.9917716079487432,14.0486107289105,139.6748310810811,0.04
0.8194862774779905,12.218839056190237,125.0,0.04
0.8986544016215325,14.31440678580648,135.99917763157896,0.0475
0.7396524470916118,12.816903223229977,166.70866935483872,0.065
0.8247542569759093,12.537012913714555,151.99908088235293,0.0275
0.8669439224506625,12.847512727028242,151.99908088235293,0.0725
0.9281383441428418,12.135288962057228,149.7961956521739,0.045
0.961607902084628,14.729192370878062,120.18531976744184,0.0375
0.8060934950502326,13.763099019489783,94.0,0.04
0.8828152850509383,13.68427027936543,140.0,0.0475
0.8881574844261848,13.203905281323106,139.6748310810811,0.055
0.9140378034717962,14.503673098358693,135.99917763157896,0.0475
0.9106305305778841,12.403731062638403,126.0,0.0375
0.8869912559714923,11.543300842937311,139.6748310810811,0.0425
0.755594481122057,13.353494058860255,135.99917763157896,0.04
0.9140176059449936,12.547490004301157,139.6748310810811,0.0525
0.7566902964065064,14.09999057555772,145.0,0.04
0.9351798697895504,13.366530093282677,135.99917763157896,0.0375
0.9057029365975626,12.700658747812094,135.99917763157896,0.0475
0.8433698122786045,13.465060800595154,135.99917763157896,0.035
0.8907854210444811,14.226468042076732,148.0,0.0625
0.9566860890142712,13.317935265151238,150.0,0.065
0.9791984689186336,11.412074984124729,143.5546875,0.04
0.9951163580354055,12.136640693197569,147.65625,0.0425
0.9536077117101328,12.491437028311324,139.6748310810811,0.0275
0.8401733843728754,14.237083236901318,143.5546875,0.075
0.8391171335162781,14.439734972293143,135.99917763157896,0.055
0.9333292684127912,12.940434779808882,136.0,0.035
0.837019408378462,13.712368160196567,123.046875,0.0475
0.690677405484208,12.043020888711636,129.19921875,0.085
0.941562254523042,14.294248262424428,120.18531976744184,0.0375
0.9141213838674052,13.741294679280678,120.18531976744184,0.055
0.9566235835223528,13.202467976511798,164.0625,0.0475
0.7825125115973701,12.356874673032852,135.99917763157896,0.0725
0.8341843125517883,11.731592932926418,130.0,0.0625
0.9297931845114009,13.347186912310708,147.65625,0.04
0.41651772848711055,11.91709614747144,70.0,0.065
0.6090009959151619,13.523674805521214,135.99917763157896,0.045
0.7015155638860994,11.56574767548917,139.6748310810811,0.03
0.5445473100339302,12.90860050219489,143.5546875,0.0625
0.8826238930862845,14.470712022642552,132.51201923076923,0.0725
0.962064476414962,12.530000049144,126.04801829268293,0.07
0.9197353451565916,12.34489512533614,138.0,0.06
0.904652381034253,13.502904963809938,133.0,0.04
0.6840341601991573,13.158798497906467,122.0,0.06
0.8234714442681556,16.24868926938054,159.01442307692307,0.0425
0.9347382274290053,11.752468796023798,132.51201923076923,0.0375
0.9463776122917349,13.415490721829864,135.99917763157896,0.04
0.8733535677681734,12.852492897952438,135.99917763157896,0.0475
0.9314121096650939,12.10328359103551,161.4990234375,0.045
0.9700093892486612,11.57868158019155,161.4990234375,0.0325
0.9489346008340733,13.421751662678874,139.6748310810811,0.03
0.9357579460322328,13.581250147717594,139.6748310810811,0.0525
0.873576827661396,11.58544282287396,147.65625,0.065
0.9445949951739856,10.625391079894214,156.60511363636363,0.0775
0.935199050558172,10.568781653692831,139.6748310810811,0.0275
0.8803358661040638,13.467720824600272,156.60511363636363,0.025
0.8533658757126035,11.41038951160672,151.99908088235293,0.08
0.8201571302827808,11.131024962550711,156.60511363636363,0.0975
0.8211058785704614,12.869376475166582,161.4990234375,0.0525
0.8823365109835652,10.928610961250477,132.51201923076923,0.0575
0.797412378884528,12.31099990433574,84.0,0.035
0.9364341325575404,13.351119181056728,132.51201923076923,0.055
0.8428228946797505,13.679211462821709,135.99917763157896,0.0375
0.8805280323092822,13.648596648688798,135.99917763157896,0.0525
0.89618168837386,13.574165104728827,143.5546875,0.045
0.9058566233721096,13.253838271571878,143.5546875,0.0675
0.872118847873376,13.363716558928934,143.5546875,0.0525
0.7313862185672979,12.47838468016891,143.5546875,0.0825
0.9248626475337376,13.24810619432289,147.65625,0.06
0.9340728408156188,12.86641649180392,142.0,0.05
0.91012020447808,14.050863086080934,180.0,0.035
0.9715406766331456,12.714636041807644,135.99917763157896,0.02
0.8916859152018496,12.709490114463978,143.5546875,0.025
0.900346728347768,13.77324959952116,149.7961956521739,0.0425
0.8768411908947293,14.560918783536671,156.0,0.0375
0.9476758093606312,11.303819090131944,143.5546875,0.0325
0.8474815219009444,13.253058020291789,157.0,0.0375
0.9037009000968644,14.214174634065294,151.99908088235293,0.04
0.9461244358095284,13.543987314425369,143.5546875,0.04
0.7694520519428217,13.605140091308376,143.5546875,0.02
0.927919987096722,12.413877881217214,156.0,0.04
0.8662984749826605,10.924803666107714,147.65625,0.0325
0.9032848680310182,12.218963772435224,158.0,0.065
0.8851139953128795,9.775688725990744,166.70866935483872,0.0625
0.8648687884984703,13.226786519744577,155.0,0.0225
0.9623134119832883,10.401180747905869,147.65625,0.05
0.96388718760394,10.357758410587664,147.65625,0.0475
0.8058960164814066,13.247586309873617,147.65625,0.0325
0.8833973700799668,13.302392341425223,139.6748310810811,0.0325
0.860767882678343,13.380860235190166,128.0,0.035
0.5356563478958827,14.647875870081291,132.51201923076923,0.035
0.6976199733539905,15.2918333820656,133.0,0.0375
0.5954169145641548,13.81780931553543,120.18531976744184,0.0725
0.9789390645019728,14.546410935187282,123.046875,0.05
0.907089659098499,13.855475506488713,120.18531976744184,0.0425
0.9100511915588602,14.7850543293828,118.0,0.0375
0.5381006113581522,13.277431762119871,135.99917763157896,0.075
0.8669092903807464,13.978684256024996,128.0,0.055
0.8870297646918899,13.93783549333248,135.99917763157896,0.0525
0.8034728797779508,13.551870364227042,129.0,0.0325
0.619657350460126,12.40037263342243,151.99908088235293,0.0725
0.7972759858354636,13.275333101448227,135.99917763157896,0.07
0.9780163914728328,12.04238850748687,120.18531976744184,0.055
0.8794820249777877,12.758722454400651,151.99908088235293,0.0325
0.9765791064698359,11.66313091666417,120.18531976744184,0.05
0.9456872139751696,14.617351953377456,156.0,0.035
0.8845456943132691,14.870437251531486,156.0,0.0325
0.849188207622403,16.108639247535198,156.60511363636363,0.0425
0.9815465228947672,11.921375513584197,129.19921875,0.0325
0.9857106499048248,12.647949683363144,126.04801829268293,0.045
0.8682662102051275,12.877756994930214,120.18531976744184,0.055
0.948755188633122,15.247949599862615,129.19921875,0.0475
0.9810168573898936,12.888213682447104,126.04801829268293,0.0225
0.9109667352788904,11.635637467719366,116.0,0.03
0.896458596229185,11.733874076813134,117.0,0.0475
0.8143193465460693,12.846867244519704,104.0,0.0325
0.857964405868306,13.611706667593841,132.51201923076923,0.04
0.895524071062142,14.084969611908376,126.04801829268293,0.0325
0.9211013286460684,13.856056846543147,126.04801829268293,0.0325
0.9301659196481614,12.27735511811391,132.51201923076923,0.045
0.7613133799570042,14.68702874753873,147.65625,0.03
0.9632233403206584,13.529507599036663,132.51201923076923,0.0225
0.9393543178129311,13.124372831357542,156.60511363636363,0.0625
0.9534539696472564,13.13892327003404,156.60511363636363,0.0425
0.9543812569008312,12.62561477034508,156.60511363636363,0.055
0.5645761943284285,12.467702404617677,145.57658450704224,0.0425
0.7207444112113184,13.24518900724355,135.99917763157896,0.0325
0.9190910764813908,12.020364967108597,135.99917763157896,0.045
0.9852111828381702,13.003128893965973,143.5546875,0.0325
0.2078992343279977,15.327320264735166,150.0,0.0525
0.8726538890560741,15.05024523961431,150.0,0.07
0.9068560733256766,12.51510977850814,151.99908088235293,0.055
0.6904667741127661,14.087386411932725,151.99908088235293,0.0425
0.6218114684054099,13.032977735435676,154.267723880597,0.055
0.9845545560998992,12.250188092059629,129.19921875,0.0275
0.8331468623753866,13.389912090563893,143.5546875,0.0475
0.94769767206432,12.818229275886043,139.6748310810811,0.05
0.9224561536584746,11.740598252184565,135.99917763157896,0.0425
0.9880400279732483,13.22624703878694,135.99917763157896,0.035
0.950477607102773,11.32335122091436,139.6748310810811,0.0625
0.5227988532772737,12.191431599347526,151.99908088235293,0.0725
0.6334985327722045,14.100173669512143,156.60511363636363,0.0275
0.8198624754592139,14.592897840323886,147.65625,0.045
0.9103091162422392,12.49066736686904,147.65625,0.0275
0.8632520830423294,14.14540348297444,137.0,0.045
0.8796523814905266,12.685568367218362,139.6748310810811,0.0425
0.941842820735463,13.182123094609928,139.6748310810811,0.0425
0.7225525048952495,12.913866356337174,169.44159836065575,0.0425
0.8847223558084865,11.363874346208927,139.6748310810811,0.065
0.8401192816284728,13.820167383835,150.0,0.0325
0.9895078400906228,13.188129846412911,174.0,0.05
0.7891959352047109,10.50535377354634,166.70866935483872,0.0975
0.6505669759256985,13.302689578825504,146.0,0.0325
0.9597226027798476,12.530624535150263,175.1853813559322,0.06
0.8908481099054426,13.114182203973415,126.04801829268293,0.0375
0.7266367205887028,14.009267714401576,129.19921875,0.0275
0.9136402772867049,13.17471264584018,126.04801829268293,0.0375
0.6454102003960476,16.075192295451064,129.19921875,0.0725
0.8483381322893176,11.4549230645215,135.99917763157896,0.0575
0.5498094853187709,12.951871995908302,129.19921875,0.0575
0.8245400059507474,11.191076533770287,129.19921875,0.0475
0.5239593253672842,13.06293558330551,133.0,0.035
0.9032354048856716,11.613133211732418,129.19921875,0.045
0.5044518772203936,12.351299146691856,129.19921875,0.0475
0.8960387707086878,14.665466498710051,132.51201923076923,0.0325
0.8627712522132773,15.001000110409606,132.51201923076923,0.0325
0.765258870351375,13.000274866600352,129.19921875,0.03
0.4552036493636959,13.888558204750677,129.19921875,0.0375
0.9863733343561483,13.095047537490785,132.51201923076923,0.0425
0.853599295622772,15.248890657536041,156.60511363636363,0.0675
0.8823734815406956,12.917766172446512,151.99908088235293,0.085
0.9519142979862708,15.565779551630063,143.5546875,0.0425
0.7358685740958875,12.816116200233896,159.01442307692307,0.06
0.963128988380352,14.287671635197906,151.99908088235293,0.055
0.9696921826200309,15.876401955765399,154.267723880597,0.0325
0.974648087669555,15.608558798357924,159.01442307692307,0.03
0.9127819686739806,14.945128256828632,151.99908088235293,0.085
0.8592427765378851,15.870631148891686,118.0,0.055
0.9762547189824671,13.970553848726485,126.04801829268293,0.0375
0.8099260641874733,12.362955713385277,112.0,0.0275
0.7006531565911,14.244387601851448,123.046875,0.0525
0.7278559542925838,13.216557856644966,129.19921875,0.035
0.8762776727588446,12.92253281670468,129.19921875,0.045
0.9001888453734025,13.8531485539934,129.19921875,0.035
0.8333969646361659,13.317446999950366,132.51201923076923,0.0575
0.7147585281733279,12.982546334485047,129.19921875,0.03
0.79608068139825,13.810294803675689,100.0,0.03
0.8789110288206569,13.815061320608857,132.51201923076923,0.0475
0.7691174806617885,12.628741663655171,126.04801829268293,0.03
0.8348888127063028,11.640015051490288,100.0,0.0425
0.6441675938489924,13.56220415577211,129.19921875,0.04
0.6159602212571273,13.556855869267991,126.04801829268293,0.0525
0.7389149010568747,13.842260087223336,126.04801829268293,0.0275
0.7723464351813438,14.969525203891092,126.04801829268293,0.0325
0.9904774978280588,10.719417193520329,171.0,0.0475
0.9648679887065106,13.520043390648553,139.6748310810811,0.0375
0.9594071830154884,12.084950754040506,151.99908088235293,0.0375
0.917841095948123,13.720018462660395,156.60511363636363,0.0425
0.9535300365061428,14.398173964486547,164.0625,0.0325
0.8518717412054786,12.41718376958455,161.4990234375,0.05
0.9447676786134416,14.06854398564801,156.0,0.0525
0.9543696858693672,13.977293668751756,156.0,0.05
0.8895734382348559,14.52859071556912,156.60511363636363,0.035
0.9099107148842713,13.49991809508429,156.60511363636363,0.0425
0.5992178780407615,12.397412638827843,135.99917763157896,0.0525
0.7333981510574015,12.328673855177154,135.99917763157896,0.065
0.6907573368801008,13.673105495439556,135.99917763157896,0.055
0.4873993925292106,12.295712957139958,181.3322368421053,0.0475
0.9511960393802807,13.832821969725469,147.65625,0.0225
0.9432352743232377,13.565720046434034,166.70866935483872,0.04
0.9505408476229606,13.517556317417341,150.0,0.0425
0.8601735539575966,11.71119500704387,147.65625,0.0375
0.6313755432421767,13.065879505223435,150.0,0.0275
0.8684932495117499,12.287175807109097,156.0,0.0575
0.9464231141465536,14.603895208585554,155.0,0.06
0.8807684654149635,12.753688793893184,156.60511363636363,0.045
0.7371187917717059,14.975949325241888,154.0,0.0275
0.7607439055524299,13.593520187906186,172.265625,0.0425
0.5056074726289302,12.534904148426149,166.70866935483872,0.0775
0.5792513363923837,11.646395685837707,154.267723880597,0.0375
0.8024718580017636,14.77822909220091,178.20581896551724,0.04
0.7557005829166572,13.756312161722473,174.0,0.0825
0.9162099625771036,11.378161164580607,129.0,0.0225
0.5085779227944907,13.060790747587626,139.6748310810811,0.0375
0.7835548617758918,13.500261031036654,143.5546875,0.045
0.8630808361394131,12.654115228914423,128.0,0.045
0.9030643165564975,12.586993359148732,152.0,0.04
0.9282180462591504,13.889077781784597,151.99908088235293,0.02
0.936840218374795,11.779284820601923,106.0,0.035
0.8842350908452572,13.191862093571352,147.65625,0.0475
0.8736717029722634,13.631349590013148,139.6748310810811,0.045
0.8849272170776191,13.218678233495956,132.51201923076923,0.0775
0.9936001459813152,14.615684842779004,126.04801829268293,0.0475
0.9498534559628347,12.647565529624153,139.6748310810811,0.0275
0.7902051275787917,14.230426965026728,123.046875,0.055
0.9143179063296798,14.664465283925306,120.18531976744184,0.035
0.8173561501687345,13.395300338818677,126.04801829268293,0.0625
0.9708324668065856,10.926482015736854,120.18531976744184,0.0425
0.9406694838526902,13.97940008672039,126.04801829268293,0.025
0.9441583282121566,13.466722535920997,138.0,0.04
0.9196970820139492,12.213039443808931,132.51201923076923,0.0425
0.9144632680509984,11.72771050040876,139.6748310810811,0.06
0.8740732126838782,12.80504136170027,139.6748310810811,0.05
0.413972367972434,12.823864554062473,94.0,0.0375
0.8200190361816918,11.12532030270851,72.0,0.025
-0.09663306954039405,12.519674032825316,129.0,0.0325
0.6085729417377659,14.183929235651984,99.0,0.035
0.6036921524892571,12.90016851318453,139.6748310810811,0.03
0.9431035885529526,10.363624896506042,166.70866935483872,0.025
0.7586846236961632,12.616181162047525,150.0,0.0275
0.9353396708951616,11.42236687581356,161.0,0.035
0.8587837243095686,13.982458304565212,151.99908088235293,0.0275
0.663911508065448,11.886070044066486,132.51201923076923,0.0325
0.9555584108759696,11.024524675887712,161.4990234375,0.045
0.9222104748631466,11.67619966798841,161.4990234375,0.03
0.9468457789640528,11.46775494146747,164.0,0.0525
0.8040516164518245,12.971312414320614,156.60511363636363,0.035
0.894895889539826,14.240893116900056,150.0,0.045
0.9793194408414492,11.881231596280179,139.6748310810811,0.025
0.7235921785721255,12.56128125073662,151.99908088235293,0.045
0.9393272190692024,13.97940008672039,139.6748310810811,0.0575
0.2735948872270959,13.8602038655199,143.5546875,0.035
0.6818148506649424,14.296171700437114,164.0,0.04
0.7044828230537241,15.160240426243828,164.0,0.04
0.8636639879420067,16.081819914249873,164.0,0.0225
0.831479943593504,17.685288627286877,164.0,0.035
0.7723955492208717,12.55403757322578,147.65625,0.0375
0.8648546829823796,14.02626927123413,161.4990234375,0.04
0.6708083004589517,12.78415716763804,161.4990234375,0.0525
0.9434539045025596,10.813729274046938,159.01442307692307,0.035
0.559755683043655,12.394327848865965,161.4990234375,0.045
0.9582302905348118,12.544199334109019,147.65625,0.0375
0.843981106321361,11.74212887976783,156.60511363636363,0.035
0.9596538514437443,14.337835472740485,139.6748310810811,0.03
0.6127194448758508,14.543276464969775,161.4990234375,0.025
0.4874005342546061,13.15391978144384,161.4990234375,0.0375
0.8189454203105317,16.140891054978507,156.60511363636363,0.0375
0.5419490120349885,14.05721270701569,149.7961956521739,0.04
0.5297314941940281,14.070929038095159,149.7961956521739,0.04
0.5156747111020803,13.339678195181897,120.18531976744184,0.0375
0.8612857234360296,12.343975182469157,161.4990234375,0.06
0.9091740947406036,12.653872426592509,156.60511363636363,0.05
0.9470121879443728,12.1403630756124,156.60511363636363,0.0525
0.9037437079418912,15.233915749107329,143.5546875,0.02
0.8452093130985505,14.001261392396092,143.5546875,0.02
0.6883967315525741,14.536187054730648,129.19921875,0.015
0.9260935469665865,13.865802596603142,138.0,0.0325
0.8773757143499609,15.439847344087118,139.6748310810811,0.0325
0.8730740722329772,13.976997533216938,135.99917763157896,0.03
0.6884591815421415,13.075880279076587,174.0,0.0525
0.810191496769432,11.204242195554748,151.99908088235293,0.06
0.8593307114058438,11.465395449318445,151.99908088235293,0.035
0.9751973453865156,12.363579311312485,161.4990234375,0.045
0.8806619496473721,14.01940723606343,129.19921875,0.0275
0.9184861219786046,13.485786120261691,126.04801829268293,0.0275
0.9215648549803859,14.840995387529802,147.65625,0.055
0.916890284737698,12.623930074326992,140.0,0.04
0.8837404282902025,14.085987136578703,147.65625,0.055
0.9197709750711609,14.644074663915244,129.19921875,0.0425
0.8319732578098599,13.485204647415546,128.0,0.0275
0.8573132796015153,13.40373656118378,151.99908088235293,0.0475
0.7841242263441396,14.050159466537247,150.0,0.055
0.8805490335468802,13.626638383131477,132.51201923076923,0.035
0.948132928923187,14.809350571841026,139.6748310810811,0.03
0.9177727444354218,13.849304580701748,139.6748310810811,0.035
0.909620318292027,12.801586870263225,128.0,0.03
0.9100940003370191,13.711007208576971,125.0,0.03
0.6208612258958754,12.767313337261283,135.99917763157896,0.0525
0.8492976332079729,14.226312438460955,123.046875,0.04
0.8625523876306841,14.54112074175934,123.046875,0.0375
0.8485804378698951,13.82302331091114,126.0,0.06
0.7821706265265087,12.624837757186375,139.6748310810811,0.055
0.7708365329447265,10.810359119804762,147.65625,0.0925
0.8496327385315603,10.990588956189049,143.5546875,0.0675
0.8930879556825161,12.938374644980648,143.5546875,0.07
0.8773365166270545,9.660897539238524,139.6748310810811,0.095
0.9009750404842628,12.07185089103665,139.6748310810811,0.0925
0.9072043795920508,9.662265502279643,139.6748310810811,0.1
0.9150885315616676,13.418487122146697,147.65625,0.065
0.9209805071725596,13.33200610262901,139.6748310810811,0.0575
0.7928689194564116,10.661764666531417,139.6748310810811,0.1
0.7227954247431236,12.688052801372592,139.6748310810811,0.07
0.7971786075165683,12.334804425722403,139.6748310810811,0.0875
0.8344271289495144,11.954214754570888,135.99917763157896,0.06
0.9204508948182573,12.348689518518428,135.99917763157896,0.0625
0.543306442550202,12.820646223163934,139.6748310810811,0.0375
0.9916682372593772,10.859623963060184,143.5546875,0.0825
0.8885554983061144,11.272704340200317,132.51201923076923,0.1
0.7446708009396383,14.745060842622149,126.04801829268293,0.045
0.6861290528117976,14.96580382534362,112.34714673913044,0.0325
0.7823964500321373,15.048948966170745,112.34714673913044,0.0425
0.509882070306761,13.287480034720847,129.19921875,0.0625
0.820052831259331,12.515219111935616,86.0,0.055
0.94206263457073,13.26275759310566,114.84375,0.0425
0.6907784324353144,13.139930796568606,114.84375,0.0425
0.7455847173360546,13.668325568007607,118.0,0.05
0.228810633633425,12.71432513637583,123.046875,0.03
0.7707430779809384,12.367667571371141,120.18531976744184,0.0325
0.8018139941082314,14.514919815629506,117.45383522727272,0.0325
0.7966464858790246,13.624596861396562,117.45383522727272,0.035
-0.5873493598784076,14.261280096063048,96.0,0.0375
-0.5217126660397268,14.586648339298224,96.0,0.0375
0.7981709145515951,13.522975418106999,120.18531976744184,0.0475
0.8863124403522877,13.74606009732376,120.18531976744184,0.0425
0.9475825414109031,14.436277701674207,114.0,0.0425
0.8938149713993885,13.52590406858645,118.0,0.0325
0.8754734114439212,10.299565428067137,123.046875,0.075
0.7134756738149177,12.941837503110392,120.18531976744184,0.04
0.6933462815276843,13.289408970674284,120.18531976744184,0.065
0.9941356517133452,12.258482516561884,139.6748310810811,0.0475
0.9555046395441212,12.664009217143406,143.5546875,0.07
0.7934763124624264,13.47468348726704,147.65625,0.03
0.9427496278827995,12.29120468999842,135.99917763157896,0.055
0.8261315683458035,11.789403782828838,151.99908088235293,0.045
0.9402634712781104,11.956525930764125,143.5546875,0.0375
0.9586804046579772,14.074344380998625,139.6748310810811,0.035
0.8112930254285354,12.479596222905128,156.0,0.0575
0.7982812050630144,12.997076222458691,139.6748310810811,0.055
0.9140744147126756,12.764154476375786,151.99908088235293,0.03
0.7822115925723842,13.06045295797721,147.65625,0.035
0.5423711987687253,13.567446124541448,166.0,0.0325
0.8246000981964626,13.53933154368687,156.0,0.0275
0.9377418514581843,11.961560957227494,109.9567819148936,0.0275
0.7766733345532288,12.911465331229422,132.51201923076923,0.0375
0.8373950596066241,12.263679827639638,166.70866935483872,0.03875
0.970638521254525,12.491087392738498,156.60511363636363,0.0325
0.9423165091140152,13.460330742236426,152.0,0.05
0.9759136244724422,16.493556462674036,135.99917763157896,0.0275
0.9803366441200894,12.427241481566332,135.99917763157896,0.0425
0.8346632183368558,12.424780872730532,156.60511363636363,0.035
0.9170552406650982,16.202972432492025,156.60511363636363,0.0375
0.86386932993872,15.67847578535342,147.65625,0.0225
0.8222730178396939,14.073453191962647,169.0,0.035
0.946842613828326,14.59162089437553,152.0,0.0375
0.9594044913628295,12.870683674592833,132.51201923076923,0.065
0.6279462405437941,12.301839385988721,100.0,0.04
0.9171249334860276,14.63403475909323,143.5546875,0.05
0.92883314253169,12.070512846873102,132.51201923076923,0.04
0.7003724540466658,13.126250915779536,146.0,0.0325
0.8596356934480047,12.954474967248068,145.0,0.02
0.8653594704349364,13.19675797232246,139.6748310810811,0.035
0.9891728026578616,12.071113418282565,143.5546875,0.0425
0.9323242535328626,13.43761448095087,143.5546875,0.0225
0.9123221066421698,13.044166029667426,139.6748310810811,0.04
0.9517378681076565,12.803273349112342,143.5546875,0.05
0.9386777309426492,13.016023048109552,143.5546875,0.0425
0.9866436732515969,11.913109087738883,151.99908088235293,0.0275
0.9714575342886544,13.237098755583869,151.99908088235293,0.0575
0.9693732870075052,12.64746056953638,147.65625,0.0325
0.9340824480471681,12.14802628441488,147.65625,0.0375
0.8023018674132788,11.630419848363692,147.65625,0.06
0.8071766006504429,13.797624750959198,147.65625,0.04
0.8310810755115222,12.117419205511151,147.65625,0.0725
0.7205538348364363,13.05625567084698,139.6748310810811,0.045
0.9124578923661677,12.20785513838598,161.4990234375,0.045
0.9671529124273556,13.230738277070618,156.60511363636363,0.045
0.9183409915221925,12.107399782828832,126.04801829268293,0.045
0.9104902986985328,14.499073159852166,139.6748310810811,0.05
0.8727819270447068,13.145213571766924,135.99917763157896,0.065
0.9245143223351704,12.175634962706626,135.99917763157896,0.07
0.7473081379702314,13.42974107139634,135.99917763157896,0.0575
0.8520870712604464,12.309316372959133,135.99917763157896,0.06
0.4145465303652181,14.60776914412189,129.19921875,0.045
0.9021202678747516,15.677589221927065,138.0,0.035
0.6926716026932394,13.910148123237938,126.04801829268293,0.0175
0.9582524195672812,14.59048810394625,126.04801829268293,0.035
0.9510040861102608,13.25563252959072,123.046875,0.0325
0.8898770822082941,13.081149449547796,123.046875,0.03
0.9554482455723476,11.658188135035068,135.99917763157896,0.065
0.8385945318619521,12.214849629266109,135.99917763157896,0.0875
0.8673203023320862,12.513325355393738,135.99917763157896,0.0775
0.5898988906108704,13.749377773439438,139.6748310810811,0.055
0.9100377880339794,13.780032361844135,147.65625,0.0325
0.8992171731417338,12.890511786771476,172.265625,0.0525
0.7826429817244261,13.96822730005032,129.19921875,0.02
0.7566881227622385,13.456447442316538,143.5546875,0.025
0.943352540942153,10.185980811684823,129.19921875,0.0775
0.9512931230783652,12.448139760306915,158.0,0.06
0.9704092909350532,11.532809244619004,135.99917763157896,0.0725
0.9168063571785239,12.350032553729203,127.0,0.05
0.8621443792481489,13.597483966796297,128.0,0.045
0.8792009540365168,12.947391536517308,117.0,0.035
0.6051188013610196,11.542791032833687,150.0,0.095
0.9520558217635029,14.781381523729642,135.99917763157896,0.0525
0.9025650396986691,14.160270620972572,126.0,0.0375
0.8719864215569736,14.206630616126269,123.046875,0.0325
0.9170094518778652,14.464966096342383,151.99908088235293,0.0325
0.9591269651293264,11.591829468377028,143.5546875,0.0375
0.8773528181745688,12.487785341952012,98.0,0.025
0.0470685360444522,12.777417984266858,112.34714673913044,0.04
0.9557368882450996,10.424415882840387,135.99917763157896,0.0975
0.9657568976650196,11.811439065489033,139.6748310810811,0.085
0.9614365361330014,12.183626771603468,135.99917763157896,0.075
0.9481284689217389,12.898898874812048,143.5546875,0.0525
0.8144765041096786,13.892902350806503,169.44159836065575,0.065
0.9629869707387226,11.316700787782477,169.44159836065575,0.08
0.7675564168500915,12.164227712608476,143.5546875,0.0825
0.7224924627579328,13.339043445669766,143.5546875,0.0625
0.7389265513422099,13.83835612638131,132.51201923076923,0.03
0.7964686070357037,12.032261791234433,126.04801829268293,0.03
0.8730496322898639,12.509106948013317,147.65625,0.0575
0.8861925183851838,12.271944595846067,147.65625,0.05
0.7292471445953163,12.579499231469615,154.0,0.05
0.7688681921799214,12.312080085578902,151.99908088235293,0.0475
0.8308092733792256,13.437998544773862,143.5546875,0.04
0.87677408763478,14.603835466881767,151.99908088235293,0.0625
0.970323782174746,10.30447975283226,161.4990234375,0.085
0.934389969380092,11.855831894179936,170.0,0.0325
0.9509046679339457,11.386847935952247,170.0,0.0375
0.91046673795834,11.848682666319425,150.0,0.045
0.8241219190939141,12.509092995911711,142.0,0.0575
0.8736138083171088,16.78568671243387,150.0,0.05
0.9088559893379736,12.622029946330862,161.4990234375,0.04
0.9762596040670366,12.14023649485874,161.4990234375,0.04
0.8791658111392759,13.119007593426428,129.19921875,0.065
0.9150698240412096,12.945981654515316,129.19921875,0.07
0.8783053821895352,12.67792708420017,129.19921875,0.04
0.9683697266692752,12.828526456379656,120.18531976744184,0.035
0.7857762216194014,13.079193289175482,123.046875,0.0275
0.9873702292838864,13.852290919187134,120.0,0.0275
0.7890372361056567,13.395877499523472,135.99917763157896,0.06
0.814750770340124,13.248066536956848,135.99917763157896,0.0425
0.8374741665629694,13.38094822934542,147.65625,0.03
0.7255737916625696,16.751363537767627,151.99908088235293,0.02
0.8853262344985268,13.173970508891523,151.99908088235293,0.0325
0.9337193823406293,12.33336944478481,147.65625,0.03
0.9741212053738604,11.767900555768138,151.99908088235293,0.0525
0.979034829086304,11.597358676615324,147.65625,0.0775
0.6131433074811918,13.695997370318883,139.6748310810811,0.04
0.5872977661758958,13.37074484543368,159.01442307692307,0.0675
0.6055039720987597,12.605811880037198,159.01442307692307,0.04
0.972699268942303,11.758246805333403,151.99908088235293,0.055
0.9037178656037568,13.408204574338658,160.0,0.03
0.915785076423307,11.83523879553604,135.99917763157896,0.0175
0.83178847719422,13.052429153269927,143.5546875,0.065
0.870228684238227,12.59993865696911,143.5546875,0.0625
0.4915533773152282,13.781368057857376,143.5546875,0.045
0.9427493241497157,11.302673009362405,156.60511363636363,0.0325
0.8420078140551088,10.572959607048553,159.01442307692307,0.035
0.8106637891112063,11.237863066930272,151.99908088235293,0.035
0.9550012486344542,12.987975187797254,151.99908088235293,0.0275
0.8341970324473653,12.5769564935088,159.01442307692307,0.0425
0.6859373646527751,12.721893181549527,143.5546875,0.025
0.7484515799535985,10.342632125401366,151.99908088235293,0.045
0.9366353177157328,16.658753752215066,143.5546875,0.03
0.9174002541049782,15.268113241334468,138.0,0.035
0.4555000136462622,13.200328057972937,139.6748310810811,0.0325
0.8646561711912646,15.45583705248443,138.0,0.0275
0.7542634090714163,13.597097904771056,132.51201923076923,0.035
0.6573864668115195,12.082531520793982,178.20581896551724,0.02
0.8446014054989602,14.200184272667483,143.5546875,0.03
0.9563567436828072,13.754949117362688,143.5546875,0.0275
0.9133176609900604,15.199015717341126,138.0,0.04
0.8497595777433704,12.867652127713924,139.6748310810811,0.0525
0.8794780300684647,14.438899816716397,135.99917763157896,0.03
0.9759314019711491,13.49402146145312,139.6748310810811,0.0375
0.7813279272824654,8.443798739585294,187.9261363636364,0.0725
0.7819054572012392,9.112760718773956,187.9261363636364,0.07
0.7706839284303932,12.727220249734167,132.51201923076923,0.0675
0.907638808225235,12.984298591356444,132.51201923076923,0.0525
0.895467265429009,12.511817904911322,164.0,0.05
0.8876748226234901,13.721636539417952,160.0,0.065
0.9343743910234243,13.07569441496802,160.0,0.0625
0.7774847566376212,13.344088778834024,151.99908088235293,0.0575
0.9445493712801449,13.602981758244336,156.0,0.045
0.9161082257029756,13.532325246707808,161.4990234375,0.0625
0.9274093107192072,12.405827685359872,161.4990234375,0.025
0.9380974965493152,13.863875329542456,151.99908088235293,0.03
0.9978409034847027,11.886157681985669,198.76802884615384,0.0425
0.8859705565828575,12.414208913650985,151.99908088235293,0.0375
0.9112378667946338,12.844970674485833,151.99908088235293,0.025
0.7972613117715723,11.86591219457318,139.6748310810811,0.0875
0.9192316562162866,12.660515076316507,135.99917763157896,0.085
0.932041699787482,9.050560293592941,147.65625,0.1
0.9344900385420704,11.839271562296158,139.6748310810811,0.055
0.8418047232744257,14.857772437111873,147.65625,0.0525
0.7098183970776613,12.79316175223677,160.0,0.0625
0.9330347459342274,13.52595584759255,143.5546875,0.04
0.9310723732118595,12.811326575016551,143.5546875,0.0475
0.941461793041731,13.325269967257723,159.01442307692307,0.04
0.5728060291434927,13.800208514653328,143.5546875,0.0325
0.8585232270706098,14.047413441060089,166.70866935483872,0.0425
0.9503144215700609,13.122151441376138,139.6748310810811,0.04
0.8538099738079928,12.408708257944511,76.0,0.03
0.5895193948965499,14.002302490059833,156.60511363636363,0.0425
0.912858404919163,13.202154141332143,159.01442307692307,0.045
0.9634877085797913,13.565648082029387,150.0,0.04
0.8744330212230971,12.685623651575337,139.6748310810811,0.035
0.450736403461444,13.12600888564066,154.0,0.0325
0.9248167997026987,12.423107683482288,149.7961956521739,0.0425
0.948937503384856,12.68871748620439,132.51201923076923,0.04
0.1469217143446872,13.542453159933366,147.65625,0.035
0.6737541790144972,13.97940008672039,161.4990234375,0.05
0.655060108785679,13.550002101121347,166.0,0.0425
0.957538058413788,13.370886008781682,132.51201923076923,0.0275
0.6286420905585367,12.49802687170746,132.51201923076923,0.04
0.7798682287384537,13.975316638435286,123.046875,0.0275
0.7010502830347488,11.849264666293504,117.0,0.0325
0.7862421777434911,13.59950258382051,120.18531976744184,0.025
0.7972023071765627,13.459621561807378,120.0,0.03
0.7205981873892923,12.234922136730868,98.0,0.04
0.7962843765954237,12.074998640047756,123.046875,0.045
0.7326789909137771,12.701967336689112,164.0625,0.0575
0.7504244422585715,14.318937143428863,151.99908088235293,0.0525
0.842718403608379,13.186469692234862,132.51201923076923,0.0575
0.8141394100629327,13.855244584626101,139.6748310810811,0.0675
0.6346427245607884,12.84815767016346,143.5546875,0.06
0.8543823219469822,12.580031033039493,143.5546875,0.045
0.8208327988353398,12.510258396209123,92.0,0.065
0.9433666130382964,11.227921572127016,161.4990234375,0.075
0.7804692661214874,13.881163393018554,161.4990234375,0.055
0.8864912162467644,12.967426249195,143.5546875,0.065
0.883478637734574,12.92187481876316,150.0,0.065
0.6111706633132631,13.622574374327495,151.99908088235293,0.06
0.8824751272081559,13.072626593059198,129.19921875,0.025
0.972896784282506,12.49130800364135,168.0,0.055
0.8891875882278493,11.698210597776123,168.0,0.045
0.9550335470934788,12.678027936423597,166.70866935483872,0.045
0.8808107789657481,12.201615993295295,166.70866935483872,0.045
0.8856397190868065,12.631676545312695,160.0,0.0275
0.8850533932063924,13.142955204780733,172.0,0.0375
0.9051208580010546,12.282022697817304,147.65625,0.0425
0.9859104405935414,12.405331750391309,190.0,0.055
0.7363026649364437,12.752523716186102,132.0,0.025
0.6168734787734123,13.89146598509682,138.0,0.035
0.8288582180979842,12.86858945656645,132.51201923076923,0.025
0.6819416345415772,13.118216978944208,166.0,0.04
0.6839568189859873,14.041818173527684,180.0,0.03
0.8855418589107154,15.608634713272783,160.0,0.0275
0.9297276530214416,12.986347064570536,152.0,0.03
0.9732512827159951,14.06616532876549,143.5546875,0.025
0.6328261322556307,11.881247714464488,151.99908088235293,0.0975
0.8118035104749816,11.729300360672669,161.4990234375,0.04
0.6656054457961045,11.387444634517813,161.4990234375,0.035
0.6353767610757721,13.61684228087996,156.60511363636363,0.0475
0.976693920277552,13.963475551455891,135.99917763157896,0.065
0.9471948399043512,11.969060485626564,135.99917763157896,0.0625
0.9826254342811872,12.793432827924724,139.6748310810811,0.0675
0.981251065394269,12.035629204200536,135.99917763157896,0.0675
0.8632514593897633,12.336327963482852,154.267723880597,0.035
0.860738381841959,14.768617311181943,190.0,0.0425
0.8262964362232137,13.245545507261237,139.6748310810811,0.08
0.8927527712240352,14.872978855854017,139.6748310810811,0.0425
0.8807544184549684,13.51422881876866,143.5546875,0.055
0.8447785697793049,12.298782349729503,151.99908088235293,0.055
0.757625685110565,12.88438414873797,138.0,0.0375
0.8791976858061519,14.45555596047083,129.19921875,0.035
0.9662671240695476,13.764010083110188,129.19921875,0.06
0.904685836743772,15.788249783548927,147.65625,0.0325
0.7325809775651753,13.714060064444052,126.04801829268293,0.0475
0.7532831959946151,13.193771252395404,123.046875,0.06
0.708198407183483,12.730544549929476,129.19921875,0.055
0.9719965536412554,10.817553870806385,132.51201923076923,0.065
0.9354942094089045,12.534065152071886,129.19921875,0.0725
0.9451118189808788,14.49290126483784,155.0,0.045
0.9567437386835709,13.239565891813253,151.99908088235293,0.045
0.7627261109214258,12.4218774723901,159.01442307692307,0.025
0.8671166533691167,13.016692040145017,159.01442307692307,0.0375
0.6155325800555704,14.216462657658004,143.5546875,0.0275
0.6968595576348487,13.053447515103926,126.04801829268293,0.045
0.7692482398998035,13.187262296425384,156.60511363636363,0.03
0.7822057918200659,12.720922573841559,126.04801829268293,0.0525
0.7954117927222385,13.959453146321419,126.04801829268293,0.0375
0.7255265464297302,11.831928816066938,126.04801829268293,0.0575
0.8867494740074995,11.691576731221117,124.0,0.055
0.866329768974007,14.568218373230245,129.19921875,0.045
0.7391640277471568,14.708009222234931,96.0,0.0425
0.8767988786105606,13.732530652615978,161.4990234375,0.0575
0.8994941920771226,13.16190893090312,135.99917763157896,0.0275
0.912941188086294,12.57946727946901,161.4990234375,0.0375
0.9046438458588358,13.752218422105251,139.6748310810811,0.0325
0.9667199789812186,13.035457899099024,151.99908088235293,0.045
0.5640762485070189,12.125702989000878,151.99908088235293,0.0625
0.8593419323381242,9.605052178949695,164.0625,0.0425
0.9669218327291496,9.784364349069104,172.265625,0.055
0.8933379424100063,11.260817488488238,169.0,0.055
0.9228968412049974,10.727804833145527,164.0,0.0625
0.855316796638401,10.970697612857409,135.99917763157896,0.0725
0.9204505431101885,12.054254065604905,156.0,0.045
0.9352908293482263,12.944110368246122,156.60511363636363,0.0725
0.8120441302577422,13.110767439984368,126.0,0.04
0.9619447664186531,12.617025116356142,151.99908088235293,0.0325
0.960616833399128,13.15630389328768,151.99908088235293,0.0325
0.9291867164962336,12.23809381654408,198.76802884615384,0.085
0.9573451239264044,9.67556301975488,193.0,0.0975
0.9888572795334698,7.47964810680137,202.0,0.1
0.9642395474120455,10.789288796848506,187.9261363636364,0.07875
0.7524197757208678,14.406823807062556,132.0,0.0375
0.6511868869263491,16.20322109864298,126.04801829268293,0.0425
0.8581249467320148,13.066529162941102,126.04801829268293,0.0375
0.8543794547163194,14.058895294220582,129.19921875,0.0425
0.95709005857715,12.823087628455282,161.4990234375,0.055
0.8172939663988197,13.234817362530736,151.99908088235293,0.055
0.7917763826078676,12.873727259658988,170.0,0.0675
0.8841952522396979,14.361083058523398,135.99917763157896,0.045
0.9135295496272309,13.373683683426652,161.4990234375,0.0575
0.7267950647420665,12.460911215153113,135.99917763157896,0.0425
0.9085888157551,14.07989996080932,135.99917763157896,0.0525
0.8288289199830416,14.875537125394256,132.51201923076923,0.04
0.8662850516134644,11.455388568177623,126.04801829268293,0.0275
0.8736111346231924,11.569411741816896,126.04801829268293,0.0325
0.8971259416837989,13.87450821607056,132.51201923076923,0.05
0.9123441589438784,14.09941413655617,129.19921875,0.0275
0.9586723713511076,13.858812045740333,129.19921875,0.0325
0.9464437264819112,13.971015465301916,145.57658450704224,0.035
0.977613750663536,11.28082343096081,109.9567819148936,0.0775
0.8909531225163179,13.128421253505271,129.0,0.045
0.9371322734941704,12.323784594081122,139.6748310810811,0.0725
0.906416735577215,13.052744323996954,143.5546875,0.04
0.7955143560048559,12.876495791180687,132.51201923076923,0.0575
0.9864413059278574,11.789058589927112,161.4990234375,0.07
0.928484687070322,10.809879790604684,122.0,0.035
0.7859257485843555,12.415952044149954,151.99908088235293,0.05
0.8864785454729873,12.238621299162002,139.6748310810811,0.0525
0.8271689073592423,12.374079937289991,147.65625,0.0325
0.8145393708759006,12.683459576183795,156.60511363636363,0.04
0.9103050905262884,12.594245418348105,156.60511363636363,0.045
0.9172913031793792,12.05537694474329,169.44159836065575,0.025
0.8444048144202727,13.256445436903832,159.01442307692307,0.04
0.9416156703503434,12.062321257182486,151.99908088235293,0.0525
0.9467858444144828,15.041401006104714,129.0,0.0525
0.8312727869610237,14.594152697841256,129.0,0.035
0.9534683118807965,12.702944729860913,135.99917763157896,0.0625
0.9674445770602211,12.197049715727694,149.7961956521739,0.055
0.9550906174057648,12.105993165946316,135.99917763157896,0.06
0.8706449158527547,14.650770533647986,125.0,0.03
0.8613705722984306,13.673395168432368,135.99917763157896,0.035
0.940488358592346,11.776367159704236,154.0,0.0475
0.915314696495622,13.154484372108325,149.7961956521739,0.06
0.9209299667617517,12.783685547019644,139.6748310810811,0.0425
0.8574665063619019,10.910169834271656,139.6748310810811,0.1
0.6743332031465914,11.576713459690133,139.6748310810811,0.0975
1.0,11.740648255809788,135.99917763157896,0.0925
0.7608424567465583,11.728929735335775,135.99917763157896,0.0575
0.8329511674990284,11.793380853204116,135.99917763157896,0.0975
0.9331281875206436,11.317296165672245,135.99917763157896,0.0925
0.8090397203711371,11.680858428062889,135.99917763157896,0.095
0.8047125488356428,10.942950176774689,135.99917763157896,0.075
1.0,11.314618425573626,135.99917763157896,0.0925
0.7069126258168528,11.833666073706166,135.99917763157896,0.1
0.8176008043638161,10.140557568133477,139.6748310810811,0.0725
0.8707492926251523,12.301656126064952,143.5546875,0.1
0.9348877323667656,11.940003851171202,139.6748310810811,0.0975
0.9277940245302838,12.757262234505344,172.0,0.075
0.8692002098068563,12.533625001735183,139.6748310810811,0.0875
0.8921639356319939,11.826555419079527,139.6748310810811,0.0825
0.8847334855449638,11.433929035497622,150.0,0.06
0.797969090523207,12.769533169274355,151.99908088235293,0.0325
0.9111922344787953,12.601415975690408,142.0,0.0425
0.9479357847563208,13.707717302283656,132.51201923076923,0.0375
0.9324411280571664,12.09408457890386,143.5546875,0.0375
0.982851826717961,9.867734650088837,132.51201923076923,0.03
0.873597375485988,13.203354364905708,138.0,0.04
0.964946104344189,11.239304075512209,143.5546875,0.065
0.9135465770183788,11.591717484193914,132.51201923076923,0.01
0.9480476264069648,11.951850016689784,132.51201923076923,0.0375
0.8712265083521142,14.303777487024675,143.5546875,0.04
0.9692314518382942,10.25425231689626,143.5546875,0.03
0.8806055084087069,12.3750256449891,143.5546875,0.0225
0.64084898140713,13.358144272543743,151.99908088235293,0.0475
0.9168802740653876,12.370528124103917,163.0,0.0325
0.3867680507725424,12.990196779577944,132.51201923076923,0.0575
0.9225456690538978,13.691723506667092,142.0,0.0325
0.8995720167862359,13.076156874975675,143.5546875,0.03
0.9665222925112428,12.345999019885594,135.99917763157896,0.03
0.8821762162881364,12.698546089083427,127.0,0.025
0.9244885620728688,12.78944781565756,142.0,0.0275
0.8871157642409963,12.687810490820082,153.0,0.05
0.8934448560162588,12.824839321719011,132.51201923076923,0.07
0.8750630394864854,12.701142497964709,139.6748310810811,0.035
0.9999493233223036,19.44047276472908,129.19921875,0.02
0.9999061826361404,19.03556190589091,128.0,0.02
0.995050641978794,13.63624365022775,129.19921875,0.03
0.8015299779659156,15.674244875109132,139.6748310810811,0.03
0.7588355224532686,14.09704606016205,154.0,0.095
0.2847803425094295,13.864126105391538,129.0,0.055
0.9739925735481592,11.459808490970836,133.0,0.0325
0.9505655193880668,12.938090278244918,132.51201923076923,0.0675
0.8729260193662245,14.651414941100043,129.19921875,0.0575
0.9381614881562406,11.792895062325073,132.0,0.025
0.49824078570569963,12.636571894474043,132.51201923076923,0.035
0.9765628887665386,8.809830069513401,132.51201923076923,0.0575
0.8426552348774957,12.235083413425656,144.0,0.045
0.9597540075883075,13.810630655363648,166.70866935483872,0.0325
0.7432141490006534,12.494847716748597,147.65625,0.055
0.6696614779453083,12.215812941660403,92.0,0.035
0.6013435843518524,14.754681738654728,164.0625,0.0375
0.9620887355094145,11.684864648412333,143.5546875,0.06
0.9427297319077548,11.131241276044564,120.18531976744184,0.04
0.9449061492627852,11.299580774245152,147.65625,0.0725
0.9537812276076028,12.96548766332409,145.57658450704224,0.075
0.8212310150863736,13.67392748500604,112.0,0.0475
0.7921155263246715,12.43020756533392,109.0,0.025
0.8763890843134899,12.597770083583177,70.0,0.0175
0.9279877826427144,13.687633726393397,108.0,0.02
0.7500079698472838,11.13064120995567,100.0,0.025
0.8586796230365659,16.54745866589401,130.0,0.0425
0.8694147923737798,11.739393866217936,147.0,0.0575
0.9230686689687374,12.352060803176247,169.44159836065575,0.055
0.810752631027198,12.5308285437843,86.0,0.025
0.3797370207195172,14.539947686276676,180.0,0.065
0.807343383166632,12.343143290857748,120.18531976744184,0.0675
0.9336086087276344,12.97853048266086,156.60511363636363,0.035
0.7944476944807,12.128727316119637,143.5546875,0.06
0.6175583704089442,12.06713537811562,138.0,0.03
0.7334820612409241,12.26653995589274,135.99917763157896,0.0425
0.8464750346560951,11.614633807157208,147.65625,0.0475
0.9387107208791976,11.530832817688957,139.6748310810811,0.0475
0.9530167012674512,12.137746525054386,135.99917763157896,0.0475
0.8832003261698661,12.172811088229688,120.18531976744184,0.0425
0.8979112515593833,12.886653914088164,135.99917763157896,0.0525
0.9027162194314691,11.943222686685637,132.51201923076923,0.045
0.9892890864725867,12.255992077153198,139.6748310810811,0.0575
0.9568767420893124,11.794114260174275,120.18531976744184,0.0425
0.8583356805245136,12.259936654360397,154.267723880597,0.07
0.9121863461607068,13.101652560395914,147.65625,0.0475
0.7897677507085954,13.13503800476411,161.4990234375,0.0575
0.9593241297187932,11.447797054225761,161.4990234375,0.0425
0.9757117640026911,12.402543903511305,123.046875,0.035
0.9786931625871405,12.663502244300602,123.046875,0.035
0.9234935577705223,14.030974473021944,135.99917763157896,0.035
0.8520646698889565,12.331954173555292,149.7961956521739,0.06
0.9445222536466094,11.903930801182009,139.6748310810811,0.07
0.6742117357854799,11.047603496356723,145.57658450704224,0.085
0.6825021546938261,15.363502879865816,143.5546875,0.0625
0.8955613632488859,11.177786096790996,132.51201923076923,0.07
0.8448224053473959,16.034662258420827,139.6748310810811,0.0425
0.959264380542999,15.311440300183657,169.44159836065575,0.0425
0.9896655202459308,12.639221627941945,147.65625,0.0625
0.49405334078957497,13.382301153562107,189.0,0.0525
0.988295504263021,11.654351202562506,151.99908088235293,0.0725
0.3736930992063796,13.004472364003451,175.1853813559322,0.0425
0.9580519427712015,12.767056532785837,151.99908088235293,0.0625
0.46845204300470794,12.549871374264882,175.1853813559322,0.055
-0.1467244840324517,12.587886997382093,175.1853813559322,0.0225
0.6078507361167499,12.497718050580449,191.40625,0.0575
0.5488610156202227,12.830680586054598,184.5703125,0.0575
0.7525866244280006,13.528258084259935,166.70866935483872,0.0425
0.6128221489874357,13.413559843327755,184.0,0.0575
0.9874152385984093,13.450101119327734,151.99908088235293,0.0575
0.9774757968906234,12.28710505916862,150.0,0.055
0.9260333418447616,14.4437919848584,151.99908088235293,0.0475
0.590964228337133,12.785543001372906,191.40625,0.04
0.8093019024958115,12.22813703290307,175.1853813559322,0.0725
0.9410457452667326,11.038038738893205,166.70866935483872,0.0725
0.505598827019371,11.447574662413,172.265625,0.07
0.8672686314312763,14.656634172358002,119.0,0.0375
0.8777203845591983,12.48310846991367,123.046875,0.0325
0.946704733522933,13.80900917621997,123.0,0.04
0.984790085279798,12.468642419475252,116.0,0.045
0.9829091186016621,11.858858894319933,118.0,0.0425
0.8382252415941815,11.724783502887604,139.6748310810811,0.0275
0.8320110447926412,11.894700975704264,139.6748310810811,0.0275
0.858493698970519,13.97940008672039,129.19921875,0.02
0.963289938885074,14.01851432153196,123.046875,0.02
0.8045101209528671,13.831601504538922,132.51201923076923,0.04
0.8181945873004273,13.951694060153006,132.51201923076923,0.05
0.9633525881063566,15.619343605187726,191.40625,0.0475
0.9597679716094092,11.57398318725204,147.65625,0.035
0.9200939592730276,12.216782647093384,150.0,0.0675
0.9091647473339672,13.307780462035506,139.6748310810811,0.0425
0.8687771041524555,13.406766433829336,139.6748310810811,0.035
0.8296282065064821,13.355900721296075,142.0,0.0475
0.3472801412780463,14.417583051878378,129.19921875,0.035
0.8462961659084773,13.844230383462236,126.04801829268293,0.0325
0.8544662372378217,16.87763962673513,123.046875,0.0275
0.9236365998299276,14.555713554567914,129.19921875,0.0325
0.8504496367599479,13.628994287783845,129.19921875,0.03
0.7515080937491658,12.814006044469169,120.0,0.035
0.6162018010936184,13.38548607102317,127.0,0.0425
0.8762348719413513,13.871892460586327,143.5546875,0.0525
0.6220073037049654,13.698947574067198,122.0,0.0225
0.8873164244746297,11.010802318966952,139.6748310810811,0.015
0.4208044063986819,12.940289106368757,156.60511363636363,0.05
0.9327739433938974,12.073633114084966,139.6748310810811,0.03
0.5339150911951809,12.403657733445138,147.65625,0.0625
0.8857661175293416,11.989275954845409,139.6748310810811,0.0325
0.7179464971487898,11.173091247935293,166.70866935483872,0.0175
0.9175013695017202,12.143980267585203,135.0,0.0325
0.8711359267556248,13.959296124348317,126.0,0.02
0.9402459819272034,9.201439701518115,135.99917763157896,0.0275
0.9515130419469736,12.510320886141898,129.0,0.0425
0.9834655303458965,12.717449718253206,132.0,0.0425
0.8886493516601963,13.410827320905398,130.0,0.055
0.8279185225813867,15.412674036255828,117.45383522727272,0.025
0.8536702867808945,14.12845830247469,132.51201923076923,0.0575
0.6168542890645873,14.118545732484362,135.0,0.055
0.8775941625105639,15.6261662089533,135.99917763157896,0.0425
0.8215599759124608,15.838598765356071,130.0,0.0675
0.9266546817865093,12.966342250533055,147.65625,0.0575
0.5370301438665069,12.484348905060408,135.99917763157896,0.055
0.8394523526717996,14.456994031110703,147.65625,0.06
0.9495565817606232,12.026954208816502,130.0,0.05
0.6496935354001774,12.711809586043369,132.0,0.025
0.9081251237337722,13.345219995907724,126.04801829268293,0.035
0.873332518709178,10.96560795690452,156.60511363636363,0.045
0.6836100107479104,12.17799766224729,143.5546875,0.0325
0.8535165787353958,13.97999093990216,135.0,0.0375
0.8330131338709104,13.38835549843272,143.5546875,0.035
0.8605323276725098,12.548632166837898,129.19921875,0.0525
0.8792217909898885,13.999763477329498,160.0,0.0475
0.8044868340343754,13.164799754015194,132.51201923076923,0.0275
0.8991269669761142,12.932358340606767,126.04801829268293,0.035
0.8485658013302133,12.50535708623821,126.04801829268293,0.045
0.8179682719109542,12.488063568756848,132.0,0.0925
0.9567271003995536,14.36069995064094,132.51201923076923,0.0575
0.8979674109447351,14.88033159944335,135.99917763157896,0.0225
0.9872659710825775,12.261729153216443,152.0,0.06
0.9078922295630776,11.42488890749906,128.0,0.0575
0.839923563631558,12.68699890032889,126.0,0.05
0.9408669173313866,11.916443261550176,143.5546875,0.055
0.987673946572966,11.592930414603416,147.65625,0.0625
0.8740146896101808,12.252137007803622,150.0,0.0625
0.9417453316648108,14.086758482425415,156.60511363636363,0.0625
0.7851579988415314,12.940180976844209,135.99917763157896,0.02
0.8970500152305075,12.522684181511062,145.0,0.035
0.9193513939432268,14.554733932944512,123.046875,0.045
0.868977496958177,12.794598939861569,123.046875,0.0675
0.65581189571596,14.790208370780745,118.0,0.0375
0.7839694961867975,12.257045088424393,112.34714673913044,0.0525
0.8058692384131573,14.499324107677088,120.18531976744184,0.0325
0.932833367120651,14.134896150167638,120.18531976744184,0.045
0.8707416053064214,13.7290036833996,120.18531976744184,0.04
0.71873653243009,13.105091306197664,123.046875,0.05
0.919625764610548,13.960805293668969,112.0,0.03
0.5656237872397065,12.848609064498,105.0,0.075
0.7623701820600355,10.433827315537496,147.65625,0.0875
0.7161764465293876,12.192005737216064,172.265625,0.055
0.30648576253259696,14.55021398394605,156.60511363636363,0.04
0.7004488673664435,11.918191395760829,161.4990234375,0.07
0.6493975425931127,13.97940008672039,147.65625,0.04
0.7886996861544654,9.636026703374185,151.99908088235293,0.06
0.8508133129157863,13.003143540032571,172.265625,0.0475
0.8319478317004394,13.201956098764805,181.3322368421053,0.0575
0.8463651633770723,13.267415684628887,181.3322368421053,0.0575
0.5714449668609072,13.159722619775982,169.44159836065575,0.045
0.9772740159465684,10.610320013253071,166.70866935483872,0.0375
0.5702732151806869,12.581761908431075,166.70866935483872,0.0675
0.7910247414917643,12.16233487800641,169.44159836065575,0.0525
0.8365382786575051,12.489544965784443,165.0,0.0475
0.5653312851595462,12.327362315368925,166.70866935483872,0.075
0.6881310109132199,13.908187828568272,161.4990234375,0.0475
0.5210861251678451,13.93507450636307,139.6748310810811,0.0625
0.64816161281337,12.963783382328554,139.6748310810811,0.055
0.6115893005942669,13.476597757774147,156.60511363636363,0.0475
0.7985154808874677,12.892899807644502,156.60511363636363,0.045
0.20381715068012346,12.608707004578296,156.60511363636363,0.045
0.5025850949126688,12.374858839283272,134.0,0.0325
0.8584073979468979,12.803096023892525,156.60511363636363,0.05
0.9317363585969687,12.761161042326215,143.5546875,0.0475
0.9392362407041512,11.516183119295386,156.60511363636363,0.0425
0.8505330470395331,12.706699217502976,154.267723880597,0.04
0.9568144278835248,11.79581942295136,143.5546875,0.05
0.8321312531635366,13.167346762886286,139.6748310810811,0.0525
0.9890255049036112,12.958783885521187,150.0,0.0825
0.9084976354246888,13.222145260268563,147.65625,0.0275
0.8672609082567893,13.979400420812896,147.65625,0.03
0.9938075330351726,14.819073647565169,143.5546875,0.04
0.9881138025238017,15.133584563097823,161.4990234375,0.04
0.99684440669563,15.96505605211192,147.65625,0.0325
0.9426411031322304,12.06832083404397,132.51201923076923,0.05
0.8900451922897142,10.979563921117798,132.51201923076923,0.05
0.985685921108893,13.789441951457512,143.5546875,0.0575
0.9386264236955404,11.164930950973025,132.51201923076923,0.065
0.9538791068923129,13.59971859869563,129.0,0.045
0.9740425148588476,11.83584428313096,147.65625,0.0625
0.9865760824569209,10.177458842011054,129.0,0.065
0.9848841156389722,11.607437955623183,135.99917763157896,0.0475
0.9761344747826934,10.431251945606386,132.51201923076923,0.04
0.9725753025519276,9.622549469947096,135.99917763157896,0.0425
0.9684875123896532,12.219246367882725,161.4990234375,0.06
0.9508392042642196,6.1045041899972965,143.5546875,0.1
0.8967001719113911,14.113369936526489,135.99917763157896,0.03
0.9034411215336844,13.674888295544374,135.99917763157896,0.035
0.9637430421115005,13.265778387286712,135.99917763157896,0.0375
0.7045337250932119,13.742655548648129,151.99908088235293,0.04
0.3365286029484756,11.83686231706879,166.0,0.0425
0.9019137885893559,12.066134981689796,166.70866935483872,0.0375
0.5606043159994847,14.653812984351031,143.5546875,0.0375
0.6626087334230859,13.756514516248172,152.0,0.0375
0.6655569646641227,12.30547366432654,122.0,0.0325
0.7407599102928871,11.8167982789778,143.5546875,0.045
0.9055369412825396,12.171313647312004,158.0,0.0525
0.6675479179625619,11.759296607963861,156.60511363636363,0.0475
0.813448451765817,12.405360906410973,143.5546875,0.055
0.6238812217682066,11.178804819333063,151.99908088235293,0.04
0.817048616361411,12.935065437859834,159.01442307692307,0.0275
0.8990033665944062,12.262232543652111,150.0,0.04
0.8080101627822012,12.927751416285268,109.9567819148936,0.05
0.9044953418751656,12.871969406148695,129.19921875,0.03
0.8756886464875066,12.869064419884698,129.19921875,0.03
0.8791928141176377,15.672235041565347,135.99917763157896,0.035
0.940014095093776,11.825144447537037,132.51201923076923,0.0225
0.9133759396314389,12.267526429224702,126.04801829268293,0.0425
0.953249207013412,14.939554608142087,134.0,0.0525
0.8714929777834904,13.649923522875866,139.6748310810811,0.045
0.5913350159650916,13.047432960566837,135.99917763157896,0.0425
0.9005483896059363,13.591747643816271,151.99908088235293,0.0375
0.9089447321484567,13.827698604935701,151.99908088235293,0.035
0.8813992805847585,13.583450087556477,156.0,0.0325
0.8473054540259655,13.226675538251015,151.99908088235293,0.04
0.8441523782226791,12.31175776129362,156.60511363636363,0.0475
0.8087132304008551,12.83168880684401,151.99908088235293,0.0375
0.8544511945320178,12.345763835512308,155.0,0.04
0.8727526585702127,14.467125207872542,161.4990234375,0.0375
0.6735754564552865,13.039997549142337,164.0625,0.05
0.8218392421091141,11.921312841594942,161.4990234375,0.065
0.8038401498591368,11.844193451091922,151.99908088235293,0.04
0.9772788752475648,13.669955820965097,132.51201923076923,0.04
0.650778591176394,13.510911082751766,150.0,0.03
0.6756349314606778,12.46117057136582,139.6748310810811,0.04
0.8708570726332029,12.198579333915172,97.0,0.035
0.91633087945722,13.383872541484097,126.04801829268293,0.035
0.8679697406340315,13.130592910863548,120.0,0.035
0.8779991833833333,14.126395573453998,135.99917763157896,0.0375
0.8532091283340705,13.921998499612894,115.0,0.035
0.9018764145663807,12.951595500766668,100.0,0.0225
0.9330317632533685,12.382589552931671,128.0,0.035
0.8849311913224485,13.715325834981996,123.046875,0.0375
0.8971374845430365,13.386989119091272,128.0,0.0375
0.8995838711798233,12.916359550888542,94.0,0.0425
0.8691434589168155,13.229475926256196,97.0,0.0325
0.9250942757571716,12.376139532808438,135.99917763157896,0.0525
0.6902864286893415,13.049609936134274,135.99917763157896,0.0625
0.5634099197163597,13.648036541481254,119.0,0.065
0.9429957821461316,14.024404796928591,135.99917763157896,0.07
0.8854796401342856,11.222742212623338,135.0,0.0375
0.616412112635678,13.011064257697775,156.60511363636363,0.055
0.810159564601672,13.49620077500013,147.65625,0.0325
0.4984147432564656,13.688131866537095,166.70866935483872,0.04
0.6817259740103596,14.251372482654187,161.0,0.035
0.7335963492680195,12.346567188372203,161.4990234375,0.09
0.5415488243914599,12.407382316656363,150.0,0.0275
0.7400793951628108,14.656953035310227,134.0,0.0475
0.8001900743343058,14.816425512638945,129.19921875,0.0375
0.8001900743343058,14.816425512638945,128.0,0.0375
0.9263424337410312,12.326251404408024,129.19921875,0.0575
0.935054092132507,13.97940008672039,123.046875,0.0275
0.9693523195179016,11.25994808032713,187.0,0.0525
0.9874174117161244,11.6810093902971,184.5703125,0.0675
0.9393812722652205,12.979599196371925,180.0,0.0625
0.945821004639773,12.67097176773104,180.0,0.07
0.8719562527407974,13.681659909538029,172.265625,0.05
0.8981267602791485,12.961283481044909,195.01768867924528,0.0475
0.9942148093245258,12.206471391499555,166.70866935483872,0.0675
0.9861827531397016,11.812058316107624,172.265625,0.07
0.9833499746193236,13.170381869148986,172.265625,0.0575
0.9580380005543667,12.54883933148301,181.3322368421053,0.05
0.9412435764890656,12.232807191517601,185.0,0.0375
0.6743939721459387,13.859430281348448,135.99917763157896,0.04
0.6941236952737606,12.990493196009345,135.99917763157896,0.0475
0.9901057483072598,12.926337023849298,166.70866935483872,0.0625
0.872455546729337,15.093471646603756,129.19921875,0.025
0.954266623084854,13.611548794018566,147.65625,0.0375
0.9425956097117224,13.608413721388343,147.65625,0.0375
0.9529221040159784,13.868251339540148,147.65625,0.0375
0.9315571479161977,16.512411283668765,129.19921875,0.035
0.7722530957474703,11.286042475346605,143.5546875,0.0525
0.8277668019660791,11.806432391968356,161.4990234375,0.035
0.9352195513170093,10.068079434531366,147.65625,0.045
0.9050142542770854,11.184169732143184,139.6748310810811,0.055
0.9360664622194124,13.592649241312802,164.0,0.055
0.8532600427223898,13.779265038382292,164.0,0.055
0.5952814550327504,11.794508160473104,172.265625,0.1
0.8507351144640752,13.827324446355853,159.0,0.0525
0.9510810907962637,11.882387435129734,151.99908088235293,0.0525
0.9375041379580475,13.103208652480596,172.265625,0.05
0.7485949384182081,12.956491485280056,156.60511363636363,0.06
0.9098474602199133,12.421874349056583,143.5546875,0.055
0.8149409668918737,12.384448102859496,172.265625,0.06
0.9749172504187498,11.797105983704984,149.7961956521739,0.0525
0.9156758243812942,12.122065112833582,126.04801829268293,0.05
0.9074527369161666,12.25669769162006,126.04801829268293,0.0475
0.9806208383817264,12.251897715516847,129.19921875,0.0475
0.8852222364973632,12.383889775230486,126.04801829268293,0.0425
0.8830445928286599,11.816330048856926,126.04801829268293,0.0425
0.6070757699187628,13.958330006637304,120.18531976744184,0.0575
0.8437269445663245,13.97940008672039,120.18531976744184,0.04
0.4794419811018778,13.98794768585076,120.18531976744184,0.0375
0.9446286013505233,12.895415353837006,123.046875,0.0275
0.9439126006447708,12.80609704044373,126.04801829268293,0.0325
0.8687483497274204,12.524815785660238,143.5546875,0.0525
0.9788910076654465,14.79640141695566,176.0,0.0475
0.9446757601413818,9.986359996548453,139.6748310810811,0.0525
0.8935138215568859,12.106573808823116,139.6748310810811,0.0425
0.941307685665324,10.22094693655426,139.6748310810811,0.0575
0.9506176311483965,11.627900441799717,175.1853813559322,0.0675
0.9683568800162281,12.156090964096613,175.1853813559322,0.0375
0.9512690835148336,13.97940008672039,161.4990234375,0.0325
0.9496449665793207,11.67642436343258,134.0,0.0875
0.972170701702156,11.931201199572689,151.99908088235293,0.05
0.993208398065616,12.227611969801131,151.99908088235293,0.0475
0.9929123318381428,12.478146602170286,151.99908088235293,0.04
0.9635635410746499,11.581311298471011,161.4990234375,0.0475
0.9735704103614844,16.129762579570638,186.0,0.03
0.990435510431379,12.15959854892542,151.99908088235293,0.0325
0.7199111651898165,12.450198524243714,132.51201923076923,0.045
0.6189070625843334,13.810402785325124,128.0,0.075
0.7297830245028608,12.9972437945263,123.046875,0.0725
0.8504246740747377,13.490765410989312,123.046875,0.0525
0.8012723288166835,13.58742164973051,126.04801829268293,0.055
0.9984215786966083,13.302004578541617,150.0,0.03
0.9799872900251632,12.496472983234776,161.4990234375,0.0425
0.9971745933225536,11.549308072706117,161.4990234375,0.065
0.6796397992528299,13.43807306100974,143.5546875,0.045
0.7636235466988399,14.672851479913094,143.5546875,0.0475
0.7297830245028608,12.9972437945263,123.046875,0.0725
0.7281066702831003,14.314462068332617,132.51201923076923,0.0425
0.8233937641827052,13.060659541803085,109.0,0.025
0.7715044612438787,12.11740756385408,132.51201923076923,0.0575
0.8763704886942392,11.29485831020623,139.6748310810811,0.04
0.9488458361415903,11.878719520098306,135.99917763157896,0.0375
0.8780210413214207,11.431422978865537,145.57658450704224,0.04125
0.6959220318886371,12.573198119991986,154.267723880597,0.0325
0.7456856232351037,12.246027663601176,147.65625,0.035
0.97836308427084,11.590676106492586,151.99908088235293,0.04
0.8742661584829048,14.456128899525892,139.6748310810811,0.0475
0.9077376309294448,13.510793316661333,132.51201923076923,0.0375
0.8354630975498055,14.042471164827305,129.0,0.04
0.8986078663029029,13.299851147259874,135.99917763157896,0.0425
0.9053768428988777,12.0674858418687,108.0,0.04
0.8062342116966442,14.116562682075257,120.18531976744184,0.035
0.44200206204344505,13.483886041592406,108.0,0.025
0.9065645945006064,11.612377234564196,104.0,0.05
0.6039579988497523,13.331596049503077,110.0,0.0325
0.8607777643395194,12.220124943753522,132.51201923076923,0.03
0.8543879264768186,12.84085494515078,100.0,0.03
0.6759560020635496,12.648967057964244,94.0,0.0375
0.6812745670388856,12.762813282017285,120.18531976744184,0.03
0.5680186243618344,13.025206549023203,147.65625,0.0475
0.8850546037020213,12.067547338080608,100.0,0.0425
0.8509449711268573,12.9665004961541,113.0,0.0325
0.8794431538986357,14.65700888615558,120.18531976744184,0.05
0.8530595048457466,12.296349324813196,92.0,0.04
0.8632266519345606,13.450695745779017,102.0,0.03
0.9791377777344612,12.762825189739837,102.0,0.0375
0.6288335184344999,12.679033303974371,151.99908088235293,0.05
0.8859628073406488,12.07748818131643,129.19921875,0.05
0.8159899082960826,14.254793315697984,123.046875,0.04
0.8995924137274659,12.687354594407658,127.0,0.03
0.8358392139544581,13.474134812052913,129.19921875,0.04
0.9231771496425544,13.068153933426531,129.19921875,0.03
0.6303380520778512,12.906532608878075,151.99908088235293,0.0525
0.5197876569593719,15.18375438458895,110.0,0.0275
0.11686931887765395,15.881963442644738,109.9567819148936,0.025
0.4612851048451234,13.968355464844953,108.0,0.055
0.6526984055087767,13.04924650136762,122.0,0.045
0.8707137676866039,13.535004828220732,115.0,0.03
0.6244878124827461,12.743653438636814,151.99908088235293,0.0525
0.8824075355845742,13.150066118296271,114.84375,0.0525
0.8631682861274548,12.378087548657147,100.0,0.035
0.9463625386836738,11.258210006614963,132.51201923076923,0.0625
0.13652392285124632,12.585588229807726,132.51201923076923,0.045
0.2294705572570835,13.97940008672039,147.65625,0.0275
0.9788262162753885,13.458843189715527,156.60511363636363,0.07
0.7920389644986037,13.813269529824773,139.6748310810811,0.035
0.9891156411298492,13.681816460271964,143.5546875,0.03
0.95911831606627,12.755969874674046,139.6748310810811,0.03
0.9586499311866613,11.663700859268005,120.18531976744184,0.0325
0.8605987740117773,11.35413552401032,147.65625,0.03
0.7328931475092417,11.927138342074194,151.99908088235293,0.02
0.9008303604381084,13.439704487550632,132.51201923076923,0.04
0.8676999364629998,14.2546847646244,120.18531976744184,0.0375
0.8777648507637124,12.165946025905672,120.18531976744184,0.035
0.7829672357816168,11.66635692149668,100.0,0.03
0.7840016894193682,13.31902215912513,126.04801829268293,0.0325
0.8968705997898276,13.10998766341446,120.18531976744184,0.05
0.6881246453786732,12.360197066626725,116.0,0.0275
0.8165849569412313,12.736441822639875,110.0,0.0275
0.41417930411993154,12.722440327663946,120.18531976744184,0.045
0.7198925841810045,12.29064999870927,132.51201923076923,0.0325
0.844533677479389,15.450947251920637,135.99917763157896,0.035
0.7827101048784693,12.774750783819504,123.046875,0.0325
0.7731115643326073,12.92630502242007,111.0,0.045
0.825413991936955,11.484951819096205,100.0,0.025
0.5294462551306547,15.13750896860762,101.33272058823528,0.0275
0.646969048756167,12.933813071390123,120.18531976744184,0.03
0.7846782755122443,13.8460616449321,132.51201923076923,0.0325
0.8128863707866665,12.961281812508345,102.0,0.04
0.5862997565146698,14.22658527528803,115.0,0.0375
0.5875543022490151,12.909527808272795,130.0,0.0525
0.9013350646711924,13.066112003011174,126.0,0.0575
0.8377714097799852,11.302687459587224,102.0,0.03
0.8822008477768024,11.552645170534534,102.0,0.0275
0.92256232696046,11.580822667665068,120.0,0.0625
0.9339399665734427,12.387746758743035,115.0,0.0575
0.7837896643090415,11.053196229399175,92.0,0.065
0.8880411668849137,10.71130190137053,143.5546875,0.0275
0.8246881140293671,13.246253188053934,126.04801829268293,0.0425
0.5380013096730056,13.315689220904543,114.84375,0.03
0.3780093062678166,12.92254516405904,120.18531976744184,0.0475
0.9745468394614788,12.891401694153632,161.4990234375,0.0425
0.9403882060525914,12.357662955920071,147.65625,0.0625
0.9699200355352396,12.34500966757846,147.65625,0.0325
0.9883493020307436,11.789417280398837,147.65625,0.075
0.9643810485779776,12.353422677643616,156.0,0.0475
0.890660847759359,12.794455120120663,139.6748310810811,0.0575
0.9832427747666768,12.194760816620768,156.0,0.0325
0.934103040121994,11.73745790136766,161.4990234375,0.0625
0.9273472971131078,12.424533111625145,155.0,0.0375
0.9213972619113127,13.338270050124203,151.99908088235293,0.0225
0.7063844752475432,13.922360567061556,161.4990234375,0.03
0.9643797463471426,12.813469702407717,150.0,0.0525
0.9525269714736939,12.361929751951823,172.265625,0.0475
0.21189191350847594,11.742514454581915,147.65625,0.0625
0.9660195493477132,13.550694369076124,147.65625,0.0525
0.9402383461593184,14.11197373072399,151.99908088235293,0.05
0.9730385223079224,14.67701537913644,147.0,0.035
0.9318613326841125,14.353465710545056,147.65625,0.03
0.9247597230743808,13.04609971608215,184.5703125,0.045
0.9831456338857104,13.441638498138657,181.3322368421053,0.07
0.9884704257836588,10.825359218092434,156.60511363636363,0.05
0.978688847907514,9.744896301085502,187.9261363636364,0.0925
0.7666324286703778,13.1953986512917,226.0,0.05
0.9243816920026401,13.665670187623085,123.046875,0.035
0.8740247413780793,14.441327104362307,129.19921875,0.0275
0.8729960077412295,14.140258570220052,123.046875,0.0375
0.9924216224068094,14.345110385048809,143.5546875,0.0625
0.970690643971491,13.308293395816415,143.5546875,0.07
0.8612292064947078,13.351144749274903,143.5546875,0.065
0.7718489055116605,14.048261597780892,161.4990234375,0.05
0.9187204413037751,11.72298351848606,132.51201923076923,0.04
0.8798300879779484,14.190993732913295,123.046875,0.0525
0.9766396008692533,13.547424296358525,123.046875,0.06
0.952105387640721,12.964469156988372,143.5546875,0.0475
0.9348986328518283,12.81621776022965,135.99917763157896,0.0275
0.9833448416900106,11.05332515555314,151.99908088235293,0.065
0.9803146382843697,10.033754521105905,135.99917763157896,0.045
0.9511927708003866,12.456221010761563,123.046875,0.0475
0.8750514744919738,11.195777702863648,150.0,0.04
0.6312181184817723,13.859910051302752,156.0,0.0275
0.8283271821189998,11.136514546875123,161.4990234375,0.0525
0.9282752211085636,14.818915523799497,161.4990234375,0.035
0.5543003682419629,12.82831932964549,156.60511363636363,0.045
0.6413126145258634,12.954815434882942,156.60511363636363,0.0475
0.8297937444695569,12.02577197315199,161.4990234375,0.055
0.0579290191106121,14.482457485865897,161.4990234375,0.045
0.8592594388138525,13.050958934523004,156.60511363636363,0.05
0.8521523027762518,11.873355448094213,164.0,0.0325
0.8629133837479568,11.015515912309402,139.6748310810811,0.0425
0.919517307711193,10.233118090054358,143.5546875,0.0575
0.9241337659938792,10.866179570876689,143.5546875,0.06
0.8673557625488343,12.093523617332208,172.265625,0.0625
0.9379387440725224,13.378545330868622,129.19921875,0.085
0.9603486555282451,11.598937121200901,151.99908088235293,0.0425
0.900005429206609,14.161854685882412,140.0,0.03
0.688634734210136,11.314472392804532,129.19921875,0.0375
0.7268644178091741,11.678321886341859,119.0,0.0275
0.3636481815099129,13.618342825603554,164.0,0.055
0.8837027209075117,13.815712635202402,151.99908088235293,0.0375
0.9670214639160152,11.547716588227104,161.4990234375,0.05
0.9347941819483564,12.810368929288593,162.0,0.04
0.6712483203278812,12.926979284111347,147.65625,0.0425
0.6674671727556882,12.6937120916514,147.65625,0.0425
0.8711827687425937,12.76021599313478,136.0,0.0275
0.9536194353429532,11.124989150392796,163.0,0.04
0.9407618252927156,11.917432207955049,152.0,0.07
0.9613741259687176,11.921039169679396,139.6748310810811,0.0225
0.9342069819578984,10.792913893840456,147.65625,0.0525
0.8842334758626664,13.383063624363334,123.046875,0.04
0.8420502490869439,12.907778770684446,139.6748310810811,0.0475
0.9388581771593972,11.977144813785332,129.19921875,0.0575
0.8541494028594993,13.659076667188424,136.0,0.03
0.8994217667171658,13.592418610785597,135.99917763157896,0.0325
0.9481874947605388,12.14691835408517,161.4990234375,0.04
0.8400427768896371,14.349746705411658,138.0,0.04
0.8214086936335862,12.89256350910538,139.6748310810811,0.03
0.924089672251122,13.26434686054492,161.4990234375,0.0525
0.9475662348525424,12.725446548124486,151.99908088235293,0.0425
0.9645354642023192,11.452917235794398,126.04801829268293,0.045
0.8236841653682466,13.99161974474214,147.65625,0.045
0.9718074534629332,12.278483822107887,140.0,0.065
0.9622636875555156,9.574841215757662,132.51201923076923,0.0725
0.8636269189264464,12.143447241915377,151.99908088235293,0.035
0.871392747634886,12.580088029363985,151.99908088235293,0.0625
0.9521942492117128,12.868676791433993,161.4990234375,0.0375
0.9184421604823227,13.090810533777223,130.0,0.05
0.8888544556637963,12.562139082990996,139.6748310810811,0.035
0.9643535385994492,14.044328362103505,156.60511363636363,0.05
0.841724020160444,14.09729203767644,156.60511363636363,0.05
0.9467385789071752,11.91782162232601,145.0,0.045
0.8236620389229379,13.012659654502905,151.99908088235293,0.0275
0.9036205804156062,13.724891003520142,156.60511363636363,0.06
0.9701450631016377,13.615305642711228,156.60511363636363,0.045
0.8404002437773173,12.521485930647662,156.60511363636363,0.055
0.9650363771889072,10.614595439397984,132.51201923076923,0.055
0.9647005129154018,13.831283426629048,143.5546875,0.0475
0.9690568815480513,12.917075510857252,143.5546875,0.06
0.8354324799172557,12.739762119070358,135.99917763157896,0.055
0.992773649860992,8.432589860071442,161.4990234375,0.0725
0.7929365664769538,12.692769076922769,150.0,0.04
0.8908241762744052,13.449945862026734,156.60511363636363,0.0425
0.8910356640140465,12.161308322435172,143.5546875,0.05
0.7601384943155952,12.689482621441972,156.60511363636363,0.0625
0.8851821385406422,13.023716701299882,143.5546875,0.035
0.8304988907966813,14.458146071915344,157.0,0.0475
0.8448706590860983,11.149002097358352,135.99917763157896,0.035
0.8388637078725514,11.77153590459656,143.5546875,0.0325
0.98499632213475,12.777398403076935,147.65625,0.04
0.9705621128640648,12.265126788000684,147.65625,0.06
0.967854950783278,11.636904126118102,156.60511363636363,0.085
0.7262674506472496,12.77723564054973,148.0,0.04
0.9254387529562584,12.07819876419192,146.0,0.05
0.5859286391253853,11.53715997808643,148.0,0.045
0.8964533395260118,11.93290963638828,149.7961956521739,0.06
0.8339701071381354,13.036199605653565,161.4990234375,0.0575
0.8865930128398524,12.877783713197529,164.0,0.0725
0.5091194044197528,11.057699196050939,127.0,0.05
0.2903472119499722,12.745840218075145,148.0,0.055
0.8896203698154821,12.703363108686453,139.6748310810811,0.0525
0.8903690271841125,11.875991385517027,161.4990234375,0.0725
0.4726326037778415,11.773681121840225,123.046875,0.0475
0.9006596105527417,12.356712611804273,152.0,0.0675
0.84635187369041,12.135607949578349,143.5546875,0.075
0.9705486270699366,12.84341069749555,138.0,0.0725
0.8421285072458381,12.325215640469636,139.6748310810811,0.045
0.39526157194488254,11.964975194701902,132.51201923076923,0.07
0.9560683124653004,14.65255442414735,132.51201923076923,0.0625
0.8935743838395552,10.465716576883356,135.99917763157896,0.08
0.9205911374107022,10.100505392748069,143.5546875,0.0675
0.6702392407285396,13.39565592480071,129.19921875,0.035
0.9089863685758011,13.450397107299839,139.6748310810811,0.0625
0.838711514323373,14.47988567804411,139.6748310810811,0.0525
0.695956553092911,13.47622874788129,139.6748310810811,0.05
0.8715426989441055,13.900147107440102,126.04801829268293,0.0375
0.9032621270347563,13.613876694711873,126.04801829268293,0.0375
0.8840741589141833,13.862119348673655,143.5546875,0.0375
0.9145238244908326,12.985009516784372,110.0,0.0425
0.8682057980522213,13.361740702404884,139.6748310810811,0.0575
0.973972664288886,13.52237835776724,108.0,0.04
0.9010657574181096,13.955139802510844,151.99908088235293,0.0475
0.9440900319390614,13.0303860938924,151.99908088235293,0.045
0.7652539717390121,13.645912126518668,166.70866935483872,0.0525
0.5924907402604143,12.911735147122332,132.51201923076923,0.035
0.6817038795582667,13.605173215432664,132.51201923076923,0.04
0.8897731347356869,13.583774191366892,132.51201923076923,0.0425
0.9017821648056197,15.33931959014637,132.51201923076923,0.0425
0.9248648471528436,12.772154270369214,150.0,0.065
0.9216949843199368,12.864820613912446,150.0,0.065
0.9374439806885788,11.485124709966254,147.65625,0.065
0.891722118317303,12.692535965326933,143.5546875,0.055
0.9655568742033724,12.992700824292717,143.5546875,0.0575
0.9661325766680742,12.594123110366333,143.5546875,0.0575
0.8649258448260068,11.538464705093329,142.0,0.0575
0.8950032554577321,12.247954493413605,143.5546875,0.0625
0.8011862488470064,12.649680021855469,135.99917763157896,0.0525
0.934428290602459,16.139605072627432,132.51201923076923,0.0375
0.888136412113417,12.46315009967411,150.0,0.0525
0.9465737616659302,13.181973317949979,150.0,0.0475
0.9437882280734262,14.672697083785533,139.6748310810811,0.045
0.8864109885562814,13.194069402465576,132.51201923076923,0.05
0.5005368042438223,12.741206434157052,135.99917763157896,0.03
0.801974901549378,15.785773511320158,143.5546875,0.045
0.6832389126589287,13.731589221347093,156.0,0.0275
0.8146715846054731,12.250640624101248,147.65625,0.035
0.5533917854348327,13.708605129986728,160.0,0.0175
0.8861074142484832,15.431638074342487,170.0,0.02
0.8709176277994091,12.763020247425482,147.65625,0.0375
0.6598554399224854,12.552173489611803,143.5546875,0.03
0.9273168726075514,12.904270954688979,123.046875,0.035
0.8706510328692167,13.66027856590524,123.046875,0.03
0.9074837703723588,12.955926976784255,123.046875,0.035
0.9912469442088084,13.099670420529868,126.04801829268293,0.045
0.9846188257810916,14.075578532806777,139.6748310810811,0.025
0.9658662500984005,13.49206068476689,123.046875,0.03
0.9481657396919788,12.246859748321048,135.99917763157896,0.055
0.9783975137810406,16.232014033891392,140.0,0.0275
0.9293832704824943,12.566931683934424,123.046875,0.0575
0.9277738206777024,11.429960395357098,149.0,0.0575
0.9716059488025468,9.64669257615899,139.6748310810811,0.0325
0.3593425046655792,16.312698394511074,132.51201923076923,0.0375
0.936835064721988,11.41964225989787,139.6748310810811,0.055
0.7265889994066042,13.50138073097036,162.0,0.03
0.7879842579888556,12.568272328488781,139.6748310810811,0.0225
0.873287932916103,11.971091890224846,139.6748310810811,0.0275
0.8967402603011907,11.737747902493535,135.99917763157896,0.035
0.4915172853730635,13.197157533006749,184.5703125,0.025
0.6065326186618669,14.571359640027161,161.4990234375,0.0325
0.9329806619467718,12.288587794836207,164.0,0.05
0.7985778798306172,12.799583719229638,149.7961956521739,0.0325
0.9628996880465917,12.793000910308578,164.0,0.0525
0.8174420805937789,8.743948995027347,156.60511363636363,0.07
0.9262905445805262,12.601540500945674,151.99908088235293,0.035
0.9154474298257278,13.79829053933489,147.65625,0.065
0.9073908145348274,12.39992505864728,161.4990234375,0.04
0.7473437713897635,12.549386810903451,142.0,0.0175
0.8515992847843431,11.92761978683587,156.0,0.0425
0.6270631159111285,10.84662093897478,147.65625,0.0175
0.8308580649435212,12.477810419211211,152.0,0.0425
0.7341161103870375,13.193071277734656,160.0,0.04
0.8990905769169761,12.05295428391928,139.6748310810811,0.04
0.981428514833264,11.41981537200722,147.65625,0.0425
0.9305313386650749,11.499113806001104,148.0,0.03
0.9723429966804469,12.28309068146616,132.51201923076923,0.0225
0.9828170848793387,12.522753790171704,143.5546875,0.04
0.9837383806354748,11.059345028655136,141.58818493150685,0.025
0.9720280240998035,9.407735527907587,151.99908088235293,0.0475
0.9824549408475436,9.532107460525229,143.5546875,0.065
0.767084236906544,12.582710087416979,139.6748310810811,0.0175
0.8893795777624369,12.92270704694889,135.99917763157896,0.0625
0.7948961914058025,13.259659398834255,120.18531976744184,0.0275
0.8453696864051462,11.663955889138759,142.0,0.065
0.7840089015760415,11.452751597052645,142.0,0.0625
0.9491747323749128,11.56876659011538,135.99917763157896,0.065
0.937041684302794,9.071062236660282,143.5546875,0.0875
0.9937405104029128,13.838922059430061,135.99917763157896,0.055
0.9807093593294549,12.492063707435229,135.99917763157896,0.0575
0.8456014879478891,14.182274924251349,128.0,0.0475
0.8330682464721968,12.497911805329739,129.0,0.05
0.9275671003476555,12.932014141489358,161.4990234375,0.0325
0.8820607506388926,11.624031281098995,143.5546875,0.0425
0.9232533470519211,11.41594904274465,139.6748310810811,0.03
0.9587955926955852,13.128202345851506,115.0,0.025
0.8276056093373485,12.183178086585698,132.51201923076923,0.04
0.7869136751964715,12.4104945949572,139.6748310810811,0.0275
0.8721690149652219,12.289991983258636,116.0,0.035
0.8332359176488828,14.299914421240743,143.5546875,0.03
0.10248811608924435,11.010250770042262,116.0,0.03
0.6743407029618962,12.465590932734937,92.0,0.0325
0.7962413846858415,13.14385154254308,110.0,0.03
0.8496792207637538,12.712563471475216,108.0,0.0425
0.9574678513954555,13.554418145962298,129.0,0.0275
0.9904996954190368,10.904259091659906,139.6748310810811,0.04
0.7720125146777664,11.770433336783068,130.0,0.035
0.9159716173828194,12.172970063303604,129.0,0.0275
0.8268700347021212,10.606306303832625,115.0,0.04
0.9145722220820678,12.274620999958616,118.0,0.035
0.6230872458488639,13.811761061832186,129.0,0.04
0.750154272432938,12.052355212734355,161.4990234375,0.0725
0.8419841458041014,13.99218648901369,161.4990234375,0.0575
0.7439356194168629,14.208237896667082,156.60511363636363,0.04
0.8150939387797691,12.752556724545343,143.5546875,0.0375
0.9344807036661598,14.419552508448348,161.4990234375,0.0375
0.8541266730606412,11.959565113830159,150.0,0.065
0.8838474896532101,10.98987432644461,150.0,0.065
0.8422687598973,13.023368036835977,156.60511363636363,0.0525
0.489436242881397,13.847657544512852,139.6748310810811,0.0225
0.8680016324558236,13.206546627588686,96.0,0.035
0.9873962990308511,12.388538463439037,156.60511363636363,0.055
0.9665879720082532,11.718624835167724,161.4990234375,0.085
0.8814271692840396,10.41774115537459,147.65625,0.0675
0.9739322673562854,14.186000874881783,123.046875,0.025
0.8405827245311612,14.027905888715711,123.046875,0.0275
0.7361494088194068,13.561480593435016,156.60511363636363,0.05
0.3250599897904516,14.7755755147084,161.4990234375,0.03
0.938173028202988,15.218374891403103,161.4990234375,0.04
0.8773140403372002,12.783098613942418,170.0,0.035
0.8937929217756069,14.376402228092314,161.4990234375,0.0625
0.8441013022578086,15.675990415807458,143.5546875,0.055
0.5379002505589711,13.998088038440349,135.99917763157896,0.035
0.6722528163249712,12.271893338602942,60.0,0.0175
0.8016591503587814,13.512931657916395,139.6748310810811,0.03
0.8278263013750904,13.083290634304168,132.51201923076923,0.0375
0.40263938748826733,12.006938727461021,116.0,0.0425
0.869713271518827,15.00583569438084,128.0,0.045
0.7597526990984023,15.64930464480149,150.0,0.04
0.47164395273548043,11.49637837482777,65.0,0.0225
0.7648961909120848,12.846392253648563,112.0,0.07
0.8702003491565576,13.13324102454024,135.99917763157896,0.03
0.8928460316386109,12.295755001806276,135.99917763157896,0.0225
0.6475392104711677,14.582142495125307,139.6748310810811,0.035
0.5419867335333317,12.739056151495474,139.6748310810811,0.02
0.4917596973302299,13.62417186440323,151.99908088235293,0.03
0.917488735573584,13.471802503693135,164.0625,0.0625
0.9429872400921244,12.137524025703096,142.0,0.0375
0.9591310253794368,12.161985007282128,142.0,0.035
0.8209628640273752,13.8635715809664,106.0,0.0325
0.8302772554350681,15.006361532449844,126.0,0.025
0.8280444467660711,14.24867875537178,118.0,0.0325
0.8577177395027241,13.028869891058342,120.18531976744184,0.0375
0.0955684277917972,12.81927630090267,132.51201923076923,0.05
0.660982311829355,11.839891585599519,139.6748310810811,0.0375
0.581778994931393,11.960275547115652,132.51201923076923,0.035
0.6833270835615057,11.91899628449034,132.51201923076923,0.035
0.9012357339648878,12.977390671756291,126.04801829268293,0.0325
0.6441344551388835,13.97940008672039,106.0,0.035
0.8218705302857653,14.091390863058644,117.45383522727272,0.0375
0.8367868589331097,14.859752004664466,126.04801829268293,0.03
0.8741963080536755,14.856450240455217,128.0,0.0275
0.930731118510034,11.539323935451707,126.04801829268293,0.035
0.935403012248968,14.584710842825356,126.04801829268293,0.0425
0.916256048874282,13.995889678076356,126.04801829268293,0.0425
0.840704139261011,14.28788317070735,114.0,0.055
0.8670884371873906,14.314275473719384,114.84375,0.04
0.6929524729824428,13.789638738034196,126.04801829268293,0.0325
0.938374031167407,13.61036756671108,123.046875,0.0375
0.831890099883347,13.766389499502989,126.04801829268293,0.035
0.8441417950314729,14.678850188394179,129.19921875,0.0375
0.9329932754545882,11.158508502063993,135.99917763157896,0.0275
0.7485474305732265,14.347222167086883,154.267723880597,0.0225
0.9845835295232948,9.939448420474273,143.5546875,0.055
0.9182895093346696,15.737601546772549,172.265625,0.025
0.9840199760235214,10.045635015883676,151.99908088235293,0.0475
0.9860615132214927,11.072189625543821,135.99917763157896,0.0275
0.979680814094621,10.24718889691592,143.5546875,0.035
0.6903030721841351,14.880934571582246,151.99908088235293,0.045
0.8235943126780136,15.406582202027515,151.99908088235293,0.05
0.4831604585663858,14.479526591826144,150.0,0.04
0.8650272273286348,10.748778192627972,135.99917763157896,0.0975
0.9410552246937578,13.864185501546086,135.99917763157896,0.045
0.633895099185265,13.61206434592656,135.99917763157896,0.0425
0.7749845575214471,11.43841946796176,147.65625,0.0425
0.6106531444741994,13.141730274467225,147.0,0.04
0.6438800063290094,12.764117807367825,143.5546875,0.035
0.8243057146369213,13.546093324667533,143.5546875,0.035
0.9202687391483058,10.63308126654735,156.60511363636363,0.0425
0.8506502256471554,13.379802401946522,139.6748310810811,0.0325
0.9351593577226684,14.189928669693709,139.6748310810811,0.0475
0.8610822444225399,14.88997113804189,143.5546875,0.04
0.8328186173727139,14.126108002694064,140.0,0.035
0.3146616882857015,12.723933191440572,159.01442307692307,0.0575
0.760579899636451,12.880406708590396,117.45383522727272,0.0475
0.9287694752544432,12.001222500963138,123.046875,0.0375
0.9361779486960355,12.808539851607684,123.046875,0.065
0.7884774298401626,12.730553982274667,139.6748310810811,0.0525
0.9437634736194888,13.972446064294356,129.19921875,0.0425
0.953426579298889,12.9800568639439,135.99917763157896,0.0425
0.9550720268124454,12.625389743800563,135.99917763157896,0.0475
0.9745479648941078,14.420553673812725,135.99917763157896,0.04
0.975285875349839,11.546406005432399,139.6748310810811,0.0425
0.9779900836914112,13.320489790706189,135.99917763157896,0.045
0.9679811632639026,11.684772611953619,126.04801829268293,0.03
0.8641941434698023,13.207424360807305,126.04801829268293,0.02
0.7158890547890542,13.627607469696553,129.19921875,0.045
0.9922760663352038,10.698770264840922,129.19921875,0.075
0.9466785310658702,11.72544016368344,126.0,0.0275
0.9763732609420845,10.600614550424465,126.04801829268293,0.0275
0.9495829841734104,13.015110812353662,132.51201923076923,0.035
0.6441706928742483,13.553833241463277,151.99908088235293,0.07
0.8207316966961354,12.687272052034798,143.5546875,0.045
0.8821755860148914,10.006756639657745,151.99908088235293,0.08
0.8925107300511717,13.717953894081969,166.70866935483872,0.0625
0.8512564496929172,11.171667168930796,139.6748310810811,0.06
0.7367106717721377,13.132033539609722,151.99908088235293,0.065
0.9907845099377459,12.40781575757422,143.5546875,0.055
0.9801851283727847,14.366728289001912,132.51201923076923,0.045
0.629258855988011,12.293931137586489,126.0,0.04
0.4059868272238057,13.73089763375382,150.0,0.0325
0.8786457383979491,12.067159414417185,143.5546875,0.025
0.8193338576117546,12.886998978993168,143.5546875,0.0275
0.8833925056427969,13.148526511731967,161.4990234375,0.045
0.5877560640581121,13.432017090069062,143.5546875,0.055
0.21321299160663,13.390665826180287,147.65625,0.025
0.5377537609556147,15.355404264153533,151.99908088235293,0.0375
0.567357946155583,14.414891281508408,143.5546875,0.0325
0.9240898767426128,13.228024037087724,147.65625,0.0625
0.8551413937497122,11.239657450646725,126.04801829268293,0.03
0.8002841173542394,12.485142587775933,123.046875,0.04
0.8212961995823664,13.09413723073608,123.046875,0.0675
0.7067899058781655,12.46360697930806,123.046875,0.03
0.7953047490198766,10.066848359903066,175.1853813559322,0.06
0.9350798930570342,11.948979151179405,135.99917763157896,0.04
0.9007957797624214,12.676616927290048,135.99917763157896,0.045
0.7568575087160937,12.526143299099942,120.18531976744184,0.035
0.7389795169734746,12.331437575014917,120.18531976744184,0.045
0.9086495687803393,13.943296682339593,126.0,0.0375
0.9104413252371276,12.224207411616955,126.04801829268293,0.0525
0.225469048103545,12.311005599523245,123.046875,0.035
0.9473659996530974,10.720067789517037,130.0,0.07
0.4331448799260441,14.406861097090749,129.19921875,0.035
0.795715041332923,17.858626588814438,129.19921875,0.0325
0.9389072392971108,14.580361719101202,135.99917763157896,0.0375
0.9083890531466536,13.424227998377908,132.51201923076923,0.035
0.8558269108999281,13.827042963119101,134.0,0.035
0.9347994807214968,12.63019156681292,120.18531976744184,0.0225
0.8836673954119278,11.834865295322562,123.046875,0.0575
0.6952081700482192,11.351565423577934,126.04801829268293,0.04
0.8485314832106958,13.115764056128192,123.046875,0.0375
0.8700865095522364,12.963724443953453,128.0,0.0625
0.8270089659684654,14.000692635125699,143.5546875,0.05
0.8203992132587242,13.195808848713945,143.5546875,0.0425
0.8756549155685784,13.267677976148578,159.01442307692307,0.0375
0.9749544238402847,11.710512318970412,166.70866935483872,0.0375
0.9075645812802818,11.638004663901992,164.0625,0.0625
0.9340032729787696,13.574696836015965,151.99908088235293,0.06
0.9741471092675152,12.003571487207616,156.60511363636363,0.0525
0.9523009496452852,13.2800056898344,195.01768867924528,0.06
0.9831459580379858,10.781317731595516,178.20581896551724,0.0525
0.9345853133386222,12.204262624916776,178.20581896551724,0.065
0.9934914812367516,11.791258529967797,147.65625,0.0275
0.969499009892214,11.54697358323136,154.267723880597,0.0325
0.894140494589792,14.144203591861237,165.0,0.0575
0.9129652037457082,13.666622581697897,165.0,0.03
0.9276912320766317,12.705396802517111,161.4990234375,0.0525
0.8770134881416305,11.269162942693288,178.20581896551724,0.0325
0.483504835980118,11.703919572423825,156.60511363636363,0.075
0.6403098520817193,14.165863805797327,139.6748310810811,0.0275
0.7885074772746331,11.696040223799791,143.5546875,0.0375
0.630974447540472,10.685644560430962,111.0,0.0675
0.8240006493552221,12.896188878272504,145.57658450704224,0.0575
0.7781585927702472,12.489873990048551,96.0,0.06
0.7582546936435253,11.945072234012152,130.0,0.0425
0.757115112163055,12.38319299889159,147.65625,0.0575
0.7581207511195652,10.945478379955812,110.0,0.0575
0.8144893510820644,12.757114340795498,114.0,0.035
0.7041854122449036,13.430814527156905,114.84375,0.065
0.9022398983983926,15.727543559333316,126.04801829268293,0.03
0.8141684326223868,13.315321725455743,126.04801829268293,0.03
0.8575298609000119,13.50658189015822,126.04801829268293,0.0325
0.940416590208268,13.76263402645922,120.18531976744184,0.035
0.8316452037597095,14.498197211583506,118.0,0.0225
0.9320128410042986,14.558496530837768,123.046875,0.0325
0.9391823859543608,15.330159048838272,135.99917763157896,0.0425
0.8294930531250798,12.71140781869589,129.0,0.0525
0.8605439600466138,12.582351529143587,128.0,0.0525
0.7862667315411752,13.39187485854468,143.5546875,0.0375
0.9368270903231983,12.082469079208309,129.19921875,0.0225
0.9568174205276079,14.254066443260507,139.6748310810811,0.05
0.8934099891093323,12.6935278732894,129.19921875,0.025
0.948721436983109,11.190925707251003,126.04801829268293,0.0675
0.9470810275464726,12.060145377930665,126.04801829268293,0.0525
0.8275564834096952,11.82430584004867,112.34714673913044,0.0425
0.9356020445436568,11.46007134975682,72.0,0.02
0.9464496802822422,13.649561635004936,125.0,0.03
0.9656152168887904,11.15451094612644,123.046875,0.06
0.9146335786948696,12.055000110688749,132.51201923076923,0.035
0.9614881973037988,10.983716508385802,129.19921875,0.04
0.8929838210765074,11.805548286695402,130.0,0.0225
0.7316529972145418,12.378832930860357,101.0,0.02
0.975891093971415,11.956400138210256,126.04801829268293,0.05
0.9666687033737957,13.97940008672039,123.046875,0.0325
0.7290422597524164,13.278807434691299,128.0,0.0325
0.914237516112324,12.50914531248123,129.19921875,0.0275
0.9177166329398484,12.430700826853492,123.046875,0.0725
0.9749855095175091,12.749145609453294,132.51201923076923,0.04
0.9959861171121376,11.498705943475205,132.51201923076923,0.03
0.7964247701335347,12.55048264632018,156.0,0.0475
0.8329257019751952,12.895087428430898,143.5546875,0.03
0.7113469259208951,13.070390298503915,139.6748310810811,0.045
0.6747394527927573,13.010363410536549,139.6748310810811,0.0425
0.6018631206671275,13.063461241981738,147.65625,0.0475
0.4915962312234262,12.952803490461928,139.6748310810811,0.065
0.7576172341604313,13.02845804267818,156.60511363636363,0.0675
0.4629702701852271,13.11259417959977,139.6748310810811,0.07
0.5515577924139922,12.861083909127414,139.6748310810811,0.07
0.9817017980797671,12.862898111944459,143.5546875,0.035
0.9226952549172598,13.496615334723606,112.34714673913044,0.0525
0.984483654772952,10.610328300524358,191.40625,0.0675
0.916193564577968,13.475834904489647,168.0,0.0475
0.8590680906550401,13.57855552365936,163.0,0.0375
0.9879316419837872,10.013307920081466,143.5546875,0.015
0.9714464161619484,11.290521421254802,135.99917763157896,0.0275
0.9616975860798568,15.235814327339344,132.51201923076923,0.0375
0.9331710141366794,14.227366894042742,135.99917763157896,0.0675
0.9321171872082186,12.816377275978063,156.0,0.035
0.9651093382404649,15.338947952912036,143.5546875,0.0275
0.9951302144178468,13.41643611628048,132.51201923076923,0.0325
0.9613097722961408,13.59384652989043,132.51201923076923,0.04
0.9592488822955232,11.654115932710756,143.5546875,0.07
0.8928598003563831,14.603451489523184,123.046875,0.0325
0.5825998128590731,13.374119507613024,132.51201923076923,0.0325
0.7474919503811978,12.92606580166268,132.51201923076923,0.03
0.6467843740395642,12.669927890174861,132.51201923076923,0.0325
0.9774021571846602,13.430892399432024,170.0,0.055
0.7798419872314954,13.107504195211364,169.44159836065575,0.0575
0.8123558065817182,12.992652729219675,169.44159836065575,0.0625
0.8275682329605739,14.644566514983278,151.99908088235293,0.035
0.7339278427516299,13.392548446217551,166.0,0.0425
0.9121322510170577,12.788828986194346,100.0,0.06
0.8442196683021412,11.252673339396914,154.267723880597,0.0725
0.808420427279656,8.624010904251508,156.60511363636363,0.0925
0.7255649105956725,8.449253147890893,156.60511363636363,0.0875
0.8368909910261345,12.501696270231877,129.19921875,0.0725
0.989265734408172,10.908925066196929,130.0,0.0675
0.9404389250146148,12.043202754206668,117.0,0.035
0.985714202915559,10.914952811232713,129.0,0.075
0.7049246322758597,11.539150057090737,132.51201923076923,0.07
0.9514706347459874,11.47513499428776,132.51201923076923,0.0325
0.9475600053513232,10.308916404231418,139.6748310810811,0.0475
0.9154846503566432,12.528579939233778,135.99917763157896,0.065
0.8769570198272029,10.71555944391789,135.99917763157896,0.085
0.949250659754601,12.716408244100665,135.99917763157896,0.0775
0.9067419583921104,13.233213811885962,153.0,0.0475
0.9515883949215832,10.59126560357101,132.51201923076923,0.095
0.8970996179718589,10.465884478342025,135.99917763157896,0.0725
0.8336581876559833,13.11263985400549,135.99917763157896,0.04
0.7440095771266054,12.365067558882526,122.0,0.065
0.9237210745672116,11.562827056041575,126.0,0.0575
0.8987581849044743,13.213200912641057,132.51201923076923,0.0575
0.9776382257795552,12.683428582401689,126.04801829268293,0.035
0.8816005529139125,12.072876765228338,129.19921875,0.04
0.9782316533208317,13.404459953726583,139.6748310810811,0.055
0.9336636735182725,12.701155773338865,154.0,0.0725
0.7317555305429068,12.386276468319316,172.265625,0.03
0.6571983536616639,13.389492651851198,129.19921875,0.0325
0.864061137633863,12.910643156197692,129.19921875,0.0375
0.9589797544049212,10.825785963485693,154.0,0.04
0.7521911355696869,12.842304948671304,161.4990234375,0.0425
0.9492161502931472,12.066889072107992,156.60511363636363,0.0375
0.9656934995609322,12.179008343124753,156.60511363636363,0.02
0.9628712908143584,13.279747802633125,160.0,0.0475
0.9109657610003585,13.599048398119036,156.60511363636363,0.03
0.9296885554145926,10.184709756843745,151.99908088235293,0.05
0.8326023941397726,13.288549205424612,147.65625,0.05
0.42655123955239915,12.87394203072635,184.5703125,0.02
0.9112918032773372,11.12429591029852,154.0,0.0475
0.8203296029137239,12.616830511460094,161.4990234375,0.0575
0.8995388330396267,12.018542941341316,151.99908088235293,0.0375
0.8856441298280622,13.494014248597548,126.04801829268293,0.0325
0.8970131267982089,12.526958886451451,123.046875,0.0325
0.8718131777654469,12.753623577749677,188.0,0.065
0.892132998750245,13.402986629576983,198.76802884615384,0.05
0.9758693862287857,11.774389483645779,191.40625,0.05
0.9806238481457556,12.03659181632222,195.01768867924528,0.0575
0.8166738953064996,12.762223250570047,126.04801829268293,0.065
0.7679413359907838,12.149419227884408,126.04801829268293,0.0675
0.7976490080929358,11.91913649663542,126.04801829268293,0.085
0.8038314628655636,12.121377169511776,132.51201923076923,0.0425
0.9013354557142644,13.97940008672039,151.99908088235293,0.03
0.8106061790618331,13.841309709792686,139.6748310810811,0.045
0.7597020921850139,13.9228780845518,143.5546875,0.045
0.8970221906298386,13.452501705717616,135.0,0.07625
0.588586904992641,12.091039366178654,134.0,0.0475
0.8207198538905411,13.874632262850987,136.0,0.0425
0.7089994275203384,14.0880050872292,139.6748310810811,0.0325
0.5886611124745733,12.916828721685373,139.6748310810811,0.0425
0.9049392712403306,11.7543069974759,132.0,0.025
0.8380875535889419,12.829313789036371,142.0,0.0225
0.9484406699043926,12.58834405811186,135.99917763157896,0.0275
0.5156333153730536,12.342937536937239,129.19921875,0.0325
0.7860182161985123,12.647402299610636,135.99917763157896,0.0325
0.9362283574989556,12.842049142225855,143.5546875,0.0325
0.9763816073997754,13.55004020426773,139.6748310810811,0.0425
0.70565234132747,14.071070160435141,132.51201923076923,0.0325
0.698347751576122,14.127619266880735,112.34714673913044,0.055
0.6091144813057896,13.90701848409519,112.34714673913044,0.0325
0.7940333836815539,13.537908152158781,112.0,0.0425
0.9501367329214268,12.397708068208555,112.0,0.0725
0.5849034385522608,14.543031760920474,114.84375,0.0425
0.8855023018314833,14.070286552909224,143.5546875,0.0425
0.8190786296720782,12.367497406610994,136.0,0.045
0.8653210568440108,10.137898146763847,132.51201923076923,0.1
0.842641329330696,11.953516827811171,139.6748310810811,0.0575
0.8028617572982126,12.302566697795495,139.6748310810811,0.055
0.8367337778634634,11.789482433774037,139.6748310810811,0.0575
0.728966505629695,13.078560241734673,129.19921875,0.03
0.7782675237725459,13.8731350936146,139.6748310810811,0.0325
0.845872964504579,12.646384473574876,129.19921875,0.0425
0.9547538020820032,14.0685185848068,135.99917763157896,0.025
0.7679413359907838,12.149419227884408,126.04801829268293,0.0675
0.7976490080929358,11.91913649663542,126.04801829268293,0.085
0.5092654438274132,14.400619020838564,143.5546875,0.0375
0.5908715441665476,13.541423250232771,139.6748310810811,0.0375
0.819305215348265,14.693274214558574,151.99908088235293,0.03
0.9207860552101872,14.4105250083403,151.99908088235293,0.035
0.5400791895075623,12.254290979161443,156.60511363636363,0.0225
0.4910588847286682,13.487965732831736,151.99908088235293,0.0225
0.9746531603067868,13.97536395147112,132.51201923076923,0.0275
0.9237407207688342,11.341188643849383,139.6748310810811,0.045
0.8146828255355953,12.464121947588838,126.04801829268293,0.09
0.9170211887773481,14.231260164849125,123.046875,0.0225
0.950659939814454,15.229614482093584,122.0,0.0225
0.7502838627223478,13.034524199456989,80.0,0.0625
0.7692828627308266,13.063766698150877,107.0,0.0375
0.8838485635390274,12.720801664506784,124.0,0.055
0.8791193975954111,13.456842005837334,114.0,0.03
0.8253231885487301,15.945415653017204,129.19921875,0.0425
0.7053256224917508,10.38678037135412,126.0,0.025
0.7385918876320008,14.120948360404611,126.04801829268293,0.035
0.8699328957148774,13.095968217325536,111.0,0.06
0.733889065230404,14.8665506123433,126.04801829268293,0.0375
0.8040830248531897,14.043345819088916,126.04801829268293,0.04
0.8560367980924972,14.26644915509106,123.046875,0.025
0.9105409266346354,13.735705962635546,129.19921875,0.0375
0.973781772272268,13.721772663871665,125.0,0.03
0.4254383159611388,12.23171558795095,80.0,0.0425
0.9433247245521228,11.108489060883262,115.0,0.06
0.9257145796401772,12.356087864715786,143.5546875,0.0625
0.9388340733743799,14.114444022988163,126.04801829268293,0.04
0.8754467483513108,12.401700864339118,130.0,0.035
0.8819860601891782,13.389804969458174,132.51201923076923,0.03
0.7292272720847583,12.777406297111638,138.0,0.0175
0.8668591581278461,12.684447635024048,126.0,0.0475
0.9239729780609172,12.998152403427628,126.0,0.045
0.9011716152966479,13.627899941447334,132.51201923076923,0.0275
0.8491212796496532,13.000826628255213,139.6748310810811,0.0475
0.7438217913201084,13.732910651285335,129.0,0.03
0.9771220457672628,14.007074332499856,129.19921875,0.03
0.8214119185757948,12.470830598448352,129.0,0.03
0.8987857074823331,13.021598222132367,114.0,0.0475
0.8053480027930966,14.006064257795565,121.0,0.04
0.9866691240005476,12.59449616824406,129.19921875,0.03
0.9362553526662155,12.319507665880412,126.04801829268293,0.035
0.8886510391969765,12.966161472490253,132.51201923076923,0.05
0.9006697334359919,11.680071571432062,123.046875,0.0575
0.7879644017428885,14.391239375587174,120.18531976744184,0.0525
0.879941962160548,12.20179209807991,134.0,0.0425
0.9944230762264358,10.71500182524236,139.6748310810811,0.04
0.9952059868743065,16.489638417194854,123.046875,0.0225
0.958009506858102,14.404163710733798,123.046875,0.0275
0.9487501792497138,14.42075282809182,123.046875,0.03
0.8205992844599023,13.150135444026569,139.6748310810811,0.0475
0.8915292144837061,11.747731335372947,135.99917763157896,0.0275
0.945025028231518,14.470396273576492,132.51201923076923,0.045
0.4800977923647905,12.888357008028738,151.99908088235293,0.035
0.886841857752986,13.423319806508731,123.046875,0.045
0.8880108640900994,13.061639017954755,123.046875,0.0525
0.9379438161845018,12.794462380642123,120.18531976744184,0.04
0.9389011821703974,13.826482020863375,123.046875,0.0575
0.9389469875798306,12.65068476861336,123.046875,0.0575
0.92061525367698,13.882947567162377,123.046875,0.06
0.9595792730650043,13.710837138978885,132.51201923076923,0.07
0.8366585075178705,14.993334741220462,126.04801829268293,0.035
0.9415933590928407,11.564774702759983,129.19921875,0.0375
0.8741117189297136,12.159966839601458,143.5546875,0.0325
0.8687007421417434,11.938740680427305,129.19921875,0.05
0.7954082016596448,12.27968577946163,129.19921875,0.0525
0.4444965655216815,12.75001758042275,161.4990234375,0.05
0.6478008182854491,12.458156764234662,147.65625,0.05
0.7780015551750995,12.25900906665234,147.65625,0.05
0.773286811789652,12.327894067863104,161.4990234375,0.0525
0.7054663538322057,13.000087357125906,159.01442307692307,0.0625
0.8118059625815427,13.855741540380912,139.6748310810811,0.0525
0.5833036579665432,12.00084590155165,161.4990234375,0.05
0.6968502600522706,12.096530665060923,151.99908088235293,0.055
0.6491771734652614,12.686242117143479,154.0,0.0525
0.6691498982890931,14.59706645648168,150.0,0.04
0.8972154447211699,11.541292092602554,134.0,0.0625
0.7524746842790179,14.594701317148234,139.6748310810811,0.05
0.916130259785197,13.706943184462727,129.19921875,0.045
0.926764616020174,12.419835594273636,135.99917763157896,0.0675
0.9311212367337708,12.914234276130578,166.70866935483872,0.035
0.8913199860375465,11.50743013303492,151.99908088235293,0.0425
0.9701314768799087,11.41056794654081,156.60511363636363,0.0425
0.9476352936924096,11.487714010335194,170.0,0.0575
0.8863340892211165,12.99878271690146,151.99908088235293,0.05
0.9580563721779296,13.159550963726913,151.99908088235293,0.035
0.9297169561957552,13.459055989710562,156.60511363636363,0.04
0.974440564013654,11.978568349753075,156.60511363636363,0.0375
0.988780895079708,10.382326588653168,156.60511363636363,0.065
0.821851372764007,13.688697779097057,139.6748310810811,0.035
0.8996115177470723,13.093954939985412,139.6748310810811,0.04
0.8655707810125073,13.811802981542215,139.6748310810811,0.035
0.8785393700933974,14.589540639908892,143.5546875,0.04
0.951601447500261,13.278495848006155,139.6748310810811,0.0425
0.9455856219936584,13.22696283786999,139.6748310810811,0.04
0.9015721334490134,14.381947601207507,143.5546875,0.04
0.9284542525525921,14.131331592321201,139.6748310810811,0.04
0.8917658257279222,13.26800147244386,138.0,0.03
0.7507794437901197,11.290905622121256,135.0,0.0225
0.8762799589947572,13.767631183897837,147.65625,0.035
0.925056988380583,14.613649172238942,147.65625,0.0375
0.41126166295234057,12.854518958679318,143.5546875,0.035
0.8061185385915106,12.437091491240862,135.99917763157896,0.025
0.748973531647158,11.5315507735767,143.5546875,0.03
0.7855044448027129,12.133638088108684,126.04801829268293,0.0275
0.9686821418188496,11.676434839898128,126.04801829268293,0.055
0.9491103208878652,12.367352844766874,126.04801829268293,0.06
0.9913844924646966,14.1404960291099,147.65625,0.0475
0.9806685296182215,12.993102744979392,156.60511363636363,0.0925
0.9149535814941977,12.089944496264959,166.70866935483872,0.0625
0.8554327150081975,14.272244119427482,128.0,0.0475
0.8115046310028884,12.956599085357904,135.99917763157896,0.035
0.485203146093799,12.953737938748011,132.51201923076923,0.0275
0.842591660491169,13.726548485773712,134.0,0.03
0.7437248969764534,12.54584103154044,129.19921875,0.0525
0.9072751613105303,14.377760276813206,142.0,0.0325
0.9031358920346813,14.568761073484724,161.4990234375,0.0325
0.9322906531464861,13.507722128318644,161.4990234375,0.0225
0.9944984255893858,8.403110341065165,123.046875,0.0475
0.9688131147564616,10.144254667949866,123.046875,0.0425
0.9366303431997327,12.836726909395123,172.265625,0.04
0.9706293619231874,11.030032502219616,159.01442307692307,0.04
0.8796989538607248,11.452408535688305,172.265625,0.035
0.879321364834207,11.497614623406562,150.0,0.075
0.8234167556339368,13.853546811679472,126.04801829268293,0.0375
0.930312906213595,13.321703893208218,129.19921875,0.05
0.82578806862073,13.284459636431613,126.04801829268293,0.0425
0.8430327840896961,14.549951986953513,123.046875,0.04
0.8639049083482551,14.026989618491783,123.046875,0.035
0.8059278243412599,13.7061141799053,123.046875,0.035
0.9885726715413309,10.31323130073751,164.0625,0.06
0.9926993594788158,14.849776113111124,162.0,0.0775
0.9877229314997692,13.08012651761308,175.1853813559322,0.0625
0.8981394210581908,11.660080487473365,172.265625,0.0525
0.9922275639816732,12.36881643210656,143.5546875,0.0875
0.9867922647417678,13.413367790511575,143.5546875,0.0675
0.7655749099741227,12.625988012494313,123.046875,0.055
0.8952796099755449,13.151507661561439,132.51201923076923,0.04
0.984869621393784,13.336850811772393,132.51201923076923,0.0275
0.991361038575677,16.309164398892264,126.04801829268293,0.0275
0.9334135692359264,14.340850567750607,132.51201923076923,0.025
0.9719509878479168,15.839125676516794,129.19921875,0.0275
0.9627909948969104,14.625291241222005,120.18531976744184,0.0375
0.9207420583810112,14.601266483323062,129.19921875,0.0275
0.9556249028071644,13.933587175691368,126.04801829268293,0.0575
0.8624021631459141,14.167094446802382,128.0,0.0225
0.8718217114205852,15.442776490250054,126.04801829268293,0.0275
0.9371555294940117,15.866618736233603,129.19921875,0.0275
0.8858654368559431,14.494743833948412,128.0,0.0325
0.824642449503818,11.939357524951262,126.04801829268293,0.055
0.6677057736594426,12.46019460060839,126.04801829268293,0.035
0.7580892285284218,12.074833199595435,145.57658450704224,0.08
0.9849767224759144,13.386578152873527,120.18531976744184,0.025
0.9494523041666885,12.178361740673074,120.18531976744184,0.0275
0.8835849623651644,13.03852523877503,120.18531976744184,0.03
0.9833175818895444,13.228972061268792,126.04801829268293,0.0375
0.8600079825080968,13.97940008672039,126.04801829268293,0.0375
0.9131608107664544,13.530790450532034,126.04801829268293,0.0825
0.8186124505817678,13.750947501194227,135.99917763157896,0.035
0.9124680039249862,13.32827940760592,135.99917763157896,0.035
0.7456778912071013,13.938514909395408,135.99917763157896,0.025
0.8567342017517008,15.898514785263439,115.0,0.035
0.9141332798223298,14.239717701750914,220.0,0.04
0.644123320583491,13.9238567024253,132.51201923076923,0.045
0.8478581507396189,11.208223235834915,129.19921875,0.045
0.7203052193825565,12.84709174230589,123.046875,0.065
0.8233366417588857,13.779193852997668,126.04801829268293,0.0625
0.8871374157346674,13.433707793252099,123.046875,0.05
0.7711354921385308,12.05769192509534,126.04801829268293,0.06
0.8388609920564943,12.21068512024956,126.0,0.0525
0.8392476072386046,13.822316344048897,147.65625,0.0475
0.9104170367447748,12.89534343893639,129.19921875,0.04
0.9494487642807756,12.05401998207969,156.60511363636363,0.06
0.8353335146223286,14.7008226131304,156.0,0.05
0.9409006798642137,11.68709510429678,139.6748310810811,0.07
0.8977594529036652,12.086878993981,139.6748310810811,0.0675
0.8682121721768578,11.965523403169538,139.6748310810811,0.0625
0.9114968047175404,12.01115959702479,139.6748310810811,0.0625
0.8756579323664598,12.765429444561446,139.6748310810811,0.06
0.6893097592776753,13.646661634278585,119.0,0.0425
0.9168078097332006,12.584372072169538,161.4990234375,0.0675
0.8929926922183802,12.755614393483556,161.4990234375,0.055
0.91818348667266,12.40312033331054,161.4990234375,0.055
0.6188084732442112,13.695104552703103,161.4990234375,0.0425
0.9168078097332006,12.584372072169538,161.4990234375,0.0675
0.7942289692736175,12.842957099160971,132.51201923076923,0.055
0.7889088423179508,12.650711859836058,132.51201923076923,0.06
0.8013445881279155,12.641195809314649,132.51201923076923,0.0525
0.8503471012798717,12.230757613198945,132.51201923076923,0.05
0.873234787266807,13.97940008672039,123.0,0.0575
0.7440593801790354,14.018972061979149,123.0,0.055
0.7778572156603443,13.97940008672039,123.0,0.0675
0.7712854863255513,11.59327508321869,117.0,0.0575
0.9073117011500956,13.292677538269825,132.51201923076923,0.0275
0.9465942471281439,11.227212589602054,135.99917763157896,0.05
0.9544637027532106,14.474186150032303,113.0,0.0325
0.7969961411439737,15.126398496936188,126.0,0.04
0.8341035440495941,13.927587053467976,120.18531976744184,0.0575
0.8067361622002931,12.744787787339234,135.99917763157896,0.045
0.7536864233694245,13.30844327870643,135.99917763157896,0.0525
0.31788009558698505,12.914651508601942,143.5546875,0.06
0.946955447960896,13.216945373947189,161.4990234375,0.045
0.9740412762630468,14.210368412894056,161.4990234375,0.045
0.9805381826824494,8.802948521526105,161.4990234375,0.0825
0.8880404672785119,12.188628113274625,129.19921875,0.0575
0.991901887908488,11.77925953502422,129.19921875,0.0475
0.9445214797128769,11.156106880353132,132.51201923076923,0.0825
0.9412449209732809,15.078111466682067,154.0,0.045
0.8242904789636749,12.359185839846118,143.5546875,0.055
0.9463560322544136,13.226761176907349,123.046875,0.045
0.9267519900451316,13.695191723573924,126.04801829268293,0.03
0.9844449545984352,11.670022864245114,126.04801829268293,0.04
0.7502803294156875,12.582928873144386,107.666015625,0.0525
0.9827642517297928,14.021594635894484,135.99917763157896,0.05
0.944337185539949,13.703410586453089,135.99917763157896,0.05
0.9490540384645629,12.81845662038764,120.18531976744184,0.035
0.9631780429279302,13.446070607453638,120.18531976744184,0.035
0.9610982771363326,13.194097744979107,120.18531976744184,0.035
0.9343972416679399,11.909702868892374,123.046875,0.03
0.21829482814131407,13.843937399310269,123.046875,0.0275
0.30221287530739843,13.746284992102787,123.046875,0.0325
0.6781038777827573,13.267716743673336,129.0,0.0375
0.8596143791190365,13.893951089479504,139.6748310810811,0.035
0.91532316795339,14.197060400596596,161.4990234375,0.045
0.9621173037485381,13.358481211125198,161.4990234375,0.0525
0.9760359288586824,11.23520034428753,142.0,0.04
0.91086259748298,12.191117578381128,142.0,0.0375
0.9714432482837709,13.357022094838937,150.0,0.0325
0.9932415857432848,13.16843457845027,161.4990234375,0.04
0.9687538943831291,11.35572151195956,126.04801829268293,0.0375
0.8959789123330796,12.74924781671327,132.51201923076923,0.0325
0.9795893586592518,12.62103712483162,126.04801829268293,0.035
0.9567376842730902,13.491964576119834,135.99917763157896,0.025
0.9648016307848936,12.456931262332883,132.51201923076923,0.0325
0.9577838262372548,11.668153671920363,126.04801829268293,0.045
0.9268421703117744,12.89584906143019,128.0,0.03
0.9977118434032822,12.227623676947909,126.04801829268293,0.0225
0.9569683437919387,11.170518128818337,129.19921875,0.0275
0.950417921679332,10.518640233165932,135.99917763157896,0.0375
0.9643840936369805,12.639250342005269,135.99917763157896,0.04
0.9750545592739586,11.533134599555249,150.0,0.0525
0.7873038920636509,10.111149657174195,139.6748310810811,0.075
0.9721143812169168,10.23518901158943,147.65625,0.055
0.8628882089743686,13.323257361238625,147.65625,0.0275
0.996474542268634,10.18439819619758,147.65625,0.0325
0.9818902951583662,12.951179929323636,147.65625,0.04
0.772475715973302,13.529869073478068,139.6748310810811,0.03
0.8321868523038323,13.328803838684873,146.0,0.05
0.8590395961299049,13.13529770399928,135.99917763157896,0.05
0.9090363386592137,11.475850535927801,147.65625,0.04
0.6136728065427783,13.493769607774478,120.0,0.0575
0.6666174325825146,11.507255594028807,120.0,0.095
0.9082602019239868,13.592922392166077,135.99917763157896,0.0375
0.8963050420689791,12.05028065344136,130.0,0.03
0.7467769273001615,12.67531335149511,128.0,0.0225
0.7692290780323738,12.534760457702191,129.19921875,0.0325
0.8264872280921227,12.6637963498167,132.51201923076923,0.0375
0.9445649628037932,11.95286378633798,128.0,0.055
0.7520317018343587,12.35488622935008,125.0,0.05
0.9593530691241661,15.908235083229933,161.4990234375,0.04
0.9197904738114047,11.513721712128202,135.99917763157896,0.08
0.954169488066044,13.708278470680334,166.0,0.0525
0.9439227031315729,11.575513911843588,129.19921875,0.06
0.977494818552056,13.425572861341191,147.65625,0.0475
0.8973033734159153,12.967323599609088,156.0,0.065
0.9767524091108303,12.8863767555452,135.99917763157896,0.045
0.9367605607452364,13.708217564422796,147.65625,0.0575
0.9080911790860449,13.417459903553992,166.70866935483872,0.0625
0.9005715521880375,13.277879321593652,147.65625,0.06
0.9353826074332906,13.271055273091669,147.65625,0.05
0.9000620139787273,13.21940440692348,147.65625,0.06
0.961708260940038,11.55239040268095,164.0625,0.0575
0.9611929549779494,14.612598731897881,135.99917763157896,0.0475
0.8625189715474798,16.23760008529476,129.19921875,0.0325
0.9938374099909978,11.212578784762854,120.0,0.0375
0.578432117846526,12.356713999060059,132.51201923076923,0.0375
0.735333205346091,11.020506173422277,166.70866935483872,0.09
0.9486862280806628,12.455154231498252,130.0,0.0425
0.855282474840373,11.970284231403614,129.19921875,0.0425
0.6274030709917661,12.71647422762324,127.0,0.0325
0.91714527120948,13.975668181301897,135.99917763157896,0.04
0.7366338415224207,11.907528996363915,126.0,0.05
0.9289444120911381,13.103442019962493,143.5546875,0.0325
0.8280514135704312,12.231005772026132,132.51201923076923,0.0425
0.4732577150682068,12.819561147166644,147.65625,0.0525
0.7229504162859322,12.902883775059278,129.19921875,0.045
0.8476674766718082,13.093587084413297,156.60511363636363,0.055
0.7587304501130819,16.13811972283535,154.267723880597,0.045
0.8515771532068617,14.789111018065082,134.0,0.05
0.9000538137945462,14.288144729455198,120.18531976744184,0.0375
0.8914082787383958,12.71685230932096,151.99908088235293,0.035
0.8606451083925734,13.474019541924822,143.5546875,0.035
0.9463038495820605,10.27687233359148,150.0,0.07
0.959574637771902,12.210851408731624,143.5546875,0.0375
0.9065658668213432,12.928285997103242,129.19921875,0.05
0.8437951240906738,13.46368546106683,132.51201923076923,0.0425
0.8836877694221391,13.84868857753708,129.19921875,0.045
0.7333728873813475,13.96025410621715,139.6748310810811,0.035
0.9677412643930835,12.248611748262451,129.19921875,0.0425
0.828155069190979,13.010726946540068,132.0,0.0425
0.79192542641495,13.176258101749143,135.99917763157896,0.0375
0.9465373163348114,12.623794599608658,159.01442307692307,0.0375
0.8160776967161281,12.171931244447311,123.046875,0.03
0.840443409862626,12.077135360675996,123.046875,0.0325
0.7783376153169811,12.572937923214972,118.0,0.0225
0.6482162600604924,14.159521064243329,119.0,0.0275
0.9544930367266696,11.02778236453655,132.51201923076923,0.0325
0.9315525349001368,14.744301626811264,135.99917763157896,0.0425
0.9129590925302156,12.672966337065738,147.65625,0.025
0.8483779040611019,11.822117161959408,129.19921875,0.025
0.9230276168954092,12.76425326940591,120.18531976744184,0.035
0.8630780098012995,13.686809292008943,123.046875,0.035
0.9772405820011418,12.345004380341841,120.18531976744184,0.0475
0.7998264562482208,14.721273158218397,118.0,0.04
0.8897053609178338,12.47913781763276,118.0,0.06
0.8806636241525353,12.758727152394716,123.046875,0.0525
0.987822234639739,9.501774121630081,123.046875,0.06
0.9331171476618636,12.759092987881596,132.51201923076923,0.0325
-0.1503127176482961,10.820994059254849,85.0,0.0325
0.544694852203818,12.38213766732253,120.0,0.0575
0.8318767890264502,10.484234961402768,150.0,0.06
0.5861885589439797,11.385673867900291,151.99908088235293,0.03
0.6167490166350865,11.396758233720726,151.99908088235293,0.05
0.4514754157759021,12.312384161223013,139.6748310810811,0.045
0.9363958801986964,11.96399717714162,132.51201923076923,0.04
0.8219463776133396,12.912590067194365,98.0,0.03
0.6922957355288374,12.88096832792568,98.0,0.035
0.49024645822687163,11.14077013180052,98.0,0.0525
0.8161124854738764,12.664453369605425,155.0,0.05
0.7145915663090644,12.84883950039564,98.0,0.04
0.9487449353039252,12.519619766825675,132.51201923076923,0.0325
0.7927408761315952,13.582904262451294,129.19921875,0.02
0.7509594343868797,12.78180348134127,135.99917763157896,0.025
0.8865837405128121,13.618185971464753,139.6748310810811,0.0575
0.9805609838897504,14.595285333576332,135.0,0.0675
0.959910503629154,14.332125762004452,123.046875,0.0425
0.989638561243153,12.05669123192671,135.99917763157896,0.0375
0.94842134247929,12.736605270999238,120.18531976744184,0.0525
0.6420855946113136,15.468393925930544,126.04801829268293,0.04
0.6927689836883197,14.41211828148352,129.19921875,0.04
0.9685323860862014,13.011318786290335,129.19921875,0.055
0.7926235828106909,12.573914671658262,129.0,0.035
0.7061591957503536,14.10736008763983,110.0,0.03
0.8705657653614101,11.943153382288111,150.0,0.0425
0.7465475996020534,13.728556548622498,150.0,0.0475
0.8741322547055863,11.581860000392147,156.60511363636363,0.0475
0.8485908548497683,13.61016852830476,150.0,0.0325
0.8205926157837881,14.419284804222048,147.65625,0.04
0.7884958550853975,14.05662245086885,123.046875,0.035
0.8263119412926179,12.97616428787356,129.19921875,0.065
0.8096314410397705,11.419550857156768,151.99908088235293,0.0775
0.8967250679440081,12.927747756673355,143.5546875,0.025
0.8722650300381952,13.165393144914832,143.5546875,0.0275
0.9398739772950004,13.168913839889994,151.99908088235293,0.025
0.5624988891054071,13.245633427308242,191.40625,0.0475
0.7730525771433105,12.225232750859444,161.4990234375,0.055
0.7461794437447133,12.217393240004789,143.5546875,0.085
0.6665504802671698,16.61238890502126,123.046875,0.045
0.7382569009635926,13.89355367698759,126.04801829268293,0.05
0.8994198078630828,14.311629657319749,123.046875,0.0475
0.865382833288429,14.286652699953276,111.0,0.03
0.7866050279652859,13.657078323531273,123.046875,0.0225
0.7107675780205341,13.713209171000983,92.0,0.035
0.8120382009890494,15.5665042344921,126.04801829268293,0.03
0.811744409790676,14.07345468995641,123.046875,0.03
0.737013590044438,15.441854928800984,123.046875,0.0375
0.8305254577645103,12.535432801608529,150.0,0.0625
0.8548915014090116,15.558873281689062,126.04801829268293,0.055
0.7410141730127265,14.20982198182969,123.046875,0.0425
0.858629441253741,12.07450845592632,97.0,0.02
0.9071645228486076,14.951022208071048,123.046875,0.04
0.9388626535337734,12.915980085315026,126.04801829268293,0.0725
0.8791007878512123,14.803850727887916,126.04801829268293,0.075
0.8795483059849847,15.163878126734895,126.04801829268293,0.045
0.8426479980723286,14.984930197864456,126.04801829268293,0.04
0.822633215004663,12.688216498330648,120.18531976744184,0.035
0.7297867252865609,12.86632397762312,129.19921875,0.0325
0.8686237825794569,14.82330904332508,129.19921875,0.065
0.8445270387974377,13.30174875984434,123.046875,0.0625
0.8293098849529117,14.681068211723659,105.46875,0.0375
0.6031539931437522,14.723496113301143,115.0,0.0225
0.9721471356558372,12.934098263761747,126.04801829268293,0.0375
0.8913336272430539,16.340856121282208,123.046875,0.0375
0.9549396750144181,15.270392245393825,123.046875,0.0425
0.5604266094595243,16.063067281160237,116.0,0.0325
0.6923322739380029,13.555414378185883,126.04801829268293,0.0175
0.7630216641023326,14.545819942768938,123.046875,0.0275
0.9359484614414596,13.154209709148729,129.19921875,0.06
0.6490686166950767,15.349765336570057,118.0,0.04
0.5203321932539058,15.447986313865613,118.0,0.0325
0.8524006595574016,12.668722954224297,151.99908088235293,0.07
0.8338238913878276,15.019120565782798,125.0,0.0475
0.6816977490862455,13.436877918638867,118.0,0.03
0.7994029193211327,13.967200253943858,123.046875,0.03
0.9182733924648042,14.485990578482106,123.046875,0.04
0.8318231189297461,14.518924223261289,139.6748310810811,0.05
0.9131859431271165,13.386080057509535,139.6748310810811,0.0425
0.7923195743535013,13.559838847410301,126.04801829268293,0.0325
0.8017193624409515,13.35249075231816,135.99917763157896,0.0425
0.8165942679331868,13.808045093711623,135.99917763157896,0.0325
0.9478711631572432,12.799237812157159,123.046875,0.0375
0.859688572569191,14.571423738082023,123.046875,0.04
0.4485977797997272,14.577530964669478,108.0,0.0225
0.9161887704930508,13.04530612483903,151.99908088235293,0.0675
0.5728823958186369,13.799529760077965,123.046875,0.0275
0.7395711089361142,14.169397284272367,116.0,0.025
0.7586735297672644,13.500764673387648,161.4990234375,0.045
0.7695543996707195,14.463323175423579,151.99908088235293,0.04
0.7543491313286685,13.235801505078529,161.4990234375,0.045
0.7930029456483765,13.922389470206523,151.99908088235293,0.0325
0.7121110439658338,15.281253315680726,120.18531976744184,0.035
0.8782183129909084,14.604166086246185,123.046875,0.0575
0.9705217002722968,11.595671588188672,120.18531976744184,0.0425
0.8736681628910519,13.422387804030242,123.046875,0.035
0.9513101734460178,15.624206610485256,170.0,0.07
0.9733969566984054,12.91780746501885,123.0,0.03
0.9853363762504691,12.316337670749448,161.4990234375,0.0425
0.97641730157966,12.807773431360356,151.99908088235293,0.0925
0.9798554022469869,12.512687755519671,164.0,0.055
0.9414195957954146,13.62043262235666,156.0,0.0625
0.5396345499054409,11.698677867101374,132.51201923076923,0.1
0.8387046484057843,10.549962743577025,132.51201923076923,0.0425
0.8914079039036978,12.031140951586924,132.51201923076923,0.065
0.9110452526069008,12.191600755476914,200.0,0.0375
0.967710511236917,8.015944475346656,129.19921875,0.09
0.801902401666363,10.701707636366727,139.6748310810811,0.0625
0.8974195559510634,12.299848285979184,139.6748310810811,0.035
0.9660338257362944,14.545398561963395,139.6748310810811,0.0325
0.9691963950069598,11.686543095400946,151.99908088235293,0.0525
0.9283339444376544,10.786347448953125,129.19921875,0.03
0.9306063453651234,14.993328155907456,143.5546875,0.0425
0.9416916200784213,12.47082158153858,147.65625,0.0625
0.9665215675548648,14.609621545049809,151.99908088235293,0.0525
0.9828446066809349,11.59835167942194,151.99908088235293,0.085
0.8967240260042515,15.022384011337667,151.99908088235293,0.055
0.8425656182895076,14.013790720026812,147.65625,0.0525
0.9213963211488743,14.671494124390343,187.9261363636364,0.0575
0.9720573533362548,14.455734727451992,156.60511363636363,0.0775
0.990346135187438,13.47247732735566,105.46875,0.045
0.9311365648044376,13.35407237246619,126.04801829268293,0.025
0.9840783828944956,8.300502103620266,126.04801829268293,0.0275
0.805850136310474,15.038746450025064,139.6748310810811,0.0475
0.9933055816724767,12.615756972408633,178.20581896551724,0.055
0.8720212621411888,13.453721768049105,175.1853813559322,0.0425
0.9837101384807958,11.600193400916355,195.01768867924528,0.0575
0.9957234708778512,11.142576824653826,195.01768867924528,0.05
0.36310741413038244,12.65196545851662,143.5546875,0.0675
0.2812025275927555,13.012494534769656,135.99917763157896,0.0225
0.9573903345545884,11.292702130887438,139.6748310810811,0.035
0.33352150192376984,11.790057317782923,139.6748310810811,0.06
0.424430044278933,11.716924662281142,139.6748310810811,0.06
0.67578051726225,13.499077910919098,150.0,0.0275
0.83238329452369,14.09260812384416,143.5546875,0.03
0.3556173923433668,11.33440329730689,150.0,0.05
0.412482350548044,12.394616789928769,150.0,0.045
0.6385379661756225,12.860572052986575,139.6748310810811,0.05
0.8797850098776143,15.0018322568737,143.5546875,0.035
0.8109550529291467,15.542730863772364,143.5546875,0.03
0.8109550529291467,15.542730863772364,143.5546875,0.03
0.9372499145718483,13.146758043413268,156.60511363636363,0.0275
0.9296738756509949,9.848496249371642,143.5546875,0.03
0.9161081312426536,12.231206253234514,135.99917763157896,0.0825
0.8973172299027913,12.943399707630329,135.99917763157896,0.04
0.962436226435967,12.24347720088425,132.51201923076923,0.0375
0.8694484650762778,13.486261767201857,132.51201923076923,0.035
0.9334736738019729,13.238826152344156,126.0,0.035
0.7113910652552532,14.633254788324138,147.65625,0.025
0.909986417353967,11.910514668297267,178.20581896551724,0.03
0.9596876160931749,11.958970268734731,169.44159836065575,0.0225
0.8398590194839055,12.832038381698704,191.40625,0.025
0.9821039871331704,11.45367379386545,160.0,0.055
0.7208416593445277,12.207232454795712,135.99917763157896,0.035
0.877643093240507,10.975800854354159,132.51201923076923,0.0375
0.8204436036959568,11.32616295934029,178.20581896551724,0.035
0.943787552275688,12.885300964037484,135.99917763157896,0.0625
0.6750634418912724,14.756117093239832,123.046875,0.045
0.776626621855186,12.988165238690062,151.99908088235293,0.0375
0.9368198850445095,13.026788955636128,143.5546875,0.0475
0.943069080469505,10.709049043731095,143.5546875,0.0675
0.8872383461246496,13.809049690678812,123.046875,0.04
0.9607547996215337,10.592043050565698,123.046875,0.085
0.9932885657942443,12.967684329722246,147.65625,0.0425
0.8899448725608701,13.119401356635546,120.0,0.0525
0.8857724497382373,12.3748519541385,132.51201923076923,0.05
0.7596227568439043,14.12942361991056,135.99917763157896,0.0725
0.7958056563546443,14.514870814522565,133.0,0.035
0.917947869009949,12.842453664734688,120.18531976744184,0.04
0.7848176331205982,12.762200228110624,135.99917763157896,0.0625
0.6382634298691979,13.742246698014268,135.99917763157896,0.0625
0.8109453342287318,14.44800243993138,169.0,0.035
0.7034863587434221,13.931396131606723,135.99917763157896,0.04
0.5753284547909441,13.300055006292704,126.04801829268293,0.0425
0.9380363624262034,13.649088260418406,123.046875,0.05
0.8928775199836383,13.59177187489767,123.046875,0.025
0.9250143107021082,13.134335170096906,123.046875,0.0325
0.9922789888587232,12.331048754424836,123.046875,0.025
0.986284853066853,13.310534925469323,123.046875,0.02
0.994524668573308,11.728846826514328,98.0,0.0575
0.9547548156229851,11.661723514983537,129.0,0.0525
0.9636739427588896,13.89210397867137,120.18531976744184,0.04
0.9523908014461049,13.10829000778624,123.046875,0.035
0.9046607882368046,14.12297194210553,120.18531976744184,0.0325
0.9449410556447614,11.621889696030902,120.18531976744184,0.085
0.960231606943337,11.20392285728283,120.18531976744184,0.0475
0.9294393295948172,13.266113132067826,126.04801829268293,0.0475
0.9734709073175704,13.6829695751326,126.04801829268293,0.0425
0.9434762545788942,13.822973298273256,112.34714673913044,0.045
0.901486685095183,13.32801819945166,120.18531976744184,0.0375
0.9485438497604433,13.70434821716627,120.18531976744184,0.0375
0.9011899496149754,13.689640046484303,123.046875,0.0275
0.9567653708561488,11.330442380288083,123.0,0.0425
0.986319618923556,13.959616127058542,120.18531976744184,0.0375
0.96455449487016,13.619248022746037,123.046875,0.03
0.9771717835117532,11.362208832461231,123.046875,0.07
0.9430278926096235,12.622207372010372,120.18531976744184,0.0425
0.7792863422546761,14.01355582646608,123.046875,0.04
0.8155867801724181,14.559170505387996,117.45383522727272,0.0225
0.9368775840416521,14.554776610262838,123.0,0.0275
0.8949426857186764,13.616613505041096,123.0,0.03
0.8959998868342749,14.372470699623513,122.0,0.0325
0.8564714183283023,13.305273487128504,123.0,0.0375
0.9703387337451752,11.920833323202924,123.046875,0.03
0.94288423585776,12.753479562946126,122.0,0.04
0.9675386203080638,12.198071877865932,120.18531976744184,0.04
0.9435757881901512,12.787920594938846,123.046875,0.04
0.8300873510488744,11.497300733715004,126.04801829268293,0.035
0.972084611240718,12.143365003751272,123.046875,0.05
0.9405865434705258,13.29855192029807,126.04801829268293,0.04
0.9843792895187964,10.493287651894413,131.0,0.0525
0.9706945177802968,14.439477128008376,123.046875,0.0325
0.973339249965548,12.135066953352489,126.04801829268293,0.04
0.8855539340022244,13.634511524491028,135.99917763157896,0.0625
0.997223219433607,14.09562387813114,126.04801829268293,0.0325
0.9574855336667848,10.491027073127414,120.18531976744184,0.04
0.8938371133763852,12.7966799873583,126.04801829268293,0.035
0.9027895144697036,12.036449972002774,126.0,0.035
0.9035456937601596,14.279445181722943,126.04801829268293,0.04
0.6092335555756725,13.957657864638776,107.666015625,0.015
0.953659703753634,12.417622805901503,123.046875,0.03
0.681966096067232,12.79009382536645,126.04801829268293,0.02
0.9595061352695997,14.23082516041491,126.04801829268293,0.0475
0.9216190345777986,14.377797179435888,128.0,0.05
0.9499781153608202,13.761036751038882,123.046875,0.04
0.9681405029468656,12.0348404195847,123.046875,0.055
0.9708228769650248,12.853846875878943,123.046875,0.03
0.8826013586640582,13.449394239160243,123.046875,0.045
0.9532515156120025,12.899641346514308,122.0,0.035
0.9398430960342812,13.543811190480799,123.046875,0.025
0.9027332873150384,12.903321211765903,120.18531976744184,0.0225
0.9102132513185474,11.6512751591162,120.18531976744184,0.04
0.9444005763284368,11.51015476194268,120.18531976744184,0.05
0.8972055801271639,13.195401751229475,120.0,0.04
0.8493909555112598,12.141367853548246,117.45383522727272,0.0325
0.8563313715506035,12.132140877878946,117.45383522727272,0.0275
0.8313193351303734,10.871515154494233,117.45383522727272,0.065
0.5490305178045023,12.10149557849598,135.99917763157896,0.065
0.8847280382204008,14.185822320137177,139.6748310810811,0.0375
0.913648082302436,11.209646657707571,139.6748310810811,0.045
0.9322755249167072,10.472751589003908,135.99917763157896,0.0525
0.986547654427558,10.697916879341754,132.51201923076923,0.035
0.9897002524034986,9.076157812366226,117.45383522727272,0.0475
0.9704164052778416,11.102699136618805,126.04801829268293,0.02
0.979942405886504,11.018315625103208,129.19921875,0.045
0.9452569865799789,13.336735023018294,129.19921875,0.0475
0.983003525372605,11.49179070413119,132.51201923076923,0.0525
0.9453691338156409,12.976691642239055,123.046875,0.025
0.9033030006934422,11.862987454515785,120.18531976744184,0.0375
0.8625841469512158,12.783838205537734,120.0,0.07
0.910779081310001,12.669110353968602,126.04801829268293,0.0425
0.986722297886806,10.845731759028292,120.18531976744184,0.025
0.9669233901193062,10.988418554822315,120.18531976744184,0.045
0.9837327700129596,13.520519062071296,123.046875,0.0325
0.9764633750048158,13.463344050711877,107.666015625,0.03
0.9801795849623274,12.446645809830498,126.04801829268293,0.0725
0.9883857009027857,14.085407981931851,129.19921875,0.0325
0.9650119623148478,13.116325254522042,132.51201923076923,0.045
0.8617898280335018,13.601773293471918,143.5546875,0.0375
0.923669690482862,15.73728805286499,143.5546875,0.03
0.9280575051160669,13.961336742230419,126.04801829268293,0.0325
0.9913186407760475,14.935554323716852,129.19921875,0.035
0.9649344529866791,10.543011569665524,132.51201923076923,0.0775
0.9820907741931,12.059758467859478,129.19921875,0.04
0.965093662315991,13.191843668399349,129.19921875,0.0375
0.9287137254297675,16.28125727484629,129.19921875,0.0325
0.9495066989221181,13.546339820798298,143.5546875,0.0375
0.904645806137347,12.008508573291785,135.99917763157896,0.0475
0.8825233824454609,12.595465841163785,135.99917763157896,0.0425
0.9794673856753712,12.95878915180032,135.99917763157896,0.05
0.90200680315461,13.13009761251281,139.6748310810811,0.0475
0.9641032391287085,10.568341263507786,151.99908088235293,0.05
0.9695509716880861,11.836243731627587,139.6748310810811,0.0525
0.8858103588087813,13.450830165978266,150.0,0.0525
0.965249474922342,12.68224529314159,132.51201923076923,0.0375
0.9834054188567486,13.184301073506122,132.51201923076923,0.0425
0.8661055372837203,11.766034952353078,132.51201923076923,0.05
0.9779174408873228,12.10508902964515,132.51201923076923,0.0375
0.959562211272154,13.243015376028117,132.51201923076923,0.0625
0.9813645160077272,10.943285958795466,132.51201923076923,0.0275
0.981848674617954,11.118541897745445,164.0625,0.0525
0.9763837006638945,11.59043986673214,139.6748310810811,0.035
0.9923340037875781,15.064039790053515,151.99908088235293,0.0375
0.9202814032623072,13.097648749456715,139.6748310810811,0.03
0.9717596105231914,12.464583223051743,117.45383522727272,0.0175
0.8188507906185645,13.74992848491674,88.0,0.0275
0.988304525422438,13.49509475822029,123.046875,0.0275
0.8682654437720851,13.321415214786256,101.33272058823528,0.0375
0.9360545358813296,13.5911514310714,101.33272058823528,0.0375
0.8342296593010735,13.648235171402433,114.84375,0.0275
0.7909472252129479,13.583459588419533,94.0,0.035
0.9761612465827918,13.328893576966934,117.45383522727272,0.0275
0.8786030596722936,13.053229844655661,117.45383522727272,0.03
0.9722860679569381,13.450809872879297,120.18531976744184,0.035
0.9935976745717676,13.274100540788782,129.19921875,0.055
0.9030261806246588,13.765774294952264,120.18531976744184,0.035
0.7243522605814094,14.141552017524592,120.18531976744184,0.03
0.7617630629538291,14.433965961413104,120.18531976744184,0.04
0.8491651259685471,14.126222445280606,123.046875,0.0525
0.9098155697047776,13.179666788712863,120.18531976744184,0.0275
0.9459426922277382,12.887812812515657,120.18531976744184,0.0375
0.9683393944216176,13.379778013274068,125.0,0.055
0.9635602324356788,12.402684747790786,120.18531976744184,0.0425
0.9151720691709536,14.135610621002446,117.45383522727272,0.0275
0.9333538947232665,13.446833283762942,117.45383522727272,0.025
0.8679155339127853,12.418013830676607,120.18531976744184,0.035
0.8780629565252603,12.995202380709575,112.34714673913044,0.045
0.8428528015102852,13.953276355435973,117.45383522727272,0.0425
0.8677339490704111,14.029807801746212,117.45383522727272,0.0425
0.9332893296080579,12.043121632582139,120.18531976744184,0.0475
0.949814149525105,12.559491053830795,123.046875,0.0225
0.806529904034988,12.757002016969658,98.0,0.0375
0.9585226437943768,12.658614980917978,120.18531976744184,0.05
0.8237067058936995,13.627833001408433,120.18531976744184,0.035
0.9749274762090124,13.426587831975812,120.18531976744184,0.03
0.8693686206689111,14.190426441144409,112.34714673913044,0.025
0.842872235624682,13.872454087799031,112.34714673913044,0.0225
0.7640397261629885,12.50831580436329,87.0,0.0175
0.8084765640359121,12.673179084323902,87.0,0.0275
0.7540896381966736,12.990758788765444,87.0,0.025
0.948937715372359,12.8103829665042,120.18531976744184,0.0275
0.8550604456730142,14.071384649059482,117.45383522727272,0.025
0.9154056210119071,13.029576250332829,117.45383522727272,0.06
0.8612874857440085,13.238911494584906,120.18531976744184,0.04
0.9049371247282714,14.561410210961444,117.45383522727272,0.0275
0.9258439689080971,13.345196593872013,117.45383522727272,0.0375
0.9293082924881286,13.120970570884326,109.9567819148936,0.0425
0.7370279592389303,13.666831949691886,126.04801829268293,0.055
0.7582675886789108,15.848440992919048,123.046875,0.025
0.9171674264372653,14.320396848940945,123.046875,0.0475
0.9005352331339556,14.914839955048304,123.046875,0.0425
0.9316152746670632,14.000104601793803,126.04801829268293,0.03
0.8496719363625751,14.040816387143167,123.046875,0.025
0.863576606989322,16.003904908568146,123.046875,0.0175
0.8715854184580689,15.957802150886696,123.046875,0.0175
0.9082192278256842,14.118454700538393,123.046875,0.04
0.9267320430415577,13.700372029415036,130.0,0.04
0.8069395431439974,14.557087733552224,120.18531976744184,0.03
0.5694420824299937,14.027934299332163,105.46875,0.035
0.8829243459228201,11.744453065410404,139.6748310810811,0.06125
0.9112723770484864,14.983276077885485,132.51201923076923,0.045
0.9622028349456793,12.546263178865392,123.046875,0.045
0.9224654009241554,14.127179262164242,143.5546875,0.045
0.9293148869989425,13.957381090125597,143.5546875,0.05
0.7173629843757243,14.595773539266649,117.45383522727272,0.035
0.6237584868293207,14.351285185396826,114.84375,0.035
0.7432934232598406,14.754151217214313,93.0,0.03
0.8310446582292917,13.68100287119143,107.666015625,0.0225
0.6502576910406527,13.642328533890336,161.4990234375,0.0375
0.7296047214319981,16.959399372095458,120.18531976744184,0.025
0.7877396293625676,12.788789966476672,120.18531976744184,0.0475
0.8757207223284527,14.236784788315578,123.046875,0.025
0.888407444118867,12.010423064380852,120.18531976744184,0.04
0.6705426671953338,12.17067394636618,120.18531976744184,0.035
0.6397569814997411,13.217234051632362,120.18531976744184,0.035
0.9851435854343442,11.904796323826808,123.046875,0.0625
0.9935734205092179,11.549465372020498,123.046875,0.05
0.9614006784496556,11.841909540818532,123.046875,0.035
0.990571738470242,11.906919845609782,123.046875,0.0475
0.9802463818886736,13.440155268704288,123.046875,0.0375
0.9592708158963927,11.653865498075739,120.18531976744184,0.035
0.9678058941545272,9.312970556436728,120.18531976744184,0.0375
0.9883638629850336,8.046761437919555,120.18531976744184,0.0425
0.8893690790015959,13.54101585752241,120.18531976744184,0.035
0.9306907903690248,14.139779108157644,120.18531976744184,0.0475
0.9666691669456756,12.292013297649207,123.046875,0.0425
0.8704995150972376,15.263552632666157,123.046875,0.0525
0.9143872881949404,12.207040008663968,123.046875,0.0675
0.9127119485364728,12.856773629207987,123.046875,0.04
0.7503372296346982,11.048649069365206,150.0,0.0525
0.7268262573141573,11.746494178170826,156.60511363636363,0.0525
0.8354895308843409,11.241550098809533,147.65625,0.06
0.993952755778539,12.759052229309152,123.046875,0.0475
0.9809527166613623,12.846319930784496,151.99908088235293,0.0425
0.9740058191469002,12.824408817707774,151.99908088235293,0.04
0.8295577837225475,12.377735556836324,123.046875,0.0325
0.9750274620902286,12.035036700764127,123.046875,0.0625
0.8568272862496032,14.00236428276893,123.046875,0.0275
0.9065128179081884,11.696753485470488,120.18531976744184,0.07
0.9300884342932496,13.215805161848154,120.18531976744184,0.0575
0.9844275931445328,10.723495747373894,126.04801829268293,0.0975
0.9201082550736848,12.181794978225758,129.19921875,0.06
0.9513029371497272,13.134636222528064,122.0,0.0275
0.9424338162859026,13.094414214985889,122.0,0.0425
0.9779024707914726,11.38764158529066,123.046875,0.05
0.964238750667112,13.866759426750196,123.046875,0.03
0.9798288896142556,11.694314666344006,122.0,0.02
0.9543204795321631,11.745529363271007,123.046875,0.025
0.9704569261754019,10.975776194102501,123.046875,0.0425
0.8882913949281269,14.241007228555912,123.046875,0.05
0.9598349184540832,11.978241815515931,123.046875,0.04
0.9384608853444457,11.0214835738972,123.046875,0.0725
0.7736524772262039,14.451124495220215,112.34714673913044,0.0325
0.8098646884792808,14.279612794598336,120.18531976744184,0.035
0.840012146900819,15.514610239580769,120.18531976744184,0.0225
0.9349996014372596,10.472985433650289,120.18531976744184,0.0375
0.9342426850128588,10.909341658085374,126.04801829268293,0.04
0.9819345654389215,11.795870550108852,129.19921875,0.04
0.9942208839873297,13.010807048382233,126.04801829268293,0.085
0.9593186956915367,11.745009230381378,123.046875,0.05
0.993154807936814,11.81882412651587,129.19921875,0.045
0.985221076272592,10.909428533132363,129.19921875,0.0825
0.9945933188302772,11.5154385860804,126.04801829268293,0.0325
0.9674429148715328,9.586324110618852,126.04801829268293,0.0625
0.9899230824673784,12.480479842234477,132.51201923076923,0.0625
0.8723612069284628,12.690489789643678,128.0,0.0325
0.6963366552373159,14.376084741418971,129.19921875,0.03
0.842294878151563,13.762806699693176,129.19921875,0.03
0.88213658020319,13.07266888426534,129.19921875,0.0675
0.9665344550060764,13.384190693107689,123.046875,0.0475
0.9921914472357166,14.11875796954927,126.04801829268293,0.0375
0.8813842303943016,13.24167214674828,126.04801829268293,0.0475
0.8393633358689085,14.273421549646049,123.046875,0.035
0.9344085713708724,13.659409690248953,126.04801829268293,0.0475
0.9559894587693256,12.695612146633533,126.04801829268293,0.05
0.9043013334074752,13.844916842001542,129.19921875,0.0475
0.7102335724003572,13.1088741483431,126.04801829268293,0.04
0.900481666730351,13.044729140534768,123.046875,0.0425
0.9589384214860746,13.584713824625156,128.0,0.0425
0.9968455820776884,11.678671044952342,129.19921875,0.0475
0.9913280848411176,12.626290652274887,129.19921875,0.05
0.9782056455025304,12.425577694158765,128.0,0.04
0.975319299316242,13.734044770765514,132.51201923076923,0.0275
0.7896548409722532,14.303189329338158,117.45383522727272,0.0275
0.7121928463492185,12.378664047647078,120.18531976744184,0.0425
0.964783968991011,13.021776268099815,126.04801829268293,0.0225
0.9358814556110118,19.205823892985457,126.04801829268293,0.0425
0.9530467996774116,10.678634509626008,123.046875,0.03
0.9419207029645117,11.350697755948346,126.04801829268293,0.0425
0.9500885126682586,17.073500534494837,129.19921875,0.0325
0.9842433099731296,12.626868690255336,135.99917763157896,0.0625
0.7717093742104437,14.23318953299884,126.04801829268293,0.03
0.863242223610428,12.38673239863503,123.046875,0.02
0.5523368867381733,12.723357558477414,123.046875,0.0175
0.9030109957308288,13.377756602218565,112.34714673913044,0.025
0.9259177855020525,13.037091786803781,126.04801829268293,0.0325
0.8770283971100858,12.937575230590957,123.046875,0.0275
0.9853013506946446,9.683027246775541,117.45383522727272,0.03
0.9722170043082784,10.269516911482528,126.04801829268293,0.025
0.8672861165195506,14.144468059471912,129.19921875,0.0425
0.8563344134617451,13.444785363972333,117.45383522727272,0.0575
0.9133454182964912,11.72296576684624,123.046875,0.0375
0.8293706707350771,13.77533184960706,131.0,0.0625
0.893078028314727,12.857624983162014,123.046875,0.0325
0.8294152759243489,12.579318407199345,123.046875,0.0525
0.8752933708395418,13.154377665984985,123.046875,0.0475
0.9542270039496341,12.434811954625847,123.046875,0.0225
0.8815237516582493,11.532503788457817,123.046875,0.0675
0.9582119728410724,11.238160521080625,120.18531976744184,0.05
0.9290139313020662,13.230550284182716,123.046875,0.035
0.9866488406742466,12.92474795459179,123.046875,0.0375
0.938196587751622,12.89322888142658,123.046875,0.04
0.8891631026837189,13.97940008672039,136.0,0.0225
0.8909422149958511,14.661952523015678,135.99917763157896,0.04
0.8815921841833544,13.707943942934897,123.046875,0.03
0.9968453617169923,13.141109790561334,143.5546875,0.045
0.9836295342417983,11.342567637007107,129.19921875,0.06
0.9906379512226732,14.513011053726323,123.046875,0.02
0.9902076894995462,12.220008129430727,120.18531976744184,0.0575
0.9244080085302857,13.328837249016242,125.0,0.0425
0.8273686729626488,13.278535927214598,123.046875,0.035
0.9073938497144294,13.29464677974985,123.046875,0.05
0.92765598504043,12.766224635059372,123.046875,0.03
0.8992518122097815,13.991290659647277,123.046875,0.025
0.9821948298475273,10.23734960411504,126.04801829268293,0.0925
0.9701900880221104,10.39813335772669,126.04801829268293,0.095
0.948074342576654,14.950771864214051,123.046875,0.0375
0.9465680324969494,15.129978635410904,123.046875,0.0375
0.8733441092894403,13.314024992092987,122.0,0.03
0.9509179314003962,13.875200807861445,120.18531976744184,0.0825
0.9577528804148092,13.60914662453376,120.18531976744184,0.0925
0.9459439869914184,16.23118096510384,123.046875,0.0475
0.908354063070806,14.773204789853235,123.046875,0.0275
0.930253694227988,15.125712185686421,123.046875,0.0375
0.9496793816874667,14.012677018450063,120.18531976744184,0.025
0.9752804184315413,10.178513677963782,123.046875,0.0575
0.5008299138114111,16.479335956464208,120.18531976744184,0.0225
0.5058732210009538,15.346091504519817,120.18531976744184,0.025
0.6897540730036334,16.278036662852465,120.18531976744184,0.03
0.7970551525743734,14.983947621704656,120.0,0.025
0.8200978979133675,15.002028004312564,120.18531976744184,0.0425
0.9038162208246128,12.928698570179822,120.0,0.03
0.8521899430161944,14.306520628522161,114.84375,0.0225
0.8960968322389441,16.120965149934168,143.5546875,0.0425
0.95963107821788,13.97470224769116,123.046875,0.0525
0.9809599447099868,13.984215326410212,120.18531976744184,0.0625
0.7823909209801846,13.782467723895294,120.18531976744184,0.025
0.9803024608044939,13.37836975598026,120.18531976744184,0.045
0.932802873444462,12.465669314690802,123.046875,0.065
0.9705260753666605,11.984311379374661,123.046875,0.06
0.8784809105932441,13.39676334626012,123.046875,0.06
0.9590621762858869,12.172328232330592,126.04801829268293,0.06
0.9076291128011797,12.935425143015607,126.04801829268293,0.065
0.967904463553385,12.511316288179138,126.04801829268293,0.055
0.8927553311116297,12.22942449537565,126.04801829268293,0.055
0.9363927139455648,12.013173666025295,126.04801829268293,0.05
0.8688466430173961,13.18541282584195,126.04801829268293,0.0725
0.6363777278036944,12.846257480569664,125.0,0.0425
0.9193136532633501,11.627642287406271,125.0,0.05
0.7497353374638258,13.77198013176324,117.45383522727272,0.0425
0.6624390280874211,12.51408912464968,117.45383522727272,0.055
0.9566467421591712,15.941412191946624,112.34714673913044,0.0375
0.9478481647280871,13.553312366672937,120.18531976744184,0.0525
0.8666475267749816,14.121808560670996,118.0,0.065
0.9669993216084424,13.049792669959398,123.046875,0.045
0.9812391854274236,11.780714271923848,123.046875,0.055
0.9770342084496656,12.254344636173474,123.046875,0.055
0.951618444124598,12.849250979936784,123.046875,0.0525
0.9907614402248152,13.715102488321737,120.18531976744184,0.045
0.986715167232141,13.72404422770368,120.18531976744184,0.0475
0.9718514813138481,13.45983247524763,117.45383522727272,0.045
0.9856359203462481,13.17550143489175,85.0,0.0475
0.9593866793956368,12.693595524154976,105.46875,0.06
0.8216624522729136,13.795248308190518,129.19921875,0.035
0.9552092542072134,13.231828906962289,117.45383522727272,0.0525
0.9153229585211672,10.455771115314016,123.046875,0.0525
0.9794960762350022,10.708357666624408,132.51201923076923,0.05
0.9362316280762693,9.680582624361978,135.99917763157896,0.055
0.9508785378448428,15.342968892478329,122.0,0.055
0.9435170004436548,10.323895502483463,139.6748310810811,0.0425
0.947544592725141,10.677187538303091,132.51201923076923,0.0425
0.8591832173344267,12.362772212781532,139.6748310810811,0.0425
0.9285992485886092,10.528067038522089,137.8125,0.045
0.952201700512114,14.056639748326596,123.046875,0.045
0.9137798889035368,11.827760962464591,137.8125,0.035
0.8889720792504606,12.242987952897062,139.6748310810811,0.04
0.9559114831682043,11.405728605461515,134.0,0.0425
0.9709880843458958,15.602094402661399,129.19921875,0.0325
0.9734831309660736,11.26675825100472,105.46875,0.05
0.9739511098605436,11.535952256010077,126.04801829268293,0.055
0.94990684737475,10.984911991566369,123.046875,0.045
0.90678012492416,12.442750993291282,120.18531976744184,0.035
0.8527584792113834,13.990326948252962,123.046875,0.045
0.8754924699000305,12.650491709663354,120.18531976744184,0.035
0.8797727728522016,14.109454148518182,120.18531976744184,0.03
0.8651714204450979,14.722973194847098,120.18531976744184,0.045
0.9607113499146328,12.49120114401462,120.18531976744184,0.03
0.5628055671745957,13.738492551438346,123.046875,0.045
0.9882434877867966,12.882483589821964,120.18531976744184,0.0675
0.9829881575614744,11.750300900979687,120.18531976744184,0.035
0.9561059246757244,12.466578803328668,123.046875,0.03
0.9820449049379933,13.139821008552023,123.046875,0.025
0.9904425478736623,12.414378895867499,126.04801829268293,0.0225
0.952681470037893,12.445169837909344,123.046875,0.0225
0.9768925130720068,13.167042753647207,120.18531976744184,0.0225
0.9822895135844807,11.386882293012707,123.046875,0.0275
0.993854176700337,11.595921969909128,123.046875,0.0275
0.9857935547238704,12.091131656477527,123.046875,0.02
0.966482598410124,13.270826542603585,123.046875,0.0275
0.9917845601759048,11.520666231112685,120.18531976744184,0.015
0.978205358477547,13.075974144204462,117.45383522727272,0.055
0.9410278635042556,12.714346785289468,123.046875,0.0275
0.9383716823073924,13.686830758038028,122.0,0.0225
0.9776664561104288,13.229380522877698,123.046875,0.035
0.9940156339073534,13.063796159810341,120.18531976744184,0.0325
0.9680317412770392,13.463419863637444,122.0,0.0325
0.9678980857661387,13.258395864364324,135.99917763157896,0.035
0.9765996493191641,13.129590801187303,135.99917763157896,0.025
0.987619685050116,12.552775195759375,129.19921875,0.025
0.9683411778057502,12.87109168857504,126.04801829268293,0.02
0.9828507977442492,11.502558426532635,135.99917763157896,0.0225
0.9807523589938514,10.998683694298498,129.19921875,0.025
0.9957790006850351,11.15065898030575,129.19921875,0.0225
0.9815889440443673,10.45465968838252,129.19921875,0.02
0.9988584000084826,11.255098105758497,128.0,0.0275
0.9924773539794496,13.49902690916642,123.046875,0.0325
0.8739431385009686,16.147757137336974,123.046875,0.0425
0.9602813138854744,14.404187379369924,123.046875,0.025
0.9617060108708952,11.054235557380018,139.6748310810811,0.025
0.8751081844250428,13.97940008672039,129.19921875,0.02
0.9837478462794268,14.594998057588594,117.45383522727272,0.035
0.8934361935363165,13.11085217960969,129.19921875,0.0375
0.9873216624526551,12.497193763868413,129.19921875,0.0475
0.9836229030301912,12.96462696688073,129.19921875,0.045
0.9008040200758818,13.344370893060228,129.19921875,0.0525
0.9817826024389995,13.263919118026262,120.0,0.035
0.9566423092830731,13.984229653885944,120.18531976744184,0.02
0.9957050003846406,10.331915044378858,126.04801829268293,0.03
0.9764996944430272,11.618974792174852,129.19921875,0.0625
0.9929393227582188,11.594914240973864,129.19921875,0.0575
0.9471703991518694,13.97070607446474,105.46875,0.0425
0.9740603816649436,12.432389143484716,129.19921875,0.055
0.9736632715414213,12.190964813651892,129.19921875,0.07
0.8758598434762435,12.896832783524287,129.19921875,0.02
0.940803039543362,13.294905565444662,129.19921875,0.035
0.9390589829306134,12.948932380741413,132.51201923076923,0.03
0.9733633645556763,14.26675613027728,126.04801829268293,0.03
0.8932909935564795,12.588072738604303,132.51201923076923,0.045
0.9637812465999692,12.35671224155503,123.046875,0.045
0.9521730805662189,14.330968457372563,120.18531976744184,0.0275
0.9772988687953993,12.244527215332353,129.19921875,0.0675
0.956040435535526,13.6340654928897,142.0,0.0275
0.9577950172158464,12.502528155074176,123.046875,0.03
0.893436209227719,13.11085217960969,129.19921875,0.0375
0.97497503697363,10.758132302886066,123.046875,0.035
0.9862309001399177,13.002035456382615,123.046875,0.0375
0.9893921071591176,13.434715985954607,123.046875,0.0575
0.8994424297166854,12.748378356845873,120.18531976744184,0.07
0.8804331594797786,12.151006919886932,129.19921875,0.0375
0.8481817188073145,11.967883529917124,117.45383522727272,0.055
0.9310147003271754,11.40594291152647,117.45383522727272,0.0575
0.9327040778169372,11.317967338728142,120.18531976744184,0.0525
0.9626522838072704,11.185516554725435,120.18531976744184,0.05
0.8800083751722301,14.42146495160008,120.18531976744184,0.03
0.8601498138973952,13.962607555448917,123.046875,0.0425
0.8345602329933646,12.924886615937657,123.046875,0.035
0.970199724829812,13.0950295055818,120.18531976744184,0.045
0.9574031163552394,12.619192525926646,120.0,0.0275
0.8115608677505778,13.408136649153214,126.04801829268293,0.05
0.946475330664721,12.654412338585693,126.04801829268293,0.0275
0.9484191706386352,11.661126344485186,120.18531976744184,0.035
0.7922598146927143,13.618357715083807,126.04801829268293,0.0275
0.8322032220802815,12.777252297709357,126.04801829268293,0.03
0.9812545559089444,11.014423792857665,126.04801829268293,0.03
0.9930022130574028,12.016703476830902,123.046875,0.0275
0.9506428631807311,13.113049253787871,123.046875,0.05
0.9438549009754776,10.983464470426137,123.046875,0.035
0.896955940952019,10.899191661777946,117.45383522727272,0.03
0.9077854545077074,13.563041895512658,123.046875,0.015
0.9302225339037524,11.2109022602423,120.18531976744184,0.0275
0.8638981579186046,12.93022820624125,100.0,0.035
0.8759920880716987,13.108838384917398,100.0,0.035
0.9734814568486663,12.63798520670197,100.0,0.04
0.9023993107409751,12.098202471277602,98.0,0.045
0.9499264035789503,12.48155691784472,126.04801829268293,0.0275
0.7928969506687491,13.97940008672039,126.04801829268293,0.04
0.8875287629874978,12.131937674267448,120.0,0.0325
0.9656260994443422,12.386765598221078,120.18531976744184,0.03
0.8164407521348893,14.157220561925271,120.18531976744184,0.0225
0.9799217636022248,11.990518213444206,120.18531976744184,0.0325
0.9626695938275583,12.15813510414316,120.18531976744184,0.0325
0.9693607033843976,9.195831160602367,120.18531976744184,0.0325
0.9786451078510352,10.901668941036275,120.18531976744184,0.05
0.9733654419613572,12.348677421469336,129.19921875,0.055
0.9814976700855784,9.742007958898723,124.0,0.0525
0.9469710696380984,12.822923213048572,120.18531976744184,0.04
0.8973090520151746,14.105364557897152,114.84375,0.0625
0.9308472097777476,12.711516855054821,120.18531976744184,0.0475
0.7960169266554854,14.63611097872898,114.84375,0.0375
0.9757145294430516,11.973706621800345,105.46875,0.04
0.9720230961340288,12.037352664580473,105.46875,0.0375
0.6926762930893093,13.466594502943561,122.0,0.025
0.8478050546202345,15.025400805378169,126.04801829268293,0.05
0.8622435436013999,14.844929989727166,126.04801829268293,0.0425
0.8714304598974778,14.653892963814702,126.04801829268293,0.04
0.8720602285690782,15.054720166875246,126.04801829268293,0.0525
0.969470102127189,11.20018730124942,117.45383522727272,0.05
0.936896543535054,14.150332398520046,114.84375,0.05
0.981685925805947,11.972763283488357,120.18531976744184,0.03
0.865678480521121,13.294017538246692,120.0,0.015
0.840381251109452,15.187754384732536,114.84375,0.0425
0.9775355628165132,12.736161012607699,134.0,0.0475
0.8668220363434814,11.57520205609369,126.04801829268293,0.0325
0.8368436755653326,12.2037696873534,129.19921875,0.0375
0.8370260589749733,11.966060319008369,129.19921875,0.035
0.9095372640370042,11.066391783031673,132.51201923076923,0.055
0.9578493095743759,13.480645015045233,123.046875,0.0275
0.946622298664733,12.119503279008114,123.046875,0.02
0.9948096577256644,12.694185047001415,120.18531976744184,0.01
0.9345933938000729,12.816534679599188,120.18531976744184,0.025
0.7011267855924754,12.412417083399273,123.046875,0.025
0.9776212866375837,12.116351701747394,120.18531976744184,0.0425
0.8697300850510992,13.428938897410582,97.0,0.0375
0.8641726260211294,14.617789890028616,117.45383522727272,0.045
0.845372625348388,14.01358265939268,114.84375,0.0375
0.85287185134813,13.734734643080905,105.46875,0.045
0.9030513022892612,12.802243256056979,120.18531976744184,0.05
0.9019409104305915,12.920340063599664,114.84375,0.0525
0.835974442527757,14.14990134961199,114.0,0.0475
0.9130219025553195,13.158272712471902,101.33272058823528,0.04
0.8775141294959822,13.591798170653245,120.18531976744184,0.0425
0.9199049808150104,13.638427113196077,107.666015625,0.0375
0.8868789037897749,13.74617258672622,123.046875,0.0475
0.8168086258032831,13.919632634826474,90.0,0.0325
0.9035863650079109,14.696208816392843,126.04801829268293,0.0425
0.9250265290129258,13.865019829100365,120.18531976744184,0.0425
0.8944393381787067,13.990325335396175,112.34714673913044,0.045
0.9513113021421327,12.627395902062812,123.046875,0.0325
0.964298472254412,11.86693051463282,123.046875,0.0625
0.8856841601076497,12.52898076832528,120.18531976744184,0.0525
0.9321144067476468,11.822360444820626,120.18531976744184,0.04
0.9755499722166675,11.55616385592528,126.04801829268293,0.0475
0.9261835737755295,11.685969725927773,120.18531976744184,0.03
0.9810212383853204,10.03250573940048,123.046875,0.04
0.9554427365625159,10.053671375219999,120.18531976744184,0.0525
0.9851503868137176,12.94905062635018,123.046875,0.0225
0.9941707397022634,11.866194176715114,126.04801829268293,0.06
0.957464619120778,10.749374310824996,123.046875,0.0475
0.9999408889869127,13.58006869096858,126.04801829268293,0.0375
0.9476835042654528,9.720176029958708,120.18531976744184,0.0525
0.9552225038241712,10.519594962936544,120.18531976744184,0.0525
0.990723323911596,11.977216505158545,123.046875,0.0475
0.8430643439134209,11.394872031817231,120.18531976744184,0.055
0.8485139236338319,11.214323531741874,120.18531976744184,0.0575
0.8939417833435017,10.33313043635231,120.18531976744184,0.0425
0.8778227727909221,10.634268398307082,123.046875,0.06
0.9659660893905448,11.33270974547663,126.04801829268293,0.0425
0.990221777317657,13.175660799628428,120.18531976744184,0.025
0.9667101483283392,12.420661021477953,123.046875,0.0475
0.9549982461113427,14.03799217186883,126.04801829268293,0.0525
0.9179249951768464,13.782769325641002,120.18531976744184,0.045
0.9938233694535444,8.223044585766667,126.04801829268293,0.085
0.9599603922694334,13.522494372579551,124.0,0.045
0.9760827765392384,13.197602212304329,123.046875,0.0425
0.9622529875237441,12.329187927396301,125.0,0.07
0.9810050365135894,11.971290881199558,126.04801829268293,0.0625
0.9734331932242344,14.33689495653515,127.0,0.025
0.994364008630812,13.521313811897667,126.04801829268293,0.03
0.9898000317426734,11.40021637590586,123.046875,0.0475
0.8637481082136444,13.161836408190716,126.04801829268293,0.0325
0.928237514038782,15.23021918804971,114.84375,0.0375
0.9463907039783738,15.024866954693106,114.84375,0.0375
0.8088875916838746,14.871296602233041,114.84375,0.04
0.7916583866840007,15.022874846665513,114.84375,0.0525
0.9723112600649018,12.51127803047864,120.0,0.0325
0.9059052449956382,13.167543336989947,120.0,0.03
0.9856955343100042,10.285587460545337,120.18531976744184,0.0275
0.8627247857711426,12.265882937193538,123.046875,0.025
0.8535829820440468,12.493770587976003,123.046875,0.0725
0.866292446440336,11.717635469826092,120.18531976744184,0.0325
0.9295511853100896,11.753759736550784,123.046875,0.035
0.9392948850716687,12.786898004389508,120.18531976744184,0.025
0.955425762696146,10.376497444353646,120.18531976744184,0.035
0.8591918021578608,12.76388468394568,120.18531976744184,0.05
0.8919095229795773,11.128613795613946,123.046875,0.035
0.9104230579333121,13.345128555916565,120.18531976744184,0.04
0.8750524984473252,15.649557826692586,120.18531976744184,0.045
0.8302848960652618,15.146792420923944,123.046875,0.035
0.9048692219137326,12.045190405366279,120.18531976744184,0.03
0.8960792866702048,14.557280656917428,129.19921875,0.0275
0.9553615226965353,14.919229164116397,122.0,0.035
0.9883173341716665,16.091335591444317,122.0,0.0275
0.9640682221203504,14.573282155292288,122.0,0.0375
0.9634118677597436,14.084031524632849,123.046875,0.07
0.9399659847427896,11.161545038246572,123.046875,0.0625
0.9011820627562588,12.523366875814782,120.18531976744184,0.0425
0.8901950826068159,13.16890072994583,120.18531976744184,0.0325
0.9348768110970592,13.13391822661724,126.04801829268293,0.065
0.8923520157382929,12.863548414041556,126.04801829268293,0.0625
0.9339168420378952,12.46504659754427,123.046875,0.05
0.9324536857144212,13.20791830188951,114.84375,0.0275
0.7951043572185842,12.740090924529753,112.34714673913044,0.0625
0.9007414354273489,13.295912811376223,94.0,0.0275
0.9233711901795324,11.830849919256902,92.0,0.0425
0.9870073117559288,13.118445311606788,123.046875,0.03
0.9335950788102432,11.923890931672863,123.046875,0.0275
0.9642579546975484,12.276676547142625,120.18531976744184,0.0475
0.9666050512700619,12.087258941077481,120.18531976744184,0.045
0.9606776530856866,12.332569208049469,120.18531976744184,0.045
0.9198323596200266,12.557352612636489,120.18531976744184,0.0475
0.9605972988506656,13.43201747628011,123.046875,0.045
0.9712855540699087,13.234022140358721,123.046875,0.0425
0.9625990452497718,12.803340794633034,120.18531976744184,0.0425
0.8909608835877575,12.899300324386498,120.18531976744184,0.035
0.9587286580268746,13.14317517845221,120.18531976744184,0.0425
0.8958414609334998,14.018772922543658,123.046875,0.0325
0.9889132783259516,14.634322859006902,123.046875,0.0525
0.9492324823178344,13.551912434383485,120.18531976744184,0.03
0.966022960646734,13.154854309874768,103.359375,0.0525
0.9282369023725603,13.46509008471617,117.45383522727272,0.0425
0.9588266331904024,13.323081488400884,123.046875,0.0425
0.9152875730593216,13.169146210707805,123.046875,0.05
0.9384103750987598,13.742464577872363,123.046875,0.0325
0.9857392520679086,14.863269506322773,117.45383522727272,0.0275
0.9517621501704163,13.245725663319197,120.18531976744184,0.0325
0.9797199948426224,10.87841442012354,117.45383522727272,0.0425
0.8511736165913093,12.791406928809186,117.45383522727272,0.0425
0.96636364336393,11.61448911708214,123.046875,0.04
0.9136535642582652,13.368235564131371,123.046875,0.03
0.9612982005956452,11.306075154709951,123.046875,0.0375
0.985826738118236,11.614377411960316,123.046875,0.0275
0.9409039926244457,12.851006977698036,120.18531976744184,0.0525
0.9146711734692962,13.073066464421228,120.18531976744184,0.0325
0.9417235155372782,12.51255575316009,120.18531976744184,0.0375
0.9469724012081503,13.832738628279241,120.18531976744184,0.0425
0.9397657754982908,12.178982004234326,120.18531976744184,0.0375
0.771102250845253,13.789461798883403,110.0,0.0375
0.8920913926033627,14.050903673863122,105.46875,0.0325
0.8906700477732165,14.37092876342733,114.84375,0.0325
0.8260509191617423,14.316449211728077,120.18531976744184,0.0375
0.8569594964698364,13.122321828055192,123.046875,0.035
0.9623798099531574,12.801245268129582,123.046875,0.0475
0.9530832179137332,12.750089932719147,120.18531976744184,0.045
0.8816961022674743,14.217299864882445,120.18531976744184,0.0375
0.9626454982186334,12.945536900837192,109.9567819148936,0.0425
0.8852572791272335,14.06846390919997,123.046875,0.0375
0.9305954890666156,13.98097513898849,120.18531976744184,0.0275
0.9260466600851438,13.033744084467113,120.18531976744184,0.0275
0.9466987674492415,14.273594563564975,120.18531976744184,0.028749999999999998
0.8833161273975187,14.088583790560135,120.18531976744184,0.0225
0.7937221074774028,12.531403405400376,117.45383522727272,0.05
0.9237172447868016,12.048947164702138,120.18531976744184,0.04
0.7535974483511862,13.696568551183134,120.18531976744184,0.0275
0.890802945288464,13.024445880977236,120.18531976744184,0.0625
0.9883572371725824,13.23054681240885,126.04801829268293,0.05
0.9735269735046818,12.39641263886185,126.04801829268293,0.045
0.994246787526486,12.850575656769363,130.0,0.0225
0.9494330441675274,12.601220415465594,126.04801829268293,0.02
0.9269948700567248,11.94661662112502,126.04801829268293,0.0175
0.9095729088075148,14.126125149787924,126.04801829268293,0.02
0.7821848511550842,16.623554667531025,129.19921875,0.035
0.7403872979752046,15.584577321918358,129.19921875,0.04
0.948919330976994,12.495332692945675,123.0,0.05
0.9015744415594118,14.527321297593582,123.046875,0.0375
0.9030932753906973,13.97940008672039,123.046875,0.0325
0.956626530743768,14.109351397124492,123.046875,0.0325
0.9420392838652796,11.965401276097907,127.60416666666669,0.0275
0.9129309641667044,13.362366283680965,123.046875,0.0525
0.8299297358719295,12.823539284473721,122.0,0.0625
0.8828072111461216,8.868632546806344,122.0,0.0175
0.9196721812010652,11.485719342491386,126.04801829268293,0.035
0.5689506177111053,14.624541735596349,120.18531976744184,0.0275
0.9342151809267503,12.35428286230546,129.19921875,0.0375
0.4111732665310708,15.36059671711608,125.0,0.0175
0.8507248636881621,14.205045346521578,126.04801829268293,0.04
0.9204522309098276,13.365859971945149,123.046875,0.04
0.8279955015023164,13.97940008672039,123.046875,0.04
0.8401503915366927,15.145209529430451,123.046875,0.03
0.9574532668455875,12.713274988530657,123.046875,0.035
0.909870467396205,14.861870547362148,107.666015625,0.0225
0.8685166368396048,15.17207612564222,125.0,0.0275
0.9788183646451256,11.494964638552572,123.046875,0.0225
0.9699003745502668,12.84439026974043,129.19921875,0.065
0.941228223574622,12.116787238379882,123.046875,0.0475
0.9241997956089544,12.086216173181942,126.04801829268293,0.0425
0.9524077217221443,12.266253042356873,126.04801829268293,0.0425
0.8908513802599808,12.795895526232538,126.04801829268293,0.0375
0.924792210183683,11.74520781580042,126.04801829268293,0.05
0.8822485778949684,12.848823015284829,123.046875,0.0375
0.939667879920729,12.06490621858546,123.046875,0.045
0.9528033810765758,11.806582656822624,123.046875,0.03
0.9855682502490836,14.990405320035228,123.046875,0.025
0.917651414141393,11.126483923936439,123.046875,0.0575
0.9341076444628564,13.886512263083134,123.046875,0.035
0.6896139134990829,12.877543709468782,117.45383522727272,0.0525
0.9741711958116022,11.572933838183717,126.04801829268293,0.025
0.8438244929938867,13.728538142867238,123.046875,0.0375
0.7571010576583678,14.054602867853966,123.046875,0.0325
0.9134407163189691,12.411207149536732,120.18531976744184,0.0275
0.975942785313626,14.693352171755723,123.046875,0.0375
0.9871666676198316,11.9673422226781,123.046875,0.045
0.9907982063636052,11.817090187639938,123.046875,0.0375
0.9801578823292121,11.416940100644133,120.18531976744184,0.0775
0.9843093178586456,11.744114166409648,120.18531976744184,0.065
0.900787558325383,12.770711691777421,123.046875,0.035
0.7398251715100749,14.13151595828917,123.046875,0.0225
0.990640832355601,11.477001704256486,123.046875,0.035
0.9655092008429481,10.74986862500938,123.046875,0.0325
0.9921895632498694,11.87953533341278,120.18531976744184,0.035
0.9957528173405896,11.479202519358894,120.18531976744184,0.045
0.9547885606667964,10.270347854064662,120.18531976744184,0.035
0.9812889636769773,11.660748993541997,120.18531976744184,0.0375
0.9891446329287448,9.04387670626344,123.046875,0.0575
0.9683085585155808,10.884068302933896,123.046875,0.04
0.9930898304919836,10.31578679205846,135.99917763157896,0.07
0.9891138053999338,10.407463975052144,120.18531976744184,0.065
0.957024313142253,11.6925954487694,126.04801829268293,0.035
0.9738707014826772,12.996655387856435,82.0,0.0425
0.9911214250249,11.393275296510447,135.99917763157896,0.055
0.9165149761748732,16.348794929661842,126.04801829268293,0.03
0.9987956440275332,14.599716512886417,123.046875,0.02
0.9228442788568895,13.407858493342633,126.04801829268293,0.03
0.8720048812090798,13.603405312305144,120.18531976744184,0.05
0.8492558656419771,14.095186840357414,123.046875,0.03
0.6615443490599433,13.97940008672039,129.19921875,0.0425
0.9910050760140464,12.46638138016041,123.046875,0.065
0.9542596781578894,12.058506575898006,123.046875,0.055
0.972960389821564,11.614545999423626,125.0,0.0425
0.9720835951066928,11.223011326033914,123.046875,0.035
0.9556534135362698,13.613140754802156,126.04801829268293,0.045
0.9793495653278615,11.89471767779846,123.046875,0.05
0.9849945063933208,10.973144006293357,123.046875,0.0375
0.8105987975001891,12.453980003054598,126.04801829268293,0.0525
0.9829639009581281,11.149188505584418,126.04801829268293,0.04
0.6585824658518395,12.575303605169388,126.04801829268293,0.03
0.6688571981183837,13.578148277658164,126.04801829268293,0.025
0.9620853279966922,12.060068124985609,119.0,0.06
0.9788604152194804,10.66949592991102,116.0,0.0725
0.9618864770933482,12.006366797547956,116.0,0.03
0.8339802564148036,15.663317107402266,117.45383522727272,0.0375
0.8461196541213292,13.05961105784722,120.18531976744184,0.03
0.8123905316438148,14.099749686693846,120.18531976744184,0.04
0.9974818881996048,10.014256423303319,126.04801829268293,0.1
0.9246105050425879,14.605146267407587,114.84375,0.0425
0.928055945976789,11.760861568818914,120.18531976744184,0.0425
0.8862244065731565,15.199164911152492,117.45383522727272,0.035
0.9607367487900629,12.96288759572622,126.04801829268293,0.0275
0.9655120413083598,12.892992953387282,126.04801829268293,0.025
0.8436441769783506,12.032061335194973,121.0,0.0325
0.7930474630807918,14.210686582198802,105.46875,0.0325
0.9666891752799904,12.306081561322834,123.046875,0.0275
0.7959596716294385,12.860430933680677,121.0,0.035
0.9710669442278808,13.157777089948784,123.046875,0.0325
0.9308501383365466,13.379247990573525,120.18531976744184,0.0625
0.9070962266771934,14.273687049211937,123.046875,0.045
0.9636801772813146,13.775045954063858,109.9567819148936,0.0225
0.8562069386582554,13.048893918531748,90.0,0.045
0.957646595354607,11.68245505298206,105.46875,0.0325
0.9674548565660406,13.029723362179585,120.18531976744184,0.0625
0.9872546292020404,12.398677256193793,107.666015625,0.0525
0.8928819508254018,12.675882714925152,86.0,0.0475
0.9009432600609432,13.036312089688568,82.0,0.035
0.9831540559652572,11.991111179804378,120.18531976744184,0.0325
0.9731543037663387,11.482705983121292,101.33272058823528,0.05
0.7900052141980554,13.448789384042112,123.046875,0.05
0.9735081803166388,11.71226280555068,103.359375,0.0325
0.8884885616111472,12.404023137572793,72.0,0.0375
0.9691346099938765,11.818781284230276,114.84375,0.0325
0.9752504432082809,12.81643221278247,112.34714673913044,0.035
0.9433214759169828,13.366364597754828,123.046875,0.045
0.7755229145833149,14.086328886543125,120.18531976744184,0.015
0.9464302819613212,14.201103652395336,114.84375,0.0375
0.745825561851365,14.079908278782671,117.45383522727272,0.0275
0.9382221366569149,12.07522882067392,120.18531976744184,0.04
0.9627068890659568,11.330221524767232,117.45383522727272,0.07
0.989233646325836,11.685130833195842,126.04801829268293,0.0725
0.9609403474235392,12.411389237325215,123.046875,0.0425
0.9576711017782814,12.23238424033538,129.19921875,0.0525
0.8937320622526015,15.729306249978595,126.04801829268293,0.0475
0.9593748115301532,12.54922385858021,123.046875,0.0425
0.9680022062637932,13.481357094546775,126.04801829268293,0.0325
0.988884869010358,10.3517595144146,126.04801829268293,0.0475
0.8348829819848329,13.901082327872505,127.60416666666669,0.0325
0.8343638633492241,13.948059610539378,127.60416666666669,0.0325
0.6830891000105783,15.600208852711003,125.0,0.0225
0.8013356840493682,14.658175188208007,143.5546875,0.035
0.6117381295989812,15.088905659916636,126.04801829268293,0.0325
0.7557638511920401,13.624620218827317,126.04801829268293,0.0275
0.7578824331492693,13.758433252829054,126.04801829268293,0.03
0.8014820453296454,14.073473063068995,109.9567819148936,0.0275
0.7998215537507475,13.974859737845303,109.9567819148936,0.025
0.7723137156139586,12.967460582601987,120.18531976744184,0.03
0.7702466036942471,12.99345954894935,120.18531976744184,0.03
0.7071718500167322,13.384362256337734,124.0,0.0325
0.7312089516447196,14.570359317752809,135.99917763157896,0.0275
0.7312151282863423,14.41530263541488,135.99917763157896,0.0275
0.83907030523127,13.683703773973036,107.666015625,0.03
0.8721531363300459,13.306359414315805,107.666015625,0.035
0.6488350641779905,12.52081319744285,120.18531976744184,0.055
0.9449076282283944,12.46255874355267,129.19921875,0.0475
0.931015760866431,12.798157560248011,120.18531976744184,0.0475
0.9751490365589697,13.023575675197089,125.0,0.0375
0.8529972513842267,12.452189737910478,120.18531976744184,0.05
0.9093024159412376,13.097263958877106,120.18531976744184,0.0425
0.9846301335550268,12.332395746233006,120.18531976744184,0.035
0.8914337717705869,11.922646593108167,120.18531976744184,0.045
0.9212480084036272,13.59931812771728,126.04801829268293,0.0475
0.9500899982292248,12.32634772929081,123.046875,0.0225
0.8894120290342181,11.957184762986351,123.046875,0.0575
0.8146305372429931,14.093559806899961,123.046875,0.0275
0.9541159710005412,13.772487190206622,123.046875,0.0275
0.9621866468388656,13.021935569782812,123.046875,0.04
0.7802736374140246,12.918205726210667,123.046875,0.045
0.7840527739668673,12.437197070095335,123.046875,0.04
0.5799514473692996,12.946161874846567,123.046875,0.035
0.7354974157505997,13.456206512643478,123.046875,0.03
0.8637481009566128,13.161836408190716,126.04801829268293,0.0325
0.9576748019770556,11.774502700575706,123.046875,0.05
0.9757263331893613,11.073868606781009,120.18531976744184,0.065
0.9613759968613312,11.210275634464296,126.04801829268293,0.06
0.93706326938433,12.723563831274449,126.04801829268293,0.045
0.9616160813736762,11.515263642737292,123.046875,0.07
0.9894089443120848,10.147665967629578,126.04801829268293,0.06
0.9840183311951256,10.205463046956424,126.04801829268293,0.045
0.9788756908686338,13.251014019223454,120.18531976744184,0.0625
0.9387984943568148,12.799069088901652,123.046875,0.045
0.9833613430504431,10.181491866631143,126.04801829268293,0.0475
0.9974661513988626,12.633696634378616,134.0,0.0275
0.958138831022111,13.22866723354086,135.99917763157896,0.0225
0.8899618656364545,12.514713874256094,123.046875,0.0325
0.8695812393910056,13.99643927408022,126.04801829268293,0.0275
0.9802731876806348,10.268152011196515,135.99917763157896,0.0275
0.9786155680031365,12.635644079716645,132.51201923076923,0.045
0.9433769331793156,13.74547148147704,139.6748310810811,0.06
0.982915986984668,10.095071001432476,117.45383522727272,0.0275
0.9862474710683864,13.62898831216991,130.0,0.065
0.9524658954809235,13.111641020825637,135.99917763157896,0.0325
0.9829221481573405,12.121783089052496,109.9567819148936,0.0275
0.97079504402127,15.235663293655218,143.5546875,0.05
0.9859830953978956,13.277156922666784,132.51201923076923,0.0475
0.9300552937323311,12.202831575623808,139.6748310810811,0.0375
0.8997363807883837,12.84820149922283,112.34714673913044,0.0525
0.9413453266726857,12.444582454551213,132.51201923076923,0.05
0.9651544614208019,11.084747861282462,139.6748310810811,0.0425
0.9426639875862545,15.142159798471582,129.19921875,0.0325
0.9792005566491848,13.405438183119871,143.5546875,0.055
0.9374199293195724,13.93052940047661,117.45383522727272,0.0425
0.9188281918160928,13.336420067988271,117.45383522727272,0.0525
0.8636314888018932,13.240488976411633,123.046875,0.0225
0.8419077713212705,14.208970808910932,123.046875,0.02
0.8578478829735254,13.97940008672039,120.18531976744184,0.0275
0.7123093321332543,13.157423352234755,120.18531976744184,0.0325
0.9290990494829451,12.916981436973625,123.046875,0.06
0.9101918606284873,13.009807042956641,123.046875,0.05
0.9495768929729664,11.792399400429003,120.0,0.05
0.877599970554839,13.99721986763435,117.45383522727272,0.07
0.9352905764723429,13.000414242608553,123.046875,0.0325
0.9946017305156656,12.241909400521084,123.046875,0.03
0.953575010806957,13.97940008672039,129.19921875,0.0275
0.9413218911818988,10.561415793818327,123.046875,0.04
0.9803831353968189,10.578365975685848,123.046875,0.0575
0.8720474764060218,12.821851585976312,126.04801829268293,0.025
0.9811119918638298,12.304803376484708,129.19921875,0.045
0.9550951423780876,11.871759730354192,120.18531976744184,0.075
0.9729374183556694,11.648212028682583,120.18531976744184,0.035
0.8497364752030859,12.756373321759238,120.18531976744184,0.0775
0.9475380800119008,13.037277316668517,123.046875,0.0625
0.8294051333377914,14.313142809815671,123.046875,0.055
0.9472416171260344,13.309501797556266,120.18531976744184,0.0475
0.9611186105923134,12.857973704079663,120.18531976744184,0.0375
0.960753053980381,12.067478203372323,120.18531976744184,0.0275
0.9725891887509471,12.836054098157275,123.046875,0.025
0.9611055309933737,12.743373125663473,120.18531976744184,0.0325
0.8702489877621599,12.738283958703438,112.34714673913044,0.0225
0.8304999977221251,13.869031516127464,112.34714673913044,0.0525
0.8087175738478356,13.359853664427309,126.04801829268293,0.0475
0.8159807259080287,13.127171955921217,126.04801829268293,0.0425
0.9669871999455082,12.549991927925637,135.99917763157896,0.0675
0.9581794990256756,10.619567948831069,123.046875,0.04
0.9464944748941502,14.475437852109184,126.04801829268293,0.035
0.9893109545888167,11.747066202505238,123.046875,0.035
0.8827063533447703,15.045277942496778,126.04801829268293,0.0375
0.9682822389674888,10.600332893559363,129.19921875,0.055
0.9665360009326356,10.078578523373432,135.99917763157896,0.0375
0.9549218496682336,9.677351980612292,126.04801829268293,0.0275
0.9014737068748068,11.781726921226962,143.5546875,0.04
0.9825358287201352,12.261175007013188,126.04801829268293,0.015
0.9564066055925637,11.131559764905301,147.65625,0.0475
0.9289426144442822,10.800534793977354,143.5546875,0.0675
0.9288742067689116,13.5471041277637,126.04801829268293,0.04
0.9742648623257808,9.914014914337413,126.04801829268293,0.035
0.9440560208890916,13.247702449334096,129.19921875,0.03
0.9628633709765114,13.376821658948913,126.04801829268293,0.0275
0.9821819552273042,10.64598503878862,129.19921875,0.025
0.9447474971397126,14.349783635282105,126.04801829268293,0.025
0.9798877040622406,12.880481504076634,139.6748310810811,0.05
0.9570131321063772,12.589602346568814,120.18531976744184,0.045
0.9098854734086826,13.668472838824368,120.18531976744184,0.035
0.9143198471126801,12.296746478349942,123.046875,0.0325
0.9885359146716647,12.731884093732976,120.18531976744184,0.055
0.9124837781042678,14.660128326401185,129.19921875,0.035
0.9257493909613084,12.9278974927849,129.19921875,0.0375
0.9532567729729489,13.825834516019885,123.046875,0.04
0.9821469577301689,12.604544852975419,129.19921875,0.04
0.9266088820780018,13.808330734596531,105.46875,0.03
0.9322826861772369,12.690887471037616,120.18531976744184,0.03
0.5786758433774883,13.197439443505427,120.18531976744184,0.0225
0.923871917584492,14.043179278384716,123.046875,0.0275
0.8523350041600488,12.85038191636692,112.34714673913044,0.035
0.9112397576777838,13.288593193279732,117.45383522727272,0.0275
0.9037682887133445,13.733850656192534,117.45383522727272,0.0275
0.9714693421971772,13.145665709830746,120.0,0.0625
0.9720319331600826,13.043448953905344,120.18531976744184,0.0625
0.9621908363472018,13.011871616675059,120.18531976744184,0.05
0.9918621333172926,12.52394648486538,120.18531976744184,0.065
0.9676954558672493,12.827591658472922,120.18531976744184,0.04
0.9581780653454616,13.012267102927476,120.18531976744184,0.0575
0.9611362395366623,13.693487879238418,120.18531976744184,0.0275
0.958854781836371,14.214379871432977,109.9567819148936,0.04
0.9519177473962064,12.495297146251048,120.18531976744184,0.0525
0.9100546598435424,13.379892932273597,90.0,0.05
0.959737250790243,13.21206105877616,100.0,0.035
0.936815889320112,13.694053434089213,123.046875,0.0375
0.9917852253331435,13.234713007639584,98.0,0.0425
0.9791529098712388,11.712871266122834,100.0,0.03
0.9919824704006128,10.202720686010284,151.99908088235293,0.03
0.9085707029167476,13.14498507566395,120.18531976744184,0.0275
0.9713200212493651,14.892020878545889,120.18531976744184,0.0325
0.9703310027598202,11.945596599531335,114.84375,0.0375
0.8076659975045803,13.191912965457703,120.18531976744184,0.0275
0.9336264545817905,12.659632227747199,123.046875,0.025
0.9359405283256399,11.92090525235848,123.046875,0.05
0.9585244458494668,13.230160587793332,129.19921875,0.03
0.9617762153208482,12.98500089823528,129.19921875,0.03
0.9720911761653688,13.526049650191352,126.04801829268293,0.03
0.97906838744041,12.896946015885083,126.04801829268293,0.0325
0.9737719427679018,12.890201889488168,126.04801829268293,0.0325
0.9786445526741585,11.417418618612496,126.04801829268293,0.0275
0.9117991931979852,14.216723828783628,92.0,0.0275
0.9696374147207844,12.864779254524334,126.04801829268293,0.0325
0.9288617661966188,13.36784104961198,126.04801829268293,0.03
0.8899643003805053,13.03194192783724,126.04801829268293,0.03
0.776529073400169,14.320066872695977,105.46875,0.0275
0.9654784447995162,13.120137514874791,120.18531976744184,0.0275
0.9764670735327635,14.08835119664228,123.046875,0.03
0.9174249179310521,13.428253551658397,112.0,0.0225
0.9175360063432527,13.361363739122144,112.0,0.035
0.9603727755086616,13.123707190007948,112.34714673913044,0.025
0.9187202754066611,14.29530404877351,109.9567819148936,0.0275
0.9339661931893254,12.592645213687444,120.18531976744184,0.03
0.8977912547719501,12.54169758653602,123.046875,0.05
0.9804784158735624,11.101035414080942,123.046875,0.0475
0.9009510348527421,14.10253048990265,123.046875,0.025
0.9794003865148466,12.539939496107982,123.046875,0.0325
0.9786259918602624,12.386158309511295,123.046875,0.0475
0.8986189498212136,13.993804473144703,125.0,0.06
0.8700125552208227,15.347072554457936,123.046875,0.0275
0.8715719978002006,14.447324320332168,123.046875,0.04
0.9494178071146616,11.2864579487799,132.51201923076923,0.0325
0.9273629887015974,12.975016807742705,117.45383522727272,0.0625
0.9218641916248924,13.97940008672039,114.84375,0.0475
0.924076421061672,13.43215955067841,117.45383522727272,0.0325
0.8442766486183421,14.43924166995308,120.0,0.0475
0.801225671017919,14.059239012055189,120.18531976744184,0.035
0.8139299517685863,12.501219621614398,120.18531976744184,0.0375
0.8822862442180134,13.679988703595614,120.18531976744184,0.0375
0.9040194836678104,12.845686587955985,120.18531976744184,0.04
0.8753678017166983,13.400119038445707,129.19921875,0.025
0.8877670522143543,12.83127475343629,123.046875,0.035
0.8514039655378633,12.35939164001698,119.0,0.0775
0.7101397286830909,12.536159115129454,123.046875,0.0825
0.9049695448036136,11.694187874259873,123.046875,0.055
0.801859171496015,12.5177586437498,112.34714673913044,0.0775
0.8814316162834069,13.51285733692467,114.84375,0.0675
0.9373424595650384,12.796681642167382,114.84375,0.055
0.5495448413357639,13.55174941576372,120.18531976744184,0.0225
0.8765364123446985,14.55102573434288,114.84375,0.05
0.9907521156749424,12.965369158604945,120.18531976744184,0.0325
0.8312381581391515,12.407971435619128,123.046875,0.015
0.8716837474083672,12.881276133949214,123.046875,0.015
0.9720939304479737,10.284948057197413,123.046875,0.0325
0.9942528216958972,11.75660755067752,159.01442307692307,0.0725
0.99137764367999,12.43083606292895,166.70866935483872,0.05
0.961463942959907,12.573267829326701,123.046875,0.0475
0.9352172766140373,12.126361132898044,123.046875,0.0425
0.9432903484783282,14.065183149788908,123.046875,0.0275
0.905916884781202,14.406695510418356,123.046875,0.05
0.9856717718912528,12.512213690739117,126.04801829268293,0.0375
0.9977595851092148,12.51015376939468,120.18531976744184,0.0225
0.9810819157387488,13.53674447886451,122.0,0.0375
0.9901832943554806,13.758827553996454,123.046875,0.03
0.9860631779785956,12.500322199377043,126.04801829268293,0.0325
0.9874811579382036,11.819768424320825,129.19921875,0.08
0.936900239498699,14.289972090373722,147.65625,0.075
0.9741913543755212,13.64590595475633,132.51201923076923,0.0625
0.9868168578502411,13.518014163946264,130.0,0.0425
0.9840152990675096,12.553958566844775,132.51201923076923,0.065
0.8520432251041604,12.912971701062679,145.57658450704224,0.06
0.8141174668781423,11.774474703771748,143.5546875,0.0525
0.9343734664886764,12.305738546308032,151.99908088235293,0.0625
0.9839886713153688,10.490318974940468,151.99908088235293,0.065
0.9769527048361412,12.446130636890556,126.04801829268293,0.0225
0.9683124669827377,12.400447606226606,126.04801829268293,0.03
0.9780836712116604,12.29227571448894,126.04801829268293,0.03
0.9125937183966144,12.269911190756352,129.19921875,0.0375
0.9881508626649314,13.86197551034884,135.99917763157896,0.0275
0.9709178117446626,12.151215808737435,135.99917763157896,0.0275
0.989765461913081,14.726608530154216,135.99917763157896,0.0325
0.9858435269578534,12.121183274353443,132.51201923076923,0.0325
0.989490333925569,9.642179040810994,141.58818493150685,0.04
0.9736435893461646,13.448536512916714,109.9567819148936,0.0175
0.9178682396883318,13.044901200112037,129.19921875,0.035
0.9129853234645509,13.789080550154186,127.60416666666669,0.035
0.9769779468649192,11.04106069014344,135.99917763157896,0.035
0.9110184719915431,12.211823686643346,126.04801829268293,0.0425
0.9594276217621316,12.233322130209483,129.19921875,0.04
0.9195766791356881,11.688300324493682,135.99917763157896,0.03
0.9644455092941095,12.882664307819743,129.19921875,0.0525
0.9999963437379502,12.868424444313048,129.19921875,0.0325
0.8891976662555963,12.407793585916608,126.04801829268293,0.0275
0.9331141092572102,13.207934784788156,129.19921875,0.035
0.9511665746688706,12.277136753092313,123.046875,0.03
0.9156594959860376,12.399678432463944,126.04801829268293,0.045
0.9607543730225034,13.31022999081956,105.46875,0.0325
0.6393445270780176,12.306629061044422,123.046875,0.0425
0.9557049671935064,12.989732390875462,132.51201923076923,0.0425
0.8781563583681011,13.875196527901245,123.046875,0.0375
0.92777496174343,13.836396610662009,123.046875,0.03
0.9924012764858132,11.305842017788848,129.19921875,0.0275
0.8863264341251296,13.374177085614985,126.04801829268293,0.0475
0.9837296148808368,10.363973632609913,120.18531976744184,0.05
0.8901873699364298,12.896741101056564,123.046875,0.03
0.9197233311039072,13.105268645638347,123.046875,0.055
0.9268445779555378,12.417081195974784,126.04801829268293,0.035
0.9230846116644582,12.519553043374529,126.04801829268293,0.0575
0.963712891676094,14.29081343919982,123.046875,0.025
0.967451427184552,14.43978203568238,123.046875,0.0225
0.978134952440742,9.881793120966751,123.046875,0.035
0.7850954702286927,13.124966872402917,123.046875,0.03
0.8377191900054433,13.489316478858434,123.046875,0.045
0.8061860635837951,11.899582454093023,126.04801829268293,0.0275
0.7887608225077307,12.234727315049135,120.18531976744184,0.0575
0.8981785776835507,10.02948111841489,120.18531976744184,0.06
0.9529474863067882,8.260618456582547,123.046875,0.03
0.9774308078443934,14.150304903056332,123.046875,0.025
0.9844546436789312,13.563751443282982,123.046875,0.0325
0.9695778511274826,13.172142690462362,123.046875,0.03
0.8625330669468529,12.183159682971299,126.04801829268293,0.0425
0.9233760155574242,11.836688972401168,123.046875,0.035
0.918364918345102,11.81398693434826,126.04801829268293,0.035
0.9717203855969312,11.757169545381103,123.046875,0.0375
0.9691984386063336,12.238365938553745,126.04801829268293,0.03
0.9618722841741584,12.573117999411036,126.04801829268293,0.025
0.9534605470558206,11.605680640535718,126.0,0.0325
0.9018369862294524,12.944713787383591,123.046875,0.03
0.8274977081097074,12.494512373031144,123.046875,0.0725
0.8090450408149408,13.619517316671622,123.046875,0.065
0.9816462630743896,10.11029709471344,123.046875,0.0375
0.8637872450198236,12.23129247490035,123.046875,0.0325
0.9691522331045848,12.24419022554407,126.04801829268293,0.03
0.9707986892926329,13.458234402530945,126.04801829268293,0.02
0.9531949214739466,11.526111947110607,125.0,0.0325
0.8200919175503492,13.05990380023338,89.0,0.0275
0.8885879145556432,12.432926873696,126.04801829268293,0.025
0.9593386284028702,11.264502207735534,125.0,0.045
0.969958727735477,7.961305914884947,220.0,0.0725
0.8994574912706019,9.752815613756404,191.40625,0.07
0.9198805240753756,12.103483722627633,191.40625,0.0725
0.9503666179132109,9.719811087267791,172.265625,0.0575
0.9658257839206019,12.600023187017886,220.0,0.055
0.9970172710781572,9.692625152859534,126.04801829268293,0.0375
0.9757617781077678,10.656097416977907,129.19921875,0.0525
0.9674665997036618,11.182429920325127,126.04801829268293,0.06
0.9462659624278416,12.765280663038077,123.046875,0.03
0.993156797432077,12.26681976240016,126.04801829268293,0.0375
0.9667400227383307,12.253541711982324,123.046875,0.0275
0.9633292985010689,13.374615720721508,123.046875,0.0225
0.969919698931872,12.650542223405624,126.04801829268293,0.0225
0.9449773032858786,12.18514328859213,126.04801829268293,0.035
0.9139707299153352,12.093839163356167,129.19921875,0.0475
0.9687361379672726,12.902091277575163,126.04801829268293,0.0625
0.988475361043329,11.409479412504735,126.04801829268293,0.0475
0.9874869176166888,11.726884117978138,123.0,0.0325
0.9302245360063828,12.552715558237374,126.04801829268293,0.055
0.7025990638323467,13.570206434066378,141.58818493150685,0.0575
0.8680049766430655,14.81159728697949,134.0,0.0375
0.8549956842086335,12.811277097338841,151.99908088235293,0.04
0.9778401043379578,13.819849271176638,123.046875,0.025
0.9913613463847604,14.34376012222468,135.99917763157896,0.0275
0.97064458729252,15.26515132368909,129.19921875,0.0225
0.9786466083648921,14.599433852217992,129.19921875,0.01
0.9384084913170639,12.812857250926331,126.04801829268293,0.0275
0.8427492857561543,13.465536925852295,147.65625,0.045
0.8964722526141873,12.028728698936122,135.99917763157896,0.025
0.9728436751810288,16.250093560705757,123.046875,0.035
0.7070457508920727,13.597173117181844,117.45383522727272,0.04
0.9064765363097242,14.206431148119155,120.18531976744184,0.0275
0.9547131114909906,12.90937022561426,128.0,0.035
0.8804678828865988,12.516782294166159,120.18531976744184,0.0375
0.963127456308896,11.148621906741647,123.046875,0.0375
0.9744977916379416,10.566441636410254,123.046875,0.05
0.9001901140138628,14.7660094666155,120.18531976744184,0.025
0.9553406712478696,13.21818876090036,120.18531976744184,0.03
0.98639502439171,12.395208368179627,120.18531976744184,0.03
0.9735213571188648,13.930925197107056,123.046875,0.0325
0.9492494932076254,13.300421572483032,120.18531976744184,0.0375
0.9518079458309896,14.807431030246498,120.18531976744184,0.0425
0.8254428922852712,13.30841374225929,120.18531976744184,0.0325
0.9646306990512624,10.792290373785768,120.18531976744184,0.065
0.7974405934280144,14.434537873958439,120.18531976744184,0.0275
0.976288427637912,12.365200733328296,117.45383522727272,0.035
0.9817104521994978,12.496026151873103,120.18531976744184,0.0375
0.9695889108130351,12.736238180995786,114.84375,0.03
0.9740539630026688,12.667722528793703,129.19921875,0.0325
0.8859800608030325,12.701092600158049,143.5546875,0.05
0.9962656410331572,10.38058064550912,123.046875,0.045
0.9962656410331572,10.38058064550912,123.046875,0.045
0.9792435634911782,12.82588294260783,135.99917763157896,0.075
0.9321558281854945,13.852963303596876,151.99908088235293,0.045
0.9237104512753136,11.756369472965138,139.6748310810811,0.0625
0.908560118294604,15.356586469164617,143.5546875,0.0475
0.9695808081507178,12.88656967206016,126.04801829268293,0.0575
0.9744937755252892,14.46877870532305,132.51201923076923,0.0525
0.8785666735666092,13.68666951693915,130.83465189873417,0.0275
0.9894243846293164,11.825971207975872,129.19921875,0.0375
0.9796040780807636,15.930156221336476,114.84375,0.0425
0.9914631829367271,12.197641113419001,132.51201923076923,0.0525
0.9581774697614508,12.83097613395434,136.0,0.0675
0.9306369094204817,14.056599269260541,139.6748310810811,0.05
0.8320734087136794,15.352182436021558,129.19921875,0.0275
0.9898004705089334,14.882473595823065,123.046875,0.045
0.9795696247738899,14.632497359316195,143.5546875,0.0475
0.9900372486508896,12.272873665667548,135.99917763157896,0.055
0.9711988944719185,13.944061938299644,143.5546875,0.0575
0.959804491379568,11.52570563399369,139.6748310810811,0.0475
0.9958610078790752,12.87894171917924,129.19921875,0.0525
0.9801748169079152,14.755738928609295,147.65625,0.0325
0.9453038884697714,15.31846588908946,132.51201923076923,0.05
0.9021138272719501,14.069787718225705,164.0,0.035
0.9867446370393158,12.542083834698662,123.046875,0.0375
0.9339620921133528,13.606858301109536,123.046875,0.0525
0.9172758918516026,14.213982176529523,123.0,0.0175
0.9490190643395435,14.127388202984445,120.18531976744184,0.0675
0.9768432185354452,14.95370571315364,123.046875,0.04
0.9777782797000854,11.385666345326285,120.0,0.045
0.9535067905479073,11.942574071246284,120.0,0.0475
0.9765812027923496,10.937908623638757,120.18531976744184,0.0475
0.9717380024274824,11.479611180971808,120.18531976744184,0.0525
0.9401853770099516,14.315967367302814,120.18531976744184,0.0575
0.9778510263732944,14.123568881832252,118.0,0.065
0.9956560185362956,10.852632424150103,117.45383522727272,0.03
0.9827972831463768,12.150809879787246,120.18531976744184,0.0475
0.94669245610923,13.022090997736877,120.18531976744184,0.025
0.9735512006398848,10.796696547025093,123.046875,0.06
0.928774043223458,12.834426130953345,123.046875,0.0325
0.9707188397545748,10.93113352105264,123.046875,0.0575
0.9669567459934592,11.655725406401489,117.45383522727272,0.0675
0.9661989252527798,12.960021542134374,123.046875,0.0425
0.9153805359610538,11.385846178217722,109.9567819148936,0.035
0.9392672781385563,13.907849181603963,124.0,0.0375
0.9763956365288956,12.48735616749299,123.046875,0.0475
0.8971165720234883,13.375452155574628,126.04801829268293,0.0425
0.8985531877478047,13.160839762044109,123.046875,0.0475
0.9170378662527585,12.707073706567666,123.046875,0.0475
0.950091383584869,11.60785992408745,123.046875,0.045
0.9859899526440822,13.392851548869405,123.046875,0.0525
0.9632728325300273,9.203565176177067,126.04801829268293,0.03
0.8695720053170118,12.366877083704956,123.046875,0.0375
0.8366276068523885,9.242243591700529,143.5546875,0.0475
0.9801987003313497,11.739111998925008,151.99908088235293,0.0775
0.8692004050919124,9.175161619593949,151.99908088235293,0.065
0.9689401679990644,10.344715759226567,166.70866935483872,0.085
0.9958344452600116,11.877812215517142,181.3322368421053,0.06
0.9667736382968202,9.966086276389468,123.046875,0.045
0.2607993163688102,13.099072030172689,120.18531976744184,0.06
0.9660216378389356,9.725608339040418,129.19921875,0.045
0.9375889510244089,11.259172325802863,127.0,0.0275
0.9268289338903664,11.351009146705877,120.18531976744184,0.05
0.9480821303104312,10.7925266541658,126.04801829268293,0.03
0.9885143023417189,10.627588471135136,126.04801829268293,0.0375
0.9970531492025939,8.197490151948715,90.0,0.0375
0.9476729309544774,10.732919514039189,100.0,0.0425
0.8931825208938401,12.938777816084157,125.0,0.03
0.571282822000751,12.559907458037836,120.18531976744184,0.0475
0.9430987076046066,11.257959003880732,129.19921875,0.06
0.9607720767039102,13.560427119303364,135.99917763157896,0.06
0.8992863308510237,10.542974890700952,82.0,0.03
0.9977980486327793,7.906894727628987,80.0,0.0325
0.9998789543855664,6.5394342964316685,80.0,0.0375
0.983237426183327,11.699780692427757,129.19921875,0.045
0.9649770257651376,11.32024567831007,120.18531976744184,0.025
0.9736893484475352,11.604094763834537,126.04801829268293,0.035
0.8627168134887638,12.161698837153455,126.04801829268293,0.0525
0.8662605880790554,12.440156492850392,126.04801829268293,0.0475
0.8588367052733845,13.43266213548377,123.046875,0.0225
0.8420687575093415,13.723112103566224,121.0,0.05
0.9169688215437396,13.51751798668571,117.45383522727272,0.0475
0.9591303914392197,12.571025172598663,123.046875,0.0375
0.8262075355490912,15.843444581068804,123.046875,0.025
0.9513047236434806,8.680851831583038,103.0,0.01
0.9987985363639207,5.8844585434072005,90.0,0.0425
0.9913336832184122,8.098457338804176,80.0,0.0275
0.9946271006405568,7.795406097701544,90.0,0.04
0.9915532003380702,7.299688510402779,80.0,0.0425
0.9991219503530868,5.9102457804214765,80.0,0.045
0.9036619782241451,13.277095804438762,129.19921875,0.035
0.9986446595650418,7.6569807850799645,90.0,0.0375
0.9848124260471556,8.641982162800376,126.04801829268293,0.0425
0.9794119852818313,8.446026456472211,132.51201923076923,0.0375
0.993875728824737,9.62312795203796,101.33272058823528,0.0325
0.9931369210735059,6.972644968053363,80.0,0.055
0.9886631671450015,11.956494190709565,123.046875,0.035
0.9909187362851397,10.15863812530222,123.046875,0.0325
0.9175043874749412,11.789456360058551,112.34714673913044,0.0325
0.9860420218667489,12.576147953889382,112.34714673913044,0.0325
0.6350619867568518,12.215563826050687,126.04801829268293,0.0675
0.9391705789106459,12.112851918702908,126.04801829268293,0.0575
0.9358998689269795,11.26591708926935,126.04801829268293,0.06
0.9206460621585044,11.650302786738802,126.04801829268293,0.06
0.6764434855419732,11.036041548866208,129.19921875,0.06
0.9525484366508601,11.665008943172102,126.04801829268293,0.06
0.7723226579180044,12.289273444259933,126.04801829268293,0.055
0.9242099898509198,11.201708661497156,123.046875,0.0825
0.6859280516258683,14.244064365589388,123.046875,0.0275
0.977258333600081,11.33773980085224,123.046875,0.0275
0.9806593661976609,12.19577195308527,126.04801829268293,0.03
0.9059703691165701,12.672077174658444,129.19921875,0.0325
0.9353059006325972,11.162687189663888,120.18531976744184,0.0475
0.9622089896062364,11.06019125197736,123.046875,0.045
0.9216035540743797,12.557426804172573,123.046875,0.0325
0.9267340163753903,13.298275873723043,123.046875,0.0525
0.8822834503071171,13.977924255136683,123.046875,0.0275
0.9421708000401182,14.110706515760834,123.046875,0.05
0.8946427804904781,14.06219764513116,123.046875,0.03
0.975080014271338,12.799681448830912,129.19921875,0.0425
0.8930950204596599,13.804433475279978,126.04801829268293,0.0225
0.9914892809371204,10.413640785655485,129.19921875,0.07
0.9749901146324064,12.417698120126104,126.04801829268293,0.0225
0.96461741911654,13.63517350823684,126.04801829268293,0.0375
0.9640558109403454,12.230842982218917,123.046875,0.03
0.9149642974110864,11.49225111132915,126.04801829268293,0.0275
0.975945882710251,10.181227706988684,126.04801829268293,0.03
0.9573269086685848,13.026388245776616,123.046875,0.0225
0.9712119840672977,12.546168889505303,126.04801829268293,0.0225
0.9775966217462974,11.707125031160812,123.046875,0.045
0.9661122116318474,12.157755010176247,126.04801829268293,0.0275
0.9887214764236484,11.862734445731132,123.046875,0.035
0.9394490486197786,13.537918529448811,123.046875,0.0275
0.940805147218408,13.97940008672039,129.19921875,0.0475
0.9351975882015732,11.278526725467817,123.046875,0.045
0.9938801987056032,14.90593776058607,126.04801829268293,0.05
0.9373327877005602,14.583774072133123,123.046875,0.0275
0.9473373838687351,14.112478317924255,128.0,0.04
0.9565101497361312,13.866141820547595,126.04801829268293,0.05
0.9622202147606926,12.66221446239328,135.99917763157896,0.0525
0.9920169206794854,9.633851208505009,132.51201923076923,0.06
0.9944534814797288,10.25259623697874,135.99917763157896,0.0675
0.9885280668154188,11.427213150495842,135.99917763157896,0.055
0.9651012918443926,12.40990348942815,123.046875,0.0425
0.90115135454948,13.39475713170461,123.046875,0.0675
0.8976070739763056,12.508249882342824,123.046875,0.045
0.9324007764623984,13.123137888442498,123.046875,0.035
0.9847224372264114,12.64943264394228,135.99917763157896,0.0675
1.0,11.659972809241163,126.04801829268293,0.03
1.0,13.693986423788619,123.046875,0.0375
0.9801772589439732,12.050868206542031,123.046875,0.045
0.9700204812134514,13.267493540730186,127.0,0.04
0.9619409048718837,11.044764416862453,123.046875,0.0475
0.9863706003622941,10.149715358932013,117.45383522727272,0.03
0.963911398588124,10.22567863946266,120.18531976744184,0.0725
0.9784129887790431,11.080541437673435,123.046875,0.04
0.9761131616926647,10.994680909709533,123.046875,0.0325
0.9489198649366158,14.20675685480659,120.18531976744184,0.0275
0.4390532350876669,14.076162117592666,120.18531976744184,0.0325
0.9432074956341424,13.251311824844349,120.18531976744184,0.025
0.950351227982322,14.994363867512837,123.046875,0.0475
0.9445656826298447,15.375833352642156,123.046875,0.0375
0.9608242421069628,14.836516963171558,123.046875,0.04
0.9353349898943571,15.572538459509524,123.046875,0.04
0.8956602374215001,12.334823563433007,120.18531976744184,0.0375
0.8274581892968218,11.767401396685935,120.18531976744184,0.03
0.8210486768424328,11.798582212613798,120.18531976744184,0.0325
0.9565697619839226,11.04075258372906,123.046875,0.0475
0.9223959326108488,11.68759984605035,120.18531976744184,0.0425
0.9482444232571912,13.015717651672968,120.18531976744184,0.0475
0.8409888940958526,13.671030053756946,120.18531976744184,0.0325
0.983540644553698,10.683236968702198,117.45383522727272,0.0825
0.9902891195511552,10.752351616358826,120.18531976744184,0.035
0.9812966890957324,10.713577938517671,123.046875,0.08
0.868539831551326,13.736896204188342,107.666015625,0.025
0.7545942832540494,12.905070873459401,139.6748310810811,0.0575
0.7017074938165553,14.663850476765333,120.18531976744184,0.0325
0.848501968024841,12.888734991899135,132.51201923076923,0.05
0.9573595201600448,11.425248191764105,129.19921875,0.05
0.8869393556676274,11.309844644948706,129.19921875,0.0525
0.8016714364518546,12.214905105062709,129.19921875,0.0475
0.9776714049551088,11.377718221251804,126.04801829268293,0.06
0.9711000374003262,11.724911241910966,123.046875,0.045
0.9717111651402222,10.866790715336752,123.046875,0.05
0.9810488214190186,11.629511758259252,123.046875,0.0475
0.9610858745099622,11.421564359537744,123.046875,0.055
0.972987482013718,11.921408805323086,126.04801829268293,0.0675
0.977089452121565,10.31897934337249,129.19921875,0.0775
0.9675929996372543,15.241569855186805,126.04801829268293,0.03
0.8604116208973953,14.283230352391723,123.046875,0.04
0.820180727564192,13.690288578623887,123.046875,0.0275
0.8201366167662216,13.746081387589886,123.046875,0.045
0.9404446342114728,13.46555543015593,123.046875,0.0325
0.8984674381873528,14.815781008329695,123.046875,0.0275
0.7951948498854784,12.131132215897496,120.18531976744184,0.0625
0.9769469892062981,11.045411351651442,114.84375,0.0475
0.7908853109112356,14.694298556793017,114.84375,0.0525
0.9327055750028707,13.474220668496995,126.04801829268293,0.0525
0.7462746156145339,12.759094276073832,114.84375,0.0375
0.6045211762925865,13.275874033036514,114.84375,0.0325
0.8265775032821328,13.517337417199633,123.046875,0.0275
0.8942172262438797,13.996829787528306,117.45383522727272,0.0425
0.5982203299613946,14.45322454090924,123.046875,0.0475
0.8937492777210811,13.82860414334839,117.45383522727272,0.0275
0.9426064284056843,13.035339949609021,126.0,0.0375
0.9564228841923297,13.688806348690806,126.04801829268293,0.04
0.864729320281477,12.846355731879012,117.45383522727272,0.045
0.864511026631079,14.64310404026246,120.18531976744184,0.0425
0.8548714071544132,14.087610724158136,120.18531976744184,0.0525
0.773829084229092,12.82182271280071,123.046875,0.0375
0.8337432669951949,13.445583011943915,123.046875,0.025
0.9958209613534211,13.59887194792691,129.19921875,0.045
0.9861907896986106,11.318503554097664,126.04801829268293,0.045
0.9705714173246878,11.144624041037488,123.046875,0.0975
0.9730461866951732,11.317892917636854,126.04801829268293,0.07
0.9604337818464032,11.787751183183744,126.04801829268293,0.045
0.944547486846459,11.685879150556833,126.04801829268293,0.045
0.9936722779743727,12.198815852894207,123.046875,0.035
0.9648258890004188,12.307663999042491,123.046875,0.0325
0.993537280713544,13.070346416310883,123.046875,0.0425
0.721020282406898,14.82378716725226,120.18531976744184,0.035
0.9854169584812624,12.414372362842482,123.046875,0.07
0.9595904961335152,11.24796918839137,122.0,0.0425
0.9082158601133443,13.286690895772457,123.046875,0.06
0.9839665515077296,11.91202076569893,123.046875,0.08
0.9650486049344834,11.634721823601826,123.046875,0.05
0.8844289642639049,13.782966449034895,123.046875,0.075
0.9838818087049983,12.330707281790861,123.046875,0.065
0.42565158407224146,9.577583011643213,120.18531976744184,0.0575
0.989971905671179,13.687312175958066,120.0,0.0775
0.9844991329157669,12.964433976069754,123.046875,0.0725
0.9827387672586936,12.728445696015257,123.046875,0.0725
0.923804728625148,13.435778072121757,123.046875,0.035
0.9852232028032072,11.93979192006755,123.046875,0.04
0.941598093822141,11.785792179063035,126.04801829268293,0.0875
0.981753833509959,13.093575686084002,126.04801829268293,0.0325
0.927889255245177,14.4493926895518,126.04801829268293,0.0475
0.9941345812113334,9.807792799446506,123.046875,0.02
0.9003006314582136,11.365937962687497,129.19921875,0.0425
0.998157368960886,10.766465570836347,126.04801829268293,0.0425
0.991428781962897,11.51914430220132,126.04801829268293,0.035
0.9796162652089772,11.04539886122174,132.51201923076923,0.0325
0.9836491671457882,10.707619840357411,132.51201923076923,0.0375
0.9509331735002685,12.643716018691276,126.0,0.0375
0.8853866353043168,11.966323502575849,126.04801829268293,0.03
0.991498139634303,11.549790922054546,129.19921875,0.0425
0.9466210849741364,13.06698524485832,101.33272058823528,0.0475
0.9737441085717371,11.777230688866798,126.04801829268293,0.0625
0.971040679342219,12.232564077737688,126.04801829268293,0.045
0.9615642176081294,12.577742903315471,132.51201923076923,0.04
0.9453826756519502,12.98258383701921,105.46875,0.04
0.9773584429712643,11.616916475773671,129.19921875,0.05
0.9761644980970872,12.332255412563397,132.0,0.065
0.9671761358909944,11.143677350001752,117.45383522727272,0.075
0.5795281869366057,13.508311641865795,123.046875,0.04
0.6951285770785869,12.869391863398944,114.84375,0.0225
0.9356885996583396,10.902232426973608,126.04801829268293,0.04
0.9651741193832486,10.831868786382472,126.04801829268293,0.035
0.6133958572225124,13.296933191677958,123.046875,0.035
0.9862189712368232,12.258827996013816,112.34714673913044,0.0475
0.979692350177032,11.969317249412759,112.34714673913044,0.0475
0.9457356986884322,11.294141785137366,117.45383522727272,0.055
0.9804999569234948,10.694031928018775,117.45383522727272,0.0375
0.9265364617464653,11.03039457457642,117.45383522727272,0.0325
0.7880010248886705,13.388955037308254,117.45383522727272,0.0225
0.9418101042506469,12.951003128775495,117.45383522727272,0.03
0.7401664050405818,13.61601481121142,117.45383522727272,0.06
0.9137608979234784,13.273843508421464,123.046875,0.0325
0.9447051517606839,13.042653942193281,124.52936746987952,0.0375
0.956254006728593,12.872687500795935,124.52936746987952,0.0325
0.9007298339275777,12.301425954308236,123.046875,0.0475
0.8258813614184658,14.157701757161242,123.046875,0.02
0.9420930343297083,11.066443384967398,123.046875,0.055
0.9272541697968364,11.687045631603311,120.18531976744184,0.0575
0.9811122536808984,13.294867495467985,120.18531976744184,0.025
0.8956090194227248,11.792138514579587,117.45383522727272,0.0325
0.8536435604927648,12.791567515627994,126.04801829268293,0.025
0.9112761056892051,14.32678929679354,123.046875,0.025
0.911466481958885,11.392670948104392,117.45383522727272,0.03
0.9336654257058175,14.499262674640004,120.18531976744184,0.03
0.9014449136077556,11.083753373064969,120.18531976744184,0.05
0.8473775563592216,13.854263451130656,114.0,0.0325
0.9900421743779473,13.339484197455524,126.0,0.0225
0.9247885479889478,11.781500625160168,120.18531976744184,0.04
0.9590776730465098,12.022463862095103,156.60511363636363,0.0425
0.9682106969642108,11.728810562689812,126.04801829268293,0.025
0.9292370512772727,12.517570113794498,126.04801829268293,0.02
0.9565853901803776,13.198710984871411,120.18531976744184,0.0175
0.9794597884897152,13.517321820067906,120.18531976744184,0.0175
0.9347546413268437,13.142755520512523,132.51201923076923,0.0525
0.9708216402067862,13.080121309927785,129.19921875,0.0675
0.9411421451878486,14.104254449742156,121.0,0.03
0.9054978636160964,13.47284834502173,104.0,0.0325
0.929596156698212,12.667909397197754,120.18531976744184,0.04
0.9477457031004454,15.141164281750592,117.45383522727272,0.0225
0.7722256698327429,13.076516279984148,117.45383522727272,0.03
0.8466816679523843,12.165823688605736,117.45383522727272,0.04
0.9122703581596576,13.53017622593564,117.45383522727272,0.0325
0.9141735797020528,13.17733749952095,117.45383522727272,0.03
0.7851784363759977,13.621054765290205,114.84375,0.025
0.9150344880574216,12.83802448547321,120.18531976744184,0.025
0.8620860990170469,11.739011820847985,120.18531976744184,0.0325
0.9435199288259521,13.255149474929453,117.45383522727272,0.0275
0.9013817629486256,14.055565220266086,120.18531976744184,0.0375
0.8203281584719503,12.858835070972157,120.18531976744184,0.04
0.9270516472485081,13.109230362232635,117.45383522727272,0.0425
0.9239922021129081,12.69733194864661,132.51201923076923,0.0775
0.910465061022398,10.82099750663646,129.19921875,0.0475
0.8666996184280831,14.37431945297299,123.046875,0.06
0.7893834272812696,12.399467230421136,123.046875,0.0525
0.9829488046158872,12.119545444728368,123.046875,0.025
0.8554068780298245,11.756971165459174,123.046875,0.035
0.8522282195378676,14.999099095567168,123.046875,0.0625
0.866970624694157,13.065433912689771,120.18531976744184,0.04
0.9498707269286147,12.726219483658863,117.45383522727272,0.0275
0.9719785259481744,12.277107377512955,117.45383522727272,0.04
0.9731370003190128,12.581498468832248,139.6748310810811,0.065
0.9795961257317622,13.16787119029344,120.18531976744184,0.0525
0.7954323586776277,12.791668495242074,120.18531976744184,0.065
0.842893643824393,14.37836165284033,120.18531976744184,0.0275
0.9916693438594886,12.378593485367308,132.51201923076923,0.0325
0.9695592167596092,13.333130669188602,129.19921875,0.0375
0.8511050989659216,15.266203147962871,126.04801829268293,0.0425
0.9156422350285705,13.524213312326696,126.04801829268293,0.045
0.9623416392925483,11.422516640389668,132.51201923076923,0.06
0.8872097254239628,14.151759071177471,122.0,0.0375
0.900130024838301,13.962092216277451,120.18531976744184,0.03
0.8944564997590204,11.988886892057216,120.18531976744184,0.095
0.30528123958387166,13.842913004748569,126.04801829268293,0.0625
0.9589486409352094,10.581864002802554,126.04801829268293,0.04
0.9321428704071528,12.405808160971944,129.19921875,0.0775
0.6904900361017655,13.089227689233828,135.99917763157896,0.05
0.9087710958359735,14.357992768794217,123.046875,0.0375
0.8864963907998124,12.365311530576584,120.18531976744184,0.02
0.9045761648991404,13.381858025404869,129.19921875,0.0575
0.9185993136461446,13.17432462580381,123.046875,0.0225
0.9839967246575851,13.742969665212929,123.046875,0.0575
0.9908040176155285,13.63944713495511,126.04801829268293,0.05
0.9888742152582777,10.924764920320982,123.046875,0.0725
0.906718784097218,12.256191148135905,120.18531976744184,0.06
0.7283994724088318,12.502807030833065,126.04801829268293,0.0575
0.9922698667364914,13.12189948059142,126.04801829268293,0.05
0.9952713316762736,12.937471121782774,126.04801829268293,0.0475
0.8302168864915671,13.311235906588182,123.046875,0.055
0.8959229019444224,12.532725939440164,123.046875,0.045
0.9560412602119148,14.09497981451764,124.52936746987952,0.0525
0.8944146533391092,11.84052027670571,123.046875,0.0575
0.9902102494227207,12.602527718954516,126.04801829268293,0.0525
0.9922365861115688,12.890797729463651,126.04801829268293,0.055
0.9886502867930972,12.277388854279842,123.046875,0.0675
0.7548649299750413,11.940789159726801,126.04801829268293,0.0525
0.9907656124302853,12.675400491717692,120.18531976744184,0.0675
0.9418593964539371,12.616858618360379,126.04801829268293,0.08
0.948509702584354,12.81684700306997,126.04801829268293,0.0725
0.9881766129790276,12.782524930461472,126.04801829268293,0.0475
0.992100204027595,13.119948804356664,126.04801829268293,0.0375
0.9949549659583612,11.519216085679684,123.046875,0.055
0.9814498528402764,12.796012059807513,123.046875,0.0625
0.9440826373185064,11.442441367809298,123.046875,0.0625
0.958667993515662,13.988151982075465,123.046875,0.0775
0.948079847079474,13.653177204842889,123.046875,0.0775
0.945044668043826,14.005113613222308,123.046875,0.0725
0.9882944576914217,11.994424840452476,123.046875,0.065
0.8922123941040067,13.032913933263467,123.046875,0.06
0.9214087374676224,15.158305718942728,123.046875,0.0325
0.9628488406546953,12.507657083959927,123.046875,0.0375
0.8505300586369534,13.078782328718376,128.0,0.03
0.7585620558401508,13.94849062984035,126.04801829268293,0.0275
0.979346795975764,11.530667698227703,123.046875,0.0675
0.9713679981353952,11.71146690780049,120.18531976744184,0.0375
0.9065661577188898,12.299064521034627,123.046875,0.05
0.9661299280777176,13.635683161358422,123.046875,0.055
0.3591945878547168,12.43251029851148,129.19921875,0.07
0.8133490356145066,12.696013900408614,120.18531976744184,0.0325
0.9881559893678762,11.432157768340662,139.6748310810811,0.075
0.4037767713225408,13.021012242101412,143.5546875,0.05
0.9863152780192753,11.555524146673644,120.18531976744184,0.025
0.9830912607791251,11.793965662553223,120.18531976744184,0.065
0.9927212999007912,11.529739415074175,120.18531976744184,0.06
0.990327311950728,12.399609836418213,120.18531976744184,0.0225
0.9837968858707247,10.968209235294811,123.046875,0.0375
0.9615642920665,11.157668107309751,123.046875,0.03
0.97884262325138,11.132246501746401,123.046875,0.0425
0.9673646869510839,12.061036947065112,123.046875,0.0375
0.8836409500630271,12.721560462583001,126.04801829268293,0.0675
0.772145633011163,14.78765401058198,123.046875,0.025
0.9840248469044905,13.412330431991212,126.04801829268293,0.035
0.9571884301712239,11.547393530273302,126.04801829268293,0.055
0.9817402065183799,10.229832875428034,120.18531976744184,0.0575
0.9715037996733877,11.037179412135842,120.18531976744184,0.0325
0.9792162793798111,11.560073816083843,123.046875,0.055
0.9546546622757536,10.588143161125862,90.0,0.06
0.8977844082543434,13.505126377401432,126.04801829268293,0.055
0.8653925066546575,12.811443623509671,112.34714673913044,0.045
0.9511965074426512,14.168620355421446,123.046875,0.05
0.9955503772682643,11.87628721110627,123.046875,0.0325
0.9403019800141252,12.022463885608635,120.18531976744184,0.035
0.9678293564298792,10.945257634588927,120.18531976744184,0.0875
0.990669767663747,12.42449987892629,123.046875,0.045
0.9711349476963748,11.337946919696902,120.18531976744184,0.04
0.9878730654511223,13.347908751586868,107.666015625,0.0325
0.9446823988732092,14.91484764547502,120.18531976744184,0.025
0.9564378342485004,12.724339278428696,123.046875,0.08
0.9575352696892472,14.718576249474935,120.18531976744184,0.03
0.857279490456613,12.503328028951218,139.6748310810811,0.02
0.8849643167910413,12.429887859973666,129.19921875,0.035
0.93335842661726,11.202481969835702,126.04801829268293,0.0975
0.9790037687989108,13.172782505477649,120.18531976744184,0.035
0.8211009225996264,13.399069181840666,120.0,0.0575
0.9208750874573152,15.26152987750298,126.04801829268293,0.0275
0.979371724012638,13.12956072219748,123.046875,0.0675
0.9301456912813733,13.123036002440765,123.0,0.025
0.9380844778695168,12.605895127886544,123.046875,0.0575
0.9267810850809433,14.354235269667178,123.046875,0.0275
0.9894794831813906,13.17238141666506,122.0,0.05
0.9654948267734962,13.960517921434228,126.04801829268293,0.0325
0.9983990109369087,10.189692709855724,126.04801829268293,0.0225
0.9809347254801762,11.676714104121588,123.046875,0.025
0.8998232949965198,13.235735037864998,123.046875,0.0275
0.9969681067015764,13.239279106352301,126.04801829268293,0.02
0.9764087309163303,13.71814108249868,120.18531976744184,0.035
0.977250767653736,13.102424454946172,123.046875,0.0525
0.95526269165719,12.940543209925895,123.046875,0.0225
0.9780710884638568,11.781775174194914,123.046875,0.0375
0.9986676621184976,11.941183635037374,123.046875,0.0275
0.9962564887184614,12.940889423622728,123.046875,0.0175
0.922671718367158,13.504268158843592,126.04801829268293,0.0225
0.956409631066474,13.094834697033203,126.0,0.025
0.9955140274213338,12.854452342212731,123.046875,0.0325
0.9740021814556283,12.239139480318931,124.0,0.0525
0.9720306253868712,12.763562013206656,123.046875,0.0475
0.9773278197078558,12.121716375906956,126.04801829268293,0.025
0.9758209642158417,11.994016304311074,124.0,0.06
0.9744336699326259,12.64248781242549,124.0,0.0375
0.9953600518467312,12.29681834481324,123.046875,0.0275
0.9504717734279483,13.48387802229756,126.04801829268293,0.03
0.9955988409113635,11.51604703528836,123.046875,0.025
0.8495049215265295,15.118929935514892,120.18531976744184,0.0225
0.9028370368601191,13.530804838772564,123.046875,0.02
0.8710019648449964,13.523796940329802,117.45383522727272,0.04
0.8991891052441283,12.37185063987533,120.18531976744184,0.06
0.9197668218897496,14.423181897986876,126.0,0.0375
0.9901650232126684,13.13744332580278,120.18531976744184,0.0325
0.939472992966478,13.156348836620928,126.04801829268293,0.035
0.979797641953142,10.570821497466138,120.18531976744184,0.0225
0.901995311308868,14.190803527121435,123.046875,0.045
0.9025041702316645,12.04644135276672,126.04801829268293,0.0375
0.9130580144195648,12.99188349064622,126.04801829268293,0.06
0.7410902954691021,12.691577619356474,81.0,0.045
0.9322325245913357,13.447876952595829,112.34714673913044,0.0425
0.6964794435801848,14.347334402856411,123.046875,0.06
0.6699077948027556,13.327361698188898,119.0,0.025
0.6177385449229802,11.158514162771556,125.0,0.055
0.998673906590789,11.988359863457585,123.046875,0.0625
0.9867995169701439,11.402075841995892,123.046875,0.06
0.9996717248479223,9.908427895244515,123.046875,0.065
0.9817911013127032,12.23704886056272,123.046875,0.0225
0.9737255804289734,11.505808091479606,120.0,0.025
0.9511383117543016,13.507268001026574,126.04801829268293,0.035
0.9181026176043654,12.11114363795819,126.0,0.0225
0.8226473112849921,15.328172674991093,117.45383522727272,0.0475
0.9199389296950222,13.097774420099139,117.45383522727272,0.0525
0.8311188954603186,16.550067962604107,135.99917763157896,0.0175
0.9904592398711252,10.080902826333055,107.666015625,0.0325
0.9402992634240515,11.835741546072374,129.19921875,0.0525
0.8573266825711459,12.973047496808231,129.19921875,0.09
0.9244715512189231,13.80303794612888,114.84375,0.06
0.9230826675998226,12.19762248830368,114.84375,0.04
0.9474902157190228,14.592553842642015,114.84375,0.03
0.9351295422453926,12.831892859739275,112.34714673913044,0.0275
0.8680258378987298,11.016036281133823,112.34714673913044,0.03
0.8725840206159983,13.51538114396618,120.18531976744184,0.0375
0.9279306099630307,13.789614395183902,132.51201923076923,0.03
0.8056050765430972,11.664161169730654,123.046875,0.06
0.9870815277501276,13.589316307819203,120.18531976744184,0.0475
0.9896939475319604,12.724752108219915,120.18531976744184,0.0325
0.9230041950699837,12.1754671082316,123.046875,0.1
0.8667798375324569,13.775902320575682,120.18531976744184,0.045
0.9895130684222824,12.238241689638327,123.046875,0.035
0.93279801171683,13.751299002073196,123.046875,0.03
0.8630998164568263,11.989278355883764,123.046875,0.0325
0.9492419430078078,13.508563378398303,123.046875,0.0325
0.8990901535962585,12.690441906565054,123.046875,0.0575
0.6580471016115117,11.400530326289847,123.046875,0.04
0.6586655995115187,11.573231775840615,123.046875,0.04
0.938258247510569,12.827802708288985,126.04801829268293,0.03
0.9375001653810693,13.237336935218906,126.04801829268293,0.035
0.8867152373142334,13.667936611488129,120.18531976744184,0.0375
0.8397274272947384,14.047703633756628,126.04801829268293,0.045
0.9637258180231771,14.05605400250424,126.04801829268293,0.0375
0.6961169013493971,13.349856138125451,114.84375,0.0375
0.9735523014727594,11.861514205365665,114.84375,0.04
0.8648299371671916,12.922865836107723,126.04801829268293,0.0375
0.9141012681393175,12.456862629410455,123.046875,0.035
0.9141826753192877,12.032157538003233,129.19921875,0.0325
0.8492699162327929,14.0205897977092,123.046875,0.03
0.8989048829564388,13.078339554927496,126.04801829268293,0.0575
0.9468970182528624,12.988646638798825,123.046875,0.03
0.88968377669466,12.900009401935273,123.046875,0.0275
0.9316970512012674,13.406059149971634,123.046875,0.035
0.898415803461758,12.887472677369203,123.046875,0.0275
0.8810727802760966,11.747003851929321,123.046875,0.0225
0.9055136875395665,12.876634580214766,77.0,0.0275
0.9260840927973832,13.20305059721772,132.51201923076923,0.035
0.8667518302259428,14.93712094728514,129.19921875,0.04
0.8352792719499402,13.48289797255695,123.046875,0.03
0.8196716593067225,12.520546384817235,96.0,0.0325
0.9108858240665066,14.044852973784668,121.0,0.035
0.8397479874416162,13.375603701535526,122.0,0.0425
0.860419822016481,11.635325128202757,123.0,0.035
0.3522708723647349,12.789019344162275,95.0,0.02
0.926614974129889,12.862036166672311,112.34714673913044,0.03
0.8835087549881708,12.716667376129134,101.33272058823528,0.0375
0.9228890214310175,11.319009958666864,103.359375,0.0375
0.9154288869008264,13.307016716319684,126.04801829268293,0.03
0.8691125070456766,13.091958340470327,126.04801829268293,0.03
0.972411153902317,12.019167316486797,126.04801829268293,0.0275
0.9349527041562264,12.377092056414323,105.46875,0.0375
0.9553803724079294,13.499080588874424,103.359375,0.0325
0.7240606753643423,13.616008148706403,105.46875,0.025
0.9106193617107968,13.06974838651027,105.46875,0.0225
0.9862418704019809,14.260301807606096,114.84375,0.035
0.831266241813908,11.905530437713107,120.18531976744184,0.0425
0.8516011406855246,13.427889276851733,120.18531976744184,0.04
0.9032168083765768,13.861637045727953,120.18531976744184,0.0325
0.7486809134028231,11.906793862991737,120.18531976744184,0.0475
0.8533583175544566,12.97021915455555,120.18531976744184,0.04
0.9305645980182844,11.934876304080284,123.046875,0.025
0.8788266246367971,11.912341998358428,120.18531976744184,0.045
0.9839817820200618,10.96339396245114,126.04801829268293,0.0575
0.9915238135608473,10.714691575926114,123.046875,0.07
0.9860222377669372,11.179057092795247,126.04801829268293,0.0775
0.9049227137318604,12.88399031952495,120.18531976744184,0.0425
0.8494298672805045,10.624207341514495,120.18531976744184,0.03
0.8693835419834791,14.740301622369962,120.18531976744184,0.0775
0.8652373420251454,15.930117773768101,120.18531976744184,0.035
0.9262854203151996,13.37287234108521,109.9567819148936,0.0625
0.8429134552669865,12.568256253894756,82.0,0.0425
0.8956508874658742,13.235305867102884,120.18531976744184,0.065
0.82032238811791,14.070990927459459,126.04801829268293,0.0325
0.7052435757165436,13.389683468284684,126.04801829268293,0.0975
0.9128032775577838,13.030323572562459,123.046875,0.035
0.7259503302228061,15.389926049408713,120.18531976744184,0.05
0.8815529007813365,13.18673154234904,103.359375,0.07
0.842918039350669,15.211313915456897,117.45383522727272,0.04
0.8453348562572011,15.175330623128184,117.45383522727272,0.0425
0.7796555095251423,15.148002384620323,120.18531976744184,0.045
0.8640315942624415,13.387207092034677,112.34714673913044,0.0625
0.8630571295775099,13.8833179993663,120.18531976744184,0.045
0.8630571295775099,13.8833179993663,120.18531976744184,0.045
0.7741545422375019,13.58502264244687,126.04801829268293,0.0625
0.6680948209215525,12.98816060192657,126.04801829268293,0.0875
0.8319276476187634,10.617641110701031,120.18531976744184,0.04
0.6080028403071038,14.233519775346696,126.04801829268293,0.06
0.9765196083075788,11.60806795519491,123.046875,0.045
0.9780862685115186,11.285416740304854,129.19921875,0.0325
0.6294316080693492,12.08176137053559,123.046875,0.0325
0.6504435388531764,12.515677919721758,126.04801829268293,0.0425
0.2265710229935292,12.178119828892928,129.19921875,0.0525
0.9214886229762163,12.849469083706314,114.84375,0.035
0.8986179626088097,12.896896703290953,114.84375,0.0325
0.9004267267640189,13.605682098227495,120.18531976744184,0.035
0.9816549030398856,11.645654574468733,120.18531976744184,0.0475
0.9773898718932679,11.753323478967433,120.18531976744184,0.0375
0.8814795820091578,13.510497699696833,120.18531976744184,0.0275
0.8594311163818322,12.588665225614296,85.0,0.0325
0.9001797431501317,12.626035598690805,85.0,0.035
0.8906240637194536,12.75272733383039,123.046875,0.035
0.9216942540534082,12.361578792414921,114.84375,0.0325
0.8681110189245219,13.101537478387351,109.9567819148936,0.0325
0.9012086927486684,13.363560399619589,120.18531976744184,0.0225
0.8789086487709166,13.557862002599233,126.04801829268293,0.0275
0.8890345155805859,12.267826765918809,123.046875,0.0575
0.7760701358000395,13.171695913720201,126.04801829268293,0.03
0.541522217769722,13.289787463978662,126.04801829268293,0.0175
0.9418118615234208,13.355850366390456,120.18531976744184,0.03
0.9442558957902637,12.72560835588655,120.18531976744184,0.055
0.9646910657860528,11.526079922696184,120.18531976744184,0.045
0.96920078930456,11.81735363674752,120.18531976744184,0.0525
0.9442334264718695,13.64120123016692,120.18531976744184,0.055
0.8472600561107408,13.420563793276033,117.45383522727272,0.065
0.9552299938337854,11.436278825028175,112.34714673913044,0.045
0.7978279705144283,12.623143912622478,123.046875,0.0575
0.9437762755152356,13.68412101696563,120.18531976744184,0.03
0.9806432665580681,12.562547765989876,123.046875,0.07
0.9746850972982994,11.794297330759342,126.04801829268293,0.04
0.9926591420743955,10.028561627448155,98.0,0.03
0.9542446700305224,13.49073387624961,120.18531976744184,0.0325
0.9743876679102444,13.438421397204555,123.046875,0.055
0.9958663541234504,12.22919201852232,123.046875,0.06
0.9824451949515683,10.39949720198392,100.0,0.065
0.9851896429406812,11.276670237720763,100.0,0.0275
0.9868274604867892,12.032378465269076,121.59926470588236,0.035
0.987295134564226,11.644514926859806,121.59926470588236,0.045
0.994645393530758,14.301689233071142,151.99908088235293,0.0475
0.9844891666285756,10.663807216643596,145.57658450704224,0.0575
0.9578860855206308,9.34980865974914,129.19921875,0.0275
0.9619852927631556,9.840443377744378,129.19921875,0.0275
0.9910148017520807,9.342406461800609,137.0,0.0675
0.9808347014045128,12.1784252317556,147.65625,0.045
0.9738315506048851,13.320652237144513,147.65625,0.0325
0.9809231289924109,11.219475533735851,132.51201923076923,0.04
0.9528994854738171,13.993461891537574,143.5546875,0.035
0.9887664680625594,12.247178638244954,126.04801829268293,0.065
0.9584094164699704,11.725493384885063,143.5546875,0.0525
0.8912422513058313,11.423425730564873,135.99917763157896,0.03
0.876325283293971,13.422940911412674,139.6748310810811,0.0375
0.8965123816559755,10.489338440988188,129.19921875,0.0275
0.897565573108505,10.720256583218928,129.19921875,0.03
0.9853009026361697,11.711817834736085,135.99917763157896,0.0925
0.9920197581781616,11.67999533796666,135.99917763157896,0.065
0.9226992685341531,10.869598924441163,147.65625,0.0675
0.9760083553898826,10.342120293552838,135.99917763157896,0.03
0.8235504990118614,15.73575532601454,146.0,0.0425
0.896254657139359,13.948450665856084,147.65625,0.05
0.8749524440055413,13.649028148119148,117.45383522727272,0.0475
0.8823866444981725,14.335483070747975,147.65625,0.07
0.9586608609126693,12.10239512624729,132.51201923076923,0.05
0.8984938138545003,12.905939226408323,135.99917763157896,0.085
0.9450709129392412,12.077702300857144,132.51201923076923,0.0775
0.9541625119297585,11.772501042651697,132.51201923076923,0.06
0.9763580154663648,11.820056159767816,135.99917763157896,0.08
0.9677042021648716,11.973550282280344,132.51201923076923,0.0275
0.9930418096789801,14.86137630322623,147.65625,0.0425
0.8474170778356492,12.669944583791104,117.45383522727272,0.05
0.9097840472683939,11.559968376123049,118.0,0.0825
0.8559268961905275,13.382893211402909,117.45383522727272,0.05
0.9090849327653404,13.040712534463252,120.18531976744184,0.0375
0.6585947039040039,12.548798621721769,117.45383522727272,0.0375
0.9621119705380468,12.327935086506557,126.04801829268293,0.04
0.7729019411756081,13.703679993305984,126.04801829268293,0.0425
0.8875470888857215,14.456238935144587,120.18531976744184,0.055
0.9684333107841173,13.97940008672039,123.046875,0.0225
0.7114533756100749,14.591961021609968,120.18531976744184,0.03
0.8276615749706082,14.057642931696234,117.45383522727272,0.03
0.8555595929591718,13.11188906262327,123.046875,0.0575
0.7856056179856442,12.533135077685207,117.45383522727272,0.0825
0.857620654209415,13.84463970904772,114.84375,0.0475
0.8818207741646937,14.386476257427772,123.046875,0.0575
0.8810458384504467,13.88646325869896,123.046875,0.07
0.8284612990253815,14.694310954940756,123.046875,0.0575
0.9844430466350436,13.380756638700472,117.45383522727272,0.07
0.7376065215163817,13.141589638450636,122.0,0.09
0.8730122857145092,12.740480071715972,120.18531976744184,0.0875
0.8703586246906847,12.949604075159856,117.45383522727272,0.06
0.8748449182596185,13.602248194704302,117.45383522727272,0.055
0.9642393775851366,13.249939169388835,117.45383522727272,0.065
0.9382085830924174,13.646414167957436,117.45383522727272,0.0475
0.97103747651526,11.19027559356069,120.18531976744184,0.06
0.9162123928797391,12.374399555805546,123.046875,0.06
0.972110656420504,14.283444760086093,112.34714673913044,0.0425
0.9291168158815548,13.59216887194177,120.18531976744184,0.0575
0.9530538195261158,14.31175380211297,123.046875,0.03
0.9732250254701638,13.492523446815547,126.04801829268293,0.0475
0.9551659900019833,13.626230383301918,123.046875,0.03
0.9144751354259155,13.381406441287602,123.046875,0.05
0.9750644670818196,11.347943378197497,126.04801829268293,0.035
0.608894034802084,13.42069788971787,126.04801829268293,0.075
0.9468641794573912,12.055420786195294,135.99917763157896,0.045
0.9116006563127512,10.759008278430803,139.6748310810811,0.0575
0.8957306027540026,12.755471809269936,141.58818493150685,0.0475
0.8645955854204366,12.45674098205734,132.51201923076923,0.045
0.9464016659393519,12.877254028409924,132.51201923076923,0.0425
0.95280767149549,13.97940008672039,132.51201923076923,0.035
0.9400116094017494,13.282032165927632,135.99917763157896,0.055
0.8492447716035633,13.169102819680498,135.99917763157896,0.0475
0.8012339020726545,11.21559910865956,114.84375,0.0575
0.2226498379851933,12.70638206466919,112.34714673913044,0.0625
0.9561901550236476,12.037030177702592,107.666015625,0.0525
0.9657616369747708,12.17607270205628,132.51201923076923,0.0425
0.8616842323947361,12.416015714193112,132.51201923076923,0.0525
0.9178940111589762,10.65269781489056,129.19921875,0.055
0.9098582935122027,12.47049655995653,134.0,0.0525
0.9335376240503576,14.305092667819636,117.45383522727272,0.0525
0.8998131238418348,13.041393470836852,120.18531976744184,0.0625
0.8536080868517426,14.152594188850294,123.046875,0.0275
0.8912594518714728,14.700290900741525,129.19921875,0.035
0.8614325987029265,14.54408875373559,123.046875,0.0325
0.9817331767241694,11.280969949462548,123.046875,0.0325
0.9744226007379633,11.941084576248201,123.046875,0.0475
0.989629167487075,13.522428305336996,123.046875,0.0275
0.9731511086984328,10.833391395911562,123.046875,0.0325
0.956641975794926,12.651133421337835,123.046875,0.035
0.9646093909339684,12.479435564490068,123.046875,0.0575
0.9592873471156858,12.094442186514573,123.046875,0.0475
0.9675685031962136,12.990869517653755,120.18531976744184,0.035
0.9275808975552648,12.354604323780041,129.19921875,0.07
0.9579735481404164,12.596214940318076,120.18531976744184,0.0275
1.0,15.004104478604743,126.04801829268293,0.0225
0.927512420750004,14.12628446732812,126.04801829268293,0.02
0.7820773901078156,12.657162235983169,132.51201923076923,0.0625
0.9643916498007938,14.424883454142636,126.04801829268293,0.03
0.933712947985012,13.259037604395722,126.04801829268293,0.0225
0.8351244340959627,12.958708315478606,117.45383522727272,0.0275
1.0,13.316684739539859,117.45383522727272,0.035
0.9120079779373328,12.660867073279201,123.046875,0.0425
0.9350359650189902,13.304979371441156,126.04801829268293,0.045
0.9591125304410908,12.607160535848138,126.04801829268293,0.035
0.974812191433846,8.727545522130676,126.04801829268293,0.1
0.9554157753627188,13.105246173864346,123.046875,0.055
0.7523830021165279,13.954217715914774,123.046875,0.035
0.9835772699882976,13.97940008672039,120.18531976744184,0.0325
0.8935098860552169,13.473044063921826,123.046875,0.0325
0.9043943346542213,13.747711285858689,123.046875,0.045
0.979814573104574,11.699108540434803,123.046875,0.0475
0.9841780220600568,10.702067979693064,120.18531976744184,0.065
0.985389279757531,10.790976204217646,120.18531976744184,0.0625
0.9455827555986868,12.75757076156798,120.18531976744184,0.0825
0.9482922604471302,13.689162095546056,120.18531976744184,0.0525
0.9367973034289834,14.11238298630235,120.18531976744184,0.0475
0.9962543114183577,12.3790578653466,123.046875,0.0675
0.9640351255543989,14.167088364797221,114.84375,0.035
0.9835367215861881,13.986114272521675,120.18531976744184,0.0375
0.989458098760856,13.284146619020044,95.0,0.0275
0.9206008318127684,14.873842918022513,139.6748310810811,0.025
0.915971832372932,12.612332677095033,132.51201923076923,0.0425
0.9484878448561128,11.846482209752056,120.18531976744184,0.0425
0.96837364505792,11.439422572588931,123.046875,0.0375
0.853394722960998,12.48655896934434,120.18531976744184,0.07
0.95454545543704,11.2621884802531,123.046875,0.0325
0.9496478724881748,11.46125894244679,123.046875,0.0325
0.9634704674942928,10.484804832492435,123.046875,0.04
0.9583338402395832,11.374730478288644,123.046875,0.03
0.9248533223918598,12.875362638329502,123.046875,0.035
0.9352400457335592,11.906409240421532,120.18531976744184,0.02
0.917153395071288,11.908006868913075,120.18531976744184,0.025
0.9115154098673228,12.05525382301231,120.18531976744184,0.025
0.8955244465615118,10.457388042245672,123.046875,0.035
0.9817901719323304,9.768387881509447,123.046875,0.0325
0.9864727412960443,10.943541042530569,120.18531976744184,0.065
0.9752714945624383,12.84661651267185,126.04801829268293,0.03
0.8786694290394483,13.807910657601688,120.18531976744184,0.045
0.8874287625979048,14.416315079413025,120.0,0.0425
0.9203690316518895,10.45376709332012,123.046875,0.05
0.9464835959375357,9.846859319628887,123.046875,0.0475
0.9300037300619975,12.26978906217488,117.45383522727272,0.045
0.9147689000925181,12.220976495234002,120.18531976744184,0.0275
0.9542618527356298,12.203192554380237,123.046875,0.0375
0.8992510903793685,11.256170625129318,125.0,0.02
0.8658269572351895,12.199967003716349,120.0,0.035
0.9529073484075656,11.787948953180724,120.18531976744184,0.0325
0.935383764184872,10.556989677004164,120.18531976744184,0.0425
0.9722998751861672,9.45262034017927,123.046875,0.0625
0.9625656230966146,12.514134876333076,123.046875,0.0375
0.9302070790543115,12.45789773554803,120.18531976744184,0.04
0.9732802508420038,12.35987074389977,126.04801829268293,0.0625
0.9752261669171136,11.27502637844355,109.9567819148936,0.0375
0.6722973882926719,14.562573018844596,112.34714673913044,0.0475
0.7808752973248922,14.4501543457954,112.34714673913044,0.0725
0.9782047868026361,9.760344522664479,123.046875,0.04
0.9854248417464302,9.68673821047972,126.04801829268293,0.0525
0.9753701113522408,11.72443876779847,123.046875,0.055
0.7820030325706263,13.435748499643534,123.046875,0.0325
0.8188263786695891,11.456651128520612,125.0,0.08
0.9693208230496516,11.350329472415895,123.046875,0.0375
0.8448669028228333,13.371339619244091,117.45383522727272,0.025
0.915282573146364,11.784892084618171,120.18531976744184,0.0625
0.6872436941357407,11.677526046192456,109.9567819148936,0.0575
0.933818908446804,13.02978252568644,123.046875,0.065
0.9493269574080598,13.393734801299136,123.046875,0.0575
0.7769816964143214,12.38800665678471,126.04801829268293,0.06
0.5879977151624867,13.030907088157608,126.04801829268293,0.03
0.8555696031552441,13.529222638159979,120.18531976744184,0.0525
0.9213825958176606,13.552969852035895,117.45383522727272,0.045
0.8746048218207374,13.702997021068391,117.45383522727272,0.045
0.8891221728676153,13.173664611807013,126.04801829268293,0.0325
0.8818865203646902,12.990609071046897,126.04801829268293,0.0275
0.8753282745746588,15.44403835740885,126.04801829268293,0.03
0.9365559034297595,12.794031550335,123.046875,0.045
0.8230723493314975,12.771895551637286,125.0,0.04
0.965361617681078,11.299810543635305,129.19921875,0.0325
0.9753454268284514,10.761553613221762,123.0,0.065
0.9138122539812736,14.531387551892696,114.84375,0.025
0.9657285647720941,10.880794342808356,129.19921875,0.0325
0.9411936600743592,11.048466457113337,129.19921875,0.0325
0.9050658916139136,10.183320051535937,135.99917763157896,0.065
0.9764878187509404,11.877099638995674,123.046875,0.05
0.9624579809561522,13.697149836645176,120.18531976744184,0.035
0.9918327021847614,10.54464076500674,123.046875,0.0625
0.7840851998975232,14.441194358833924,123.046875,0.05
0.9553456249718804,11.83406793913352,123.046875,0.0625
0.954900270881979,11.949899620415565,123.046875,0.0575
0.960576852640756,11.391324160425718,120.18531976744184,0.085
0.9914562827253302,14.198289776135317,139.6748310810811,0.035
0.6281747063032022,16.1344320185643,120.18531976744184,0.0675
0.9979802441517048,13.267802274202593,123.046875,0.0475
0.9101609725041352,13.71672167287822,141.58818493150685,0.035
0.9684692438380604,12.97033279324423,135.99917763157896,0.035
0.9911062053431158,12.603202781572344,132.51201923076923,0.0375
0.7437435034180322,11.939096536005199,135.99917763157896,0.0875
0.9936088032113384,11.295812219856124,120.18531976744184,0.0375
0.8895426090823144,12.818834760759412,129.19921875,0.04
0.958154517315783,15.535209829977182,139.6748310810811,0.0375
0.963894308411002,15.637114831631708,126.04801829268293,0.04
0.4989764766121056,15.054933583464228,129.19921875,0.03
0.6874856969436514,13.309391278408132,123.046875,0.0375
0.7741701687384122,15.823463226911311,129.19921875,0.05
0.9592583654637448,11.753758443322488,120.18531976744184,0.0325
0.9531962055189134,12.04760108590487,126.04801829268293,0.0325
0.9035012122067076,11.32941110347403,132.51201923076923,0.0325
0.951880926118835,12.702899071423744,123.046875,0.055
0.95541251852858,13.9664930072947,126.04801829268293,0.0225
0.8429472878421093,13.370406302828876,123.046875,0.0325
0.912694997088518,11.328417847673446,123.046875,0.075
0.930387490914607,12.11961888051528,123.046875,0.0325
0.9596423223188498,11.445186727568622,129.19921875,0.04
0.7779207942350647,11.899616070278041,132.51201923076923,0.04
0.9616778114921611,12.987103277840545,117.45383522727272,0.045
0.9252333947842312,12.53530024880684,120.18531976744184,0.03
0.9897668418345932,10.307508369346692,122.0,0.07
0.9768264730993944,12.94788123151642,129.19921875,0.04
0.9080196831095568,12.840332382625196,126.04801829268293,0.0175
0.253486013072298,10.885445710892558,129.19921875,0.035
0.9418780481593715,12.83236949241142,123.046875,0.0525
0.9533808750387583,12.03058468431663,120.18531976744184,0.0425
0.9561479437959894,11.957920935574403,120.18531976744184,0.065
0.854430434298902,13.342569505931898,117.45383522727272,0.0275
0.8762161987776935,13.527486873992704,117.45383522727272,0.0375
0.9858435120652249,9.926530943138548,117.45383522727272,0.0525
0.9712298468394593,12.411356786406362,120.18531976744184,0.0525
0.8965866994702156,13.162666443306687,120.18531976744184,0.065
0.9127255447353148,10.72958948129097,122.0,0.0475
0.8827935596940517,12.008207582076563,123.046875,0.0275
0.9111142964234432,14.048875925033334,120.18531976744184,0.0225
0.916527677957534,13.64721862517764,120.18531976744184,0.0325
0.9956765904202928,13.91188426729448,126.04801829268293,0.0275
0.9910072539593272,13.11715970016003,126.04801829268293,0.03
0.986661451131279,13.48098177625505,126.04801829268293,0.0425
0.9413081954768407,12.158024003847093,126.04801829268293,0.0325
0.9507260474116276,13.14285487892132,120.18531976744184,0.07
0.8192205251623774,13.278804599311115,120.18531976744184,0.0625
0.28003513935771507,15.877474221121227,120.18531976744184,0.0775
0.7433065668043608,11.635647362425596,123.046875,0.0475
0.9180054453081274,11.779103256220656,123.046875,0.04
0.9512908207374314,12.410608649860674,135.99917763157896,0.04
0.9360371389645685,16.987347065337538,139.6748310810811,0.04
0.9237783316423914,13.133510316438342,139.6748310810811,0.0275
0.9699163857821796,12.76702619463934,132.51201923076923,0.0275
0.8185671264633315,12.342789956629282,139.6748310810811,0.0225
0.8906578101949699,10.761698711386002,120.0,0.045
0.713583117195433,11.490331763513163,80.0,0.0325
0.8445971093261035,13.723898464289976,137.8125,0.0375
0.9766321205090958,11.693330661332352,132.51201923076923,0.045
0.9642656504183328,12.771241065604537,133.0,0.0475
0.5102017182771025,12.186487725650423,110.0,0.025
0.8953494300313685,13.423720903586112,139.6748310810811,0.0275
0.958807560504336,12.21092451452595,123.046875,0.0525
0.9565806322036019,11.959173244202074,123.046875,0.05
0.9792836609443643,11.987993907983022,123.046875,0.045
0.977257697454085,12.784326897086594,139.6748310810811,0.0325
0.9213029228883955,11.98498669221274,123.046875,0.0675
0.9916656830773727,11.143652171055198,126.04801829268293,0.0275
0.9237486229980181,10.723006613611368,126.04801829268293,0.03
0.947142617687868,8.6015208219615,123.046875,0.025
0.9708657981346328,11.935770847520288,120.18531976744184,0.06
0.9155218170537568,10.190907335278895,120.18531976744184,0.0475
0.9799107612421656,10.896997056193138,124.52936746987952,0.045
0.9725660942168992,10.232847127038127,117.45383522727272,0.0375
0.9827574133375074,10.451265434093045,126.04801829268293,0.03
0.9655356770666008,11.624533663820902,120.18531976744184,0.05
0.9160816707882256,12.055218341725407,122.0,0.0675
0.9580067448978536,13.115632402231435,120.18531976744184,0.04
0.9869228730949495,10.852459238041774,123.046875,0.035
0.9379299369970646,13.045192823059182,120.18531976744184,0.03
0.9912310617486155,13.656444743176163,120.18531976744184,0.0575
0.9521818152283,12.5146458244307,119.0,0.0275
0.9445938226884769,11.006881227103397,123.046875,0.0375
0.8263582782010815,11.636423312950276,120.18531976744184,0.0525
0.8985082369375706,12.983186749881435,127.0,0.0525
0.9549464775950212,13.045004774278647,126.04801829268293,0.035
0.9223622332575644,12.482094936695166,123.046875,0.0325
0.8471092789858402,15.154761819663165,122.0,0.0325
0.85342025971138,14.598902524142613,120.0,0.035
0.9348543249918784,13.952179890267171,122.0,0.0375
0.9757102566400141,13.446551178680632,126.04801829268293,0.04
0.8909756583917464,13.451229924731578,123.046875,0.025
0.8878880166981455,13.625518902677054,123.046875,0.0225
0.9534023844463912,13.290112172502202,123.046875,0.025
0.6699904732434105,12.839755638102556,114.84375,0.04
0.6399829697430761,13.517514564034567,123.046875,0.0375
0.8872792311791232,13.571845917030942,123.046875,0.015
0.9265676257942996,13.123778019248743,123.046875,0.025
0.9960696976925312,10.966837007437634,143.5546875,0.0575
0.9867359720638663,10.705315992502776,139.6748310810811,0.045
0.94800030249877,11.33394992038129,166.70866935483872,0.0775
0.9746175899642728,11.80264776605448,151.99908088235293,0.0875
0.831368175936858,12.798526743938698,151.99908088235293,0.075
0.9526901977052669,11.318950298275533,159.01442307692307,0.0425
0.6914091258344023,13.503634325803077,161.4990234375,0.0625
0.7463308023402102,11.87277432728364,147.65625,0.065
0.749382700431326,13.777863483715896,151.99908088235293,0.0475
0.5841099957137824,11.5154138461256,129.19921875,0.065
0.871831216867923,12.571646503059815,166.70866935483872,0.0525
0.6994728862606817,14.241222199522088,161.4990234375,0.08
0.9045476980961709,11.783709101726956,117.45383522727272,0.075
0.968699467835353,13.718708221137511,123.046875,0.055
0.929080797613357,12.730560565818381,126.04801829268293,0.0525
0.8672790219631271,13.412186717861848,125.0,0.03
0.9802289975326686,10.70776512663912,126.04801829268293,0.05
0.9831662630446604,10.348173411925792,126.04801829268293,0.085
0.8811404119173393,9.574170144852983,126.04801829268293,0.06
0.6941862517616084,13.811557964531918,126.04801829268293,0.055
0.9478052000534126,13.271918738931433,126.04801829268293,0.0475
0.9229536439964706,11.176093091349316,143.5546875,0.05
0.9599031947376744,11.711417859826836,132.51201923076923,0.065
0.8197782223570766,13.095686811039723,132.51201923076923,0.045
0.8857620226814014,12.97578187211985,123.046875,0.0325
0.9079662608853643,15.114414965686198,121.0,0.04
0.7570043158002102,14.010482501116195,126.04801829268293,0.0275
0.9571326912208168,14.304807857096195,123.046875,0.0275
0.9659375396288736,13.216143148029529,126.04801829268293,0.06
0.95150033786521,14.321395091926044,129.19921875,0.0525
0.9282156048053808,12.75255098239908,129.19921875,0.0475
0.9641982256530492,12.975635544521692,120.18531976744184,0.0425
0.9089890958875012,13.774685074970808,117.45383522727272,0.0275
0.9181026409335572,13.776488956864888,120.18531976744184,0.025
0.8900929080408863,14.615217444859747,120.18531976744184,0.0375
0.9672593656152182,13.052310585094604,123.046875,0.0275
0.7930146144330535,14.877215864903183,114.84375,0.05
0.9446168883275439,13.570465331355091,123.046875,0.03
0.9094333926592272,13.523554654292564,114.84375,0.0275
0.9404945932367538,12.794357311639349,123.046875,0.0325
0.9825066990068622,13.176967773948892,123.046875,0.03
0.8019817456385381,13.37122302863472,70.0,0.0325
0.9194805113686194,13.762564175933743,105.46875,0.04
0.9393296352362848,13.178475987984449,123.046875,0.0375
0.920950024792806,13.06914787340267,123.046875,0.045
0.8539631806717087,13.309161492946018,123.046875,0.055
0.9406030640918692,11.573121436599678,126.0,0.065
0.7209741190912687,12.407891016690241,121.59926470588236,0.0325
0.9273294432519276,12.763122207268406,100.0,0.04
0.955718895091094,12.62156591900649,112.34714673913044,0.04
0.9328706369515696,13.092550872802104,103.359375,0.04
0.9419531027990716,12.52124108601094,117.45383522727272,0.0375
0.9806848542900848,13.482352329022511,120.18531976744184,0.04
0.852274189679358,12.992935355757849,120.18531976744184,0.0425
0.8609819788882016,12.5287785118073,120.18531976744184,0.0375
0.9408513408046753,12.09203825678307,120.18531976744184,0.0575
0.924352635516312,13.134417991277031,96.0,0.045
0.9085029662242864,12.31441387889254,120.18531976744184,0.02
0.8027208790567866,11.699399919326533,129.19921875,0.035
0.9074830429762214,11.346012122409626,129.19921875,0.035
0.9484482213171207,10.651305385696984,126.04801829268293,0.02
0.9353412236705605,11.145887641893033,132.51201923076923,0.0175
0.943128125481118,12.41975938091127,114.84375,0.0375
0.8965354864520274,12.592041125685522,120.18531976744184,0.035
0.9651302757062502,12.444906995192774,120.18531976744184,0.0325
0.8554143734492905,12.705121984450956,120.18531976744184,0.075
0.918391064406214,13.058246019831662,120.18531976744184,0.0375
0.8196238188395026,13.021210550669332,120.18531976744184,0.035
0.8980352902428154,12.712230459264688,120.18531976744184,0.0825
0.8487354372557598,12.992789472248464,123.046875,0.035
0.9262862121973946,13.893521041997474,123.046875,0.0225
0.8974274382899782,14.484218683914188,151.99908088235293,0.065
0.9942384228435543,15.887947586519715,143.5546875,0.0425
0.9937064635211624,14.401678232052852,129.19921875,0.0175
0.9967003375417576,12.919862942070104,130.0,0.05
0.8999797571618613,13.361752718560085,139.6748310810811,0.065
0.94665527965001,13.222265841916942,145.0,0.0625
0.9713588285109775,10.223061229886246,120.18531976744184,0.035
0.9902283761572447,11.579643681550511,120.18531976744184,0.03
0.8514696151370441,11.051067109319838,123.046875,0.015
0.878495664325315,13.994302374576232,100.0,0.0225
0.9704930212690474,12.668382624482819,114.84375,0.0275
0.8711247209865535,12.764249965924126,117.45383522727272,0.0225
0.9210783477206697,12.847881838547384,114.84375,0.04
0.8705103232483712,11.882253820532764,123.046875,0.03
0.72789558180853,13.888277961518266,108.0,0.035
0.9414316753640743,12.957384292790161,100.0,0.0175
0.8805547295746277,12.490752307027265,101.33272058823528,0.0275
0.9752600558992668,11.503756963114508,120.18531976744184,0.03
0.5481880245899889,11.730339388693189,123.046875,0.03
0.9711928617953742,12.786581004225452,123.046875,0.025
0.8980263245548008,14.776667821014492,123.046875,0.035
0.8910100532613707,13.65308651365902,123.046875,0.0575
0.9311517592643564,12.366734930671443,126.04801829268293,0.04
0.9140541333703166,12.871780289155618,126.04801829268293,0.0325
0.4028583600496193,13.206172830000783,123.046875,0.06
0.8189244954262489,12.701302706222828,120.18531976744184,0.09
0.9144310047327286,13.532669379185526,132.51201923076923,0.0325
0.6981719021890957,13.97940008672039,126.04801829268293,0.035
0.9034638895348133,12.574302618989195,120.18531976744184,0.04
0.8970648776608581,12.916727662641406,123.046875,0.04875
0.949849640044986,13.6809556821018,129.19921875,0.0525
0.9221057772737076,12.950992644908473,132.51201923076923,0.03
0.9456959830153512,13.277615144790664,132.51201923076923,0.0425
0.8806885469649897,12.72886886049304,184.5703125,0.07
0.8851311667567446,10.683684218925304,172.265625,0.065
0.8308378672135611,11.472117264293637,175.1853813559322,0.06
0.8144798157038229,13.677057021446956,169.44159836065575,0.0575
0.8818616978230832,12.863455019509711,202.0,0.0525
0.8721074170113249,11.161402466556455,156.60511363636363,0.0825
0.9503806420545251,12.400023159093966,210.0,0.0575
0.9623360272883656,11.345901229266898,178.20581896551724,0.06
0.8883604165077268,12.374259881919416,151.99908088235293,0.0375
0.868690884053724,13.70418770769445,127.0,0.05
0.9038944197451082,12.298143299020488,126.04801829268293,0.0625
0.9741018128929206,13.38522833207059,129.19921875,0.0425
0.7756025099452131,16.596881564294602,123.046875,0.0525
0.9868411146735326,12.634633053448283,126.04801829268293,0.0425
0.9676712264076012,13.466148828075482,126.04801829268293,0.0425
0.8596749455956776,13.44940639264875,125.0,0.0325
0.9674049969478808,12.71124533686517,121.0,0.035
0.9702110137523505,13.322445770784292,120.18531976744184,0.0375
0.817142129594859,13.806558406968918,126.04801829268293,0.065
0.9810808570805113,15.930557666931552,126.04801829268293,0.0525
0.9163213396045979,13.240378549780257,126.04801829268293,0.05
0.7002008855542288,14.009351459978264,126.04801829268293,0.0475
0.840159636942128,14.44585875214834,123.046875,0.035
0.8837714474435415,13.084280128166954,123.046875,0.0475
0.6859358520174978,14.736156504584244,123.046875,0.0525
0.8837285421439862,13.160227933142243,120.18531976744184,0.0225
0.8544361116234263,13.7298287146113,120.18531976744184,0.0425
0.5171068394937439,10.913113836468202,120.18531976744184,0.0225
0.4008770391188953,10.453325140055341,120.18531976744184,0.0225
0.6470893114124566,10.981004664519912,120.18531976744184,0.0225
0.8950673907088582,13.38310857893379,112.34714673913044,0.06
0.7555173731099369,13.403843884507651,123.046875,0.0325
0.9554232257932861,13.466318080236736,123.046875,0.055
0.961761088911651,12.256028844429563,123.046875,0.065
0.990707525547642,12.544285233783016,123.046875,0.07
0.987111541476177,11.235024544622348,123.046875,0.0375
0.9817024226604486,12.25224253847458,123.046875,0.045
0.982604736804185,13.511632056023382,123.046875,0.03
0.9907283408506481,12.401332496625985,126.04801829268293,0.035
0.9721308244785722,12.652943800993228,126.04801829268293,0.0675
0.9909104330879164,12.510278790610757,126.04801829268293,0.065
0.8426911081528431,12.348127791361804,126.04801829268293,0.0625
0.9855683459219512,12.077983244772849,126.04801829268293,0.055
0.8968531567840404,13.638620279413834,120.18531976744184,0.0525
0.8905553892167424,13.086757368256134,116.0,0.03
0.9207836877820936,12.71337495997736,120.18531976744184,0.0225
0.7719695591392636,13.626203088654886,123.046875,0.035
0.9513369926981118,11.695848675043962,123.046875,0.0775
0.8892332438258885,12.841446060333285,123.046875,0.045
0.8886034949790581,13.468022827284727,120.18531976744184,0.03
0.9061267790009814,12.48504476780343,123.046875,0.0425
0.9878683381076416,11.283092050266081,123.046875,0.03
0.9805003709886295,10.751516521359228,123.046875,0.03
0.8145121565930288,14.311990769741453,123.046875,0.0325
0.9761823456173202,13.27978069333411,120.18531976744184,0.03
0.9404135511610718,12.312546366235555,120.18531976744184,0.0375
0.9236620271515312,12.29915465739074,120.18531976744184,0.03
0.8797156093060722,13.200548805301676,120.18531976744184,0.0675
0.9198037420598496,12.32829376995259,120.18531976744184,0.03
0.9654801511941951,12.734740020394833,123.046875,0.0375
0.9658424150519114,13.849662728252124,123.046875,0.0375
0.7195736195607603,14.55993668526084,123.046875,0.03
0.4391978826115368,13.321448021196584,120.18531976744184,0.045
0.9624253390476802,13.97940008672039,120.18531976744184,0.0375
0.9163635617989148,11.694388962501584,123.046875,0.05
0.8528808655851202,12.603347681442575,120.18531976744184,0.0525
0.9020677031464761,12.70841609279601,126.04801829268293,0.025
0.7205620443760747,14.616190124850446,121.0,0.0375
0.5633600492552664,16.154557271953067,120.18531976744184,0.0375
0.940501335412828,13.514867185441755,126.04801829268293,0.05
0.9794313739834658,11.833639557169898,120.18531976744184,0.0275
0.952032367668005,11.28480346170888,123.046875,0.025
0.8624141754580517,14.698328039332674,123.046875,0.0375
0.9687809077447462,11.13074760547524,123.046875,0.0425
0.9389571992093776,11.605582269432158,123.046875,0.04
0.8617563461261861,11.004941370732062,123.046875,0.035
0.942739475706898,10.77741414110905,123.046875,0.0675
0.9384989001165004,13.964258319818612,120.18531976744184,0.035
0.9582120244702743,12.054959051323184,123.046875,0.0575
0.8746581336124721,12.95815704962359,123.046875,0.0475
0.8792437868983021,12.885754481690148,123.046875,0.025
0.8915284630869234,12.938820089729433,123.046875,0.03
0.9549407587996689,13.443145314835988,123.046875,0.0525
0.9707029817144344,12.982181559571975,123.046875,0.055
0.979461731492714,13.31002984257028,123.046875,0.0475
0.9718318622434124,12.688532383690836,123.046875,0.045
0.9374905400206127,12.191239988804277,123.046875,0.0575
0.9891585818305192,10.80647409628314,123.046875,0.0675
0.9904784700810626,9.849811727464097,126.04801829268293,0.0425
0.9798768927630517,11.710948467996497,126.04801829268293,0.05
0.9761050231919919,9.904965162147924,123.046875,0.045
0.9947279811776932,11.61071531815426,123.046875,0.0375
0.9573397418225148,11.170085651438846,120.18531976744184,0.04
0.7154679368539991,14.924255954791464,120.18531976744184,0.04
0.8235329939021948,13.672791170343292,120.18531976744184,0.0525
0.9694977606221504,14.61335551425677,120.18531976744184,0.035
0.6921723830326026,13.724325488693896,120.18531976744184,0.025
0.7021013101716005,13.401814899643757,120.18531976744184,0.0425
0.9479401791879143,11.365665294181486,120.18531976744184,0.04
0.6490159702595877,12.587525038064094,120.18531976744184,0.025
0.8915060198026192,11.95100202858459,120.18531976744184,0.0325
0.8329915888955277,13.880064307924865,123.046875,0.035
0.901622593683995,12.386944570535539,123.046875,0.0375
0.9744757404790328,12.145214334016002,129.19921875,0.0375
0.6610358026878892,13.98327310341438,126.04801829268293,0.0225
0.8537577437023126,14.03270140260314,120.18531976744184,0.0225
0.9534457279342178,14.780521846687131,120.18531976744184,0.0525
0.9162710429617048,12.873786313019624,120.18531976744184,0.02
0.9048899783340518,12.838630032151372,120.18531976744184,0.025
0.8705052682782297,14.252964680934994,120.18531976744184,0.0325
0.9696464371561382,13.53928345496524,120.18531976744184,0.06
0.99306425812375,13.124018400459695,126.04801829268293,0.04
0.993529648770712,12.529853791574872,126.04801829268293,0.045
0.994689648627819,13.614076384504646,126.04801829268293,0.04
0.9352932410572063,11.570861646198487,123.046875,0.0225
0.9456968959937944,12.122634772044274,129.19921875,0.025
0.8317788728193206,16.504793439789147,129.19921875,0.0375
0.8548044777426789,12.342806691344734,135.99917763157896,0.065
0.923981177978306,12.912153211252948,126.04801829268293,0.0425
0.8405476516394085,14.929397831167238,126.04801829268293,0.035
0.9359381815742416,13.257733913162483,120.18531976744184,0.065
0.928986754236802,12.588213187865511,143.5546875,0.075
0.9696669781542984,12.564532071943898,127.0,0.08
0.9044119622439903,13.700923269984349,123.046875,0.0675
0.8952672751673021,12.894463103941794,139.6748310810811,0.0425
0.918121487935282,14.815511285907226,123.046875,0.0375
0.9762785992306988,12.088203970033147,117.45383522727272,0.055
0.9946120898183801,11.539981300174894,120.0,0.035
0.9898960110164537,11.200025152309742,120.0,0.0475
0.9285342861182622,13.484097108940286,120.18531976744184,0.05
0.9337468736954919,13.162543392966647,120.18531976744184,0.045
0.9427523154597072,13.367504412122798,120.18531976744184,0.03
0.8136863555640939,13.794976202506163,120.18531976744184,0.0375
0.8290435283062789,13.360725940281457,120.18531976744184,0.035
0.940647998735853,13.656203688345691,123.046875,0.02
0.8822402214333842,14.111533235086744,120.18531976744184,0.035
0.9678634722827701,11.076464647738808,120.18531976744184,0.035
0.9803369252103826,12.325815243831752,120.18531976744184,0.035
0.950241889849691,13.307948237869384,120.18531976744184,0.04
0.9535203998779552,13.329962953876768,123.046875,0.0325
0.8875637137870365,13.768781762384702,123.046875,0.025
0.7264106907440967,13.459843054075288,120.18531976744184,0.04
0.8604794210783739,13.141592557865543,114.84375,0.0525
0.861507451656791,12.554111076964546,114.84375,0.06
0.8768701171787622,12.88636221301334,114.84375,0.0625
0.8397699252024318,14.746592270522033,117.45383522727272,0.035
0.7301266191388591,14.534900699629436,117.45383522727272,0.045
0.8151688500746683,13.246516783005065,117.45383522727272,0.0475
0.8909584553593171,14.348274160477407,117.45383522727272,0.03
0.9091466540227076,12.33946981951575,117.45383522727272,0.0375
0.9642717035952757,11.250272393075527,117.45383522727272,0.0375
0.8602757476775852,13.117124171145242,117.45383522727272,0.045
0.8564341177551179,13.859934819326217,117.45383522727272,0.035
0.8896109089617266,13.30464652871616,117.45383522727272,0.04
0.9189605470317346,11.915533421475663,123.046875,0.0575
0.876895780551509,11.230641006127211,123.046875,0.0575
0.95557744312238,14.818983823338328,123.046875,0.0375
0.8501731290907141,13.23245535259335,123.046875,0.0525
0.9341552793661074,13.366749086097352,120.18531976744184,0.04
0.9005030689777885,13.173974235170173,114.84375,0.055
0.8155893140624115,14.075359525337468,109.9567819148936,0.055
0.7735670014568988,13.84754069279704,107.666015625,0.0425
0.8900438759345402,14.274563129099192,109.9567819148936,0.045
0.8807642137529821,13.47108115457899,103.359375,0.0575
0.9148818867884105,11.86419018393591,123.046875,0.05
0.907106683446022,12.245716584143208,123.046875,0.0225
0.913663578386257,13.017265217508967,123.046875,0.0625
0.9608696783070623,12.755691465368447,126.04801829268293,0.0375
0.8565545410101622,15.424339251044895,123.046875,0.035
0.9432512374374684,12.981870315710516,123.046875,0.0475
0.8427989752049629,12.615263037614827,124.0,0.0575
0.9982944878917414,11.95814448693167,124.0,0.0525
0.9447486042247322,11.732903972786438,123.046875,0.0275
0.9146535651400898,12.226229268838665,123.046875,0.0275
0.9269608347996792,11.471591258654357,123.046875,0.0325
0.8923540343112224,12.287268114015106,125.0,0.025
0.9445960819895514,13.716600754175465,129.19921875,0.035
0.9514609056023514,13.012783712899273,126.04801829268293,0.0425
0.9676134952676908,11.340602089525618,126.04801829268293,0.0425
0.9603869805237815,11.370750660111604,126.04801829268293,0.0325
0.8539579325789648,13.98607502366666,120.18531976744184,0.07
0.9588828541616465,12.816631186996437,125.0,0.03
0.9563973139411595,13.650659105930881,123.046875,0.0375
0.9554131616798859,13.24830360557279,123.046875,0.0475
0.9473207338293886,13.314935237309022,123.046875,0.0425
0.9239189380948662,11.708539502599052,123.0,0.04
0.905192778014323,11.937229910511213,122.0,0.03
0.9030211535286345,13.586243400519749,120.18531976744184,0.03
0.9804297452422914,12.870829442689992,120.18531976744184,0.0275
0.5686741252305443,14.710614457703219,123.046875,0.04
0.7523613025816293,14.001428999875996,120.18531976744184,0.0425
0.96288676700321,12.289856519034837,120.18531976744184,0.0325
0.7452600692565181,14.75046736657462,121.0,0.035
0.9365520998058445,12.741792349574318,120.18531976744184,0.035
0.9695288458477798,11.665635005528856,120.18531976744184,0.05
0.9394677163971654,12.584141012401856,122.0,0.0525
0.8892960396694537,12.06561879303681,120.18531976744184,0.02
0.9041053696506349,11.586356692894055,123.046875,0.02
0.8943454844788237,12.572634043895018,123.046875,0.0225
0.8199318439873202,12.639377842296932,121.0,0.0675
0.9644333074636215,12.291715120978756,123.046875,0.0425
0.9630977037801398,11.251010024592215,123.046875,0.0425
0.80532439968717,12.012793182977248,120.18531976744184,0.025
0.6663874363588127,14.820570602977186,126.04801829268293,0.04
0.8319920569680987,12.627152012128091,120.18531976744184,0.06
0.8562926267659628,12.72263983166214,116.0,0.0525
0.9591865005184348,12.0451401375642,120.18531976744184,0.035
0.9223479491476774,13.300744231239737,121.0,0.035
0.9667922080877344,12.911900118270916,116.0,0.075
0.9817972115722936,14.027605465427063,126.04801829268293,0.0125
0.961240207226254,13.995359328209863,112.34714673913044,0.0275
0.9087196631760042,11.975918594661355,126.04801829268293,0.0575
0.9839517150808712,13.682833190230959,123.046875,0.0225
0.9927137148517604,10.710276544899392,123.046875,0.045
0.8809217880299749,12.80080183352723,123.046875,0.075
0.9366751643826723,13.405672844845665,123.046875,0.025
0.8488395400904377,13.985839644389404,123.046875,0.035
0.9560414619027848,13.113485004570489,123.046875,0.0225
0.915547855765785,12.682122109832616,123.046875,0.0525
0.9762808125629387,12.924113378218058,123.046875,0.0275
0.973764959024002,13.275705516493865,123.046875,0.025
0.9069710602071044,12.455302427010825,123.046875,0.02
0.9679379609467512,13.716486064426594,123.046875,0.04
0.9831903126078225,13.467477018419363,123.046875,0.0275
0.8150354419006156,14.117157930559795,121.0,0.0525
0.7304440066518973,13.939165081542455,123.0,0.05
0.8759346556922456,12.273194334962218,117.45383522727272,0.0325
0.7646786456968812,13.761585282464825,123.046875,0.045
0.8669753271559965,13.295252820857748,126.04801829268293,0.0275
0.9043536425938474,13.754800920908105,126.04801829268293,0.0375
0.8067211623178454,13.49116469798009,125.0,0.0575
0.9706811314783356,13.164058995816625,120.18531976744184,0.0725
0.9288138025248891,14.779015732916406,120.18531976744184,0.04
0.9337992594222442,12.640464344053807,120.18531976744184,0.03
0.9276700622767878,12.35558419880035,120.18531976744184,0.055
0.9450613434957,12.713963205769726,120.18531976744184,0.0375
0.9034787777501057,15.80220246617629,123.046875,0.03
0.9517883264632716,14.622036568782432,123.046875,0.035
0.9181269132789558,13.829323882416338,126.04801829268293,0.0425
0.9772672309788679,11.132992861513326,123.046875,0.0725
0.8767645711447369,13.481664168248424,123.046875,0.04
0.9660955062412944,12.366630734230585,123.046875,0.045
0.6704620033623909,14.308762881245833,126.04801829268293,0.0375
0.9844939594220703,11.38057512631363,126.04801829268293,0.07
0.9595332800686498,12.708744657918022,126.04801829268293,0.0425
0.8821028117799897,11.934586833178546,129.19921875,0.045
0.799099167185976,13.236042061043241,120.18531976744184,0.0375
0.9646448487845766,13.451918440195357,120.18531976744184,0.025
0.9843307344586657,12.779678956269944,120.18531976744184,0.025
0.9644083040816244,10.27404803603295,120.18531976744184,0.095
0.9409865913763732,12.18005073089305,123.046875,0.0375
0.9869707629944876,9.99235141622675,120.18531976744184,0.0475
0.9736726274562704,10.859842927878232,120.18531976744184,0.0375
0.9812965066788453,11.08619389792731,120.18531976744184,0.0525
0.9162607698030842,12.880966364603568,123.046875,0.0425
0.971197894290539,12.225101988799068,123.046875,0.055
0.7312141445295008,13.14774151105374,123.046875,0.0375
0.9323903912625127,12.588904120301972,123.046875,0.04
0.9353836829256573,11.906433175573742,123.046875,0.035
0.881740895834434,15.060123111080708,120.18531976744184,0.035
0.9479763489523333,13.580106808321354,120.18531976744184,0.055
0.9542807700771909,13.290632899849836,123.046875,0.05
0.9871252490719892,14.428388085500785,123.046875,0.0625
0.8906176363630735,13.620862404468024,120.18531976744184,0.0375
0.9592663113552393,11.047657345445586,123.046875,0.03
0.9246578472452336,13.673447477129042,117.45383522727272,0.035
0.8947232085635083,14.063689659144789,117.45383522727272,0.055
0.8389650309913386,14.025597440272016,117.45383522727272,0.075
0.9356511183742443,13.73621672300964,123.046875,0.04
0.904018540088366,15.42547340388344,123.046875,0.0625
0.8424907228029811,14.467929632173629,117.45383522727272,0.0475
0.7608494095151781,15.01082817118204,123.046875,0.0725
0.913885219366669,13.200640297526045,120.18531976744184,0.05
0.9768196091601944,11.630551630530977,120.18531976744184,0.0625
0.9739618553222193,12.842141821041377,120.18531976744184,0.0475
0.9519244360881984,12.149271386374531,126.04801829268293,0.0425
0.9726153844677683,10.422313364526083,126.04801829268293,0.0475
0.909293433518826,12.70083098367251,126.04801829268293,0.0325
0.8134757743699502,15.48521761965218,123.046875,0.0525
0.9546070816699999,11.60018479376221,123.046875,0.03
0.9659088369636901,11.470028316837109,124.0,0.0475
0.9047185361249348,12.276633163889905,128.0,0.02
0.9470561958634596,11.586573520001831,123.046875,0.035
0.8197050771028855,14.97328691687222,126.04801829268293,0.0425
0.8520051320864486,15.104511695928515,125.0,0.05
0.8725626899873224,15.64024366460946,126.04801829268293,0.04
0.9225656201825874,13.838138668726463,123.046875,0.045
0.9674155365263843,12.419409841771511,120.18531976744184,0.06
0.8178911704441547,12.001919176085277,139.6748310810811,0.0775
0.7986306909245832,13.919116053143092,117.45383522727272,0.05
0.9482042269857954,14.397508832191104,120.18531976744184,0.0325
0.8391609373592441,15.850417952174766,117.45383522727272,0.0325
0.9614022660640174,12.843669080353827,114.84375,0.04
0.89394836572341,15.205131692812547,123.046875,0.0475
0.9461979153880438,14.03379235438604,123.046875,0.0525
0.7908548916766308,13.7518760120128,123.046875,0.0425
0.9429114636371068,12.70189515941872,117.45383522727272,0.0275
0.9255094933195545,14.315520476550278,120.18531976744184,0.055
0.9259828320459209,12.997173570131935,117.45383522727272,0.0575
0.9122576866145188,12.73450034543431,120.18531976744184,0.0325
0.9620525272191736,12.293711045097355,120.18531976744184,0.0325
0.9160761682159745,12.881566926891331,120.18531976744184,0.03
0.9108997459966014,13.035282071576797,120.18531976744184,0.0275
0.9490133689288412,13.80870887812489,120.18531976744184,0.0275
0.9485348336918104,13.270979635941943,123.046875,0.0375
0.955112236568604,12.51884984865325,123.046875,0.045
0.9519891804429031,13.264222242188062,123.046875,0.0375
0.9660727839547564,11.897941858424389,120.18531976744184,0.055
0.9179049434363515,11.965948300241642,120.18531976744184,0.055
0.9199309307119822,12.653428281826905,120.0,0.0475
0.8490753343343482,14.844652665070983,120.0,0.0275
0.982272283271629,12.97704051489558,123.046875,0.055
0.8891400950168622,13.45498073609075,118.0,0.0375
0.8086562627676166,13.419491599889929,118.0,0.045
0.8215290006234361,14.40349768654414,120.18531976744184,0.0275
0.8886796729458057,13.156031581936737,117.45383522727272,0.0525
0.8763274226023913,13.279448478259464,123.046875,0.0275
0.992481803379191,12.387296990728656,129.19921875,0.0775
0.9661506294713992,12.064814083183439,123.046875,0.03
0.842340264004344,10.12850812882629,123.046875,0.055
0.7586273823031645,11.115399692195169,120.18531976744184,0.0425
0.9670287546654641,12.217668379057184,123.046875,0.0575
0.9308452179173061,12.64574769339201,123.046875,0.02
0.9188325096849976,12.37468890064771,122.0,0.06
0.94247704904793,12.750801199277715,123.046875,0.065
0.8804625739773007,12.974457641764628,123.046875,0.0675
0.909489340765949,12.236255955714807,123.046875,0.0675
0.9331660111195004,13.630190730748415,120.18531976744184,0.0525
0.9376086337342375,12.783614646056822,123.046875,0.0275
0.7114980811290197,14.305627061302093,126.04801829268293,0.03
0.8215225646761649,13.207276389101384,123.046875,0.02
0.8053735579519102,14.03306179846719,123.046875,0.0125
0.827464764931154,13.908868168481163,123.046875,0.02
0.876530009032879,12.942164657627856,123.046875,0.035
0.9054947870125812,13.057757731772362,139.6748310810811,0.055
0.9210569618625783,12.2767913622952,117.45383522727272,0.0325
0.9273255374870919,9.43706858364256,139.6748310810811,0.0675
0.9749712840667684,14.471160554178086,129.19921875,0.05
0.8068248441802753,13.626737701001051,129.19921875,0.035
0.7723930230225694,10.861148722910274,129.19921875,0.045
0.7668530537035005,14.487964883285157,133.0,0.0625
0.7349617533140824,15.652877228249123,133.0,0.0425
0.9049531359081034,10.2856910951492,129.19921875,0.0375
0.8812160023979169,12.88291222209506,126.04801829268293,0.045
0.8112587548290875,11.92744205767424,129.19921875,0.05
0.8874852232236098,11.753577962652896,129.19921875,0.035
0.6188992242044351,14.101340031175678,132.0,0.025
0.832223380984999,13.346965031826997,129.19921875,0.025
0.9713743175611242,13.127509144507222,129.19921875,0.0525
0.9145025152096822,12.809731860793711,132.51201923076923,0.0225
0.9467105080431896,11.380490426907691,120.18531976744184,0.045
0.922897270853682,12.38487423127746,132.51201923076923,0.0425
0.916125977267602,12.476306425517528,135.99917763157896,0.025
0.9078516787349749,9.585019131199868,139.6748310810811,0.065
0.8304938578487714,11.689159403710786,120.18531976744184,0.05
0.7274275608910094,12.362417822403511,130.0,0.02
0.8772539184142378,14.04688306801472,123.046875,0.0425
0.9021598674717431,12.510698387100248,124.0,0.0425
0.9895412355441615,10.700340511646305,129.19921875,0.045
0.9956905429059959,12.485685959996085,126.04801829268293,0.04
0.9871216311495163,11.873467179471053,127.60416666666669,0.065
0.8946908357022111,12.974366051086506,129.19921875,0.0375
0.993286700136433,12.286838803403688,126.04801829268293,0.035
0.9507207389511774,11.909422473194708,138.0,0.04
0.9548672346547464,12.355432047929485,123.046875,0.03
0.9675167351226897,11.887474167886213,123.046875,0.035
0.9702823271284536,12.439932099343892,123.046875,0.0625
0.9840807190392716,13.5652466111547,126.04801829268293,0.0475
0.9395939756973836,10.799204588879096,126.04801829268293,0.045
0.994617623556256,13.61643156928836,126.04801829268293,0.04
0.9893567122865607,13.72691701197233,129.19921875,0.06
0.9627733155444032,15.567127637107038,137.8125,0.0425
0.950563564930299,15.592069583919665,139.6748310810811,0.04
0.9331073930019699,12.883174663951067,130.83465189873417,0.03
0.9485673068905014,13.019158465274625,129.19921875,0.0525
0.7621712095759953,12.924085896894539,127.60416666666669,0.05
0.7105013082336714,13.731059224514773,126.04801829268293,0.0325
0.4709968421374267,12.82280946978249,129.19921875,0.045
0.9459949832693568,14.26735651739379,123.046875,0.025
0.9289365978826852,14.400237938298751,123.046875,0.0275
0.9603648825368665,13.998135975604232,123.046875,0.045
0.9409371737210865,12.603500961703947,126.04801829268293,0.0325
0.9761163548522268,12.81209878230355,123.046875,0.05
0.928507684532756,12.473933635649798,126.04801829268293,0.0275
0.9108857861354795,12.542673485574689,126.04801829268293,0.0275
0.9513482355481774,13.028528658851393,126.04801829268293,0.0225
0.93048981442194,12.979587629916026,126.04801829268293,0.035
0.9745465313608569,10.982153946865864,126.04801829268293,0.0175
0.9707313043062792,11.268982983728538,126.04801829268293,0.0225
0.9429080278525566,13.529445481318765,123.046875,0.0325
0.7666929772600299,14.263556173159966,123.046875,0.0625
0.956256278398883,13.249492507668641,117.45383522727272,0.03
0.9014368126219633,12.563681714443133,126.04801829268293,0.0675
0.9825058773765161,11.996273221859795,123.046875,0.04
0.8370217676695546,15.145802058512144,123.046875,0.05
0.9016847515280124,12.317714608182998,123.046875,0.0725
0.94521376427543,15.310231651591842,120.18531976744184,0.0375
0.9661637833925236,13.302312417111459,123.046875,0.025
0.842685929241507,13.228250460086649,123.046875,0.0575
0.8271223712779232,14.244958358097795,129.19921875,0.06
0.9215261647900352,13.86568915041493,126.04801829268293,0.02
0.9332069626605236,11.619542478828304,120.18531976744184,0.04
0.9365372387321734,11.87113406290235,120.18531976744184,0.0475
0.9464932335890055,11.47355124440626,120.18531976744184,0.07
0.8568166472612468,12.14133774499479,126.04801829268293,0.0325
0.9032027173249588,12.70458596744126,120.18531976744184,0.0325
0.9666060839269182,13.026719476821576,120.18531976744184,0.0525
0.9364296364110432,11.613828268184008,123.046875,0.0325
0.9773341240869352,11.1862720735519,120.18531976744184,0.055
0.9426025534769822,12.318903866422993,120.18531976744184,0.0325
0.9569245064421956,13.166984642436963,120.18531976744184,0.0475
0.9659887347015524,13.25188591467941,123.046875,0.0425
0.9872672392682422,12.25756284333682,126.04801829268293,0.035
0.9691665612643042,13.328397404262386,132.51201923076923,0.04
0.9793888358248498,12.481099807624814,151.99908088235293,0.06
0.7685266322954065,13.215180679927474,139.0,0.06
0.8468787863332008,12.8706986515417,129.19921875,0.045
0.76884100945925,13.4375985156371,130.0,0.06
0.9619160762791652,13.22175115086658,129.19921875,0.04
0.8128007281841093,11.64857766929776,161.4990234375,0.0675
0.9291985399822164,12.698609298298264,143.5546875,0.06
0.4412699200938804,13.894325156447907,126.04801829268293,0.04
0.5974811944855635,13.501621143257502,126.04801829268293,0.0325
0.8210307617806442,12.159621143639695,120.18531976744184,0.0275
0.6340890294211519,11.963982248521525,120.18531976744184,0.0725
0.6955907760254831,14.212460162545565,135.99917763157896,0.0475
0.6687580841418743,14.806295074832152,129.19921875,0.055
0.9169815105527004,11.766350537203893,156.60511363636363,0.075
0.8127320620459837,13.977747369043566,120.18531976744184,0.0275
0.8228600095674413,14.580333537518747,126.04801829268293,0.05
0.8101388895610273,15.049758118320803,126.04801829268293,0.0425
0.9492901341639883,13.623995310711269,132.51201923076923,0.0275
0.9658559848339712,12.093076719256754,129.19921875,0.025
0.9342763639406316,13.062522247987488,129.19921875,0.0275
0.8481614146202306,14.94429755950044,116.0,0.0475
0.9494297715541088,13.076560792352556,126.04801829268293,0.0275
0.7652477407673268,14.341563021158777,128.0,0.06
0.9204585198019716,12.54843427019292,124.0,0.0325
0.9630865573282531,12.767684783606086,124.0,0.035
0.8421144578095747,12.935821610731644,126.04801829268293,0.02
0.7988036254896225,13.887654387602023,126.04801829268293,0.0375
0.8067750198369438,13.834728680707952,126.04801829268293,0.0475
0.7976326112629193,13.794069475569437,126.04801829268293,0.05
0.9035786384731036,10.739573535822725,143.5546875,0.03
0.9812834979851384,10.900437970444392,143.5546875,0.03
0.8927703086696146,15.527402494358972,120.18531976744184,0.035
0.9580459957281137,15.477734984075362,129.19921875,0.0425
0.8856680466444263,14.601472978069463,123.046875,0.045
0.9868055706744582,11.267655846806193,129.19921875,0.035
0.9084022441414075,14.066281820457284,128.0,0.0425
0.985520401163458,11.02469854524951,123.046875,0.0675
0.8436437808005375,13.40743747307269,123.046875,0.0375
0.8774282927954483,12.450034308710203,123.046875,0.0525
0.881514733596144,12.47189622847613,123.046875,0.0475
0.9401002641797072,11.701888354964321,123.046875,0.0625
0.9443055281190765,12.88302857811041,123.046875,0.035
0.8851695666941415,12.47930556051671,123.046875,0.035
0.49872722303400835,14.361962316243366,123.046875,0.025
0.9608088441289465,12.72976329258948,123.046875,0.03
0.9193303421418153,12.321263178894146,123.046875,0.0375
0.9758882874293496,11.753706331181364,123.046875,0.0325
0.9893340271390574,11.185792793106948,123.046875,0.0625
0.9435829566121634,10.9052959355243,125.0,0.035
0.9842632514392464,8.888822508195872,123.046875,0.0525
0.9720050136092397,11.08682803601069,126.04801829268293,0.04
0.9584396480828533,13.36116533042102,120.18531976744184,0.06
0.9737679332202778,12.653418795982804,120.18531976744184,0.0475
0.9286311571349382,13.7596803439058,114.84375,0.0325
0.8066592507155883,15.6068652785323,123.046875,0.0375
0.9201819493402956,12.605458828098289,114.84375,0.0275
0.770197318906747,13.302060529595218,117.45383522727272,0.0325
0.9815661473663934,10.958805302170322,114.0,0.04
0.8850926311579322,11.715296814964947,120.18531976744184,0.0325
0.8124681158810064,12.690883916846849,120.18531976744184,0.03
0.98646648346534,11.174067814316995,123.046875,0.03
0.9199130572982116,12.043072788203705,96.0,0.035
0.7506647451771891,13.592487856895387,120.18531976744184,0.025
0.9877672281416592,10.87515105153085,114.84375,0.0575
0.9084253956266979,12.237895615773365,109.9567819148936,0.025
0.9314367816985001,13.430615401548394,120.18531976744184,0.03
0.8887921638190279,12.516002495271614,114.84375,0.03
0.9155582001234708,12.359670369566446,126.04801829268293,0.035
0.7905214912260733,12.854921969535724,117.45383522727272,0.0425
0.9250576791124032,10.960630726696968,101.33272058823528,0.0375
0.8979023052962383,12.534344401576613,120.18531976744184,0.0225
0.9697045027758764,10.92498717270792,112.34714673913044,0.0325
0.9119619077182903,11.620269411188799,123.046875,0.0725
0.7866473887524585,13.10295191317429,114.84375,0.015
0.935907213906303,12.213972293152752,107.666015625,0.03
0.9459221196558358,12.49935508851328,112.34714673913044,0.025
0.8125284921803569,13.586889327881776,112.34714673913044,0.025
0.8127479842809965,13.65081749470644,112.34714673913044,0.0325
0.7848829425434946,13.327305769536919,112.34714673913044,0.04
0.7974891402854062,14.799437221751116,126.04801829268293,0.0525
0.9113994839159318,14.439622128333308,125.0,0.0425
0.6869954286392244,12.756759585111665,120.18531976744184,0.0375
0.524005938767795,14.272043056060422,114.84375,0.03
0.892519494049964,12.15359395700042,120.18531976744184,0.035
0.6817306466209825,13.2668135917818,112.34714673913044,0.03
0.925441575456649,13.214521775423812,114.84375,0.0425
0.9683394072882058,14.360466246953916,123.046875,0.0225
0.9677887717687501,13.813610448028612,126.04801829268293,0.04
0.9773514033376698,14.684694059165963,123.046875,0.02
0.9453978795570755,14.09464751986273,126.04801829268293,0.0425
0.8335688599027548,14.935923066052547,126.04801829268293,0.03
0.7427023760500715,13.005208663975653,123.046875,0.03
0.9661241412664952,13.626581572724971,93.0,0.0375
0.9429919948162514,13.75866495128042,114.84375,0.0425
0.948150430758305,13.331616431320269,114.84375,0.0425
0.6753100559761709,11.553927943841664,120.18531976744184,0.0425
0.8795010436626485,12.175657078902638,123.046875,0.04
0.9197456698501106,12.326167356378384,105.46875,0.03
0.7810243114768859,13.35123076125762,105.46875,0.03
0.867262481152589,14.958475544744608,126.04801829268293,0.0375
0.7617561748923148,14.792390504309548,101.33272058823528,0.035
0.900471591992564,13.147050828410865,123.046875,0.0325
0.9415593842601356,15.459812330748155,123.046875,0.0275
0.9189272897163095,13.376543213699106,114.84375,0.0525
0.964510111837202,14.293558177512413,123.046875,0.04
0.7885926809321048,14.575592292114198,123.046875,0.03
0.9554173014318144,14.185740854146172,117.45383522727272,0.04
0.974564838999164,13.642155297793447,126.04801829268293,0.045
0.9127297901525848,13.066769061276332,126.04801829268293,0.025
0.993074096136975,11.874473036328787,126.0,0.0275
0.7219477439735349,11.73571710690408,126.04801829268293,0.055
0.8281931960744029,10.816790808196291,126.04801829268293,0.0825
0.8503551818658059,12.933473878012322,129.19921875,0.0575
0.7568710895416715,11.767881402849289,126.04801829268293,0.0675
0.8419033599910837,13.572919276240093,126.04801829268293,0.035
0.8298422277638454,14.062288225704634,120.18531976744184,0.0425
0.8889537733439377,13.52101215256556,120.18531976744184,0.055
0.9034778264538308,14.891609382945223,92.0,0.03
0.9490386178073368,13.088344298274288,123.046875,0.0475
0.8990679299218044,13.966766063201158,123.046875,0.0325
0.8994519374029618,13.15772833853994,123.046875,0.035
0.8986057128468258,14.90809864313941,123.046875,0.035
0.935618840884866,13.294296385431174,120.18531976744184,0.0325
0.940242295289643,12.913763455605078,123.046875,0.065
0.972195348954747,9.988287753873285,123.046875,0.0275
0.9693053087887198,13.918191624720246,123.046875,0.04
0.7775160067202668,13.62036658060553,125.0,0.05
0.9659525853516704,13.605287925857487,120.0,0.0325
0.5003658349050475,12.370426788623433,114.84375,0.0375
0.962411542635834,11.787237656302267,123.046875,0.03
0.9444571512463618,13.27923905118206,123.046875,0.0325
0.9187574580750518,13.2480726997679,123.046875,0.025
0.8424209931703706,15.434041859512853,122.0,0.025
0.9575029475942156,11.302038890796862,123.046875,0.035
0.886209024304586,13.58156551171518,123.046875,0.0475
0.9733153597648122,13.540381665406656,123.046875,0.025
0.8957850876613734,11.75524122986209,95.0,0.0425
0.9175670599442636,14.284945482190992,123.046875,0.045
0.8902535096147202,12.566683542619401,120.18531976744184,0.0425
0.7777542761525362,13.442554447010512,124.0,0.05
0.9777683659434804,13.250549956441526,124.0,0.035
0.8445810226171164,14.227025183958606,126.0,0.05
0.7182712621405751,14.607369649983044,120.18531976744184,0.0425
0.9509740091790468,11.488696289477435,129.19921875,0.045
0.8990527629016912,13.57495742651267,129.19921875,0.0525
0.9710742035500456,12.110480619539404,135.99917763157896,0.0325
0.9047098364758026,13.195241041727972,126.04801829268293,0.0475
0.9315429719653274,14.068404997116328,126.04801829268293,0.045
0.9725365993252197,13.367021563421687,132.0,0.0525
0.9605536289133636,14.30008646030532,129.19921875,0.0825
0.9915370455778487,11.990634079158028,132.51201923076923,0.0525
0.9500129310114578,13.543545909777167,129.19921875,0.05
0.9899317514990972,11.86754651188812,126.04801829268293,0.055
0.9846195550313777,12.78352420847525,123.046875,0.0575
0.9936924957484496,12.878610325360162,123.046875,0.045
0.9705481808144226,11.950683847134284,126.04801829268293,0.0425
0.9718847007537312,12.780031386904872,123.046875,0.0325
0.8975590339565225,13.846719449513976,117.45383522727272,0.045
0.8753125681742009,14.408268137297403,112.34714673913044,0.055
0.9560170477809524,13.5049795252963,112.34714673913044,0.0325
0.9691501817976956,13.979400086720377,120.18531976744184,0.04
0.9559229975804141,11.544797840087856,112.34714673913044,0.035
0.928341873328406,12.647071124344055,112.34714673913044,0.035
0.7297965832169226,13.802287732002462,117.45383522727272,0.0475
0.9106569969073846,12.08365406628417,123.046875,0.0475
0.9844974124709238,12.728916821808433,123.046875,0.05
0.9690756333972648,13.17608701057074,123.046875,0.0525
0.9473611668971508,12.516473728640277,121.0,0.0575
0.8405448891441464,14.24649260149791,143.5546875,0.0575
0.971235110903976,13.123954321442367,129.19921875,0.035
0.8220463842893252,13.06578516680533,143.5546875,0.0425
0.8302817523301764,12.80318905235415,147.65625,0.065
0.8851055655440603,12.67293404402422,139.6748310810811,0.0625
0.7592533330101032,13.359430270539407,143.5546875,0.06
0.9498962052001874,12.82769075420589,130.0,0.07
0.8578825444619258,13.599368865066037,129.0,0.0525
0.8450958036831842,12.664054526644344,124.0,0.04
0.7606378659148461,13.502238687313644,138.0,0.055
0.9607796315662044,10.460468514241178,151.99908088235293,0.0575
0.9024890258930741,11.906631867005803,147.65625,0.0425
0.9255956674234735,12.041199826559245,139.6748310810811,0.0475
0.7106638468400774,12.877667908244327,142.0,0.0375
0.9753028744515252,13.418954023525062,143.5546875,0.0575
0.8637003592370724,12.48447797665448,147.65625,0.09
0.9609327811852104,12.024112399740742,132.0,0.0425
0.5573506181384805,14.014095651456762,130.0,0.0825
0.9707245606664339,12.565611728893968,126.04801829268293,0.045
0.915527739718504,10.722302153397605,156.60511363636363,0.055
0.9256567087085736,12.50290835187165,143.5546875,0.0725
0.9583228571500366,12.380136774059032,143.5546875,0.06
0.9834105724744574,14.610103971518084,128.0,0.035
0.8913777138671644,11.968777178576016,130.0,0.02
0.9625885693133772,13.783646752799438,123.046875,0.035
0.7792294534643832,10.964196709614885,135.99917763157896,0.04
0.9124357481383639,13.987013139627377,120.0,0.0425
0.870346633051188,12.177106993067593,143.5546875,0.0925
0.8358820424948923,11.658523244309452,139.6748310810811,0.07
0.9071327697824296,13.197927696211623,135.99917763157896,0.05
0.847670217611171,12.202136631425983,126.04801829268293,0.05
0.9442193284082654,14.10661539603612,123.046875,0.02
0.9416350504926472,11.866517426430452,126.04801829268293,0.035
0.9593998866060213,14.072251308396723,129.19921875,0.035
0.9695506928189124,12.689860928583073,129.19921875,0.0425
0.8765892863158217,12.487215061185319,126.04801829268293,0.015
0.8327365183761387,12.26776259922052,125.0,0.03
0.9314210595053276,12.329398948701837,117.45383522727272,0.035
0.9594095726922109,12.727495702810884,129.19921875,0.0225
0.9190744833278459,12.778521507100496,132.51201923076923,0.04
0.8794020769653459,13.087458987956634,134.0,0.02
0.9337451881441076,13.013137947535451,131.0,0.0225
0.9800210456846876,15.212233936190234,123.046875,0.0575
0.9669868986833818,11.61501391951705,124.0,0.035
0.8793173220595997,14.158085049751506,125.0,0.035
0.7490780627089619,14.06566296141607,123.046875,0.0325
0.9764558170913864,12.02088209638022,132.51201923076923,0.03
0.8976366161834731,13.031602301725533,129.19921875,0.0325
0.7608099598876927,14.211635186360986,132.51201923076923,0.04
0.7936201439118082,12.34918477852834,129.19921875,0.0425
0.9561103929067571,13.80889367360308,129.0,0.0375
0.9571133941814997,13.032059990380391,114.84375,0.0525
0.9737252348143739,14.198478224111579,118.0,0.0325
0.9635343433251875,14.003850125175465,118.0,0.0325
0.9709030813025922,14.029793989215733,118.0,0.035
0.9796702369317479,14.355917468289404,129.19921875,0.045
0.7209623537507366,13.855241266418382,130.0,0.0375
0.9848635169909824,14.118416146248615,135.0,0.08
0.8597452465204471,13.266895744452237,109.9567819148936,0.0325
0.9668535113025598,12.631919705940572,109.9567819148936,0.05
0.9206232708905671,15.291600017113218,120.18531976744184,0.04
0.9190861314094044,14.174223065571518,120.18531976744184,0.05
0.8226328799804732,12.338279004075378,123.046875,0.04
0.9385810460220476,12.84628966633672,120.18531976744184,0.0325
0.9609425661406232,13.705235264625738,120.18531976744184,0.0225
0.8437100529897392,12.999813518836724,107.666015625,0.0325
0.8712724762189441,12.299441228644453,132.51201923076923,0.0425
0.9738902814132132,12.407822642495724,123.046875,0.035
0.9604604185403656,13.120423624484486,123.046875,0.035
0.8413904793055386,13.25024356581914,107.666015625,0.0425
0.8549237927420842,13.591029919095366,117.45383522727272,0.0325
0.922350987879887,12.886416262748494,126.04801829268293,0.03
0.9872978604584579,12.322563151387573,123.046875,0.0275
0.9862195404653196,12.149099374129054,123.046875,0.025
0.7946937904144438,12.606577726082996,123.046875,0.0425
0.9610653208734374,13.850955278143573,123.046875,0.0225
0.8302735060057616,13.572256022953008,107.666015625,0.0375
0.9386638387324716,11.81022655844542,129.19921875,0.045
0.9807738152973866,11.658811728350965,129.19921875,0.045
0.989621604980301,10.12586379142408,126.04801829268293,0.035
0.9719869764310808,12.18403095634555,109.9567819148936,0.0275
0.9929702002556986,9.959897685200016,129.19921875,0.0325
0.9949649882441206,9.825028862432553,123.046875,0.0525
0.9414029639604096,11.588975550282836,126.04801829268293,0.0175
0.9009207228700228,13.97940008672039,129.19921875,0.03
0.981890816614434,10.986679093597106,135.99917763157896,0.0475
0.9408941180416299,14.517168993214565,120.18531976744184,0.0375
0.9694891431299588,12.785543999833,120.18531976744184,0.0275
0.917478967563764,14.174110526149166,123.046875,0.0275
0.9583482347262712,12.213901231956523,123.046875,0.0325
0.9602185220552798,11.867163511409293,132.0,0.055
0.8368558198745365,12.683546777994092,135.99917763157896,0.06
0.7637840053777696,13.101206938404603,139.6748310810811,0.0525
0.9404093253988024,12.97159046815031,132.51201923076923,0.0475
0.9521794728770712,13.065683408445585,132.51201923076923,0.04
0.995820841502054,14.483353420265274,132.51201923076923,0.0375
0.8761146776392761,13.412377771957402,139.6748310810811,0.035
0.9957988426667697,12.596504398168285,129.19921875,0.0225
0.980420872120896,12.71786629969053,123.046875,0.05
0.9886422415477942,10.79147042188115,124.52936746987952,0.05
0.9943010825976936,10.868682941199028,124.52936746987952,0.0425
0.985389359146054,11.897578581563373,123.046875,0.06
0.9959585265290338,11.528687089887875,120.18531976744184,0.0775
0.9608644701394424,10.887275083738464,117.45383522727272,0.08
0.9803260465282472,11.002729982852596,120.18531976744184,0.0925
0.9358332741885989,13.497588904696762,123.046875,0.0575
0.925114147262371,14.782954780274007,126.04801829268293,0.0475
0.902821143225418,12.630705727385362,126.04801829268293,0.0475
0.979333100319356,10.610969542899449,126.04801829268293,0.0525
0.9499595430806376,12.82327288284743,126.04801829268293,0.03
0.9081854594066208,14.11293291001295,120.18531976744184,0.0375
0.8892354026253876,14.710598447929682,120.18531976744184,0.0325
0.9027672835653372,13.324919105319163,120.18531976744184,0.075
0.8879810992791302,12.37640739647571,120.18531976744184,0.02
0.9349948175322482,12.334232858992376,123.046875,0.06
0.9473510749026536,13.003590262589658,123.046875,0.035
0.416125044958346,14.62209571765952,123.046875,0.0525
0.929443638413648,10.903113689855113,126.04801829268293,0.08
0.9570067877402417,10.138420051324756,126.04801829268293,0.065
0.9261921199870142,10.66860623983461,127.0,0.0625
0.9281160956867446,10.713030218551706,127.0,0.0475
0.9446387269433373,10.810211256317475,129.19921875,0.0475
0.8900380605693861,12.814348161840371,126.04801829268293,0.0475
0.9336114865673266,13.066093576359298,126.04801829268293,0.0175
0.9567721010179886,13.43729228951104,128.0,0.06
0.9597412698560266,11.6302822042054,126.04801829268293,0.045
0.9681049846635766,11.300488859117731,126.04801829268293,0.0475
0.5566433228419531,12.764168166796916,120.18531976744184,0.075
0.6040795680618052,12.966367024053596,119.0,0.0725
0.9703736330942818,11.662892062910654,123.046875,0.07
0.9457327317372193,13.934661376883987,117.45383522727272,0.0425
0.9456942753478346,10.371965578225321,124.52936746987952,0.04
0.8822801131167397,13.922292500698823,123.046875,0.025
0.9117248231353952,12.865609103049591,123.046875,0.0425
0.8917927281338878,9.22642223762768,124.52936746987952,0.0375
0.9475217280679407,11.251172364616965,123.046875,0.03
0.8070270754842124,12.70238674116558,123.046875,0.03
0.9801922720322892,11.440442227130504,123.046875,0.03
0.9459933563072904,11.2076570294236,126.04801829268293,0.0325
0.9087631464073994,15.03238813867846,120.18531976744184,0.04
0.9478887585894803,12.054921473485171,123.046875,0.05
0.951148790399851,12.858102426011984,123.046875,0.0425
0.9191041371605332,11.739427380035934,123.046875,0.04
0.9326432680505848,10.363973380230135,123.046875,0.0425
0.9086453146197564,12.536951339043616,126.04801829268293,0.0425
0.8643694264447406,12.440551692046188,103.359375,0.035
0.8361587696340976,12.176226808351569,126.04801829268293,0.0275
0.9668720509883968,12.290307362529202,124.0,0.035
0.9412589299832974,14.50762485075261,126.0,0.0375
0.8813616333461404,12.21992022159343,123.046875,0.0325
0.9136115710242703,10.816714049950361,126.0,0.0475
0.8824391903825901,14.496103920550821,117.45383522727272,0.0425
0.9698687993573444,12.602570766869158,126.04801829268293,0.0275
0.910893120548898,13.014609004397496,123.0,0.0275
0.9592381698617215,13.47025250270361,126.04801829268293,0.0125
0.8863545852833186,13.789173835686903,130.0,0.06
0.8886837440439861,13.055381091613338,129.19921875,0.0525
0.8598133225950878,13.580844913906592,129.19921875,0.05
0.8553507190749623,13.230430473406393,123.046875,0.0375
0.9098984443108007,14.336565158956226,123.046875,0.0275
0.9286167341232708,14.353690100423815,123.046875,0.035
0.9656863702903608,13.063040286039584,123.046875,0.045
0.98710986219081,11.040630226706105,120.18531976744184,0.0475
0.9859116886776356,11.149892210488026,120.18531976744184,0.055
0.9832096420214363,10.75458836637612,120.18531976744184,0.045
0.9248931616744791,12.13597831524116,120.18531976744184,0.05
0.924518722737267,11.9174083302053,120.18531976744184,0.0475
0.912086809932019,14.262934564727265,135.99917763157896,0.07
0.9435677998397831,14.626977196183649,135.99917763157896,0.0225
0.6948833863770341,13.536868509080852,135.99917763157896,0.035
0.8830238004510688,15.714323328227671,107.666015625,0.0325
0.8965768385508964,14.92758187502961,107.666015625,0.025
0.9343784238145634,13.946317704719405,126.04801829268293,0.025
0.9774196118113243,15.015424801830562,139.6748310810811,0.055
0.8842080117288075,14.422981596640328,135.99917763157896,0.07
0.9783816744542653,14.48457518942972,135.99917763157896,0.055
0.9447895542585762,13.29225931075236,135.99917763157896,0.0575
0.9386755925101951,13.35068253493033,139.6748310810811,0.035
0.9754474432728907,14.004384584195641,139.6748310810811,0.0475
0.9300116785167252,14.109671203610528,112.34714673913044,0.0625
0.7971665854319183,13.50605682046632,126.04801829268293,0.04
0.9682026707800269,12.21671051990041,98.0,0.02
0.962059976946128,11.198474576401109,129.19921875,0.045
0.9192401202132215,11.393960062049675,126.04801829268293,0.0375
0.9839086675072712,11.606253768819492,149.7961956521739,0.025
0.9884799231471532,15.126174146186992,120.18531976744184,0.035
0.8851861391482064,12.195593233635282,101.33272058823528,0.0375
0.9501724724067087,11.66562742819816,129.19921875,0.0525
0.9241526283963768,15.831946523906602,108.79934210526316,0.025
0.9580048668503149,10.652927728747365,135.99917763157896,0.04
0.9321878016716711,11.599856705838125,120.18531976744184,0.0475
0.9818940888374954,15.276634859166247,139.6748310810811,0.025
0.9118360882014465,12.683834900138393,106.0,0.03
0.7870188659361897,12.689325604364187,126.04801829268293,0.0225
0.9600890754552477,10.445254643898565,107.0,0.0475
0.9550194283050382,17.308763906985977,126.04801829268293,0.0325
0.8308453365768782,16.2507217849069,126.04801829268293,0.06
0.9710569405468013,11.824322191517524,129.19921875,0.0325
0.9370421239650715,12.1043232186811,132.51201923076923,0.0625
0.9190734153583473,12.590156754809046,123.046875,0.06
0.9238840533126758,12.964494244155684,123.046875,0.065
0.9297504741762772,13.450095157560188,126.04801829268293,0.025
0.9566757511864505,12.259667602375195,125.0,0.0475
0.7778456674504373,12.543939352331893,123.046875,0.0475
0.8045493385256777,12.901865204164675,123.046875,0.0275
0.9139798700736748,13.095985287358884,126.04801829268293,0.06
0.9254162429156362,12.524219403352872,126.04801829268293,0.0475
0.9336471402744992,13.796289398837562,126.04801829268293,0.0475
0.920324612132464,12.134265978458822,123.046875,0.06
0.949042070009965,12.51014992905188,123.046875,0.0525
0.8646627236877984,13.511911458396977,123.046875,0.0625
0.901304483392494,12.499851512086376,120.18531976744184,0.035
0.9105536961787968,13.466340937457332,120.18531976744184,0.03
0.897888131072236,13.901307416437845,120.18531976744184,0.0275
0.8924296410200966,12.955016537578384,129.19921875,0.0425
0.8909531225163179,13.128421253505271,129.19921875,0.045
0.7966064317980741,12.79686296041978,132.51201923076923,0.055
0.974323104619907,14.347507849745742,120.18531976744184,0.0175
0.9729565530345117,12.687177481743596,126.0,0.0275
0.9307445818490915,12.229205710818196,135.99917763157896,0.0425
0.9223034304485949,13.97940008672039,135.99917763157896,0.02
0.9235825874147746,14.419457521744956,126.04801829268293,0.025
0.9764252513997332,11.346558083095141,126.04801829268293,0.0675
0.8767200856711758,12.419179956268442,126.04801829268293,0.0675
0.87417736479596,13.533355834207235,126.04801829268293,0.0625
0.8907278873769988,12.820385039689802,123.046875,0.0275
0.9236568692927644,13.042516732208338,126.04801829268293,0.0275
0.9428265102327158,14.216309141409972,132.51201923076923,0.0375
0.9621437790392108,12.622559763785752,109.9567819148936,0.0275
0.9211957078280985,14.312305090998088,128.0,0.0225
0.962223676335962,13.759492283836822,126.0,0.025
0.9905642739870661,12.84566390048872,126.04801829268293,0.03
0.96522155707441,11.690292376116506,126.04801829268293,0.0675
0.9289457867303927,12.739520957761005,126.04801829268293,0.055
0.7915043859984723,12.400261182576674,126.04801829268293,0.035
0.8356669607018464,12.182304177752885,120.18531976744184,0.045
0.9376072848982956,12.446198112889627,126.04801829268293,0.0525
0.9339967649204922,11.4962595828605,123.046875,0.0525
0.9471098690941152,14.210303184634466,126.04801829268293,0.0275
0.7501196739882,15.71154511980312,123.046875,0.0275
0.6168539581007055,14.208592884170416,123.046875,0.0475
0.752486060047572,14.819031002051704,123.046875,0.035
0.9531205826105844,13.194779635414363,123.046875,0.0375
0.978199234304858,12.06938213949368,123.046875,0.0475
0.7909140468339619,12.756719603394863,126.04801829268293,0.0375
0.992268996453851,8.862866908599742,129.19921875,0.035
0.9915288132277885,9.22464893162922,129.19921875,0.0375
0.9626299375634986,11.66687963735056,123.046875,0.035
0.9023111877074568,14.632089529081972,117.45383522727272,0.0225
0.9104117321265828,14.991573255649662,124.52936746987952,0.0225
0.9910741664757876,10.996446688597691,117.45383522727272,0.025
0.95577098835009,13.946241834055893,126.04801829268293,0.025
0.9339837545185248,14.672270359704946,126.04801829268293,0.0375
0.9284908569841095,13.308099019448724,129.19921875,0.0575
0.8512947601988105,13.758670534802429,129.19921875,0.035
0.9607144318167432,14.820985850170677,123.046875,0.0275
0.9390596574836174,14.528228452567198,123.046875,0.0425
0.970126289587231,14.163025846184604,123.046875,0.045
0.8553230178829656,14.48633288854679,123.046875,0.025
0.8692172916837264,14.931410184928437,123.046875,0.0325
0.991202133733545,13.579097580025575,123.046875,0.0175
0.9773622988017794,12.402519059970153,117.45383522727272,0.0275
0.933701923511432,15.927689807724086,125.0,0.0225
0.8919825457588939,13.828481683680444,129.19921875,0.035
0.938547765514394,12.821479531908452,120.18531976744184,0.0375
0.9775787893186778,13.379923475843558,120.18531976744184,0.0375
0.8933610894414012,12.35327236482584,120.18531976744184,0.055
0.9957699176091594,12.710227318661849,117.45383522727272,0.0325
0.9256615051301648,13.232276048024922,123.046875,0.03
0.9602532537833521,12.674960238018786,123.046875,0.035
0.9590528614084539,12.049991516303749,123.046875,0.0625
0.9109873626562088,13.188856548056572,123.046875,0.025
0.8310418162588257,12.488206498291785,123.046875,0.0175
0.9498074693968999,12.529427701260477,126.04801829268293,0.0525
0.9664148720989736,12.40844239900452,126.04801829268293,0.04
0.9819081197039382,11.6009560062591,120.18531976744184,0.025
0.8427562579685882,13.375868082216394,129.19921875,0.035
0.9585631335755408,12.427135967616653,120.18531976744184,0.035
0.9246761296308812,13.104604708380943,126.04801829268293,0.0275
0.7639560500525576,12.4719135601995,126.04801829268293,0.0225
0.9794458804299144,11.226071591357279,125.0,0.05
0.9899909962123484,11.017294047967258,126.04801829268293,0.0525
0.9523163945137204,11.631224187585644,123.046875,0.055
0.997018274143088,12.704106408652525,123.046875,0.03
0.882806242776059,14.164997732075136,117.45383522727272,0.025
0.7486014431176427,13.537072287487891,126.04801829268293,0.0125
0.9439297102793155,12.192259225003225,123.046875,0.0425
0.9439297102793155,12.192259225003225,123.046875,0.0425
0.536896676620487,16.258246484681862,123.046875,0.04
0.8779547009375626,11.676208984736892,123.046875,0.0325
0.9749522625901024,13.238449095002409,123.046875,0.02
0.9856166425311597,11.958282703082881,123.046875,0.02
0.9170928620088268,13.086156692258932,126.04801829268293,0.0475
0.993282084779856,12.57000375527434,129.19921875,0.04
0.8684922591417663,13.087757433665567,126.04801829268293,0.03
0.904260795257983,14.047519148285629,120.18531976744184,0.0325
0.9502635949006557,11.317509038903799,123.046875,0.0325
0.8890490623141336,13.998009359105517,117.45383522727272,0.035
0.9858456008404612,11.44536247237618,123.046875,0.04
0.7393757027822876,14.497916327727342,126.04801829268293,0.0275
0.8370444065200999,14.525535148541879,125.0,0.0575
0.45696545311821146,13.183226547674852,120.18531976744184,0.0525
0.6657937723819057,14.355055180150472,126.04801829268293,0.045
0.8186207365054232,14.438629605517939,126.04801829268293,0.05
0.9825428188161395,8.879944329905623,156.60511363636363,0.0375
0.977256091590753,10.250460139847966,126.04801829268293,0.0325
0.9894226828861954,12.03572876657796,123.046875,0.035
0.8436933586923316,13.471088174185926,123.046875,0.015
0.9853712829589942,10.584276845465478,123.046875,0.02
0.98184257193042,14.161832275466589,126.04801829268293,0.04
0.9917463240958186,14.061043385425045,126.0,0.0625
0.99041910728303,14.689275649529746,123.046875,0.06
0.8217575638277844,14.282800302550303,123.046875,0.05
0.982068640725759,14.083913752433393,166.70866935483872,0.0425
0.9960982427870696,13.632903221838856,126.04801829268293,0.055
0.9784700209863648,13.790426967044878,126.04801829268293,0.035
0.9406958902217546,14.281950412306031,123.046875,0.035
0.8937005626322256,12.876228064291322,126.04801829268293,0.04
0.9390083652757366,11.31374150586967,126.04801829268293,0.065
0.9654251776585184,11.39354082420657,126.04801829268293,0.04
0.9391047431701012,11.99902384099564,125.0,0.055
0.9435582085064552,12.457639746017133,126.04801829268293,0.04
0.912060119784929,10.82143408917587,132.51201923076923,0.0575
0.9626455476119569,10.168805163155461,129.19921875,0.04
0.7266230843145687,14.9140323243197,126.04801829268293,0.03
0.9171063460607032,14.407064857907711,126.04801829268293,0.0625
0.8909239992172594,12.529426517457225,126.04801829268293,0.06
0.961342551788173,11.246064520844403,117.45383522727272,0.0575
0.9502447607058762,11.378890340521533,123.046875,0.0475
0.9487447313426786,11.712650318514113,126.0,0.055
0.9405605954791691,12.232388335157296,126.0,0.04
0.8858082744576024,13.186917193887483,120.18531976744184,0.0675
0.9706383524196698,12.807699628750033,127.60416666666669,0.065
0.9757606885366956,12.598966421763098,127.60416666666669,0.065
0.9871650056778812,9.465190502424502,120.18531976744184,0.0275
0.9166530900042072,11.904866990220638,120.18531976744184,0.03
0.9421405701211745,12.124848057902707,120.18531976744184,0.0375
0.8582888361398329,10.84795174766252,123.046875,0.04
0.822731486194104,13.648052136762937,126.04801829268293,0.055
0.7760670240983427,13.226457787460236,126.04801829268293,0.045
0.9060678290676292,10.839608896921924,123.046875,0.045
0.9442717978779168,13.287591205014175,126.04801829268293,0.0575
0.901297569227178,12.872486856363045,123.046875,0.0425
0.8914881772334211,12.686461852629986,123.046875,0.03
0.9168306008093485,12.496551162596905,129.19921875,0.035
0.9578293025591196,9.924592881225069,126.04801829268293,0.07
0.9599903861266375,10.70275941882544,126.04801829268293,0.0525
0.6768566513986776,13.797527034282837,120.18531976744184,0.0325
0.8907186129314593,11.886585514748777,120.18531976744184,0.0275
0.9077172692287911,12.884277686699733,120.18531976744184,0.0575
0.8749490773013734,14.165709078790059,123.046875,0.035
0.8284676047643125,14.80837017679568,123.046875,0.045
0.849825770292862,14.017556636789482,129.19921875,0.0375
0.9623195130214676,12.293922137549895,123.046875,0.045
0.870042808401256,14.235741975923588,123.046875,0.025
0.9614835568733444,13.27657787670147,123.046875,0.0525
0.9758245726207454,12.061726039954568,123.046875,0.0325
0.9210846986095252,14.63734232889455,123.046875,0.035
0.9223994891015679,14.233868039587104,123.046875,0.0375
0.8648473819700165,13.974210151466544,123.046875,0.035
0.5798485278562284,13.563605072277277,123.046875,0.03
0.994835230943004,11.365597345322886,123.046875,0.03
0.9872719820529086,10.930938093117796,123.046875,0.0825
0.9898565205380766,12.65096796784849,129.19921875,0.04
0.9628254692441716,12.340724432543682,120.18531976744184,0.0475
0.9826124229627062,13.781008579809898,120.18531976744184,0.055
0.980727458703604,13.36646865540952,118.0,0.0675
0.9791229179346532,11.859345477487553,120.18531976744184,0.0475
0.9730904113692576,11.086623525417398,120.18531976744184,0.055
0.9574102425060795,11.733109874652211,120.18531976744184,0.055
0.921066640127548,13.047987659473954,123.046875,0.03
0.9443816152857564,12.89840515676961,123.046875,0.025
0.9082707441549547,11.814999262003894,123.046875,0.03
0.9907531408098664,11.897671074815126,123.046875,0.035
0.8599764109548966,14.849024111764226,120.18531976744184,0.03
0.8420812085892189,13.405123070265585,120.18531976744184,0.025
0.8790194194585809,13.755603940489662,122.0,0.035
0.935485976237609,14.142139870789205,123.046875,0.0425
0.9266567365921994,12.478421460727954,126.04801829268293,0.0625
0.8966359992129077,13.460517231728025,126.04801829268293,0.0425
0.7985246436253881,12.33892458348218,123.046875,0.0675
0.9577711041702017,13.092722491161172,120.18531976744184,0.0275
0.7876474708380481,14.590119197837303,120.18531976744184,0.035
0.9364618528224854,15.474261638939804,120.18531976744184,0.065
0.9263550628460584,14.265238450004803,120.18531976744184,0.0325
0.874195495341456,13.880200194144273,216.0,0.065
0.9676564743734529,12.902626687626498,210.0,0.055
0.954454130453393,12.225156658320447,220.0,0.0575
0.993897537350506,11.362684933806365,161.4990234375,0.0575
0.9629062267251656,12.481279008618417,135.99917763157896,0.0625
0.9511688736545708,11.701022090907287,129.19921875,0.0625
0.9801575532661768,10.109579702636134,129.19921875,0.04
0.9185803931881996,12.42677991590864,132.51201923076923,0.025
0.9435810066158004,11.806748077734362,129.19921875,0.0475
0.9451188316219808,12.433962499614037,132.51201923076923,0.025
0.9205281031818108,11.913609462388818,129.19921875,0.0475
0.9842839945247992,11.111734384267937,138.0,0.065
0.9776747738884376,12.022623116834032,166.0,0.075
0.9748826481705172,10.50494382707092,149.7961956521739,0.07
0.950812535169496,11.338191174624155,129.19921875,0.02
0.9701915224288705,11.52452016604401,135.99917763157896,0.0725
0.9029071706747926,17.182747835607596,129.19921875,0.0475
0.8553714799299245,11.481120851903867,129.19921875,0.025
0.9949706921081544,10.32124026643891,126.04801829268293,0.07
0.8466102821362127,10.044554483196949,132.51201923076923,0.075
0.9998337061676426,10.054798635877743,135.99917763157896,0.07
0.9831902509313966,11.492792990820575,139.6748310810811,0.0525
0.9649169369446008,10.359024149101627,126.04801829268293,0.0625
0.9709113809066765,12.276476863496384,135.99917763157896,0.0625
0.9289150912152015,12.788786184420536,135.99917763157896,0.04
0.996993564683767,6.877870263750938,129.19921875,0.075
0.9915066509179515,9.319705940315364,147.65625,0.075
0.964516897002634,12.836110291140974,129.19921875,0.045
0.9303562919255036,11.36713128379824,126.04801829268293,0.0375
0.9855347334335584,11.105869682641732,114.84375,0.06
0.9541661359994428,8.522708137493797,145.0,0.0675
0.9860587623130824,12.970852953703854,129.19921875,0.0525
0.9949966730782941,9.686470516901057,129.19921875,0.0425
0.9832320875167512,14.76358573155982,126.04801829268293,0.035
0.990921516750106,10.05095130673396,132.51201923076923,0.0625
0.9949454043300747,13.97940008672039,143.5546875,0.04
0.9539526511409863,10.342288937001447,129.19921875,0.04
0.9790949046836508,14.062317040779153,139.6748310810811,0.05
0.9238776269825416,12.243685871037133,132.51201923076923,0.035
0.9515120537353258,11.946441218416933,132.51201923076923,0.0275
0.9482128394507496,10.102999566398122,132.51201923076923,0.03
0.9784715506208628,11.383872042679975,126.04801829268293,0.0475
0.9237946440786984,10.132082278771763,132.51201923076923,0.0475
0.9838370183589356,12.306515362356157,132.51201923076923,0.03
0.8007741716215917,12.393857846684487,129.19921875,0.055
0.8921598421511285,12.182531225777469,129.19921875,0.0825
0.9753098404072884,11.441206029400355,129.19921875,0.0725
0.9452229171222636,12.512116590943045,132.0,0.0475
0.9904595384565094,12.694544840924278,135.99917763157896,0.0625
0.9793044128300246,10.723780575464254,129.19921875,0.075
0.9897317559594973,11.272881973039308,135.99917763157896,0.04
0.9659950883217814,10.144920703775533,135.99917763157896,0.0575
0.8456616525340627,13.007613447611458,132.51201923076923,0.025
0.8322790977786897,12.462664161446028,133.0,0.025
0.962415994342416,10.036953795287353,129.19921875,0.04
0.9838385854728848,12.4508049387536,132.51201923076923,0.0325
0.991093759498332,13.206681670967832,135.99917763157896,0.0475
0.9949995309497348,12.900866379344492,132.51201923076923,0.065
0.901951674920888,10.728645755441244,135.99917763157896,0.0525
0.986980165631071,10.875653432655032,135.99917763157896,0.04
0.9378198818493337,11.589721817640772,135.99917763157896,0.045
0.8375398769661737,12.124802509075591,143.5546875,0.035
0.9427295890611778,11.603872496236848,135.99917763157896,0.0375
0.9808879404751568,15.235250269212916,143.5546875,0.0275
0.9876486450053312,10.008038316253351,135.99917763157896,0.04
0.9696701139177756,9.416798767634436,138.0,0.04
0.9730533748227024,11.961384796699392,143.5546875,0.0175
0.8648666695234504,11.995750692826215,143.5546875,0.035
0.945093567212646,13.328341938215472,147.65625,0.0175
0.990577745282124,10.720564773157683,147.65625,0.0275
0.9890189328855769,9.88535147734581,143.5546875,0.0225
0.9918139819194202,11.295030919858306,117.45383522727272,0.04
0.9711664886039358,12.431162186164684,120.18531976744184,0.045
0.9830288836787806,12.135055505942523,123.046875,0.04
0.9795694080006369,11.829499729386209,126.04801829268293,0.0375
0.9102191798517772,12.330985773697108,120.18531976744184,0.0475
0.9257499320656536,12.357725101944942,126.04801829268293,0.065
0.8457256606829995,13.415261279863493,123.046875,0.0325
0.9431893457848846,12.97583708307101,123.046875,0.03
0.9516782289649286,14.083136881841883,123.046875,0.025
0.9688100991094787,12.545921663904426,123.046875,0.0575
0.9107957137596323,12.363410867925047,126.04801829268293,0.06
0.9772563094648974,11.698294603153412,96.0,0.055
0.9251421886508554,11.083007689755595,120.18531976744184,0.06
0.9207876527726012,13.523691171575374,120.18531976744184,0.04
0.9569662209213874,11.637171314236369,120.18531976744184,0.0475
0.8571552757885034,14.144636491564436,120.18531976744184,0.0375
0.8811289482405665,12.486845235189374,120.18531976744184,0.0475
0.9658977233700243,11.173225900970905,123.046875,0.075
0.9874521240127533,12.533542709346552,123.046875,0.0525
0.9496887017372848,11.97756542539425,123.046875,0.05
0.9384068195245253,13.715094130429254,120.18531976744184,0.025
0.9728771484877216,12.775655967054036,123.046875,0.0725
0.9791882604896116,11.621077675672378,126.04801829268293,0.075
0.9709354839523574,13.184359191997375,129.19921875,0.035
0.9463558989591008,12.708412890045718,126.04801829268293,0.0425
0.9452485336164074,12.666372762011617,120.18531976744184,0.0375
0.9790388598496932,11.912431885191982,117.45383522727272,0.045
0.9713690903308441,12.34087037965219,117.45383522727272,0.055
0.9682258521546916,12.92733704588323,123.046875,0.0725
0.9463318391954771,13.861702798023668,123.046875,0.085
0.9290922595057012,15.823297544682507,123.046875,0.045
0.7862729310873355,13.964809645200237,126.04801829268293,0.04
0.9652380934406408,11.804250012338972,126.04801829268293,0.08
0.9370638877992203,13.23067713434098,124.0,0.035
0.9000689324068014,13.839257237626224,123.046875,0.035
0.8082721818378362,11.731698844576329,123.046875,0.0525
0.9593933851973327,12.59341624175774,127.60416666666669,0.05
0.932106002177739,11.922607199662956,123.046875,0.0525
0.7533493551978474,14.469947420722699,117.45383522727272,0.03875
0.8868579720346172,14.237735548799336,120.18531976744184,0.0375
0.7780661891774481,14.166591669821766,114.84375,0.03
0.7781957285907388,15.043955545970212,120.18531976744184,0.02
0.8808709043221279,14.299190362575978,120.18531976744184,0.035
0.9472605070691742,14.008161405740111,123.046875,0.035
0.9277160302780952,11.07270047570259,120.18531976744184,0.035
0.9378211996396348,10.613530308477497,120.18531976744184,0.035
0.9774863018892703,13.008036284874962,120.18531976744184,0.0375
0.919035087440313,13.132957161087507,120.18531976744184,0.025
0.9569106845364739,12.833703992229982,124.52936746987952,0.0475
0.9260919055141642,13.02758004276106,124.52936746987952,0.0375
0.876422427229732,14.016453924176504,126.04801829268293,0.0275
0.9543743918467836,13.095977995965743,123.046875,0.0325
0.9662589172153055,11.914548054708694,117.45383522727272,0.0825
0.9245003611764511,13.59406371151525,120.18531976744184,0.045
0.931211790510048,13.443078218002304,120.18531976744184,0.035
0.9030176102613344,12.01222219467833,120.18531976744184,0.04
0.9820771975402623,13.661743542914255,120.18531976744184,0.045
0.9251782080971784,11.83686157161432,120.18531976744184,0.0325
0.9468692730556338,11.642184064438702,126.04801829268293,0.035
0.943892931013687,13.373657941772901,120.18531976744184,0.0575
0.918363477839218,15.045177332982277,120.18531976744184,0.06
0.9106646154615303,12.222963414954704,123.046875,0.05
0.8951550830866395,12.952737879902571,121.59926470588236,0.04
0.9410878054080376,11.944404255441672,123.046875,0.025
0.9515669009388105,14.271728279293939,126.04801829268293,0.0225
0.9462940890221178,11.441260192818511,123.046875,0.0275
0.9109231214298583,13.032669671731016,123.046875,0.0225
0.946482138972011,12.123866279303249,126.04801829268293,0.03
0.9482247425146577,13.655078836877887,123.046875,0.0225
0.8186563238757758,13.178651828549103,120.18531976744184,0.04
0.8486114565981637,12.44786781046333,112.34714673913044,0.0375
0.9488835600306692,12.84108158240448,120.18531976744184,0.03
0.6324688664422563,14.605548941781514,117.45383522727272,0.0275
0.8472611441121054,12.982587443393584,117.45383522727272,0.0375
0.7961545535807184,13.209073702346947,117.45383522727272,0.0475
0.9619268802282888,12.019444448803595,126.04801829268293,0.0625
0.976883508532884,12.408435701936238,126.04801829268293,0.035
0.9435153905098272,11.266123058708006,117.45383522727272,0.05
0.8476430100321952,14.28260998739363,117.45383522727272,0.0425
0.9431077293258816,10.907693206508172,117.45383522727272,0.0525
0.962110145435242,12.239238004803935,120.18531976744184,0.035
0.9890552002399159,10.708181318103708,123.046875,0.04
0.9657672851665344,11.0072863075844,123.046875,0.035
0.936432781972266,12.051062951549063,114.84375,0.0575
0.9334754013045417,12.36660322872407,114.84375,0.05
0.9406622816313164,12.566118555077614,120.18531976744184,0.0325
0.8339748778161113,13.877911498714749,123.046875,0.0325
0.9551303328006776,9.180808097086068,139.6748310810811,0.0575
0.965256843962327,9.226236056805025,139.6748310810811,0.045
0.9739329791496844,13.97940008672039,129.19921875,0.03
0.9924889961393266,10.278162425823934,135.99917763157896,0.075
0.8875609450232234,13.026310404942507,123.046875,0.0425
0.963848629964771,12.022124491927485,123.046875,0.0275
0.913662812958468,12.029085371733952,126.04801829268293,0.0725
0.9826734092768553,12.254723162810386,126.04801829268293,0.0325
0.9700137332420902,14.25263299298818,126.04801829268293,0.06
0.9657488350510708,12.67330444858318,126.04801829268293,0.0625
0.9906545943790988,10.996366869707822,126.04801829268293,0.075
0.9085587583554008,13.300015071816588,124.0,0.04
0.8696537576210968,11.414581454777572,126.04801829268293,0.0475
0.7737773189971144,11.96075493833262,126.04801829268293,0.0375
0.8873799375426802,12.33370573138577,124.0,0.065
0.8594565637297437,12.717966083809312,120.18531976744184,0.045
0.9665634439596524,13.104642132701832,123.046875,0.0675
0.9665634439596524,13.104642132701832,123.046875,0.0675
0.9533109886269012,12.468220292368526,123.046875,0.095
0.8883644144370535,12.954762807045842,107.666015625,0.035
0.9294313801746226,13.632360350449522,123.046875,0.0875
0.943882710546358,12.70468991158163,126.04801829268293,0.0925
0.7485206224706571,12.328198907226952,120.18531976744184,0.02
0.8605654028002254,12.947210508618221,120.18531976744184,0.0225
0.8387230053186683,12.27936305836758,107.666015625,0.0275
0.9825076068412304,13.36793804710932,124.0,0.07
0.8708362566648277,12.887565401888455,120.18531976744184,0.03
0.958969836762873,13.69960948208271,123.046875,0.0925
0.9348473354086754,13.59703840509037,123.046875,0.0875
0.8429643072021982,13.14472735384307,120.18531976744184,0.03
0.7804519935115224,12.638846200771958,107.666015625,0.035
0.8577559749047248,12.936996551166938,123.046875,0.0925
0.9308613769983928,14.657585526859256,123.046875,0.04
0.8581033559017313,12.392344906519998,106.0,0.095
0.9345694666265876,13.158380871852833,135.99917763157896,0.08
0.9010131953707772,12.103299884783034,135.99917763157896,0.095
0.8465119836823514,11.54360572572049,95.0,0.0275
0.9049403172021636,12.054659789894577,123.046875,0.0975
0.9593860900962968,12.290120946778558,120.18531976744184,0.0975
0.9708707919224132,13.53485950589857,129.19921875,0.075
0.8318003692701286,12.467332158634449,126.04801829268293,0.035
0.8623642641963907,13.962599968290636,129.19921875,0.03
0.7609720708872649,14.171391167229613,126.04801829268293,0.0225
0.89285313681236,13.442455548156055,129.19921875,0.0525
0.6688515808730311,15.533824336074982,129.19921875,0.0475
0.9295313796265883,13.027438734539334,125.0,0.03
0.9383056276480944,12.693101065257077,123.046875,0.035
0.9042266265174683,14.051865960065637,123.046875,0.03
0.669650489867988,14.16792922676068,123.046875,0.03
0.9520569887203978,14.75458477079283,129.19921875,0.0575
0.9732542105952224,13.150893284594098,123.046875,0.0275
0.959941949859898,14.679884662144202,129.19921875,0.0325
0.9682073576174122,10.922987112888908,123.046875,0.0425
0.6373295256870685,12.373760676288372,120.18531976744184,0.0475
0.7583691346011223,12.807782336947426,120.18531976744184,0.035
0.6975211268995812,12.618685688687968,117.45383522727272,0.05
0.7728409792374689,12.974204601934737,117.45383522727272,0.0325
0.9088074874652163,16.217570166665432,126.04801829268293,0.0425
0.9785770820939896,14.316813164014189,123.046875,0.0425
0.9046932562586828,12.114298057693173,126.04801829268293,0.0275
1.0,11.11594107756174,126.04801829268293,0.0475
0.9451528269743521,10.678749252114338,129.19921875,0.045
0.968696351994245,12.402334049504265,120.18531976744184,0.035
0.8862974991805886,11.17536306454986,120.18531976744184,0.0325
0.933770955822466,12.747211810083082,120.18531976744184,0.065
0.9575556120398228,12.548354314928076,120.18531976744184,0.0275
0.9713457104833828,10.268534130465053,124.52936746987952,0.05
0.9556549822486232,13.247881148287297,126.04801829268293,0.0475
0.9944364109334198,11.392873066802109,126.04801829268293,0.0375
0.9445016965441767,12.306181306575507,126.04801829268293,0.0525
0.9259253469233792,12.751549885439964,129.19921875,0.0425
0.9902580131368988,9.831413417374655,123.046875,0.025
0.8467697106933859,13.170200274144396,129.19921875,0.04
0.8978731388608925,13.635738585865258,126.04801829268293,0.04
0.9225972190469571,14.52614541747037,122.0,0.0575
0.9767255216696724,14.003764137673802,123.046875,0.05
0.8118355679702453,14.785172232297032,125.0,0.0275
0.907344259446083,12.629697242346959,123.046875,0.05875
0.974923565674928,11.906489246266124,123.046875,0.025
0.915799418375177,11.523287524228202,123.046875,0.0525
0.8677410437545082,12.445187787723349,123.046875,0.065
0.8838191495482576,12.065469926239334,123.046875,0.0575
0.9415662822252948,12.180971405587677,117.45383522727272,0.0325
0.914748559383732,12.383307467374372,123.046875,0.04
0.893469164192203,12.447161838703474,123.046875,0.0625
0.9337576162658512,13.045852238242508,123.046875,0.0725
0.9230616277778544,12.265370358557377,107.666015625,0.065
0.9524762047489764,12.293505795021648,126.04801829268293,0.0275
0.9047017056400388,11.748174539238851,117.45383522727272,0.0525
0.9383711145288673,10.802368577492427,101.33272058823528,0.075
0.937689782786091,9.306794372502493,117.45383522727272,0.0525
0.7664206113508778,13.435829729316213,124.0,0.035
0.3492642548603737,15.922164159334276,135.99917763157896,0.0475
0.8798822914963167,14.933960827700778,132.51201923076923,0.0275
0.940727007412844,13.027607543946017,123.046875,0.055
0.964854879282257,13.591571037063511,123.046875,0.025
0.9168676703246774,13.607502639432475,123.046875,0.02
0.9395574399401876,12.576871159742607,123.046875,0.04
0.5225673092894515,13.890220329495587,120.18531976744184,0.03
0.9441677531972352,15.622690124542162,129.19921875,0.03
0.7345049710075275,11.52959542428482,129.19921875,0.0225
0.8048497345651324,12.6097540058153,129.19921875,0.0275
0.9919214634979068,10.250880582284196,120.18531976744184,0.055
0.9753260531462578,10.979060538432282,122.0,0.055
0.95930113925543,12.2263947854548,123.046875,0.065
0.8754105076269837,13.843751327634653,123.046875,0.0325
0.8931291848301229,13.250364457412958,123.046875,0.0275
0.8276734381872554,11.53545457605259,114.84375,0.075
0.9907341273875824,14.29932161511826,126.04801829268293,0.0475
0.8746416409028033,13.884867418640663,126.04801829268293,0.035
0.9594059527385372,11.974825758005412,124.0,0.035
0.96585412348455,11.28144362172146,117.45383522727272,0.025
0.9913497282222892,12.427583183693248,123.046875,0.0225
0.9956636075521244,9.661185045549413,123.046875,0.0575
0.9870181617196472,9.835857275094202,123.046875,0.035
0.9919235672091512,11.056283458429318,123.046875,0.055
0.936579008927972,13.778386877521584,126.04801829268293,0.0425
0.9509365410840488,10.470021615817423,126.04801829268293,0.0675
0.9572734087478166,10.648814868080605,123.046875,0.0375
0.991016448218362,14.052193913444462,123.046875,0.0325
0.9226882072832296,14.000222740394689,128.0,0.0325
0.9872843011980341,13.53229016540175,120.18531976744184,0.0425
0.987493465486304,13.4972566331122,122.0,0.0325
0.9900352223010628,12.669272258095708,122.0,0.0475
0.9412228675486959,16.932958574791158,125.0,0.025
0.7080092891186109,13.349730742161366,129.19921875,0.0475
0.8685466703224668,13.717393046522544,129.19921875,0.0425
0.8919335041295606,13.744231389869114,123.046875,0.035
0.932740806349554,14.090891524887532,123.046875,0.03
0.9783913445413164,14.529677248451996,120.0,0.025
0.9047754136907328,15.87945643709773,123.046875,0.03
0.9843961706741332,10.303491965542367,123.046875,0.05
0.9844744228647868,11.713805216376285,123.046875,0.035
0.9787683295961694,11.915933052987072,123.046875,0.0375
0.9933799064178145,13.402182525538791,123.046875,0.025
0.988875696372268,11.899701500700123,120.18531976744184,0.0525
0.9395728316207104,12.737395222197328,120.18531976744184,0.0275
0.9777517764550643,12.618575891028083,120.18531976744184,0.055
0.8770888436933593,12.995538781056766,129.19921875,0.055
0.8472029315474121,13.188360535050418,135.99917763157896,0.045
0.9031062694938821,13.569195995758385,126.04801829268293,0.045
0.8856656607241769,12.804611209545765,122.0,0.06
0.9643950840111541,11.982506666715624,126.04801829268293,0.04
0.773545141128138,14.779928792206324,125.0,0.0425
0.937137391067277,13.232850864082415,103.359375,0.05
0.9822379741389924,12.372162309279414,120.18531976744184,0.0625
0.8758774807902107,12.947695027649797,120.18531976744184,0.0675
0.745127835133257,13.97940008672039,120.18531976744184,0.0125
0.84781088850056,13.596494538473284,123.046875,0.0425
0.9604752141680032,13.759231241115994,123.046875,0.0375
0.9644259670019462,14.911622478592664,123.046875,0.0375
0.9302957716563496,13.91521523211484,123.046875,0.0425
0.9889540953866064,12.86707800469378,109.9567819148936,0.0425
0.925770377023361,12.33408424012476,123.046875,0.0825
0.9194011875649114,13.566327694470917,120.18531976744184,0.0525
0.9076011698839626,13.53816387694468,120.18531976744184,0.0525
0.884778592296918,14.53152492938004,120.18531976744184,0.0425
0.987147784927534,11.263758204515868,123.046875,0.0525
0.8865407945159189,14.37732112334972,121.0,0.0375
0.9671502145422786,12.040224461771352,123.046875,0.05
0.947741266690586,12.600334990197428,120.18531976744184,0.0425
0.4491643141749395,13.777531912793984,123.046875,0.0225
0.9662744180418913,13.487671198233365,123.046875,0.03
0.9363517168599208,12.116894178995611,123.046875,0.0525
0.7182182869304273,14.025016969984756,123.046875,0.0525
0.9615719772767175,10.38772922498278,132.51201923076923,0.03
0.948517738812391,13.03377428385205,126.04801829268293,0.04
0.961841199926046,12.034828085618292,120.18531976744184,0.0375
0.9765006355523402,10.65902584207016,120.18531976744184,0.0375
0.9300645470862487,11.183316970245393,120.0,0.04
0.9426610347385428,12.537364081682895,123.046875,0.0225
0.97977170252557,11.899254004528228,126.04801829268293,0.03375
0.9708828997704352,12.483168162488646,122.0,0.0175
0.9436829250380039,12.761052520329756,120.18531976744184,0.065
0.9185549953630632,13.498857857501152,120.18531976744184,0.0325
0.9355128313845535,12.047819306369478,120.18531976744184,0.0525
0.9054286709593844,11.424121728437752,120.18531976744184,0.0725
0.97304421118606,14.315259449225708,123.046875,0.0375
0.9920658444364558,12.811730455711068,126.04801829268293,0.0325
0.9877361605631746,12.492946107641744,129.19921875,0.0275
0.972633546159031,14.64366600708926,123.046875,0.0125
0.992113118212862,12.192239909676875,123.046875,0.0325
0.945888729236023,12.786734003480468,123.046875,0.0125
0.9792005290154298,14.383046054915049,126.04801829268293,0.0125
0.990740535173236,13.080558758036684,123.046875,0.04
0.7194619879266109,13.275976195201956,123.046875,0.02
0.9695207613347037,13.7594917757311,123.046875,0.045
0.9512304219222372,12.569155783843806,123.046875,0.0525
0.8880727341262267,14.54975525923189,123.046875,0.0475
0.8993442007533149,12.51611737207496,123.046875,0.0825
0.9892508776934816,11.275167662937587,132.51201923076923,0.0375
0.9717475174867952,10.954167627926996,123.046875,0.03
0.9611224291169272,11.364429606997126,123.046875,0.03
0.9938529674826062,10.264078923148302,126.04801829268293,0.0225
0.8860735056396045,12.344077422288482,124.52936746987952,0.05
0.9318450695905608,13.593786177126535,123.046875,0.0525
0.9360187440676468,13.09927241259799,123.046875,0.055
0.9927786119885872,12.02641462940096,124.52936746987952,0.0425
0.9808081450930828,12.720737071767596,120.18531976744184,0.0475
0.907758652902387,13.109423573683664,120.18531976744184,0.02
0.9641475176217436,13.089081778107088,122.0,0.0225
0.9332963866132373,11.999745457391143,122.0,0.035
0.954290174435008,12.91139287660737,123.046875,0.05
0.9725650705352635,12.53971762772164,123.046875,0.0475
0.9014641274644858,13.495075825859804,123.046875,0.0525
0.8478078026149819,13.822054177947152,123.046875,0.0375
0.9848914585768422,10.247482270040052,120.18531976744184,0.0475
0.9777904564900581,11.516703024894557,128.0,0.05
0.9859932802645508,9.81164457764896,126.04801829268293,0.025
0.9597445844835968,13.060554833128364,125.0,0.01
0.9475325961732124,12.048576412029428,126.04801829268293,0.0575
0.9777617058774749,11.438531680374668,126.04801829268293,0.045
0.9730389897354548,10.967312122666598,126.04801829268293,0.0525
0.9594658846434906,11.117490543692103,124.0,0.0475
0.9477394048698043,10.628892955408144,129.19921875,0.0475
0.9381412013357304,10.457831766798767,129.19921875,0.04
0.8444383470495991,12.919848350729213,129.19921875,0.0325
0.958500076922194,14.193441939876834,129.19921875,0.0375
0.9849884664582252,13.932522648421763,123.046875,0.0425
0.942752770931266,12.728012355663257,117.45383522727272,0.025
0.7416043161430812,15.458757030574342,120.18531976744184,0.0625
0.7054571606144545,15.238725142024832,126.04801829268293,0.0575
0.968261133677627,13.06202626073654,123.046875,0.0375
0.9940295551403948,12.568578415989753,123.046875,0.03
0.947782745306156,11.100697832599629,126.04801829268293,0.0375
0.4489227393338428,13.57177198060447,126.04801829268293,0.0375
0.9742599917049245,12.961200222547216,126.04801829268293,0.035
0.9808892591698952,12.817916309465684,125.0,0.0375
0.9852431307993367,11.123319736647618,132.0,0.0525
0.9671196255270097,13.151306413748046,126.04801829268293,0.04
0.9739848682856967,12.266820034753016,123.046875,0.03
0.949494610622612,11.440130695240967,123.046875,0.05
0.9649841225077546,12.986360121209811,123.046875,0.035
0.9706497232898812,12.773987680020689,123.046875,0.0275
0.9873228639574334,12.986847166238189,126.04801829268293,0.04
0.1762274941893297,12.967784763279418,129.19921875,0.05
0.9814862187295958,10.412586922758033,123.046875,0.03
0.7432136362216183,14.05238056111252,123.046875,0.0375
0.9678144708532088,11.166520055883769,126.04801829268293,0.03375
0.7217747017318363,12.34730655877144,129.19921875,0.0375
0.987763114944061,12.589548665771332,135.99917763157896,0.07
0.946833903685112,12.825650455905777,123.046875,0.0275
0.9924553041267661,12.194272961636377,120.18531976744184,0.08
0.9939438376687352,11.096122096616082,120.18531976744184,0.07
0.996390118884942,8.814238940410316,120.18531976744184,0.075
0.9995340599655465,6.91553661386201,120.18531976744184,0.1
0.9562406481863113,12.478851559359503,126.04801829268293,0.055
0.9328678259456353,12.691187470045804,132.51201923076923,0.0575
0.936947231557416,12.86051163304468,132.51201923076923,0.075
0.9639807093716319,10.953629244393115,132.51201923076923,0.0725
0.966591252660946,12.755961552362798,132.51201923076923,0.08
0.7354469746779341,13.02272584042406,127.60416666666669,0.0325
0.931819184837818,11.512625442766767,123.046875,0.0775
0.7354469746779341,13.02272584042406,127.60416666666669,0.0325
0.9732606030657536,11.20955820441958,126.04801829268293,0.03
0.9611318711612914,11.835552869512172,123.046875,0.03
0.9671079718496693,12.452515602459163,123.046875,0.0325
0.9455831345450606,13.599600094202447,120.18531976744184,0.02
0.8143912170563727,13.04131307138098,117.45383522727272,0.045
0.9426885923642063,11.943240394466752,120.18531976744184,0.05
0.9423486851076184,13.972919749610032,120.18531976744184,0.025
0.950993029216021,14.002089241320473,123.046875,0.0375
0.9075090143672588,13.4338089968266,123.046875,0.07
0.660319819482396,13.775563513962839,123.046875,0.0425
0.9402392301386469,12.06322941285773,123.046875,0.085
0.8631922432087581,11.936434430114574,128.0,0.04
0.8266376041874616,12.679842316161867,126.04801829268293,0.0325
0.9264667918222036,11.03726894232111,126.04801829268293,0.03
0.5658435964648005,13.164828018389347,126.04801829268293,0.0125
0.9119839819001284,11.718417852872369,123.046875,0.04
0.9775628388325874,12.677562051859912,123.046875,0.0375
0.9440649094426782,12.680353000283926,123.046875,0.0325
0.9436910005716886,11.906432845819332,123.046875,0.05
0.9506964472478904,12.59068132596058,129.19921875,0.0425
0.8600020540612359,12.200057989799857,123.046875,0.0325
0.9583470696950732,12.355759718009692,133.0,0.0425
0.9437750353553266,12.543350930863062,123.046875,0.0525
0.9341267092706903,12.715150789218294,120.18531976744184,0.0325
0.9167008113358944,14.391935205638235,123.046875,0.0475
0.9617087965213031,14.028756132970884,123.046875,0.0475
0.8799342353169959,14.280217021458272,123.046875,0.04
0.9724039358929696,10.79730012272315,123.046875,0.08
0.9728178078696728,10.52915625308499,123.046875,0.085
0.974302165433875,12.092727815584091,123.046875,0.0475
0.9780630986825768,11.819082382014756,123.046875,0.08
0.8119905216523812,12.490841818745524,120.18531976744184,0.04
0.9279511152840945,11.077374246526592,120.18531976744184,0.045
0.9440714734321984,12.476113747897433,121.0,0.0325
0.93103298375543,12.329243940412889,121.0,0.035
0.8211406448737124,11.864463542343417,123.046875,0.0375
0.8658342284914105,12.997251345554176,123.046875,0.0325
0.8645511154435113,13.192888789071574,74.0,0.05
0.9151425347758323,11.76097858538016,117.45383522727272,0.0425
0.9588358390906566,13.123273153176642,103.359375,0.045
0.8254532160659964,12.610504310356829,129.19921875,0.02
0.8315597985977142,13.118068933601975,88.0,0.045
0.8455947755360418,12.656882636165506,120.18531976744184,0.03
0.6858701740850617,13.828078551710812,120.18531976744184,0.0225
0.8793762009393387,13.997784498381911,120.18531976744184,0.03
0.866862262640471,12.849790200298774,120.18531976744184,0.055
0.9487620848156977,13.04320990847863,126.04801829268293,0.0325
0.9569758717163563,12.767388509425581,119.0,0.025
0.947795118384245,13.877713142504009,105.46875,0.0375
0.9561870576153008,12.220345168124018,120.18531976744184,0.0325
0.9607645516965106,12.84732937456717,120.18531976744184,0.0375
0.9415762851144448,12.532504049460446,120.18531976744184,0.0375
0.8880637651646978,12.715236766611127,120.18531976744184,0.04
0.9151185282890172,13.249807439101364,120.18531976744184,0.03
0.7288938108853078,13.013774554584096,120.18531976744184,0.0425
0.8494838253831152,12.797390570372517,123.046875,0.045
0.8840788891108721,12.377856814985112,123.046875,0.045
0.7835617917094018,13.804113027244693,123.046875,0.045
0.9448978905746763,12.359895630815114,123.046875,0.04
0.8804918824311619,12.738057780269713,123.046875,0.0525
0.6838736034517713,11.901793523808866,123.046875,0.045
0.9132599703311816,13.219301380069002,112.34714673913044,0.025
0.954359499629884,12.56495529864493,123.046875,0.05
0.7997215991535923,14.12221407783468,109.9567819148936,0.0225
0.9006232930797333,13.247996163711724,120.18531976744184,0.045
0.8963892515789527,14.236653533328457,120.18531976744184,0.035
0.9424735162389203,12.260058924917157,120.18531976744184,0.0425
0.9259865477526816,13.15742696820616,120.18531976744184,0.06
0.930803857276532,12.034307695597436,120.18531976744184,0.0575
0.7961755512461277,13.600391451305661,117.45383522727272,0.0175
0.8629271975664747,13.263464345946389,103.359375,0.0375
0.8981817933708164,13.641248785103615,120.18531976744184,0.0525
0.8100558034931356,13.069586882673187,139.6748310810811,0.0825
0.9338419342334383,12.719179034960856,139.6748310810811,0.0925
0.8775251273292097,11.568676549898074,117.45383522727272,0.0875
0.8229075079319514,12.621661816159966,120.18531976744184,0.0375
0.8409919179260337,12.586995391992946,84.0,0.0275
0.9431995090382612,14.549056664223862,120.0,0.0475
0.9373536776055776,10.635334567764591,120.18531976744184,0.08
0.941982112694828,13.640744611414165,120.18531976744184,0.0375
0.8615665412049869,14.399381776130712,123.046875,0.0275
0.9712812061414158,13.926717272154686,117.45383522727272,0.0425
0.9114700202824602,13.511088159874632,123.046875,0.0425
0.9084270123401884,11.87807948732399,132.51201923076923,0.0325
0.8569969982815704,12.786922090357626,114.84375,0.045
0.8167817091277454,14.522728890327564,114.84375,0.0225
0.8971690660579613,12.576190690074643,105.46875,0.035
0.8084391687013365,14.121384977396133,117.45383522727272,0.0375
0.9320896032554756,12.058614202157033,117.45383522727272,0.0325
0.9050454536721594,12.821445312139891,105.46875,0.0275
0.9799405913740834,14.024541558789329,120.18531976744184,0.03
0.963329277112732,12.430268971076138,117.45383522727272,0.0275
0.6888700525202712,12.59853683267288,120.18531976744184,0.0425
0.6711613412152744,13.035093569425985,120.18531976744184,0.07
0.7263383144152984,13.069962885333819,120.18531976744184,0.0325
0.7217996092224652,13.278367438296645,103.359375,0.0675
0.9730224998970881,13.705386141916755,123.046875,0.0275
0.8553557035224287,13.35624644248519,103.359375,0.04
0.8771882360639687,13.47648583367946,86.0,0.0525
0.8522407725871969,13.996577322890289,120.18531976744184,0.0325
0.9194579389659524,13.45732890724361,120.18531976744184,0.03
0.8802270868396902,13.511633864862812,120.18531976744184,0.035
0.8817121841304195,13.275287106024216,92.0,0.0525
0.9088566315757298,12.901562146211797,114.84375,0.065
0.9102942244295055,13.736727397796184,120.18531976744184,0.0375
0.8752599501068145,12.163227483874138,114.84375,0.065
0.8103054974038633,13.548897275705029,120.18531976744184,0.035
0.8230965959486982,12.967950279107447,117.45383522727272,0.035
0.9352776504025424,12.975206141959326,120.18531976744184,0.0325
0.9882038780686055,11.590803007984391,120.18531976744184,0.04
0.986226458718624,12.557589235531765,120.18531976744184,0.0325
0.9460500134146396,11.981012216169828,120.18531976744184,0.0375
0.9936444893549442,12.913817513413624,120.18531976744184,0.0225
0.9917719470159787,11.4525262958347,123.046875,0.0325
0.9409330207893276,12.593720296852574,120.18531976744184,0.0275
0.927859738990741,12.118448072916657,120.18531976744184,0.03
0.9757288629525298,10.85933818351977,120.18531976744184,0.025
0.9472073026674592,12.622772382774254,126.04801829268293,0.055
0.994028481415974,12.733939595617562,126.04801829268293,0.0275
0.932673632466445,12.52342527685845,129.19921875,0.07
0.8542951449638426,13.152692506093404,120.18531976744184,0.06
0.794628097787617,13.278116003995313,120.18531976744184,0.03
0.8141579932640917,13.000561942396107,126.04801829268293,0.0325
0.8556912003930658,13.193112583267125,126.04801829268293,0.06
0.9936444893549442,12.913817513413624,120.18531976744184,0.0225
0.9917719669037788,11.4525262958347,123.046875,0.0325
0.9409330207893276,12.593720296852574,120.18531976744184,0.0275
0.9149953138451146,13.71021595178558,120.18531976744184,0.07
0.927859738990741,12.118448072916657,120.18531976744184,0.03
0.9753270913682186,10.8072620053948,120.18531976744184,0.025
0.6467888431813181,14.180754420924258,129.19921875,0.04
0.9472073026674592,12.622772382774254,126.04801829268293,0.055
0.9863422386377336,13.058076852720427,120.18531976744184,0.045
0.9442521174713128,13.240320219517823,120.18531976744184,0.0575
0.994028481415974,12.733939595617562,126.04801829268293,0.0275
0.9326737119548584,12.52342527685845,129.19921875,0.07
0.8689467540906997,13.411172292427173,126.04801829268293,0.05
0.9410705786113842,12.642629782912504,123.046875,0.0575
0.7677532237006934,14.376744983353232,132.51201923076923,0.055
0.944519798208858,12.756546893978363,126.04801829268293,0.0725
0.934778622172884,12.106294407904644,117.45383522727272,0.0375
0.9709724202380724,12.98512430129576,123.046875,0.0375
0.9070108148843528,12.297896772958506,120.18531976744184,0.0325
0.9396327698193848,12.00570188703504,117.45383522727272,0.0275
0.9507939846639051,13.845011598227034,117.45383522727272,0.035
0.7329369423568233,14.380382760067853,119.0,0.04
0.881620573087014,12.06111957585344,120.18531976744184,0.0325
0.8029660755869735,13.073963863678763,123.046875,0.0475
0.9416017708447834,13.274963703282415,123.046875,0.045
0.9358041729652314,12.80897837187107,123.046875,0.03
0.7906463867057375,13.832923384551275,114.84375,0.035
0.8960493585585665,12.298127366442731,123.046875,0.03
0.8324900135673508,13.86614496748367,120.18531976744184,0.0425
0.9342583700421556,13.23452745260128,120.18531976744184,0.035
0.9803258395071373,12.947632685383166,120.18531976744184,0.035
0.9905503599698896,12.51455223612817,117.45383522727272,0.0325
0.9030763655998169,11.43745173901291,123.046875,0.03
0.8940488533570538,11.666593354824675,123.046875,0.035
0.9566184872242124,12.791413336926649,107.666015625,0.05
0.9868149860639436,13.184226562333109,123.046875,0.035
0.9074436757759223,13.065328055262786,120.18531976744184,0.0475
0.8654991297031994,12.84100154721089,123.046875,0.0625
0.9493103784177492,10.800889295937978,120.18531976744184,0.0475
0.7619740977628433,12.872908067523053,120.18531976744184,0.05
0.8713911430334684,12.523888342936118,124.0,0.05
0.9233184346966297,12.54806751162806,123.046875,0.045
0.965055831296875,11.747423476544293,124.0,0.0475
0.9864907074627012,11.55006435492249,123.046875,0.0475
0.9754762443725168,13.068539920007067,120.18531976744184,0.0525
0.9753493319029223,10.626011784470851,120.18531976744184,0.0325
0.9754270994687655,12.066465988587439,123.046875,0.0275
0.9784238111278492,10.902634872254467,120.18531976744184,0.0325
0.9553584731681768,12.93992836966852,120.18531976744184,0.0675
0.9803301975601416,13.957542435755936,117.45383522727272,0.04
0.9403089036068358,14.22908397634722,117.45383522727272,0.0275
0.9186482733180514,14.77354585105401,117.45383522727272,0.0475
0.9459091556418472,12.462169257444716,123.046875,0.0575
0.9157635554717376,12.233514547840365,122.0,0.0275
0.9178223740258085,11.459316341921706,123.046875,0.04
0.9405134978739822,11.819336517128068,123.046875,0.035
0.6959012516165702,11.242896831901136,117.45383522727272,0.08
0.9785535093473816,12.029405593561574,126.04801829268293,0.0725
0.995269869183594,11.288292417788863,129.19921875,0.045
0.9573879767945005,11.999376860283077,129.19921875,0.0375
0.8248433773004018,14.28478327824832,126.0,0.0225
0.996970571401057,12.678729671888261,95.0,0.04
0.9783966341631005,11.028122582741,120.18531976744184,0.05
0.9955141062305376,10.297981528962868,105.46875,0.055
0.9737719709057872,10.55937199348356,122.0,0.045
0.9589014504986704,12.177037372730313,123.046875,0.0375
0.9023904064682744,13.930203464500181,120.0,0.045
0.9712275367491868,13.684843327481074,120.18531976744184,0.045
0.955336287684379,12.999134038193116,120.18531976744184,0.035
0.9659523540229312,13.099181405901207,120.18531976744184,0.0475
0.9845391096866867,12.048769061378241,120.18531976744184,0.045
0.8833615136057102,13.769186793178749,123.046875,0.055
0.9956223070305141,13.02462723880438,123.046875,0.045
0.9936223803916636,11.745805237811476,123.046875,0.05
0.9988712484612852,13.577727316272783,120.18531976744184,0.0375
0.9506777654106766,12.67667642027055,107.666015625,0.0525
0.8559731173314405,11.989228774735588,132.51201923076923,0.0325
0.9437839744314819,13.73843274632343,117.45383522727272,0.03
0.96843233129373,15.316967002876789,135.99917763157896,0.0425
0.8125593376144097,14.53019116732117,129.19921875,0.0425
0.8797643226568939,12.088345578671007,117.45383522727272,0.0775
0.9073742612473874,12.230372450718175,117.45383522727272,0.0575
0.8607782978371501,12.491639922965538,117.45383522727272,0.0725
0.9598251106975836,11.88572578068511,126.04801829268293,0.0475
0.995910481202238,12.684893493987271,120.18531976744184,0.035
0.8471015257416876,14.116552731999228,123.046875,0.0275
0.9922419006116348,10.19738795974412,123.046875,0.035
0.9531933781287103,12.803201383237027,129.19921875,0.0225
0.9855817688048956,13.505558273674248,123.046875,0.0325
0.9454307234710512,13.854963681037344,130.0,0.0275
0.9651965230210395,11.838434370103846,123.046875,0.0375
0.901083449360962,14.96204361444881,126.04801829268293,0.045
0.9467769745977781,12.847615147734295,126.04801829268293,0.035
0.8715587220272741,14.274235392706764,126.04801829268293,0.0325
0.9757814604188696,13.284918669746293,126.04801829268293,0.045
0.9789627653621942,13.700147156728686,126.04801829268293,0.07
0.9673398382067814,13.798799524824345,126.04801829268293,0.04
0.9490822156642527,14.878571392465872,123.046875,0.025
0.9711556980550792,13.534328652596596,123.046875,0.02
0.8720458483347272,13.425578672654108,126.04801829268293,0.0325
0.8409237188165382,15.03889113505936,126.04801829268293,0.03
0.8785969065439871,12.704404191018103,123.046875,0.035
0.9866484189023718,14.497586728298664,124.0,0.03
0.9858447922537534,14.056837872993917,123.046875,0.05
0.8481982056902375,16.19880876267078,123.046875,0.0275
0.982889415306859,10.476384072504302,132.51201923076923,0.0525
0.991263117483798,12.520474520581011,129.19921875,0.0675
0.9604288629000944,11.985882996178514,120.18531976744184,0.035
0.965650237624446,13.401475105163568,129.19921875,0.0375
0.8685615033572176,13.255515056271728,123.046875,0.0175
0.9487725046990314,13.650435310571945,107.666015625,0.035
0.9718071680243519,12.818900801488802,117.45383522727272,0.0275
0.9232210271527354,12.802658555051671,112.34714673913044,0.025
0.6896042441232022,13.220150348435673,112.34714673913044,0.02
0.9293690769601196,12.034264617781924,107.666015625,0.025
0.9069685507869136,12.926506428118422,117.45383522727272,0.03
0.850833590924249,12.755168025773397,120.18531976744184,0.04
0.9966673151944543,9.857302586912663,123.046875,0.0425
0.97325523829311,11.080172585505588,120.18531976744184,0.025
0.9721846545252184,10.462899273058,120.18531976744184,0.055
0.9668062960299562,10.96636936852343,120.18531976744184,0.0325
0.9832784742112152,10.320378617177319,123.046875,0.0675
0.98754285642818,10.227197786115989,123.046875,0.0675
0.9842477681870738,12.743974303041522,123.046875,0.0275
0.9514623765068844,11.989884256329708,120.18531976744184,0.0575
0.916110561845093,13.655253969410008,120.18531976744184,0.025
0.9638932439292687,12.440287760903699,123.046875,0.0525
0.958517824145493,12.483602537040449,123.046875,0.05
0.9385114475708448,13.986845168946115,122.0,0.03
0.9716141063214119,12.316383995940603,117.45383522727272,0.0325
0.9442677403400584,12.854017906126206,117.45383522727272,0.055
0.9483162244321356,13.152551055309704,117.45383522727272,0.0425
0.9583178841877609,12.127123138624572,126.04801829268293,0.0225
0.964461443255338,12.959892679822367,126.04801829268293,0.035
0.8727033262010023,11.149294341018738,126.04801829268293,0.0425
0.976716576855685,14.34333644965477,120.18531976744184,0.0325
0.9883670201803381,13.813620441554342,126.04801829268293,0.0475
0.9756735767786525,15.889415118383795,123.046875,0.03
0.9712773616727568,10.834129306941202,140.0,0.035
0.972696970675883,12.429667842416189,112.34714673913044,0.0675
0.9135234926625682,13.477858957526095,129.19921875,0.0475
0.9698582662585797,12.273293260559912,126.04801829268293,0.045
0.9704921169666963,11.745269126290012,139.6748310810811,0.035
0.9090450455780398,12.808659676837827,129.19921875,0.025
0.9577205805035875,14.21963134351662,123.046875,0.0325
0.9714760651809637,10.722516424487047,139.6748310810811,0.0475
0.9197729298885335,12.186359128028736,143.5546875,0.08
0.9560842366530692,12.29381333305207,129.19921875,0.0325
0.9720234489211261,12.429369792890164,166.70866935483872,0.055
0.9773604180514708,14.132863552867516,123.046875,0.02
0.951950970717517,10.534117572229157,123.046875,0.0325
0.9467389231335184,11.281115479539915,123.046875,0.0275
0.97721073322772,11.160432146231415,128.0,0.035
0.935518433406915,14.606646960066328,126.04801829268293,0.035
0.9599718757604992,13.545258789871038,126.04801829268293,0.0475
0.824390609080985,11.785860167451075,129.19921875,0.0575
0.9754847730814032,14.092014610485649,129.19921875,0.035
0.9655212738090606,12.12580519808035,126.04801829268293,0.0625
0.974024111617801,12.749080177063773,123.046875,0.06
0.952250992082033,12.442199035344174,123.046875,0.065
0.9607073009702708,10.309662737161508,135.99917763157896,0.1
0.9628056193933952,12.519052424102004,124.0,0.0625
0.9710590927447587,12.681867592510137,123.046875,0.0575
0.8470087496720444,12.533418978277957,100.0,0.0575
0.939155364202541,14.645201816626248,120.18531976744184,0.0475
0.9114792274422252,14.750472675887892,120.18531976744184,0.05
0.8828804969520974,13.361083407805154,120.18531976744184,0.0275
0.9727837523287373,13.047928312945968,126.04801829268293,0.0375
0.9223311030447232,9.458962838155827,132.51201923076923,0.0375
0.9796972657915761,13.046898680839046,120.18531976744184,0.035
0.9687650295578372,10.700517070977327,120.18531976744184,0.0675
0.9822400139433488,12.66828256230898,120.18531976744184,0.0425
0.969337717422414,14.0944466645022,120.18531976744184,0.0475
0.9432756816869844,10.51424721376247,120.18531976744184,0.0725
0.9627733911349047,12.864772234950706,120.18531976744184,0.0275
0.982639888783462,12.770739159391727,112.34714673913044,0.0425
0.9315473021158487,13.81024000555017,120.18531976744184,0.04
0.5834082747543449,13.832092819816676,123.046875,0.055
0.5856105731240275,13.613295900049778,123.046875,0.0575
0.9617917456173146,10.994257204358412,129.19921875,0.065
0.9593264823936332,11.695968595216435,132.51201923076923,0.0375
0.9832263718563086,10.891921450935058,127.60416666666669,0.0475
0.939646423308656,12.040528349643598,129.19921875,0.0425
0.980369238086889,12.328317560078045,123.046875,0.045
0.9507060668986168,12.810977998005018,123.046875,0.0325
0.7882725952884082,13.38523284134621,132.51201923076923,0.055
0.7918320034569981,13.42156133819567,132.51201923076923,0.055
0.9079195279425104,11.486459378934502,123.046875,0.0575
0.7238738973161493,12.311817946826404,123.046875,0.07
0.9717346442587944,15.011781686039814,123.046875,0.03
0.9905333239781482,12.837945141266797,126.04801829268293,0.06
0.9773597104803282,11.881206385397014,128.0,0.05
0.9189392975494144,13.577385461829252,120.18531976744184,0.0375
0.9714403911557328,12.947707682695976,120.18531976744184,0.035
0.9721866841141972,13.073468906861876,117.45383522727272,0.025
0.9551409050590913,14.528032359278033,114.84375,0.0475
0.943989812047876,12.157643719096871,123.046875,0.0375
0.9143447958916984,12.091293993261704,120.18531976744184,0.035
0.8147218821676409,11.771482525322632,123.046875,0.045
0.866783478619988,17.424794707945097,123.046875,0.035
0.9643551390835744,11.480625354554377,123.046875,0.0775
0.9676058960104624,11.378379358404185,123.046875,0.05
0.8935586857150242,12.573373447837161,120.18531976744184,0.04
0.9368280404420206,11.83970823004095,120.18531976744184,0.075
0.8483659670698872,10.796566753891984,120.18531976744184,0.035
0.8505810984783182,10.964233905823578,120.18531976744184,0.035
0.8503028808064734,13.427176062052736,126.04801829268293,0.0675
0.9101917966147866,12.918245691692626,123.046875,0.035
0.8480551664181987,13.78113597594792,123.046875,0.055
0.8613536437080361,12.728450875328747,123.046875,0.03
0.8693246941344949,12.950532924168968,123.046875,0.03
0.968705478966376,12.052271707775525,126.04801829268293,0.0425
0.987067036997708,10.983077054788891,123.046875,0.07
0.9398797976604563,15.196510392754966,120.18531976744184,0.035
0.8958743381369753,13.335625061017176,126.04801829268293,0.035
0.8831664567353755,13.473364658240378,123.046875,0.04
0.7204523321800315,12.813760543534976,121.59926470588236,0.04
0.947197310947324,12.713413971942042,120.18531976744184,0.0575
0.918881133525904,12.892612186540898,120.18531976744184,0.035
0.925560225830411,12.56573975726024,120.18531976744184,0.06
0.9913470282178962,10.88353178500035,126.04801829268293,0.055
0.9828689001077032,11.108159402145148,123.046875,0.0675
0.9683896994231311,11.314563622749795,126.04801829268293,0.035
0.969038715825842,12.348111182880393,123.046875,0.0225
0.9310964987185704,13.582897178829192,114.84375,0.0425
0.9701906636097921,13.79788346133252,114.84375,0.0325
0.8920019758314648,13.816926146385494,123.046875,0.0475
0.967503776483863,12.171098306021586,123.046875,0.0275
0.9128420229951644,12.272781691727983,123.046875,0.0375
0.9736556604982274,13.015671979612424,123.046875,0.075
0.9534546619085288,13.774548124191131,132.51201923076923,0.0575
0.9170836785390606,10.920293649823815,126.04801829268293,0.0325
0.9755523277230739,13.566218456931676,120.18531976744184,0.06
0.901685370414456,10.109828981986157,132.51201923076923,0.0375
0.9302768356970882,15.04734901133991,129.19921875,0.0425
0.9417475233100132,12.846429361319077,122.0,0.0275
0.9629906791473561,12.941409815894827,132.51201923076923,0.05
0.9951999796080282,13.141912192957644,126.04801829268293,0.035
0.9811178734782192,11.570809680270152,120.18531976744184,0.0275
0.9612807989407344,12.743125019629192,120.18531976744184,0.03
0.9846822009620886,12.362785258246667,120.0,0.02
0.9890531380235662,12.979712775365911,125.0,0.035
0.9491028248881596,12.169280843107169,120.18531976744184,0.025
0.9900645537735164,9.540838014162231,120.18531976744184,0.0475
0.9015756450489503,13.31174342803407,139.6748310810811,0.0525
0.4073871649707008,9.709354435490722,101.33272058823528,0.02
0.955707811336344,13.34492744591478,139.6748310810811,0.05
0.3946491736748849,10.3936056082098,139.6748310810811,0.02
0.9825659355694149,12.858880712275855,139.6748310810811,0.05
0.8880188067670329,12.710352463562732,135.99917763157896,0.04
0.9147819035297248,12.27771922007314,143.5546875,0.04
0.8889552020483141,11.872122670447348,143.5546875,0.0525
0.6861414888140749,12.773399101670869,135.99917763157896,0.0425
0.9776610073096349,8.936440592679116,123.046875,0.03
0.827498186571534,14.707926202545284,120.18531976744184,0.0325
0.9801226297855616,11.228680302948401,120.18531976744184,0.04
0.9360329377581345,13.140404472152728,125.0,0.045
0.9263989621895456,11.731032841996983,143.5546875,0.025
0.9689395644492573,11.44836349979262,123.046875,0.0475
0.940300344546272,12.877524814177482,123.046875,0.0475
0.8227733468909977,14.809757577449986,117.45383522727272,0.0325
0.9583958754124178,12.44382404920497,129.0,0.0425
0.9594338505192863,12.283621341656524,126.04801829268293,0.0325
0.9627346049288497,12.581251759160871,126.04801829268293,0.035
0.9481953605505,12.369725600171062,125.0,0.03
0.9531142195204594,12.667600119296875,128.0,0.0375
0.9454839461542579,10.771440940448464,123.046875,0.035
0.9585014940955628,13.457493580593049,129.19921875,0.035
0.9761017314851885,13.87636042711232,123.046875,0.0375
0.9811859577515782,12.100299262482109,123.046875,0.0425
0.958411146062456,13.954031651932135,123.046875,0.0275
0.9901535368060558,13.725346695658311,123.046875,0.065
0.9764142824246108,12.977579920297156,123.046875,0.0575
0.9800173337241069,12.472903629051654,123.046875,0.0675
0.9606191019479994,12.660868638352017,126.04801829268293,0.0425
0.974187875416182,10.99252238777128,126.04801829268293,0.045
0.9048693342744075,12.789027166040492,123.046875,0.025
0.9244996350968855,13.917332867222433,123.046875,0.0275
0.9898964759190397,10.877795903029096,123.046875,0.04
0.9786055055883546,12.399540864639404,123.046875,0.0425
0.9889615320387176,12.179316839871762,129.19921875,0.04
0.9783827996076266,13.717901724247865,126.04801829268293,0.0425
0.9401326026165864,13.159622525130798,126.04801829268293,0.06
0.9693529298956268,10.996560050925789,117.45383522727272,0.0425
0.9364208820781605,13.741337968028855,126.04801829268293,0.0575
0.9503961781965312,12.264171028066112,123.046875,0.05
0.9538358273330383,11.796307364546553,123.046875,0.026250000000000002
0.9535145508313456,11.283150862935441,123.046875,0.0825
0.9745418548349736,13.029548722869654,120.18531976744184,0.04
0.928196320608708,12.25131346204065,123.046875,0.0475
0.9481832741024788,11.791314515447477,129.19921875,0.055
0.944667077556933,11.696115693525874,129.19921875,0.055
0.9254380094101289,13.11272074967284,129.19921875,0.0525
0.9227775932918789,12.695928045606337,118.0,0.05
0.8855707441456208,12.407827833433547,126.04801829268293,0.055
0.9728004688979052,12.675760226130263,103.359375,0.0375
0.9532845739633536,12.151879750629098,126.04801829268293,0.065
0.995014675173525,13.260435443068332,132.51201923076923,0.045
0.9619423052028195,13.067946740304542,123.046875,0.0875
0.9848885119107097,11.410083701851574,123.046875,0.0375
0.8403976579987338,13.47004212256329,123.046875,0.035
0.942930449473124,10.049472757785503,123.046875,0.075
0.931253453316462,10.694108785828794,123.046875,0.075
0.9908303929355264,13.428660268494026,123.046875,0.06
0.8829829442164129,13.634995290114434,123.046875,0.035
0.9867253076628099,13.191013624996845,123.046875,0.05
0.9516409975726275,13.541414295329728,120.18531976744184,0.0625
0.9273213794552599,14.441696042695064,123.046875,0.0625
0.9382909220624474,13.248554914533871,112.34714673913044,0.055
0.9838278429890099,12.706055211299386,126.04801829268293,0.07
0.9909468919941388,13.257775758077315,123.046875,0.06
0.9894476082086578,13.224077823617463,123.046875,0.05
0.93018322249983,13.478484193723858,123.046875,0.0275
0.9306943857247572,13.822028399412403,123.046875,0.0475
0.9666939470202636,13.310559097323452,123.046875,0.045
0.7123951324391948,13.611544058420163,123.046875,0.05
0.9915284771599555,13.26525844863561,103.359375,0.035
0.9905424751328842,12.440881570747576,123.046875,0.025
0.9821880574151247,13.436900013930876,124.0,0.045
0.964485509135009,12.082875982645714,123.046875,0.03
0.9945968614145184,13.226264774183907,101.33272058823528,0.05
0.9536418910851688,13.565312499105874,126.04801829268293,0.025
0.9502938608877276,12.161007100342996,123.046875,0.0425
0.9893426206920156,13.013951304098528,86.0,0.035
0.9150050381156578,11.704935291762936,123.046875,0.0775
0.9285567589701949,13.126368954211845,123.046875,0.0525
0.9896418692432284,14.271301907877566,123.046875,0.055
0.9664568051406595,12.558413080011876,123.046875,0.035
0.9400693900824298,13.34787058768315,123.046875,0.045
0.9489824827893192,13.432040120192799,139.6748310810811,0.035
0.9951381474271626,12.488300620980178,128.0,0.035
0.9955702402050518,12.689587012165637,139.6748310810811,0.0275
0.9422542523409543,12.386435471545095,120.18531976744184,0.0375
0.9679240512257494,13.757413689893154,120.18531976744184,0.025
0.9018199635330815,10.397540555333528,123.046875,0.04
0.9696433642655216,10.616122204596213,120.18531976744184,0.0325
0.8752103103755838,12.777437278778804,123.046875,0.05
0.9422419593719594,12.330889725968039,123.046875,0.065
0.8441332282146269,13.863335575115627,123.046875,0.0475
0.9343013785015752,11.705635498073132,123.046875,0.0425
0.9164618330022448,14.771199344837,120.18531976744184,0.0375
0.925277015463609,14.34972651370512,120.18531976744184,0.0325
0.900475718285823,12.710950384783624,126.04801829268293,0.0625
0.9502501306988412,13.910740027104868,126.04801829268293,0.0425
0.9508524861040095,13.985193135935106,126.04801829268293,0.0525
0.9417213907444616,13.81822538911865,126.04801829268293,0.035
0.9572192406714204,13.365844231115314,123.046875,0.0275
0.8174854398295448,13.097558092288345,120.18531976744184,0.0875
0.9635106203072312,13.47900628940568,126.04801829268293,0.0375
0.814391486116008,12.670006806993376,126.04801829268293,0.09
0.6275908164098092,11.740057435010716,126.04801829268293,0.095
0.8638023943328771,13.170342147258063,147.65625,0.075
0.9650055163125095,11.968506508439074,126.04801829268293,0.0575
0.961724841182199,12.625140719779965,135.99917763157896,0.05
0.963233123646801,12.585660859804179,147.65625,0.0875
0.928680291800534,12.516420884180132,126.04801829268293,0.0475
0.9313506736878401,11.582586354058245,126.04801829268293,0.0525
0.991321908749433,15.428835425785303,114.84375,0.05
0.9866133962725184,13.662117742433072,139.6748310810811,0.0325
0.992596999784561,13.784322299363225,139.6748310810811,0.035
0.9721376649739282,14.809379007132819,143.5546875,0.0725
0.8668482936095365,11.24625329749454,132.51201923076923,0.035
0.9681894921861633,11.34034044996822,126.04801829268293,0.07
0.9705217711361858,11.138059223884174,124.52936746987952,0.0425
0.972241618689607,11.876334435909689,123.046875,0.05
0.9692015753643148,11.15424184623495,126.04801829268293,0.05
0.9733540116848525,11.254454276695983,126.04801829268293,0.0525
0.9879848062126604,10.563110455789094,129.19921875,0.0475
0.8693263529224616,13.417096907447764,123.046875,0.04
0.8260379869988398,14.058259978826705,123.0,0.0475
0.9929752042563936,11.889170399853466,118.80387931034484,0.0375
0.925437239854879,13.678948627293364,123.046875,0.0175
0.9738883065376576,15.65330395659199,120.0,0.025
0.9404330202528834,11.64051210362961,126.04801829268293,0.0525
0.9211436629925963,13.218141992568023,125.0,0.0325
0.9403475404667561,12.595566287626731,122.0,0.035
0.9223910565748773,12.167320294175617,123.0,0.0275
0.8146618832156354,14.329881888858342,117.45383522727272,0.0275
0.7123319666681136,13.454187827327964,123.046875,0.035
0.8635109650071848,12.883647504182228,123.046875,0.0325
0.6582134328967013,13.177718873355452,123.046875,0.03
0.8434590308916051,13.431472899372604,123.046875,0.0325
0.9908303929355264,13.428660268494026,123.046875,0.06
0.8979291456117486,12.713724033737062,123.046875,0.065
0.8015464638286212,12.709797131434549,123.046875,0.0775
0.9752943973428108,12.918131829084654,123.046875,0.0475
0.8759996668351453,13.515096675087168,129.19921875,0.045
0.964968785640238,12.313406663023825,122.0,0.0375
0.9785450870214016,13.8385055185597,123.046875,0.0225
0.9854449290611988,11.646905272421517,120.18531976744184,0.025
0.9673918454821028,12.663426804722912,126.04801829268293,0.0325
0.9327952938131413,13.045932716471416,123.046875,0.05
0.9785450870214016,13.8385055185597,123.046875,0.0225
0.960058069839575,13.301972225895245,126.04801829268293,0.025
0.9819460689036938,12.873733536091784,126.04801829268293,0.03
0.7359991213380483,14.396841005335842,107.666015625,0.06
0.974923565674928,11.906489246266124,123.046875,0.025
0.9023136766499011,12.56274978958674,123.046875,0.0475
0.8838191495482576,12.065469926239334,123.046875,0.0575
0.9702182606453613,12.994588970984596,123.046875,0.0525
0.9718866207243511,10.978572880864425,123.046875,0.09
0.9718866207243511,10.978572880864425,123.046875,0.09
0.8423351414134447,13.362433720787209,123.046875,0.025
0.9453721783356923,11.993356649041626,126.04801829268293,0.0275
0.9100661136121816,12.821301512014774,123.046875,0.0275
0.9733006823701686,12.331660218516022,123.046875,0.0525
0.9830341861287653,12.543884583467795,123.046875,0.0425
0.9906078822058724,10.718848290429252,123.046875,0.04
0.9390109564822526,12.699080478759877,123.046875,0.05
0.9701381110034568,13.01878119565375,123.046875,0.0375
0.9623036265159006,12.330293440190916,123.046875,0.04
0.9084023763590532,13.912858303595325,124.52936746987952,0.07
0.9808065122012652,14.242238873305176,120.18531976744184,0.03
0.9450294301075852,11.708780161739254,123.046875,0.04
0.9759972339338223,12.146012066189058,120.18531976744184,0.03
0.9769841141676966,12.602314987016348,129.19921875,0.06
0.9783377213946296,11.453698275500388,123.046875,0.0425
0.9847345099525288,11.573503998754136,126.04801829268293,0.0325
0.9381489102659404,12.560710727573897,126.04801829268293,0.035
0.8796043189716716,13.901647822293349,123.046875,0.055
0.9725644523537333,11.0435201940873,117.45383522727272,0.0575
0.8727549009652855,13.42300872822412,123.046875,0.045
0.8497598696422699,12.780563789559327,127.0,0.0375
0.9371650858840151,12.67749318305259,126.04801829268293,0.045
0.9279493685392325,13.36418753442548,126.04801829268293,0.03
0.9664048406920462,14.71239789544869,120.18531976744184,0.0475
0.9754511092360602,12.573865767383364,120.18531976744184,0.025
0.8903055266462052,14.059139097188297,126.04801829268293,0.0325
0.9607043033321352,14.633695135436657,123.046875,0.05
0.9595867706178156,12.38056679598146,126.04801829268293,0.0375
0.9076037187525682,12.930343578022402,123.046875,0.03
0.978707158654994,12.847212292918591,123.046875,0.05
0.796365446051986,14.161017932424413,112.34714673913044,0.06
0.7049375813481606,13.717789437020146,123.046875,0.0325
0.9704469095217324,12.990173255977748,114.84375,0.025
0.8880082404539091,13.500341009486053,117.45383522727272,0.06
0.7272256348537576,13.702445084769742,109.9567819148936,0.065
0.9748868506701746,12.572304903067216,139.6748310810811,0.065
0.936958595532895,11.040234351169946,139.6748310810811,0.04
0.9885359695414948,13.318026740748817,123.046875,0.05
0.9066150510995096,12.606373682454343,129.19921875,0.0425
0.9892134945099847,12.283543074812648,123.046875,0.04
0.9929398695614569,10.000181940542113,123.046875,0.0475
0.9965421978021036,12.270369709274553,120.18531976744184,0.0375
0.9697988207045376,13.057832243076115,120.18531976744184,0.0275
0.9429068514182797,12.480568944405887,126.04801829268293,0.025
0.975801171876437,13.04142255245372,123.046875,0.0175
0.9913725444296594,11.961490366146691,123.0,0.0525
0.9699938564218828,10.743279118496826,123.046875,0.0275
0.8557266664450287,12.227243863974854,123.046875,0.0275
0.9567108010983194,10.706185006523725,123.046875,0.0275
0.9724086604186868,13.500698799004809,123.046875,0.03
0.9829135979715493,11.73669853558199,123.046875,0.0525
0.994125687617235,10.423878558286392,123.046875,0.0475
0.960926591301151,12.88748753928229,123.046875,0.045
0.9711810765718484,11.537505420629216,123.046875,0.06
0.8424151503110108,13.252011679854224,123.046875,0.025
0.974641807239933,11.62020147610088,123.046875,0.0575
0.8267815329402639,14.857899671312923,135.99917763157896,0.0825
0.8482557230947118,13.627072017122046,126.04801829268293,0.0525
0.6296702732708727,12.799772643313926,135.99917763157896,0.0625
0.9297362139315636,10.733290749716037,122.0,0.0325
0.9747148003241451,12.57130481577436,114.84375,0.035
0.7437800124196807,17.44295311520097,125.0,0.0175
0.9174983568365396,15.491958383763878,123.046875,0.0525
0.9577352529537588,16.673753908523388,123.046875,0.045
0.9991690428901916,15.676124594253293,123.046875,0.0325
0.934713664169379,12.675691968484912,123.046875,0.0425
0.9854415801030112,12.62574367394962,123.046875,0.0225
0.982953469154887,11.621888915217399,124.52936746987952,0.05
0.9619877630924168,11.79989246775385,124.52936746987952,0.05
0.9719921781909664,10.615752575392223,126.04801829268293,0.0675
0.8319929763585686,12.49274327891452,123.046875,0.06
0.9624598770100806,13.372322143745059,126.04801829268293,0.0325
0.922399382591198,12.380250272988299,126.04801829268293,0.025
0.8722889545815495,14.074410725982043,123.046875,0.0375
0.93191451559648,11.789438592821984,120.18531976744184,0.0225
0.959901371982123,12.64414876698866,126.04801829268293,0.0275
0.9724250340979338,12.24437563026482,120.18531976744184,0.08
0.9363968586107152,13.371639612869082,126.04801829268293,0.03
0.8796726658969027,13.50408403661906,123.046875,0.0275
0.9544868932724436,13.215281025617678,120.0,0.02
0.9279122137528492,13.623788229716352,122.0,0.0325
0.9267708185652708,11.622964616655516,126.04801829268293,0.0325
0.9414776283487764,12.309166259715994,123.046875,0.03
0.9386310831996747,12.186665422854823,123.046875,0.025
0.9877265985292971,11.68739148743866,126.04801829268293,0.0325
0.9729459880216385,11.428915617217147,125.0,0.0625
0.8687754547504554,14.21541633402244,123.046875,0.0525
0.938513520430287,12.490575841649832,123.046875,0.03
0.974670249744717,12.693157240631328,117.45383522727272,0.025
0.9508365149849759,9.74312492549047,123.046875,0.0675
0.9141754367193202,11.853167098128257,123.046875,0.0325
0.9731927422194512,11.353275079543682,123.046875,0.04
0.9352365857392388,13.144675649020222,123.046875,0.0275
0.9813061894766316,11.91563014972415,123.046875,0.05
0.9117470791320729,14.008267322160265,123.046875,0.02
0.9534032401805779,13.085171778550755,123.046875,0.0325
0.9906075726394241,13.786233893655677,123.046875,0.0775
0.9480978570337281,13.751089827745,123.046875,0.065
0.8318121079905044,13.44671993090997,129.19921875,0.0825
0.8921345239725857,11.9575474193613,123.046875,0.0275
0.9887286527125532,10.665411494202727,126.04801829268293,0.0775
0.964709416208225,13.832660291778744,123.046875,0.0325
0.9789467835974228,14.600266947047574,123.046875,0.0275
0.9947090812727173,12.317572440305153,123.046875,0.0325
0.9323672105939365,14.48078786914027,123.046875,0.025
0.877772927423286,14.67358094105199,123.046875,0.02
0.9454201103263448,14.97253523995134,123.046875,0.02
0.9499067072144478,13.833495928200023,123.046875,0.0275
0.9601242215919342,10.117084146009866,117.45383522727272,0.04
0.9483298398227236,14.652243732727683,120.18531976744184,0.06
0.9641652557208906,10.72028680273079,123.046875,0.0525
0.9620375520654817,12.256651938706797,120.18531976744184,0.035
0.9606170006845682,13.563257266387488,120.18531976744184,0.0325
0.9643593585330782,10.660204553018328,120.18531976744184,0.03
0.9528419495769684,12.453263109274584,123.046875,0.035
0.9651845322327254,12.47382169108241,123.046875,0.0425
0.9209082784127096,11.339938731549239,120.18531976744184,0.0225
0.8727000886261537,11.140010656553642,107.666015625,0.0175
0.9455774148580436,12.6201115493338,120.18531976744184,0.0325
0.9656281493108224,12.691450532669638,123.046875,0.0325
0.9629306254164872,12.95488326166597,123.046875,0.03
0.9265828451834088,13.061872332997941,123.046875,0.0225
0.8842946607998144,13.641609409672494,123.046875,0.035
0.9892609326486902,12.584327766009705,117.45383522727272,0.0325
0.9293793561703876,12.912101596926533,121.0,0.0275
0.9588858248870886,12.320598713282166,120.18531976744184,0.035
0.9167629849892831,13.038283145243067,120.18531976744184,0.025
0.9235938032140072,13.017199317442216,120.18531976744184,0.025
0.9269200673200292,12.728107300629986,120.18531976744184,0.025
0.5507751149758802,14.557648008635255,120.18531976744184,0.03
0.453572650692195,14.096465883689019,117.45383522727272,0.0525
0.958274736740564,11.484812923483503,126.04801829268293,0.045
0.8872439262978251,12.943529722985044,129.19921875,0.03
0.9280008483493465,12.60542667252121,126.04801829268293,0.0275
0.9784973725470524,12.149797740157029,123.046875,0.06
0.968754225106284,13.97940008672039,114.84375,0.0325
0.9457541000103848,9.187190454231144,132.51201923076923,0.03
0.8892034792617565,11.834945804561308,136.0,0.0425
0.9022382694369356,13.071368075630076,129.19921875,0.035
0.8428393548490706,13.3670967662862,139.6748310810811,0.045
0.9389336301746424,13.60747743880101,132.51201923076923,0.055
0.9180112090341801,12.707388983612088,151.99908088235293,0.04
0.9746082887290535,13.254968236903943,132.51201923076923,0.03
0.9022736365466684,12.204732457129708,129.19921875,0.015
0.9785215454586365,10.582528632022315,132.51201923076923,0.035
0.6600145303981544,14.90650050651182,126.04801829268293,0.0375
0.957451363956638,13.388797148976767,143.5546875,0.0575
0.6694213310018295,12.442989663274535,117.45383522727272,0.045
0.8468710434770501,11.788247967107,123.046875,0.0325
0.975706271830397,12.105946490799932,145.57658450704224,0.0375
0.9335765697976602,15.992418501986982,139.6748310810811,0.045
0.8431914294452668,12.249265343145144,123.046875,0.035
0.9382799894013296,14.202913621955815,143.5546875,0.04
0.9647665964744844,13.97834405856658,132.51201923076923,0.045
0.9235867434881584,10.572098718301746,126.04801829268293,0.0375
0.9207669920813235,10.656121194473071,126.04801829268293,0.04
0.9058787974535405,10.765375046280923,126.04801829268293,0.0375
0.9086156072117708,12.361577756056114,123.046875,0.04
0.946255834458381,13.088601047335263,135.99917763157896,0.04
0.9724049930501595,13.375539917063533,135.99917763157896,0.04
0.945919184397093,14.624789467642106,135.99917763157896,0.0525
0.6248381212512781,12.001140563797328,123.046875,0.0425
0.9435147888517728,12.140348999074266,126.04801829268293,0.0475
0.9158740393486784,12.334882676177983,135.99917763157896,0.0675
0.8798911363196411,13.406207166065577,147.65625,0.0675
0.8717597011415926,12.683396210772091,126.04801829268293,0.0375
0.6938090255609857,14.173128145586304,154.267723880597,0.0325
0.919260988870328,13.500797423840828,126.04801829268293,0.0325
0.891305264425214,14.840386602003496,129.19921875,0.0525
0.957521646556735,12.347061640372935,126.04801829268293,0.07
0.8943553456685271,13.763786050454168,135.99917763157896,0.04
0.9015119256137876,11.36336115401668,129.19921875,0.05
0.9453722246188032,11.993088816086782,150.0,0.075
0.7070952875245884,14.493045429910088,126.04801829268293,0.045
0.7675195735056056,15.083053900299351,124.0,0.045
0.6091985261421977,15.27265055672234,120.18531976744184,0.0425
0.9603650994657188,13.22388096760145,147.65625,0.045
0.8636074245670163,12.0698854440839,151.99908088235293,0.035
0.8667252674633584,11.910426480458494,150.0,0.035
0.8835150086655997,11.660056011462434,129.19921875,0.03
0.9662518125072512,13.81182279726998,120.18531976744184,0.0325
0.825351126641849,14.542919942509425,135.99917763157896,0.035
0.8641928554223318,12.761057896667936,139.6748310810811,0.045
0.9627622239126826,13.921881977860671,151.99908088235293,0.0425
0.9130524733875992,12.02364314791922,126.04801829268293,0.04
0.8641865569571849,12.907907947531665,132.0,0.035
0.9621750700932028,12.298480824887076,129.19921875,0.0375
0.8490592232774803,13.66381663925265,135.99917763157896,0.035
0.8568300350871735,14.161852004186438,143.5546875,0.0375
0.9316377095493591,13.572701467246675,126.04801829268293,0.0575
0.940025055251925,13.552571916838652,135.99917763157896,0.05
0.8334168318050789,12.73697389614926,129.19921875,0.05
0.8105089235922219,15.697146689643542,135.99917763157896,0.035
0.8136989951349578,12.107932164156542,139.6748310810811,0.0725
0.7560851956893158,14.00610168169791,135.99917763157896,0.0475
0.7008494897437995,12.681636257199717,120.18531976744184,0.025
0.8527551569374175,15.94543809990353,135.99917763157896,0.0375
0.895197131628758,14.563341416597398,156.60511363636363,0.075
0.935301968156056,12.502940274943917,132.51201923076923,0.03
0.9454755589495374,11.82134540875194,129.19921875,0.0475
0.6688957210221804,12.76205310832431,123.046875,0.03
0.8648761641047744,12.654351162366648,120.18531976744184,0.035
0.876068842418623,13.0805669745829,120.18531976744184,0.0325
0.8558349591896088,13.03457164389635,120.18531976744184,0.0325
0.9616494444512655,11.314806649885416,123.046875,0.0475
0.9829543970782044,11.263327269002884,123.046875,0.055
0.4422882163524678,10.81339856051441,120.18531976744184,0.0325
0.7572072739050908,12.664509273451054,120.18531976744184,0.07
0.871431026309714,12.23459757727753,120.18531976744184,0.0725
0.9569650947579826,12.110081139819007,126.04801829268293,0.0475
0.9022938786325339,12.201343565898137,123.046875,0.025
0.8854538415960703,12.34992660704648,123.046875,0.025
0.9443388569287364,14.007866158446864,123.046875,0.065
0.9559312499285464,11.936542919415508,123.046875,0.0525
0.9464610700940757,12.306258065154257,123.046875,0.0525
0.9013799403669833,13.925080656846482,126.04801829268293,0.0525
0.974816478181376,13.008067093603158,126.04801829268293,0.06
0.950347965916843,13.11154907420649,123.046875,0.06
0.9844355105208368,12.145494116042244,129.19921875,0.0675
0.9809244907329472,12.143666940593553,129.19921875,0.0575
0.9846823016537496,10.639353226590366,126.04801829268293,0.0325
0.9603364324248042,12.862318206520245,123.046875,0.0675
0.9189981065099736,11.4396538629031,129.19921875,0.0425
0.9551912931257891,12.957027091893254,129.19921875,0.09
0.9073038203594722,12.083475715398079,126.04801829268293,0.0325
0.4070293090020744,10.331209417338897,120.18531976744184,0.03
0.40646564271119906,10.354111936278695,120.18531976744184,0.03
0.9933042386172308,14.187503258082335,120.18531976744184,0.02
0.7531329496236614,14.23670944428244,120.18531976744184,0.0125
0.9886358849431691,13.690756850093251,120.18531976744184,0.02
0.9933951587274664,19.148151258687754,120.18531976744184,0.01
0.9629554447873832,14.085468586577989,120.18531976744184,0.0225
0.963767084061063,14.001239701818731,120.18531976744184,0.025
0.9709961385803908,12.872083469236212,120.18531976744184,0.05
0.7692649580654662,12.644992009152457,120.18531976744184,0.0625
0.9523967759553922,12.051620530616898,117.45383522727272,0.035
0.9237545594642412,12.076699129703389,120.18531976744184,0.03
0.9569133023482028,11.234719085564592,120.18531976744184,0.035
0.9178500492446025,13.891059758277995,123.046875,0.0275
0.8394743870329523,12.014876341700562,120.18531976744184,0.0225
0.98502161455696,9.388383460554117,125.0,0.0475
0.976004182405346,13.196792078812129,123.046875,0.0375
0.8559303305016442,11.822174143565068,123.046875,0.055
0.9340543697900574,11.821042268952894,126.04801829268293,0.0425
0.9885273063613005,13.2280601186116,123.046875,0.0425
0.8922057187086327,11.4682522902996,132.51201923076923,0.04
0.8088170611332668,12.99870825353461,123.046875,0.0525
0.8621222346134942,12.78199787805452,123.046875,0.0725
0.986103794602287,12.136878111545265,123.0,0.04
0.7698085665257942,14.040835511422426,123.046875,0.0275
0.9380463456399244,11.804063236818244,123.046875,0.0675
0.9459598291285194,14.044203784942322,123.046875,0.0275
0.9683336989061364,13.445888517037034,120.18531976744184,0.0325
0.9484768220845147,12.192390177281439,120.18531976744184,0.0375
0.9836776042397193,13.272695687666289,117.45383522727272,0.0225
0.9387862706954493,12.858052359733996,123.046875,0.0375
0.9917714619857476,11.689123267691096,123.046875,0.045
0.9787479975499653,11.818153859056636,117.45383522727272,0.055
0.969425567289115,12.076734758279272,117.45383522727272,0.035
0.8549980379853968,12.82496890961954,120.18531976744184,0.055
0.9884893081648591,14.603826588733789,123.046875,0.03
0.959503078691788,14.089510708684784,123.046875,0.0325
0.9766027530694772,11.869087225704378,123.046875,0.0375
0.9809075748902762,11.391622993156847,120.18531976744184,0.0325
0.9881853018463655,11.386386218118462,123.046875,0.0375
0.923804728625148,13.435778072121757,123.046875,0.035
0.9901547906327789,12.146489253093328,123.046875,0.0425
0.9901393355385883,13.26245110362818,129.19921875,0.04
0.957141229310636,12.378195314066142,123.046875,0.0375
0.8892322497585623,10.722378466338316,123.046875,0.0475
0.9120900346046276,12.705436590945984,117.45383522727272,0.04
0.9381669746589204,13.41422106336946,123.046875,0.09
0.9413017052562347,11.888729396990257,123.046875,0.05
0.9529145212666978,14.107081541752649,126.04801829268293,0.0375
0.817645065250526,13.174329751789573,123.046875,0.0625
0.9457455466154396,11.743889959687795,123.046875,0.0925
0.9448693684521228,12.460407681650736,123.046875,0.085
0.7918079307123583,12.7418898749445,123.046875,0.03
0.9611557352559212,12.355739861850283,123.046875,0.0775
0.9657593595209794,11.458341432521385,101.33272058823528,0.0525
0.9695517553989792,12.106053501183329,123.0,0.055
0.977592225295039,11.427653450187368,123.046875,0.05
0.9498380957441459,13.590462739802108,123.046875,0.0375
0.558193092291629,14.51579991863593,117.45383522727272,0.035
0.8384271801775817,13.849369216683344,120.18531976744184,0.0275
0.9971281855310474,10.106706731954372,126.04801829268293,0.05
0.9899908767220322,11.861056296349552,126.04801829268293,0.0425
0.991202856046963,12.1329205902071,126.04801829268293,0.0375
0.7477433184374694,13.879522811056074,123.046875,0.0325
0.9923530260677766,11.980306826744716,129.19921875,0.0425
0.9888095668073512,15.078888968451821,112.34714673913044,0.04875
0.8323018440265281,12.320958672873122,123.046875,0.03
0.7799736877120544,12.44999865265003,123.046875,0.035
0.9541874618756996,13.37978219660771,126.04801829268293,0.0825
0.9666167021208902,14.043557470274123,126.04801829268293,0.035
0.9293975064629332,14.53086684175329,123.046875,0.03
0.9259295879744937,11.434887080713644,98.0,0.0725
0.8300260017400491,13.348874044120098,120.18531976744184,0.0475
0.7413598139124901,13.58846644932095,109.9567819148936,0.055
0.823931763255505,13.320599572914496,120.18531976744184,0.0325
0.6881069788380477,15.124376565114584,114.84375,0.0275
0.5673701577133511,16.9476953177539,114.84375,0.0525
0.7944322536358818,15.05770492371903,117.45383522727272,0.035
0.8044482971353178,14.458085212146129,117.45383522727272,0.0325
0.83214078221332,12.045389900537426,114.84375,0.0425
0.7378643299419575,13.336432140888864,117.45383522727272,0.0425
0.9256131829160688,12.714103095510085,117.45383522727272,0.035
0.9139159676619325,13.432566883296003,114.0,0.03
0.9209329738027768,13.14606366005103,114.0,0.04
0.8652175786893339,12.983553018613906,101.33272058823528,0.0375
0.9642257880633252,13.016542624219683,120.18531976744184,0.045
0.9409845007283388,13.57681676339878,117.45383522727272,0.0525
0.9337253406674582,13.055757593101944,123.046875,0.0225
0.7707380793971828,12.716224475516327,123.046875,0.025
0.922769705274427,12.59583928662287,123.046875,0.0375
0.9538419778824166,11.742498381082193,139.6748310810811,0.03
0.9185831526345488,12.419803650768628,135.99917763157896,0.035
0.9134900787431359,13.129340147293247,166.70866935483872,0.045
0.7636433806662777,11.272539967913865,129.19921875,0.07
0.8378309574949236,11.722254678494679,145.0,0.055
0.9901572642582854,11.671531712678988,129.19921875,0.0325
0.9585483404069878,12.179870979732293,129.19921875,0.065
0.9500244163034148,9.767092240753662,129.19921875,0.0375
0.9024371472782489,12.722507930209684,132.51201923076923,0.0475
0.914663399078535,12.82095324851605,129.19921875,0.055
0.9012191731649908,13.919104337516236,129.19921875,0.0325
0.9291037884339668,12.599673193182989,123.046875,0.03
0.9427301795694181,10.530963035498596,123.046875,0.0325
0.9617276710255944,12.880838436113224,123.046875,0.04
0.9950579713394324,10.08739144596266,117.45383522727272,0.0525
0.9871255002167454,12.223592741822284,123.046875,0.0375
0.9248424568220951,13.407631078522584,123.046875,0.0325
0.9495917229601764,13.542316482305557,123.046875,0.0375
0.9762579760156636,13.09221599146056,123.046875,0.0425
0.8973224211342066,11.167188494843067,123.046875,0.03
0.8891853278180798,10.590095952980576,123.046875,0.0275
0.37900778643727784,11.850686173003297,123.046875,0.0375
0.8645369725394215,15.403122659213963,138.0,0.065
0.8147461425682746,14.071037976928945,144.0,0.035
0.8346942021860699,14.165889426535305,139.6748310810811,0.0625
0.777566023362841,14.534347893207803,143.5546875,0.0325
0.9056526746138647,10.955023431635798,141.58818493150685,0.075
0.4925054798103879,11.163791380390185,139.6748310810811,0.0375
0.7741066829993449,11.849486735007169,135.99917763157896,0.0375
0.9700040698448813,11.838644925910032,156.60511363636363,0.065
0.9691963950069598,11.686543095400946,151.99908088235293,0.0525
0.9283339444376544,10.786347448953125,129.19921875,0.03
0.9306063453651234,14.993328155907456,143.5546875,0.0425
0.9416916200784213,12.47082158153858,147.65625,0.0625
0.9665215675548648,14.609621545049809,151.99908088235293,0.0525
0.9828446066809349,11.59835167942194,151.99908088235293,0.085
0.8967240260042515,15.022384011337667,151.99908088235293,0.055
0.8425656182895076,14.013790720026812,147.65625,0.0525
0.9213963211488743,14.671494124390343,187.9261363636364,0.0575
0.9720573533362548,14.455734727451992,156.60511363636363,0.0775
0.959226345679188,11.529825196404436,150.0,0.0525
0.990346135187438,13.47247732735566,105.46875,0.045
0.9311365648044376,13.35407237246619,126.04801829268293,0.025
0.9840783828944956,8.300502103620266,126.04801829268293,0.0275
0.805850136310474,15.038746450025064,139.6748310810811,0.0475
0.8575082796866615,14.060465293676868,150.0,0.0475
0.9675354051475009,11.532102281599858,135.99917763157896,0.03
0.9613428280008942,11.780797651024256,175.1853813559322,0.08
0.9133908224449188,13.570660968514552,123.046875,0.025
0.485125440297779,16.268191112976233,126.04801829268293,0.035
0.4836182858025888,15.914783336599111,126.04801829268293,0.0475
0.5919764980604906,15.806596688211336,126.04801829268293,0.0325
0.9483811155560753,14.275431391498469,123.046875,0.055
0.9682935018930452,14.295836709384028,123.046875,0.0425
0.9510556500550414,12.417118490959004,123.046875,0.04
0.9475343067422912,13.382193855331447,126.04801829268293,0.0475
0.9133908224449188,13.570660968514552,123.046875,0.025
0.861271989511945,10.60714721220813,123.046875,0.03
0.8839309699960286,13.907153767704294,126.04801829268293,0.0375
0.9407487148513164,13.135468690308716,120.18531976744184,0.0575
0.8087739590972958,13.913336334989651,126.04801829268293,0.03
0.9637800695647808,12.679601044755216,126.04801829268293,0.0375
0.9002205142611945,12.540904163556991,120.18531976744184,0.0525
0.8740962907176135,12.52430578855989,123.046875,0.0325
0.9227237582538397,12.84373927705884,120.18531976744184,0.0475
0.9634083633904632,11.63120076262473,138.0,0.0375
0.9120639441296584,13.69819226487358,129.19921875,0.045
0.9387175361584588,13.49188475427639,139.6748310810811,0.04
0.8749101591268542,11.368751119457364,120.18531976744184,0.08
0.770533212794678,11.69977509398135,139.6748310810811,0.0775
0.9909033247601512,14.030388930900727,120.18531976744184,0.0575
0.987765814885397,13.132800027925768,107.666015625,0.0325
0.9858819064163532,12.556318771411107,126.04801829268293,0.0175
0.9872205091500366,14.541500952509043,126.04801829268293,0.035
0.9665329399361968,12.023669803957535,126.04801829268293,0.035
