0.4473696382142274,-22.00893065812543,13.16679235587953,0.0175,0.70818094529213,-26.54345245053676,11.203717589774122,0.025,0.3410616451018157,-25.907514192291288,12.570916191012866,0.01,0.3390299897826028,-41.224668684554345,17.278313340332247,0.0375
0.8203283748338914,-17.78609048202912,12.067489177419944,0.0275,0.9175837214058427,-22.335547812134944,8.724632026533227,0.04,0.7130900510410563,-22.0322772475079,12.581382424763994,0.0225,0.8387325812443152,-32.68252909614208,16.12875988875043,0.0625
0.900315753608481,-22.330331932678927,12.469867875063605,0.02,0.9556724417177552,-23.83657650155666,7.838024566819008,0.015,0.7856254265017677,-34.47215137501568,15.47858763503226,0.0175,0.7438402206470716,-36.3354113878924,18.99223722442937,0.0375
0.93681721092058,-16.727712336768104,12.040847135882595,0.03,0.998335208769353,-17.708603197336657,7.309984873841721,0.03,0.8638120406110188,-24.119299509583,13.31110085158104,0.025,0.6773549616592168,-31.436722429850303,17.887635816918507,0.0625
0.8746947435611474,-27.957684106907465,14.1237734287084,0.005,0.9601808467078572,-50.033861918279136,11.05155808827402,0.0225,0.8733971210130762,-28.77450720204031,13.8626753448654,0.01,0.8359963493459553,-40.760260027147766,15.49755895437324,0.025
0.9158730938313056,-22.10762693535749,12.206895537775267,0.0175,0.9654183800986816,-23.96365477926862,7.601600092135039,0.015,0.8429074882384837,-32.20063481467568,14.31376380327383,0.0175,0.8495788921280133,-35.81009114538086,19.569613793006617,0.035
0.57554755646092,-23.988999922481092,16.09203571237531,0.015,0.5077498243967469,-28.797179694345353,10.906418159781953,0.0275,0.5626221543946204,-29.69407528703553,16.404802238232023,0.02,0.7422941296866445,-34.819163925445146,19.536095168933635,0.0475
0.95999263804697,-18.47657793492797,13.4762991130792,0.03,0.9961313222135921,-21.094646954418156,7.915794694905365,0.03,0.937387090341258,-25.998253991329555,14.62131279451521,0.03,0.874015875537581,-28.451767412434723,17.099492083934265,0.06
0.969907540504854,-14.802616262604806,11.948391963496755,0.0425,0.9991118964480796,-15.944746239705218,8.326006313916166,0.0325,0.9530806466691832,-24.475282585734263,14.36087375529163,0.0325,0.8247722856987678,-28.301419530647443,17.26233327314271,0.0775
0.978757655919518,-20.00981360574836,13.149946039491072,0.02,0.9962916597187292,-23.06617444961988,8.228645778687053,0.02,0.97066102896435,-30.070323003393927,14.491320096001438,0.03,0.9678358529389096,-28.29878454285924,16.815329216112506,0.05
0.9440664329036126,-20.95683658752169,12.849226499514947,0.0225,0.9973096863419749,-23.61531540268983,8.884972136555724,0.015,0.9089391627662377,-32.03412120948006,14.463878210842221,0.0225,0.8072906612849182,-31.93760282381138,17.006932412680122,0.04
0.8615104368868898,-21.670509887726485,12.611317381080733,0.015,0.9880751432387873,-25.07928085014874,7.802651675301529,0.0275,0.76649627007054,-25.82367960015567,13.327214369654598,0.015,0.6706208736446136,-36.73105145062746,16.022315501714196,0.04
0.8749193391837433,-19.469930642011192,13.042674322441735,0.02,0.9876547743724752,-22.78153258701466,8.162252670550771,0.035,0.8020296790471884,-23.934373089162346,13.530253182024353,0.02,0.7090975054175804,-32.79330853174885,16.37802178348906,0.0525
0.9166793441942976,-16.985443142366016,12.7979863678915,0.0275,0.9673419547228514,-19.63780246417832,8.698300456089877,0.035,0.9487527541064512,-24.620922664606372,15.26754009300176,0.035,0.8135496550426715,-26.496039260728047,17.082280521214166,0.07
0.8856295120739521,-23.724479299664434,11.570651546888083,0.0175,0.9681419168264587,-26.270946330971547,7.9730788329585955,0.015,0.7575747930020553,-30.61385094811107,13.07098373651342,0.01,0.6418170680419191,-38.98114359350342,17.339904862170915,0.03
0.7651120426994915,-22.427759995223923,13.309254102997047,0.015,0.9450303017506695,-27.850358717517675,9.502366337784682,0.0225,0.6331529842944614,-26.65092637816897,13.144162066072312,0.015,0.42539921020344285,-34.09569499247448,15.78340640927367,0.0375
0.949776573664576,-19.90491050974404,13.59171218946343,0.015,0.9887621439325482,-31.36875674248268,9.726262702935244,0.0375,0.9799274084190422,-23.15737834769298,14.091396103950924,0.03,0.8289874492665048,-28.89333404307468,16.460529358557274,0.06
0.7696997045083457,-21.860599820061527,12.82596162682506,0.0175,0.9119295935098332,-25.95911605040973,8.731170787406892,0.0175,0.6475113424525172,-29.08776512832977,12.82865299158492,0.02,0.5785180899131492,-32.01197139147092,16.92198500592577,0.04
0.9305966899391184,-21.06376959812236,14.292151712166792,0.0175,0.9861671449048426,-26.65758906958484,9.47429122627942,0.025,0.848615230315212,-27.506199568144524,14.457781194408152,0.025,0.8928587807095659,-29.82979805558998,16.938347220153034,0.0475
0.8607535559806008,-18.99204264641642,14.196346406983157,0.02,0.9680861922715764,-23.94434428030608,9.542848021604687,0.0275,0.8126296105728509,-26.46730300825088,15.077621258332414,0.0325,0.7362446269277709,-27.57546666204527,16.871692744010712,0.0625
0.927613329650997,-25.38455087870929,14.918333083420926,0.01,0.9946413165064574,-32.19182881690736,9.371390812356658,0.015,0.9061583150081992,-32.03390048747339,14.843134517817855,0.0175,0.8697961149796886,-32.42953015964937,16.58447044994056,0.0325
0.8974509462589456,-19.221638679392605,13.895555876928372,0.02,0.987386566996132,-23.951259704525008,9.501102831875926,0.0325,0.8472314626393554,-24.838369336465284,14.642674606310944,0.025,0.7556843152973498,-30.295485922200506,16.951568571164707,0.0575
0.83364436494874,-21.29478113625597,13.740713943016226,0.015,0.9460128886724866,-25.31014059900616,7.6965947786111535,0.0225,0.8585495230880619,-28.239342624578995,14.71548663884982,0.025,0.6788100905946818,-31.33123180550402,17.3463499844186,0.045
0.8546998914670783,-22.606829507383676,14.736011334251533,0.01,0.9556565959705638,-33.27202781280112,10.716351926005974,0.0325,0.8390620570228362,-26.014920092116192,15.016450497954896,0.0225,0.8999338614416079,-35.89334445193731,20.274548058810595,0.045
0.9427406615119854,-18.673268108260515,11.092327508996021,0.025,0.983261740353496,-22.54033692225569,8.438416272279586,0.025,0.8745974875970375,-29.17167466427485,13.504857368050933,0.015,0.8897304923151488,-39.35200832022877,18.007828531306494,0.045
0.9393334532533413,-24.3625444150883,13.302743218546707,0.02,0.9931176194272664,-27.917898179238104,9.366759459772858,0.0175,0.8579547909972576,-30.345357009393904,13.979345079375506,0.015,0.759955107990831,-34.98658795047878,15.879056904054655,0.0375
0.9775355072732942,-20.192132786357277,12.852749350387992,0.0225,0.973909002014221,-23.330119122677527,7.604512619826451,0.025,0.9771955506482632,-28.623924041319064,14.833452478328677,0.0225,0.988702028945899,-32.44331129704936,17.381967298627927,0.045
0.9094364064982753,-14.625216468841842,10.273140087094779,0.0575,0.9609382596036883,-15.974834915178867,8.654331655157282,0.03,0.6760944793921533,-25.19134345982748,13.045556795737296,0.015,0.6896119300796761,-36.80561659931102,17.468853241190896,0.0775
0.8127274425220655,-24.486259789958815,14.281402155526312,0.0125,0.9818303949351256,-30.81570963824733,9.966109805836691,0.0225,0.7958709033170566,-28.486479664525206,14.47259852889661,0.015,0.6129511207092433,-34.35274827766948,15.886926185363457,0.0325
0.45460946041696326,-19.712695144878502,12.875026949417478,0.025,0.8393975205194983,-23.01949600273042,8.553818539184007,0.0125,0.3473342574577883,-34.28239825976247,14.87587264840343,0.03,0.0049929201817199495,-28.256167741798773,16.743554753350132,0.0475
0.919285929722672,-16.219124759008384,12.996487954935615,0.0325,0.999526030028215,-21.150403280713537,8.554784034846648,0.0375,0.8299860820809487,-22.687696958151705,13.302943275820246,0.0475,0.9023612723042116,-24.03064960410053,16.175069547699522,0.0825
0.9806272377135112,-14.144779240709918,11.761895040165395,0.045,0.9998347815721138,-15.598435614771518,7.773998613868123,0.0325,0.9389427871070772,-25.31316619766529,14.502427117074584,0.0375,0.943751380539805,-27.21172715691425,17.748858888708227,0.08
0.9440664329036126,-20.95683658752169,12.849226499514947,0.0225,0.9973096863419749,-23.61531540268983,8.884972136555724,0.015,0.9089391627662377,-32.03412120948006,14.463878210842221,0.0225,0.8072906612849182,-31.93760282381138,17.006932412680122,0.04
0.9549351360364919,-20.91844911545408,13.470165353230483,0.02,0.9942494478018714,-24.650624030539333,8.949769335771403,0.025,0.9647714747621314,-27.188175660985443,13.570624467076277,0.0225,0.8644347193745456,-32.06498265524373,17.600112282377026,0.0475
0.8788586925121581,-15.315818607503557,13.129032846461733,0.035,0.9996792561330002,-20.944149764337062,8.233084348156561,0.045,0.8557617977775482,-21.750549853090718,13.945095173991557,0.06,0.7260021392802471,-22.13691980057757,16.171345255921437,0.0925
0.9520283928273524,-15.023981190418894,11.841515408427227,0.04,0.999547122755623,-16.202440126964778,7.100865271655739,0.0325,0.820553421097072,-23.41485993792813,13.49509156845678,0.035,0.8452838079446247,-27.24765238832012,16.48110150550329,0.075
0.9010168833103346,-19.338753572373648,11.837765420038131,0.0325,0.982562470220952,-20.54857933679362,9.45743020687259,0.025,0.7579536011891289,-25.91385373789528,12.511708052186025,0.01,0.3716855900321171,-39.74747397812908,17.791009041573776,0.0475
0.9629454499502428,-22.018463966569072,14.437222860038226,0.02,0.993451962976226,-24.864536970026833,8.836984639435272,0.02,0.9672527756683826,-30.039648216182073,14.941067836286289,0.0225,0.9250248343544982,-31.251927859607573,17.50747303666531,0.045
0.9893705977156882,-25.381572992085065,13.915490421362444,0.015,0.9939036382704112,-29.94231617175485,10.643632331412585,0.0175,0.9836292779381474,-35.482039309178774,17.399890861109384,0.005,0.9996384316410288,-50.99272764049191,21.02871936263898,0.0325
0.9740905572626672,-21.527084016884544,11.757762806924859,0.0275,0.9926256326777558,-23.508242254706133,9.314442084099307,0.0275,0.9895056700204955,-26.96659448680813,14.504060010358778,0.005,0.8545225901127926,-57.50944068125976,24.641113921269564,0.045
0.8514932036043481,-24.837831052302068,12.979066530287978,0.01,0.9874534013206622,-32.34862221828437,9.141606469351771,0.02,0.769029955228262,-28.4815422015859,13.447494399210932,0.01,0.7025241396720272,-38.68250680346648,15.96244984058563,0.03
0.8992507570385179,-27.177019083495466,13.401628880371712,0.01,0.9853748167289877,-34.99510509096221,8.999511123654163,0.015,0.8680263803807831,-30.30610779378236,12.935343349712511,0.01,0.8700181917540877,-39.62894968678529,17.42616480241319,0.025
0.8650846437055804,-22.781313094077515,14.590014791586196,0.01,0.9367477352231124,-32.12344389572765,9.828168938803458,0.025,0.9178749854249928,-26.91585749436513,14.50064167894233,0.0225,0.8055971529276671,-30.97782375623586,17.327435414528928,0.04
0.9170552406650982,-25.526347071882665,16.202972432492025,0.005,0.9546157845251269,-42.55995088381617,11.037100014266345,0.0275,0.9363579179155879,-26.90147857143667,15.144859400490514,0.02,0.8396853319477267,-32.283551557860946,16.48872793510753,0.0375
0.86386932993872,-29.381154313371432,15.67847578535342,0.01,0.9151986353738806,-35.178908036657624,10.322396553852537,0.0175,0.8550173066539859,-32.32019463117771,15.36346109144031,0.01,0.7660783392893223,-41.9562766601413,18.78363401478246,0.0225
0.8222730178396939,-24.27181632673692,14.073453191962647,0.01,0.9404722541179896,-35.59649489751979,9.111271082173346,0.0275,0.8193010735127886,-25.463770816756337,13.959636366827674,0.015,0.6237911920599588,-36.719636349808766,16.527321105158904,0.035
0.946842613828326,-23.899911280463325,14.59162089437553,0.01,0.9898603943040236,-32.404260693981,9.98751359903639,0.025,0.9581965050033348,-27.098590276727425,14.09563927635332,0.0225,0.8790960972364521,-30.61805675785579,15.955801949830692,0.0375
0.7389265513422099,-25.935663665911704,13.83835612638131,0.0175,0.7779254786235964,-28.770597235299917,9.773517677410329,0.0175,0.7515355000994505,-31.940838531266138,14.756574954229126,0.01,0.5502991861998939,-43.08514784633265,18.191806542268687,0.03
0.972896784282506,-19.003415031448508,12.49130800364135,0.025,0.993511457895406,-22.11173663840716,9.113309508928223,0.0325,0.9781395016999952,-25.40891615667893,14.09068555224312,0.02,0.821119146858365,-33.55219613878943,18.36114460591768,0.055
0.8891875882278493,-19.081133823610188,11.698210597776123,0.0225,0.9719021724703316,-20.79307262697744,7.66632577868492,0.0275,0.9015430580271726,-25.44344995400614,13.36585768598037,0.01,0.6740755787808017,-39.40448865854337,17.359897804638102,0.045
0.9550335470934788,-20.61700031548973,12.678027936423597,0.0175,0.983855696174761,-26.608806120730414,8.725058989065435,0.025,0.8964959383929473,-26.77292915670806,13.729867678426906,0.0225,0.9556066868011704,-29.738291475833343,14.849270565991423,0.045
0.8808107789657481,-21.29551506921768,12.201615993295295,0.025,0.9505306908493888,-24.07999119294973,9.273880509460572,0.02,0.7009996613153041,-31.203156862563333,14.000326331073882,0.015,0.7527184083680956,-35.03451679858637,16.07813551889486,0.045
0.8856397190868065,-25.267423212908422,12.631676545312695,0.015,0.9275171160814653,-28.083190442775116,8.835997349036699,0.015,0.8249778969765794,-32.25217060592253,13.715596537420875,0.0125,0.7888723279158157,-38.92035708434355,17.548200897957585,0.0275
0.8850533932063924,-22.96902204868112,13.142955204780733,0.01,0.8969986614695273,-30.788288527745898,9.102441864754518,0.0175,0.8774427337265525,-29.68268886642334,13.80543598448363,0.0225,0.865235433695446,-31.309642436124975,16.42840933383463,0.0375
0.9051208580010546,-20.73911186585512,12.282022697817304,0.0225,0.9580932456333364,-23.12430719818952,9.300979266836293,0.01625,0.854892768064888,-31.224638116773377,14.064177141186036,0.02,0.7025422424045717,-33.23119866028496,16.668077775441606,0.0425
0.6819416345415772,-22.600447766215005,13.118216978944208,0.015,0.5609804137971999,-27.37835376085699,9.112753278269599,0.015,0.6687483778163219,-31.022759680633225,13.846732735134022,0.02,0.7276590661103274,-31.916569961062653,15.888909145554582,0.04
0.6839568189859873,-26.810245633305342,14.041818173527684,0.01,0.8559036413983574,-33.863209685150714,8.607096382537387,0.015,0.4742142831809323,-32.38022535005575,13.10356222087486,0.0225,0.6747767506648581,-31.854599486228587,15.187739603584449,0.03
0.8855418589107154,-28.077834321239187,15.608634713272783,0.01,0.9442378065631456,-33.17726601929631,10.110883163684164,0.015,0.8992017414375134,-34.14361293610447,14.843319512088993,0.0175,0.822834205132022,-35.92931051058054,19.83489994373632,0.0275
0.9297276530214416,-24.76409457253977,12.986347064570536,0.015,0.9776922591839586,-26.453665643978333,8.645646454512494,0.015,0.8931876406218793,-33.50014298139601,14.839462968952148,0.0125,0.7431555069769711,-40.17275542969546,20.384831735965648,0.03
0.9505655193880668,-16.973025025870875,12.938090278244918,0.03,0.998225699004342,-20.568762831847263,8.482726978946378,0.0425,0.9060409906012998,-21.044000320461315,13.263057415718482,0.0225,0.8514297342279162,-31.33761956644088,17.253726652442523,0.0675
0.9260333418447616,-21.63333724531468,14.4437919848584,0.0125,0.9919548362775972,-28.714262589534435,8.589746224062539,0.0225,0.9833848158539756,-29.038186475624038,14.86964698442164,0.0325,0.8604185100556063,-27.11154701971578,15.955665720757828,0.0475
0.9515130419469736,-19.702808743963605,12.510320886141898,0.0275,0.9965629543590314,-20.81695862283275,9.110456484453046,0.0175,0.7984853487119461,-31.50982866470519,15.450593555884636,0.02,0.7479482137295765,-34.36600022773235,20.361795989707463,0.0425
0.9834655303458965,-21.47916093221048,12.717449718253206,0.03,0.9966485942311216,-23.508320292081308,9.664685955521977,0.0175,0.9549719331806112,-30.50935632321616,14.408850493500989,0.015,0.8885096943775657,-35.135737456427066,16.26504307768792,0.0425
0.9643810485779776,-19.53535765162143,12.353422677643616,0.025,0.9891039773698556,-23.267383146607596,9.25544664333679,0.025,0.97157636950052,-25.80458669671026,12.770881966180644,0.015,0.8784476987906709,-37.691420856467644,18.99633457283339,0.0475
0.890660847759359,-17.62739705581385,12.794455120120663,0.03,0.972837001338039,-20.297414323947095,8.665440306532322,0.0325,0.7960926961905179,-23.575645869542182,13.117748066806431,0.0175,0.7870172349961726,-36.01589606878103,19.037858649731064,0.0575
0.9832427747666768,-22.306877462617013,12.194760816620768,0.0175,0.9874616850755442,-24.649449529733033,8.562341380780932,0.02,0.986781671842669,-27.05735331239777,12.434227865887845,0.01,0.9910294049804356,-40.70722756060503,19.40352404183183,0.0325
0.9643797463471426,-18.532364475793642,12.813469702407717,0.0275,0.9951637137849805,-21.674609149018707,9.557554805178619,0.0275,0.9866790348096357,-25.863900822507524,13.277783095081624,0.0175,0.9662674543898793,-32.80860551362019,16.567704986387003,0.0525
0.9730385223079224,-24.641720644414796,14.67701537913644,0.015,0.9983747402733688,-27.42509512572966,8.427679318736672,0.0125,0.9874537459651204,-35.65978862000882,15.971965508239908,0.02,0.9583441029416536,-36.9233693677703,20.620884135302862,0.035
0.9603486555282451,-19.799049683711146,11.598937121200901,0.02,0.9911168591286168,-25.140408271275756,10.20397598476237,0.0275,0.9738108951866262,-24.032424680098543,12.099526278125555,0.0175,0.8137622068439584,-34.31401556108635,17.35897788305337,0.0425
0.3636481815099129,-19.567735843562016,13.618342825603554,0.0175,0.9758415194328758,-27.724045425600906,9.187456746480132,0.0275,0.3426921315853433,-26.43714902724915,14.574068442352335,0.035,-0.4009909757406845,-26.779897611094057,16.512706161551677,0.055
0.8837027209075117,-23.504528228245846,13.815712635202402,0.02,0.9629457355959388,-26.317450041219466,9.637264913423722,0.015,0.801447179543435,-32.276523431926115,13.809201182018747,0.02,0.6755327453426232,-34.498392239669585,17.680671608865183,0.0375
0.9670214639160152,-18.263457013190504,11.547716588227104,0.035,0.9754436822712972,-19.77515894121768,9.302460678174242,0.02,0.9393860201107974,-29.33427289858789,14.43557092077276,0.0175,0.953152928473363,-35.377195585951725,18.093710353627863,0.05
0.9347941819483564,-22.188419799922052,12.810368929288593,0.025,0.9346803724648916,-24.267254331874994,9.648702548015333,0.015,0.9247152235492403,-30.627611916435406,13.544218922739397,0.015,0.9239600010289397,-34.39382379166608,16.864431065134468,0.04
0.9536194353429532,-19.89950843935708,11.124989150392796,0.025,0.9859914137993772,-22.764132771383693,7.984355713248011,0.0175,0.9260710056556092,-30.682883417836845,14.232988349219358,0.015,0.8726169717144313,-37.813747440586525,18.14227678415935,0.04
0.9481874947605388,-21.31943071544706,12.14691835408517,0.025,0.9954444832080522,-23.432006627567663,8.699892516801143,0.0175,0.7804681969858105,-30.442479834377867,13.440018466551086,0.015,0.7210449802760991,-34.75052750530014,16.309919925411613,0.04
0.9475662348525424,-20.640105737223653,12.725446548124486,0.0225,0.9747579241270652,-23.5791319678234,9.190564692877338,0.02,0.9486487163251844,-25.895218073994208,11.638594222081345,0.02,0.8451154519338424,-33.54077241843595,17.545336878527664,0.0425
0.9718074534629332,-17.449844270931397,12.278483822107887,0.0325,0.984939133168825,-21.26380771377237,9.350245518542849,0.03,0.9758459225622556,-25.79147967688609,13.675267523125116,0.0325,0.9777815925046144,-26.42907181174944,15.380959669637331,0.065
0.8636269189264464,-22.965608928500743,12.143447241915377,0.0175,0.931563757603693,-25.15471301122764,8.204745273259888,0.01,0.780736429875413,-35.274629397688415,13.991681039357177,0.02,0.7549397978754795,-34.216201924809646,17.182533604868947,0.035
0.9521942492117128,-22.325912020030025,12.868676791433993,0.0225,0.99117670816252,-25.007576033631334,8.920971871172199,0.015,0.9695519504183878,-32.01562074893986,13.463847947524776,0.0175,0.7937801407911532,-33.999416411008056,17.53396782584202,0.0375
0.9467385789071752,-19.253371917340942,11.91782162232601,0.0275,0.9751206071805099,-21.046477995049074,8.503965001991784,0.0225,0.8992944831072509,-27.052247982616507,13.574507809413221,0.0175,0.8597107625822715,-34.51969130296346,17.983798511209187,0.045
0.8392476072386046,-21.068902340834477,13.822316344048897,0.0225,0.9726210606573946,-26.163583483402412,10.24903177843222,0.025,0.7503316417218509,-27.38764632039075,13.84887730719499,0.02,0.7389845199897276,-33.31167701339788,17.661575493162367,0.0475
0.91086259748298,-21.47023497150329,12.191117578381128,0.02,0.9885822849847784,-23.958399714046248,8.232629156127118,0.025,0.8601615173902639,-26.323602916079956,12.526420096574642,0.01,0.691782020525344,-42.36055625743829,17.32786590456537,0.0375
0.9513101734460178,-18.994402942571817,15.624206610485256,0.0275,0.9999982780631378,-22.340102946682784,8.742246379403019,0.0325,0.9120000354769552,-24.96364401323997,14.907711748515585,0.0375,0.8693847858360705,-28.931204671432617,19.90902715102163,0.07
0.67578051726225,-25.905042222615116,13.499077910919098,0.015,0.8813240998287695,-29.59035886002886,10.369592548014229,0.0175,0.4895289844564755,-30.52385817471764,14.059162649786217,0.01,0.6144040703346005,-40.00861667145382,16.927316517954896,0.0275
0.9372499145718483,-25.04010387875773,13.146758043413268,0.0125,0.960982773638301,-30.624334158574392,9.899268761969484,0.02,0.983796203307358,-26.888878206826462,11.645823444078598,0.01,0.5564529347031868,-40.792462254697625,18.531724994685028,0.0275
0.8730780002553514,-24.539542687198708,14.043796250127356,0.01,0.9100436005715824,-33.487686051901704,10.947914988756104,0.0275,0.8564075763637333,-27.72756107831766,13.98906680435844,0.01,0.7061321541063386,-40.1454069510996,18.790130632414723,0.0375
0.8100354364719353,-24.41526621360549,11.980670733955492,0.015,0.9029279490875174,-27.552226474639703,8.277791908158179,0.015,0.6334623140250861,-31.91431973551465,13.15480134857136,0.01,0.3961923255998281,-39.3490365830641,16.39306538104737,0.0275
0.904359630258522,-21.311720341603248,12.561493861400422,0.0175,0.9664431847446313,-27.613020095562867,9.596989563038887,0.0325,0.8968778385350127,-25.63898099344884,14.535125160714049,0.0125,0.7670084485919446,-38.7509049619933,18.390100849449773,0.045
0.9172475272304924,-23.844594403828506,14.14634250544,0.01,0.9840698258351116,-31.80546283564083,9.261431485670547,0.0275,0.8843735123604601,-26.19044551541998,14.029499046172276,0.015,0.8968182465118637,-35.0306673243887,16.202879799014955,0.0375
0.5564024252543921,-21.316345689792865,12.219302624304952,0.0225,0.4769738918529617,-24.84196015345056,9.4543263694869,0.0225,0.5196149535116357,-27.24640895747193,12.398281782600035,0.01,0.5234258926885114,-37.67327571323135,15.337974627846766,0.04
0.6192270350148066,-21.74994496360128,12.301497737655788,0.015,0.931500363958376,-27.262516899930308,9.095917464966275,0.0275,0.442612536623706,-24.616984968899946,12.45850742832031,0.01,0.3097560499803327,-36.65052100241725,14.141841583389116,0.035
0.5978190994693343,-21.76375497681247,12.999198774588343,0.0225,0.6301451918815666,-22.47175519227249,8.917421055985672,0.02,0.5886683636009756,-28.676423208136363,13.5230639664681,0.01,0.6041466847541869,-42.90310029031103,17.486014709766064,0.0375
0.9427066540876935,-23.339007293517604,13.160335083578012,0.02,0.9854361160869707,-25.705853333352422,9.793544920352124,0.0175,0.8873241881293554,-29.743047080560217,13.834144770172353,0.01,0.6276152603463542,-39.235098818470206,15.625500912211468,0.0325
0.8626723683089337,-30.07129541500121,12.658756412192435,0.0075,0.9395400838945516,-35.585352407116,9.2196687308887,0.0125,0.7803469723309316,-34.53508133709824,12.85345633731608,0.005,0.7225688130341624,-52.96655323663393,18.04961195092511,0.0175
0.7386968586823985,-24.845272485887943,13.58773018463812,0.01,0.9642290184245608,-31.498268072125143,8.142835718122711,0.025,0.634981982822215,-27.392271489203754,13.103578890876616,0.0075,0.4316569123664036,-43.237194868478774,16.870750112539127,0.0325
0.7174240811169597,-28.894874867194275,11.746116786146713,0.01,0.6976265950223923,-33.764128086499184,9.237496145310056,0.0125,0.6996899993300565,-32.71814876937568,12.072493265701375,0.005,0.6526402330032774,-53.37335582984862,15.588729817574318,0.02
0.6644902543959086,-20.21925724366136,11.972183830406014,0.01,0.47858094339752255,-34.09441791288819,9.699713869873506,0.0375,0.7198897179484496,-20.662936175371822,11.542403338727187,0.005,0.22943300949273965,-50.49883866540773,15.038638106510673,0.04
0.5988792932776927,-26.3960972068234,11.425838601679903,0.005,0.44281273068763427,-42.34300382993898,9.43576439698882,0.0175,0.5181362455552992,-27.236630427246332,11.358147061326223,0.005,0.4359740117602854,-61.48561163330075,16.268209801692525,0.02
0.891339542485256,-16.752186274179937,9.17118691508317,0.0375,0.9109271613489502,-17.372739349993097,7.3757540106762125,0.0125,0.3272757835330279,-30.995865665659494,12.930835603509735,0.0075,0.8672993659818065,-45.89686463477186,17.947754667692735,0.0475
0.5846225944663614,-25.698904860331027,12.98274068807686,0.0125,0.9863387866180352,-32.36754255196051,9.631340840026759,0.0175,0.35106597712225934,-29.16979495204523,12.314534396882399,0.01,0.12303058866809005,-42.00253377215535,18.34367123812786,0.025
0.6584575715672799,-23.71497062640439,13.60506877495607,0.015,0.8529495387746666,-28.410892856080302,10.134886778712175,0.02,0.47592967453771495,-29.398537392883398,13.620904433907757,0.015,0.6135263924142198,-36.826566478428035,16.957045051927235,0.035
0.8904035666160124,-25.81429639008647,13.807394858351742,0.0125,0.9722870688903252,-34.50879574988537,10.842003670166454,0.0175,0.8261101653638039,-29.81012517404892,13.825199449360127,0.01,0.686948608143417,-39.64251422149414,16.592048458247824,0.03
0.5517868090681353,-25.04951647061538,14.422088801909114,0.015,0.925208268307044,-29.026848262101403,9.835811878094097,0.015,0.3708220072195957,-34.25287599178782,14.966489012295575,0.015,-0.0742584213196955,-35.88497472664759,17.33190741482991,0.03
0.8729814200664053,-22.367587700006183,14.070495013529513,0.0125,0.9850927382054512,-29.821133924590985,10.840739345106002,0.0225,0.9541534020345548,-27.190728640339596,13.150497358571208,0.02,0.2147537332296824,-34.598500650671326,17.210183338747385,0.0425
0.5090503034874038,-25.950437206538023,14.217714544987906,0.0125,0.9241657878344128,-29.93604045554623,9.686587614305555,0.015,0.2893451311800925,-33.40715917216455,14.394404259484707,0.015,-0.0771431561498131,-35.98638060124308,16.694226478051153,0.0275
0.9585245102430808,-18.106733696251663,10.912361333293012,0.0325,0.9948869934360244,-18.86117561019977,7.887236408306074,0.0175,0.8551689118104869,-29.467239860097934,13.476276040237348,0.0175,0.7129590513564855,-33.646555313543416,15.940527467070863,0.0475
0.9879435453929676,-13.093434878866573,8.80921597865481,0.05,0.998554926679774,-13.192675856499502,6.883108336002856,0.02,0.8815114794266776,-27.422116184540982,12.609748675835448,0.01,0.4424138713297808,-41.93211053949483,16.859905032030134,0.0625
0.9562262344916304,-27.282761922264154,13.296942392369914,0.01,0.9953109675473948,-34.073129836783664,10.124931776020068,0.015,0.939386413677257,-31.358009924885238,13.124649000655005,0.0075,0.9314899452737879,-42.48487755489464,17.066795958875712,0.0225
0.5406018346121055,-21.282782960374576,12.502057528822874,0.0175,0.7099304944578954,-25.900530759032733,8.773265703941533,0.025,0.3717121037228259,-25.143049242916298,12.262288157062674,0.01,0.1679759293416221,-39.423258730626166,16.508478031838838,0.0375
0.5120404839446534,-23.604799773255955,12.886796371693471,0.015,0.6949548158762372,-27.991588606738667,9.09242560930443,0.0225,0.40790054194099545,-26.491767388318383,12.503012777118654,0.01,0.43993822885793515,-42.158867610203274,15.48990035554078,0.0325
0.798266787785038,-21.10266371220189,10.97488088239524,0.0225,0.8842819069969183,-22.268281706449432,8.036160588508269,0.02,0.7817997059086926,-27.14919141694051,11.69937134464671,0.005,0.1999090052507313,-54.07874602280957,17.942467369089808,0.0325
0.9176516508208905,-18.140345320628867,11.671620311333559,0.0375,0.9615121301110454,-20.456207571743562,8.79939162417903,0.0275,0.7741614294541078,-25.280427187668785,13.029566218307213,0.015,0.8776470483161445,-34.3968807527853,16.373337402361653,0.06
0.7873076385008153,-22.628785622790257,13.954304097109581,0.02,0.9399459505943323,-26.459141086970135,10.256757535340533,0.0275,0.7766226191749825,-26.622955264317156,13.497592166379672,0.015,0.5055816102604439,-37.08374294294945,17.18484577108072,0.0425
0.9586934826863244,-20.055310774851087,11.162295210990337,0.0275,0.994200706024256,-21.57152002119341,8.158012542947995,0.0175,0.8903913661433986,-30.517348572250302,14.10902911679569,0.01,0.449576485669737,-43.4996009799253,19.65930449636209,0.0425
0.8027449145756093,-20.250361540056776,13.66959489374446,0.0175,0.9785548578949602,-26.431027117011926,9.47181792292967,0.0325,0.7126920782852931,-24.614596416890215,13.489973244090885,0.0225,0.5877820628199945,-29.968084642837734,16.073955347773374,0.05
0.8995788331594258,-16.71136061565523,12.857138664138805,0.0325,0.9972293901859561,-22.032179160527676,10.409676764703907,0.0425,0.810280966318962,-22.27496133156037,13.30813098422639,0.0225,0.6629811487742677,-31.806346906755593,16.98480985689961,0.07
0.9307101010462909,-23.65146487870968,10.302664824432863,0.015,0.9714751110383992,-26.63018282870059,8.116739468605555,0.015,0.8212120997304007,-30.432758445538852,11.727984099695156,0.005,0.6885674548097998,-50.17434633824598,17.340618372611512,0.025
0.996367561445176,-22.412963155940137,12.6193572915314,0.0075,0.9994810564273482,-38.113222417549736,10.685854509530232,0.0275,0.998246017164802,-24.901583288816628,12.597375770091226,0.01,0.9602022165318408,-36.48804305885243,14.800143111155773,0.04
0.8693473127266339,-21.225837336599596,8.787964444282796,0.02,0.9980953212917372,-21.660482657910205,5.932025257990976,0.01,-0.060856123062755396,-34.24702195914045,12.690375706352917,0.005,-0.06054772853702405,-54.606127427388145,15.102373852170324,0.025
0.8655331751301681,-23.495404053966837,12.293441073709669,0.02,0.9512681786333315,-25.48919537698587,9.720488145633642,0.0175,0.6516911109686571,-30.220303217217577,13.386386676751124,0.005,0.34733471755485973,-47.158235075093096,17.381339527102924,0.03
0.5297800325871147,-17.763730367829936,11.953462821596972,0.0225,0.8742223132529694,-23.055847780510128,8.547936012561248,0.04,0.3037839389754717,-20.083817126901486,11.610179524178813,0.0125,0.161356139014014,-35.0311662661966,15.282050346288363,0.0575
0.7749079031184867,-19.29953955706309,12.981112433452942,0.02,0.8737522704088733,-23.46270603359892,8.80695150031886,0.0275,0.7719590525249463,-26.28079361807864,13.920912795946208,0.025,0.3584554225164767,-31.23463368405469,17.16222107547361,0.055
0.8805833237913854,-22.38777651067611,13.069489707078338,0.02,0.9897246905116552,-26.722844499581946,8.222771749725638,0.02,0.7872314011536772,-28.736139542018314,13.186440691336472,0.02,0.6088123710807198,-34.60024119783611,17.229667379700494,0.0425
0.9108560634628233,-22.284435349232098,13.90398267849547,0.0225,0.9846431818225037,-25.34715162174622,11.027019245834852,0.02,0.7603706044271905,-28.70070480335731,14.504766538339005,0.015,0.8288523709690586,-36.93843041215656,17.856971327647237,0.04
0.6955016821546843,-20.71461399040293,12.483448536455157,0.0175,0.9806591672256219,-24.807040781829613,8.383543711966974,0.0275,0.4655065019494235,-25.201515231948427,12.914905319607959,0.015,0.36995418961928606,-34.503716854723365,15.171130140804785,0.0425
0.9320679279691231,-23.067567432861264,11.974759922357755,0.01,0.9770492599441192,-30.86344900050664,8.90406178352779,0.025,0.9395396534140181,-24.99835580230914,11.655201017224742,0.005,0.8730755700029185,-43.40708070947791,17.70738410368823,0.03
0.8060934950502326,-22.231981145807477,13.763099019489783,0.02,0.8948544711751174,-26.855860019234232,10.292239218319319,0.025,0.7398754976210814,-26.272995520000624,13.16694934616718,0.015,0.7323096644902471,-35.33615940020941,16.73765628272593,0.04
0.41651772848711055,-16.585214198563186,11.91709614747144,0.0225,0.6309325267142807,-22.84373595570067,8.696790349048005,0.045,0.2757941219678462,-21.08068152155831,13.011044218481356,0.02,0.15863673592511418,-31.34345732972005,14.845498964312199,0.065
0.797412378884528,-22.71902788990637,12.31099990433574,0.02,0.892547658068575,-25.640203147288428,9.165062743782393,0.0175,0.7100889484575372,-29.796634901205824,13.29875984824595,0.01,0.9810549165629132,-41.21402484545322,18.94579436123728,0.035
0.79608068139825,-24.79706816883953,13.810294803675689,0.0125,0.9133152359954942,-31.333350636585244,10.00444103972704,0.02,0.7141044078326505,-28.00714535730751,13.301660939362929,0.015,0.7510331392613944,-34.968709031241445,16.2993608630035,0.03
0.8348888127063028,-19.743940366781402,11.640015051490288,0.0225,0.8997422324039405,-22.85245752286705,8.831876219158417,0.0275,0.7833924431709596,-24.513209979117608,12.216662961751272,0.01,0.7174679604811505,-40.585942791321216,16.74119894257533,0.0425
0.8200190361816918,-25.279657351470213,11.12532030270851,0.0125,0.9522091220513338,-28.77324957699694,7.664290461126428,0.01,0.7041552092409324,-35.22620979829023,11.594728805052217,0.01,0.0087117239482467,-39.9653471087171,15.616387682685952,0.025
0.6085729417377659,-23.8233495932405,14.183929235651984,0.015,0.8984583591299954,-30.45660408220143,9.959283853574036,0.015,0.3981621785572961,-30.36171738060666,13.46903314264708,0.0175,0.3016360873675426,-33.118355309571434,16.964146435474905,0.035
0.820052831259331,-18.28736414351389,12.515219111935616,0.02,0.9665800250331904,-23.737155484301425,9.221011936640714,0.04,0.751013959018987,-20.972655392718007,12.323955159329936,0.01,0.6674095562810012,-38.996396466108926,15.717604670051422,0.055
-0.5873493598784076,-24.069411324924346,14.261280096063048,0.015,-0.9002818963413093,-31.390429535962337,10.274140972345553,0.0175,-0.6529625610340202,-31.509802989715496,14.099306892747839,0.02,0.1446835900852004,-34.63973861721962,17.980426726593954,0.0375
-0.5217126660397268,-24.3684938033544,14.586648339298224,0.0125,-0.8766765043252052,-33.23496719120139,10.143722009183946,0.0175,-0.6262878840630535,-31.841365777558096,14.461958228531175,0.02,0.1511827942424833,-34.26311493385776,18.19234516587121,0.0375
0.6279462405437941,-21.250281430021282,12.301839385988721,0.01,0.7755930169221948,-34.17030766785912,10.134019053645403,0.03,0.5170966841842893,-23.669597542234982,12.059804899808666,0.01,0.7907382016304874,-37.969479502381375,14.412853894276914,0.04
0.8773528181745688,-25.509245508605016,12.487785341952012,0.0125,0.9617032258838426,-29.55816260850475,8.811269709529077,0.015,0.7370974158232889,-30.726050005560772,12.428566227783922,0.01,0.5966366905540372,-41.19353118247449,16.728123500747458,0.025
0.7205981873892923,-20.60593586456182,12.234922136730868,0.02,0.8415458785016586,-25.234399998899416,9.14085263552074,0.025,0.5476620210150188,-25.09457624649565,12.000508259500634,0.01,0.6998653433249945,-38.55966808418407,16.02870561126217,0.04
0.8208327988353398,-16.76715924283255,12.510258396209123,0.0275,0.971876415663668,-21.115506371423304,8.204736934635708,0.04,0.6952060827240796,-20.798450329844655,12.424472859840792,0.02,0.6670092465526447,-30.88404558117739,16.236182921829904,0.065
0.7391640277471568,-22.96597222971437,14.708009222234931,0.015,0.769606881524493,-30.187560645779307,10.562085862841016,0.02,0.7685494276238471,-29.83516284974907,13.738830290899289,0.025,0.8294846360807698,-32.4105941070471,18.439361140727588,0.0425
0.6696614779453083,-22.06662718569901,12.215812941660403,0.015,0.7891486128324805,-27.698114572979666,9.800630293282044,0.0275,0.5745516914022024,-24.849610171295236,12.35188415778486,0.005,0.7497283567957664,-47.33153373728983,16.66497578317982,0.035
0.7921155263246715,-25.341335636867896,12.43020756533392,0.01,0.7639244888210301,-30.749306835570085,9.377796510829583,0.02,0.8018734955673604,-28.314947989769387,12.692495082939736,0.005,0.8065013573774967,-50.669283130363915,17.937440283099257,0.025
0.9279877826427144,-29.68891307192362,13.687633726393397,0.01,0.992898115578424,-34.011844080933884,9.457901438116359,0.0125,0.8344504719234843,-34.21402529630815,13.77080882922614,0.005,0.7301832910041375,-44.93934085475739,16.585102375168113,0.02
0.8708570726332029,-22.125777364540696,12.198579333915172,0.0225,0.8748352981607849,-26.38718707144146,9.978463083577996,0.0175,0.9158895897843136,-29.933873028103758,13.360317313887094,0.01,0.8265878313283327,-42.48016268803489,18.879279050776503,0.035
0.9018764145663807,-26.43489413578052,12.951595500766668,0.01,0.9872034548091306,-31.02567547773423,9.002272189187119,0.015,0.8128174107337351,-31.690217100354474,13.12507907562696,0.01,0.6569624092918631,-41.85450165679228,16.684111947169583,0.0225
0.8995838711798233,-20.98648129083037,12.916359550888542,0.02,0.9915450993310876,-24.606528112926853,9.432165701447529,0.0225,0.8430237068892154,-27.26273774159392,12.911921465804756,0.0175,0.6577307255498683,-32.37972405241018,15.55411462316469,0.0425
0.8691434589168155,-23.75564010035756,13.229475926256196,0.015,0.9862355650869048,-29.99086929453538,9.62284454901776,0.02,0.7971876848419803,-28.859354059406336,13.365053661114622,0.015,0.7418388755075959,-33.31848976963706,15.465770267060972,0.0325
0.9053768428988777,-20.592238539162985,12.0674858418687,0.0225,0.9980558898036062,-22.077375523460727,8.613504837529542,0.02,0.7809262452565443,-28.88933472782925,12.908189888075231,0.015,0.1804275901697321,-35.1053057907601,16.777011098649186,0.04
0.44200206204344505,-27.30965932872366,13.483886041592406,0.0125,0.6828450264512791,-32.18814876344595,9.378766541969945,0.015,0.10502462608036564,-32.96398341108264,13.840515756856131,0.01,0.0812966792195911,-43.09534019280457,18.759523293976205,0.025
0.9065645945006064,-18.04061979850289,11.612377234564196,0.025,0.9971913069061268,-19.5585429819739,7.689779115290326,0.03,0.7156652569466408,-24.891023536200226,13.088127273880001,0.015,0.8907405200622712,-34.96557961686145,16.69698937916222,0.05
0.8543879264768186,-24.181904650673356,12.84085494515078,0.0125,0.9983949888159824,-28.862137839673323,8.62086739561057,0.0175,0.8044786663071748,-29.394213290747068,12.91965735679836,0.01,0.4880721424391995,-39.218584219371664,16.907399683350278,0.03
0.6759560020635496,-21.251210289027476,12.648967057964244,0.02,0.984401881167906,-24.822355970945075,9.276755468688318,0.025,0.2558539208777317,-26.29742461674864,13.70825050097723,0.01,0.0790403958681822,-36.83993582678914,15.842308783540188,0.0375
0.8850546037020213,-19.64881824928465,12.067547338080608,0.025,0.995135439137814,-21.084556150121752,8.747373322132402,0.025,0.6505251780567334,-26.439047266587156,12.806166542075632,0.0125,0.3565024672225754,-38.94188641084442,17.40083036464162,0.0425
0.8530595048457466,-20.919922548824964,12.296349324813196,0.0225,0.9985280401166212,-22.760084424631422,8.77748579819155,0.0175,0.8182587835613573,-30.990524745032772,13.78273839004434,0.015,-0.0678234451225253,-35.29986761198257,17.18756858326126,0.04
0.8632266519345606,-24.95590428745627,13.450695745779017,0.015,0.9408824645666354,-29.87067908556638,10.21735933383658,0.015,0.7965400595116581,-32.57606115774327,14.02847927404829,0.015,0.47864488387062926,-36.83054366953965,17.05423468628918,0.03
0.9791377777344612,-21.67689941045973,12.762825189739837,0.02,0.9991322478841476,-25.000907186500925,9.292628500000855,0.02,0.9541952071726294,-30.97517638009534,13.915227392551,0.0175,0.9314891681728612,-33.94879429611563,16.737022510074006,0.0375
0.11686931887765395,-28.73253203319225,15.881963442644738,0.01,0.17287057470858752,-38.81348985158656,11.090357070466961,0.015,0.021169165297309903,-33.33741223505879,14.216371115817065,0.015,0.09806025103045216,-36.147108202525104,17.87978838955253,0.025
0.4612851048451234,-20.562158787305897,13.968355464844953,0.0175,0.7784004983246171,-29.482804497671598,10.293337491281498,0.03,0.36347069666678966,-25.301511007422135,13.856441376573676,0.0275,0.19307640796752434,-30.430961564923468,17.309016507906748,0.055
0.8631682861274548,-22.043068728344974,12.378087548657147,0.02,0.9732126450722782,-23.79496735316063,8.437781131075456,0.015,0.45063576965064855,-33.184795894414236,14.797281001338497,0.015,0.3064573429356686,-35.89857562229211,17.285739181652737,0.035
0.7829672357816168,-23.34070886562662,11.66635692149668,0.0175,0.9076187559431954,-24.459753150373096,7.375952340549659,0.0125,0.6291476428687457,-34.81215123116028,13.225655463966246,0.01,0.4908433130208906,-38.16195149002328,16.113697419698575,0.03
0.825413991936955,-24.572665312020305,11.484951819096205,0.015,0.9126357384955036,-25.84128836753625,7.7424745446256225,0.01,0.670641584395876,-36.41262901210845,13.397622034419967,0.01,0.6192397732105811,-39.98374321956343,16.212405481242868,0.025
0.8128863707866665,-21.297682289829897,12.961281812508345,0.0175,0.9798283906673662,-24.94080355108771,9.495965313990613,0.0225,0.6991459135192408,-27.300175861463167,13.482041782628759,0.02,0.6473933898096259,-32.466121929419124,15.967433860195424,0.04
0.8377714097799852,-22.355986240051745,11.302687459587224,0.02,0.9151227205962866,-23.19325362833357,8.161180839301831,0.015,0.4988485829372883,-32.19054020883411,13.2164729878706,0.01,0.6823715962231057,-41.02713302682844,16.877388832276324,0.03
0.8822008477768024,-23.83383217708182,11.552645170534534,0.0175,0.9767820725038892,-25.19630532728395,8.827202213446043,0.0125,0.7413410563215683,-34.32866614229877,13.342795076341735,0.01,0.5135829224861116,-40.80873600422264,15.999191464259312,0.0275
0.7837896643090415,-15.945611227439116,11.053196229399175,0.035,0.9455296095026728,-18.899843936031203,7.7099351783104515,0.0325,0.46273528195296987,-25.187606899986676,13.120989790558884,0.015,0.13473778723424173,-34.90561237447244,16.642718978606993,0.065
0.8680016324558236,-23.08655339029396,13.206546627588686,0.02,0.9869545592503912,-26.311519821386817,9.893269417193114,0.0175,0.7233107483794133,-30.534888447379217,14.397378107557367,0.0125,0.4404166816019019,-37.430601773395466,17.32067783381573,0.035
0.7781585927702472,-17.42478663271454,12.489873990048551,0.035,0.8516142531732367,-19.730159020830484,9.310940349789742,0.035,0.6623221264007583,-23.61991547651595,13.93975425798413,0.015,0.5490244956394403,-37.08410734054281,17.405580166383714,0.06
0.9356020445436568,-27.060528787554986,11.46007134975682,0.015,0.9820776597752164,-27.337426995731867,8.961438452546004,0.01,0.697000011690603,-35.99887521644726,13.303839003057572,0.005,0.3761298738587133,-51.74513624503646,17.786847840834483,0.02
0.9121322510170577,-17.99946693396359,12.788828986194346,0.015,0.9916816516512841,-28.027565552738352,10.356778169775659,0.0425,0.9004647632096976,-20.72651166781186,12.567269465063898,0.02,0.735172473815112,-31.504993493644925,16.20541990893942,0.06
0.7502838627223478,-17.48195406519346,13.034524199456989,0.0175,0.9345668158634003,-25.14844383898566,8.599840583475604,0.0475,0.6772415837583323,-19.59453637065601,12.786325809797553,0.02,0.6569752961593475,-30.9091499391497,15.072107657268258,0.0625
0.4254383159611388,-20.753312445906023,12.23171558795095,0.015,0.4623526872083434,-26.436784618112487,9.001128715653202,0.0275,0.3457607364212693,-24.52133592822415,12.6989814160329,0.0125,0.4120159625760333,-38.969654601941286,15.508864919385934,0.0425
-0.1503127176482961,-20.891125309400227,10.820994059254849,0.025,-0.1785617145168254,-21.57618131567768,8.637757281276262,0.01,-0.1292345213547562,-33.23396674720374,12.677985984835288,0.0075,-0.2318592042697991,-42.26665181212682,16.58294979433706,0.0325
0.8219463776133396,-24.255303359665845,12.912590067194365,0.015,0.9712157235617451,-28.72680630274702,8.930980409364377,0.02,0.6723186174622846,-29.213639410463784,13.526478254098631,0.01,0.5317386007247688,-41.036968072668884,16.451094621726625,0.03
0.6922957355288374,-22.58703861446975,12.88096832792568,0.0175,0.7914109043837168,-26.697681768939407,8.932048634765517,0.0225,0.609388526155497,-27.576461469822178,13.158055959228273,0.0125,0.5589369707799455,-37.172308138589656,16.688024347553068,0.035
0.49024645822687163,-17.335818393068777,11.14077013180052,0.03,0.6128618080947719,-19.806243645989554,8.791041780879796,0.03,0.3194267437673408,-23.446255984065118,12.429958391254932,0.01,-0.3451738430068123,-42.20006448974159,18.131752967569362,0.0525
0.7145915663090644,-22.679924047988486,12.84883950039564,0.02,0.870392697288735,-26.02718213228723,9.420998934971008,0.015,0.5701278699432664,-31.587665004322716,12.970111888147118,0.015,0.09692191944738421,-38.22708640414872,18.57962406083486,0.04
0.7107675780205341,-24.575379312095755,13.713209171000983,0.01,0.6440320558805595,-33.005199998472534,10.315348288664758,0.025,0.722851195986084,-27.37296504548097,13.47191626382859,0.01,0.648545820210553,-42.00308717402944,17.232317182865103,0.035
0.858629441253741,-26.95674524464376,12.07450845592632,0.01,0.8704184974910056,-34.88038416888338,9.559218461177707,0.01,0.9710745848310776,-36.46382289681882,13.731541427669022,0.005,0.8233736967740471,-46.80449433409071,17.703693472711237,0.02
0.8293098849529117,-24.528374283253758,14.681068211723659,0.01,0.9006570609480711,-33.89306774844447,10.549612259090399,0.02,0.8651685393726332,-29.88421574584821,14.419492474977933,0.0175,0.6126898157080489,-34.0607335869918,16.55975904143558,0.0375
0.3715278142850464,-17.343556116633376,12.31305914058779,0.03,0.6242917753207762,-22.923971751385157,9.81238620752778,0.0375,0.1930636732899163,-22.444520495948485,13.105743027904216,0.025,0.1856034577372655,-30.086660025155204,17.34636600857862,0.0625
0.870724844369211,-21.223500537470947,12.789065363665006,0.0225,0.9816230060578509,-24.456936152204946,10.366416529481942,0.0225,0.7160994075796889,-28.11403893443341,14.118059690185367,0.015,0.4018102229669594,-35.54787978398862,16.528427765355232,0.04
0.7218422478344213,-17.06517970513271,13.095568629322216,0.035,0.8751785188163488,-19.900020522455282,9.556442457749407,0.035,0.39100873289917926,-23.08052177945914,13.404379031548359,0.0225,0.9228342222306104,-29.90850402011718,15.66965031896925,0.0675
0.8279896585307045,-21.021661024904226,12.509059397521035,0.0225,0.9748794281230289,-23.026140274679886,6.815002968670538,0.02,0.43061944605095104,-27.839868706645078,13.472459296593113,0.0175,0.602285584379672,-34.94872035974509,17.932750920595517,0.04
0.742865632270269,-21.153545329812943,12.09564161351621,0.02,0.8943184127553439,-23.282078321675776,7.489351518194859,0.02,0.3037639826772808,-28.841341509575678,13.80682978849924,0.015,0.6536583641386965,-34.521315361862534,16.973629021773938,0.04
0.7736241294536995,-20.94439009095918,12.736762906495876,0.0225,0.9440041235195497,-22.8408306201792,8.643132912079274,0.0225,0.3641848320140828,-27.42895001942522,13.458500448317809,0.0125,0.4369737802188227,-37.01767343867081,16.712574417980278,0.0425
0.7403623069042535,-22.71557962982198,13.876386798155304,0.015,0.9261228980034132,-27.645431901642745,9.448844941095295,0.02,0.7303718100270592,-29.08806871762888,14.114016252842232,0.0225,0.5950022261887453,-30.85566581192016,16.231827875752302,0.0375
0.8393368625620297,-19.770670183355602,12.02836529940354,0.02,0.9577983149613517,-24.075976561487963,9.212771473310168,0.0275,0.7301143277377037,-24.544813445106463,13.3321827072078,0.015,0.6252272849427443,-33.42945392323795,15.889836895435602,0.0425
0.9617371018360078,-21.569956774883067,12.45984244590023,0.02,0.9955037716224708,-24.11750986561762,8.984027274953625,0.02,0.927065423211627,-28.710401400185503,14.01477503522125,0.015,0.7770701310991286,-36.279049479086,16.851246523276924,0.0375
0.9459474160232136,-22.325912020030025,12.889384778471594,0.0175,0.9868314917233288,-25.374041453382688,9.568368807265507,0.02,0.9320932232298956,-27.77303207285332,13.399139570537006,0.015,0.8423550922021411,-34.64755158894186,16.68958548038943,0.035
0.5762490674930024,-20.130309127168363,13.387108666870027,0.02,0.5270932748465709,-25.15494175678468,8.850877187421943,0.03,0.5605798418257881,-24.184048564087448,13.309347754755349,0.02,0.7408433329808021,-31.18917065173562,16.25160067044957,0.0475
0.7759057989106095,-19.057198194929935,13.342507831139287,0.0225,0.9977317031096943,-25.81083022529156,10.150060288272051,0.0325,0.6200317677917239,-24.059878769177367,13.725355025806646,0.0225,0.5819286797367358,-31.18650220973899,16.364203536268413,0.0575
0.94352363535191,-14.779865073874335,11.506267353010886,0.04,0.995252164919418,-18.747746163198894,8.447236791264759,0.035,0.7671184495160978,-23.22308793978018,13.146524349396175,0.0275,0.8566366501526622,-29.31600460341088,16.361070461206076,0.0725
0.7733458556289413,-20.450524569948847,13.468271697870971,0.02,0.9810180754835471,-24.22870709975738,8.677658897441102,0.0275,0.7882181838327047,-26.163953168286028,13.52250233037954,0.0225,0.4557014575965457,-33.301306527401096,18.114158341750116,0.05
0.900970542493426,-21.42776105403747,12.720032427431118,0.02,0.9699482466622404,-24.849159157321097,9.400234880092697,0.0225,0.8534998487822296,-25.903363410067413,12.795834444087056,0.015,0.7691573747542907,-37.15759972187109,17.649835682461514,0.0375
0.7590852631768082,-18.008342352930637,12.484288157778776,0.0175,0.9537371518907025,-25.153801958269167,9.322281730217108,0.0425,0.7176252158801737,-20.71416507663966,13.072247630794255,0.0225,0.40135549023496725,-33.962169231089945,18.824304792080902,0.06
0.7854826492665604,-20.04396176496852,13.480655990413675,0.0225,0.9883046207380984,-24.53753463531553,9.722670400503796,0.03,0.7336492718655072,-25.59362481069593,14.061604834368408,0.0175,0.5096931015230347,-33.64201555941324,17.300285637968553,0.05
0.822195884685318,-16.30791137554761,13.006972667909208,0.035,0.975060008138822,-19.707661655900516,8.601169133186096,0.035,0.7806749116908526,-23.04192981318422,13.750713934460695,0.0375,0.4634442453334561,-25.555709630418924,15.722205745710298,0.0725
0.7648003370194234,-16.72348641612877,12.686077845374928,0.03,0.9905889175208088,-19.342154959535847,8.862522466016603,0.0325,0.3613687169747751,-23.847713054357712,13.852448928118765,0.0275,0.1595966949064705,-29.339711836533983,16.495769477892324,0.065
0.6492309648218378,-16.834311020885377,12.927697323567564,0.03,0.9829394798356264,-20.289242577534665,9.41190783417344,0.0375,0.2862216494574048,-21.93692946545233,13.142499809463136,0.0225,0.0379154039079461,-29.33128044996072,15.606257953683006,0.065
0.7933257926772879,-19.87484256027657,13.477180520264556,0.0175,0.9791372524975231,-28.440097628287734,10.326946251483424,0.0375,0.7178512449291548,-21.972772403823075,13.012857711406852,0.0175,0.6376114437328068,-34.82567527319754,15.757899686482729,0.055
0.8942754184070324,-17.421212262972997,13.229247927596234,0.025,0.9820393603643067,-21.435302911343868,9.284951867344846,0.04,0.8467704643755015,-21.644103378655256,12.954985939812701,0.025,0.8184939880056972,-27.60925847545907,15.00608565840931,0.06
0.8723193397466142,-14.35880134229187,12.009460117533806,0.0375,0.9677163488141177,-17.813161072365098,8.73969503820635,0.05,0.7513893764400945,-20.190902644575893,13.59225520844609,0.025,0.6306511276792703,-30.03159987173196,16.382478900780683,0.0775
0.7838798717940002,-16.04759218208157,12.711450946165291,0.0275,0.8724700349840236,-20.61865026386201,9.24160201131718,0.0425,0.7171394838327193,-21.66879272148496,13.293788801097898,0.0275,0.4015121410108143,-29.3790796162166,17.05428626262409,0.07
0.845727847993385,-16.049274027306705,13.09845629171737,0.035,0.9934547961886481,-19.109362621587266,9.030119603358854,0.04,0.6154882695380175,-22.513417098976156,13.644790572830559,0.03,0.4422482765034078,-28.557502083054437,17.358504543718006,0.075
0.8527666437687653,-16.20776681901969,11.555582768416858,0.03,0.9673123267006878,-19.44122671823798,8.32309231454254,0.0325,0.8138735167224345,-24.90746492818976,14.075569583877357,0.035,0.6001594184705505,-28.616492716867167,18.26945805332826,0.0625
0.8611023278794463,-21.53815172347214,13.00496069623209,0.02,0.9779313169871028,-24.81178677427448,9.32245202763295,0.025,0.6743662808033676,-26.72193789428036,13.561946123738911,0.0125,0.5832132231557436,-35.82703237088421,15.697166943380632,0.04
0.7992065851664205,-18.313519916266596,12.691817835478355,0.02,0.994635996085932,-25.642540001759578,9.081934861218706,0.035,0.607107646592222,-22.97995892962384,13.155107865843892,0.0225,0.6789133415691978,-30.337197119059137,15.74655908867312,0.055
0.8049721960441889,-16.528249973347638,12.24231972461239,0.0275,0.974563971333114,-20.64707007215037,9.904377056473486,0.035,0.8256630758073259,-23.66875378412935,13.594934870592695,0.025,0.4031633727667857,-29.803662602743017,16.497706988451903,0.065
0.9682746267833728,-15.85353583309314,12.223844487146831,0.0425,0.9970562385297844,-17.791268567413898,9.31582824149922,0.03,0.931345510496572,-24.063411799990554,13.622615625402968,0.025,0.8501324306358166,-28.598154469931693,15.889960116819372,0.0675
0.8979792619949267,-17.117602723451725,12.598166425151408,0.0275,0.9935540308565929,-20.333213145294728,8.508422141357567,0.0375,0.8244193522841023,-22.464871001104896,13.46880365493617,0.025,0.6153773664388011,-29.929872887168138,16.94111690540076,0.0625
0.8532506286248815,-17.759633250000167,12.42756304358042,0.025,0.9916319875012614,-21.29102054761481,8.041629526003714,0.0325,0.767120501244779,-23.72168643099006,13.585602959259695,0.025,0.5832364248243904,-30.23361667606788,17.2056783217173,0.0575
0.8763910961001203,-23.655105709305133,14.338246262543445,0.015,0.9939747834549797,-27.540783736920798,8.882579471835296,0.015,0.7839676312204251,-31.115477359870376,13.312119224393612,0.025,0.7606771476065294,-34.25628253226513,19.389369893594147,0.0375
0.8931668635670889,-17.796577070696205,12.528656661989016,0.0275,0.9946442950431129,-20.72741736575061,8.137293944388855,0.0325,0.8223725715133533,-24.060286557084627,13.768407407597191,0.025,0.6023707668476949,-30.539757317291482,17.643443679761777,0.0575
0.9182522985524559,-21.31326175947889,13.478856839082063,0.025,0.9978305210507685,-23.131037310612836,9.991595721716145,0.02,0.7492082125170381,-29.366799628522497,13.993037254036995,0.015,0.6756932673124475,-37.386534884061845,18.660474308553702,0.0425
0.8956481600046979,-21.632100171721817,13.422885425607184,0.0125,0.9403015958688156,-29.04474905564661,9.106083144624122,0.03,0.841006318178607,-25.419560785823293,13.86349206493346,0.015,0.8096266401359762,-35.573801237301296,16.793251813371114,0.045
0.8894568437936975,-20.108828440389665,12.689007451710015,0.0275,0.9847551453422584,-24.51465153484204,9.758817491870907,0.0275,0.7787091117189787,-26.082676095754422,13.23196522392233,0.02,0.534774748126583,-33.560007250515014,16.629604838905877,0.05
0.8405830148460949,-23.74245702742478,13.376062740833367,0.0175,0.9897824934276211,-28.42119920963261,10.016859609829933,0.0175,0.6697698336931338,-30.03473916139657,13.97940008672039,0.0125,0.501981224946747,-38.14923210825,16.914036694962164,0.0325
0.6601464785726167,-20.889035305976883,13.763469332418804,0.0225,0.9544884203734664,-24.59187667769537,8.437097477042249,0.03,0.3009981022444108,-25.885594074286736,13.901311513078529,0.02,0.4322120087641399,-32.41614904645431,16.993501281720633,0.0475
0.796964504722379,-17.388770507369575,12.853911516746484,0.0275,0.9741779819793774,-20.556279494185837,8.332202423525596,0.0325,0.6045392084338281,-23.45494296412028,13.069472641774494,0.0275,0.6405266513243322,-29.94694506727251,16.754200855675183,0.06
0.8646576188413,-23.910229899588185,14.344112233743472,0.0175,0.952361060838962,-29.19608357343655,11.238076109104297,0.02,0.7553655080592664,-28.513034115292797,13.52856212689528,0.015,0.8141454763037528,-35.874190968937604,18.09812655457037,0.035
0.8312075884160841,-23.66270105324279,14.080290539465155,0.015,0.9925327293387662,-30.549667948603357,11.594302197468224,0.02,0.6874333513797569,-28.59888691032713,13.448911079416295,0.015,0.7894927137052359,-36.13563598023444,18.296674058159738,0.035
0.855287485339156,-19.224065580493978,13.503483306338005,0.02,0.9803981781456018,-24.780044590061944,8.573842194209853,0.035,0.7272155115917633,-24.09506298339336,13.541935296504366,0.025,0.8235212809212994,-29.45764133142268,15.645108339606804,0.055
0.5376209229307232,-18.71877926986754,13.968521761265126,0.025,0.6499049166963194,-22.05288497270277,9.452585260419934,0.0325,0.38395976620168404,-24.858473127159556,14.314215822876164,0.02,0.36204865170524875,-33.49312212968849,18.826203957563052,0.0575
0.7939934414498292,-19.850916990105897,13.389653966638573,0.0225,0.9951823028953488,-26.71564002712369,9.966456891428082,0.0275,0.7751000312839392,-25.08186095618237,13.290752953407198,0.025,0.5219685247688157,-28.87381511058704,15.388385836992583,0.0525
0.9044770443539525,-19.046582148367435,12.84695002935187,0.0175,0.9941871885334119,-26.384907929902575,9.330989093623753,0.035,0.8681755988578308,-23.539087888322662,13.380423147563896,0.0275,0.8179792289264857,-27.942486245133153,15.533238809572339,0.0525
0.7310178765841565,-16.65124466616558,12.364071121487024,0.0325,0.9557102286688782,-19.64830658596889,8.692543803240717,0.035,0.4883465767675969,-22.60822837725209,13.156183735374006,0.025,0.2909884032137415,-29.54441043841096,15.61219981038008,0.0625
0.717380202957466,-18.81689418358536,13.809542968157098,0.015,0.9475090634275156,-27.721634839592667,9.2157846937733,0.04,0.6551028275389921,-21.81198542278459,13.336092159053102,0.0275,0.5596900845158401,-28.794444481381525,16.634708999338024,0.0575
0.8266024400525822,-17.536483074174097,12.868626554723487,0.025,0.9814104630893078,-21.57141284094635,9.036354929745883,0.0325,0.771387645662698,-23.248196777365347,13.190359291034452,0.025,0.5645714594507281,-28.89183936641096,15.98725283298348,0.0575
0.9332646444629964,-17.62615305297679,13.86437282586005,0.02,0.9992050746563924,-25.882004280897796,9.334329034625721,0.0425,0.9020188021426412,-21.10483013862668,13.38216045219227,0.03,0.9361548061655183,-27.3159003456184,16.117815643764573,0.065
0.922091124834542,-22.008690332217824,14.375602624164756,0.015,0.9993152608952487,-27.797509057929478,9.451895096539769,0.025,0.9015266793753796,-26.02557772690666,13.467826743727283,0.0225,0.872939345400601,-30.897471919346494,16.43403523336611,0.045
0.7385342408016928,-20.517629415214117,13.998223447509423,0.01,0.9907546879300904,-34.11549017288051,10.421992318772343,0.035,0.670095836353453,-23.776348009899298,13.625243377410326,0.0225,0.6555174131063728,-30.415518755372347,16.479158182956112,0.05
0.8977221934015756,-17.227383776935646,12.57003831441217,0.025,0.9627164364863154,-21.53497253934458,8.348043916638762,0.0375,0.819966984424957,-21.454474096017023,12.961193117527383,0.0225,0.9240128814662331,-31.218864819110504,16.720877557808684,0.0625
0.902996519141074,-17.82335678248099,12.434913453724455,0.0225,0.9637748862853662,-21.97602837581551,8.12703797330759,0.0325,0.830153842638871,-23.031078466389012,13.312265985603164,0.02,0.8697854110748172,-31.2975914287961,16.55313434006761,0.06
0.8960241825586451,-18.346325782929604,12.565268590979208,0.02,0.9511788234913146,-22.71014048340414,8.819764726421598,0.03,0.8104418294899658,-23.97226324197364,13.14165124322016,0.0225,0.8841102143577697,-31.763604427993283,17.13781592583068,0.055
0.9023975670629143,-16.47234522957406,12.846683817837175,0.0175,0.9694185868898455,-24.174688068592786,8.607780784120544,0.045,0.8628950375340787,-20.223185690418482,12.740371425558447,0.0275,0.902289122356674,-29.016563500714742,16.734230510122938,0.07
0.7200006604072199,-20.111247541584007,13.52679258180876,0.015,0.9887161095436794,-28.63517044309131,9.107077221283078,0.03,0.5625267242274457,-24.24004308378798,12.927717543071484,0.0225,0.5822768591895857,-29.952736940501598,16.132733826304687,0.05
0.7193222770566258,-17.175537781497354,13.100456620713071,0.0175,0.9693765747250012,-25.90805213153705,7.8602577141185535,0.045,0.5411250242921116,-20.24637565074201,12.963517223395026,0.025,0.5064206270411663,-29.5065813104626,16.39155287666011,0.0675
0.6750388560136846,-19.49240241697276,14.30429541525779,0.0175,0.9851718513579614,-24.87749485084749,8.266695502986227,0.0325,0.6345279755474036,-23.73437330702199,13.395198396667102,0.03,0.3168330635034005,-27.029364594293995,15.874824840505964,0.0575
0.8661548009748035,-21.022280392241093,14.273268661634807,0.0125,0.9980125454238546,-27.397928631829814,8.544449489351265,0.0275,0.7600489514317842,-25.361342811551303,13.398359244080996,0.025,0.8370405510139696,-29.23293076216534,16.412135571128267,0.0475
0.8238006266127084,-20.768021494402458,13.689653043115582,0.0175,0.9549926236227548,-25.345717795704115,8.905273110773125,0.03,0.6945426852698968,-25.30191464575517,13.656065519982345,0.02,0.7236883609611083,-32.96806956511573,16.768016343076443,0.05
0.823426519827258,-21.830580831685825,13.814341610255712,0.0175,0.9896050451230723,-25.9932903948878,8.787608196430046,0.025,0.6772759333925975,-26.77009458496356,13.865132970697848,0.02,0.6750504839115369,-33.75393968251624,17.062061774640576,0.045
0.9090845761851162,-19.517441032288176,13.49388292109132,0.0225,0.9984157274463802,-22.75758960926792,8.013734848645193,0.03,0.8529328439190389,-26.314940741608453,14.492194757687509,0.0225,0.6841259759594374,-31.749260839368496,17.51307115676088,0.0525
0.8875468972295437,-18.672777173039908,13.638447273388538,0.0225,0.9972153622833653,-23.37261889254355,9.264346370736824,0.03,0.8269064303236836,-24.514342857928327,13.530250258313629,0.0275,0.7124040932714227,-28.71189000241071,16.55198575344402,0.0575
0.8745661527592257,-17.030624242398773,13.375174766950366,0.025,0.9968551202012741,-22.506452404664206,8.990777868896565,0.0375,0.8188762121833166,-22.929483327477055,13.673315249934117,0.0325,0.7572272746955716,-26.808343122255764,16.570171597589788,0.065
0.8215276575615095,-20.865576259023122,13.993712978423813,0.015,0.9839385439657954,-26.80410683523916,9.285524457452409,0.03,0.8069029647735104,-24.350771783115242,12.673263635204357,0.02,0.5925066567365014,-31.832022863363242,16.74560699600924,0.0475
0.8136967322951307,-19.90456998155516,13.754371574975938,0.02,0.985506213632643,-24.21828752567076,9.127302457191384,0.03,0.7113858622902564,-23.612817624314477,13.34891370055854,0.02,0.6009180447844331,-31.168437105755444,16.180418988745792,0.0475
0.9379669360873693,-20.711736438732405,13.822321915104101,0.02,0.9998254893541749,-25.46051615506908,10.150983674683172,0.0275,0.8809623350495932,-25.43685774472861,13.786864844490434,0.02,0.8572838252441426,-32.52628498714269,16.490887892412033,0.0475
0.8288546012849362,-11.745445940652086,9.381003871952824,0.0475,0.9856617585865544,-16.03372691571788,8.259395046873514,0.0475,0.8053542901781959,-19.82682752902149,13.270854602476623,0.035,-0.1521641929615484,-24.510193354263613,15.0961747989893,0.08
0.7771889811780781,-23.97866518955047,14.980192645715587,0.02,0.901256467531321,-26.243611766222035,10.029140358713189,0.0225,0.6047812686448452,-28.58289923015347,14.195736890781276,0.01,0.7347660096832929,-41.06701729278649,19.117345600719844,0.0375
0.7995858255865543,-12.73885844099624,10.47927524997766,0.0525,0.9187804817373332,-15.191008005190616,8.002400926579389,0.0525,0.557237365896415,-18.90423997508955,13.224573492326469,0.0325,0.6883797964662569,-30.37934024383816,19.05074463028068,0.0825
0.7627350744506015,-22.989602572160514,13.900429291866512,0.0175,0.9692467049449428,-26.78649465513003,9.56223058196693,0.0175,0.7952862413970578,-30.06319224301753,13.992461532105644,0.0175,0.3617269488011703,-35.78575138866337,17.981080649641342,0.0425
0.7905851626852125,-20.198389294210386,14.72450435726618,0.0275,0.9029920413061316,-22.777384312267674,10.002131165765416,0.0325,0.6199577886194723,-24.786108687118716,14.404069912505857,0.015,0.7166525891468972,-37.440368908416076,19.014853139171272,0.055
0.9516209250736092,-19.16366845541565,13.646920839682558,0.0275,0.9845985238115442,-25.4839698400228,10.142984387980196,0.0375,0.9268465121900832,-23.820489676647462,14.055862439216002,0.0225,0.847634119998433,-30.875854588097198,16.22691009473737,0.0625
0.5890763795202661,-23.339007293517604,14.028177394129973,0.015,0.9809694984188012,-28.643964847209027,9.62820778115723,0.0225,0.4254509762350084,-27.624977796994404,13.455828492364294,0.02,0.2736815398032606,-33.76764510318663,15.738295581004117,0.04
0.824470178161738,-17.09442661558806,11.951893581993266,0.025,0.9560385596104216,-23.901076826858052,9.31589622953069,0.035,0.8405205733002721,-23.257350282721266,13.054660828171556,0.0375,0.6074294246279526,-25.319996694763226,15.421258052789172,0.0625
0.9460579595402139,-19.435086053009464,13.412385124027717,0.0175,0.9926062150749748,-23.595695753777303,9.309590079625009,0.025,0.8824900080005865,-25.98105522409552,13.471403892801863,0.025,0.9010597431288299,-31.1417604447459,17.874793987360498,0.0525
0.9032967084711312,-19.94398567302436,13.757884200420255,0.02,0.9780495193232576,-23.605643444505077,9.35191000726592,0.0225,0.8811848081860232,-27.10018256749956,13.536866374333949,0.025,0.7355400495855776,-31.94269006608868,18.741138693669736,0.0525
0.8848324191976285,-17.93548792149156,11.402655989459394,0.0225,0.9760689162377691,-21.80857091434717,8.023482541553665,0.03,0.7800535395997396,-23.429891006784423,12.653729202906064,0.015,0.5376802004186192,-36.056406881718544,17.17518720274065,0.05
0.8699512750946709,-20.230674609308675,12.027338892248888,0.0175,0.9734548533415752,-24.06438593310147,8.300688361466907,0.025,0.7518689577322015,-25.055497980184956,12.70371377464645,0.0125,0.564932375476157,-36.98582090839261,17.106748411889303,0.04
0.8329725250058797,-18.87715103196821,12.729828571693243,0.0275,0.9865322407379832,-23.57569589182688,9.268088052040529,0.0325,0.6342843792156926,-24.05335582701697,12.983410179707954,0.02,0.6191917358557232,-33.34815365788075,17.223370702755524,0.0575
0.7434796611041725,-19.565214174321465,12.61403917490764,0.0225,0.9840144034872064,-26.497279716087995,9.489116875210222,0.03,0.5499366957263422,-23.948536788505294,12.712733727887771,0.0175,0.2818634483007821,-33.19616619461084,16.08992239577687,0.05
0.8175565116042603,-16.95060499284713,12.855773394087192,0.0275,0.9904941757839778,-21.578827570450716,8.439579043339311,0.035,0.5344443386047568,-23.623899227631107,13.096377274998382,0.03,0.8745023398943899,-29.24903529410428,17.226770807280026,0.0675
0.9248432264838098,-19.086438664828165,12.193262608293452,0.0225,0.9988067186693402,-22.514146903660162,8.747093038653677,0.0275,0.8371033812321567,-24.077782192839088,12.278367473629103,0.015,0.7780493352364868,-37.04734121342182,16.989664331934307,0.045
0.8152996662280465,-20.72298721348477,13.843063400580592,0.0125,0.9753738286583378,-34.38545920097145,11.751299853723664,0.0325,0.7228024489248432,-23.762795826329747,13.403263455847476,0.02,0.7129901129515215,-32.207857035245354,16.581094320503126,0.05
0.8304218368326257,-20.395337789870815,13.908527906995118,0.015,0.9717562398623902,-33.43569162641222,11.25662791372794,0.0325,0.7625193671743141,-23.825686114278895,13.559376217203283,0.02,0.6494413539094259,-32.490483327939046,17.1675787128478,0.0525
0.9244808594607388,-18.674555500212385,12.8849806868303,0.02,0.9947014368523972,-25.23549741899444,9.734991593307964,0.0375,0.8774793191966768,-22.44384807011395,12.75959723353474,0.0225,0.9151677516377444,-31.333145471388463,16.316661766801328,0.0575
0.83294595550535,-17.841222907263464,13.227322018821237,0.025,0.9909469044481665,-24.085695707855386,10.023283392610058,0.0325,0.8877638294431086,-25.06637304213005,13.68239310713117,0.045,0.7202468384920715,-25.762656699915787,17.4837090337043,0.0675
0.9006636159407433,-17.405467591256283,13.308949928125976,0.0275,0.9925441528421712,-22.642638578638483,10.337219757393584,0.045,0.847464444380293,-20.30338933376614,12.679189426571277,0.025,0.8168598502434017,-30.87701997833852,17.398626330299273,0.0675
0.589838962995771,-16.927312615308963,13.896100241720458,0.025,0.4873784300813492,-22.532546054043458,9.84524724343997,0.0425,0.8276011948266386,-21.99386151501591,14.046144492067286,0.035,0.6442586198806033,-27.746986637890007,17.65031617704657,0.075
0.8009407856532037,-14.909642672605507,12.68145909938507,0.0275,0.9819820334073888,-23.229241995095464,9.485117159332187,0.04,0.7594347482488808,-22.077122058961688,12.885254951849207,0.055,0.7126335581429676,-23.80524054009444,16.716374249877195,0.0975
0.9496512302278798,-24.825841713920763,15.48533092737216,0.01,0.9966041216542858,-32.39072082504846,11.296463099411667,0.02,0.9004180145665466,-29.79848072284744,14.318578471471536,0.025,0.9694782444920124,-35.51513835148764,20.24503767339323,0.04
0.8548814050765933,-18.44693863704894,12.653365236329508,0.0225,0.9533266498974065,-26.238584145159166,9.406349716810505,0.04,0.7574005655359501,-22.467372028033676,13.872251938989573,0.025,0.8164708030227543,-30.20442064144171,15.793696392572556,0.0625
0.8979699023410401,-19.442263716093592,12.022830910871999,0.02,0.9759967531732257,-24.18878140715006,8.603632579905529,0.03,0.8570130374654572,-23.77902380236935,12.607695972516801,0.0125,0.6661953044783264,-36.632187786502016,16.002852797469515,0.045
0.740701333183062,-12.700730701636026,11.31729567266132,0.03,0.8489495347641353,-20.050638722103965,8.294524705187914,0.0625,0.7179111019390151,-17.842018809335602,13.333494516401364,0.04,0.5522727496462951,-24.82724987991756,15.970373517952856,0.095
0.6554778848376596,-22.38153534690091,13.671788976902766,0.01,0.9885221488950218,-31.466579670615186,9.687041759114923,0.03,0.5823083179297104,-23.86300348508638,12.832453457761858,0.015,0.5449546138497884,-35.93334409129454,16.089656702993032,0.0375
0.9515262821952902,-21.459138441016485,14.084476461509192,0.015,0.997171799204456,-25.9108167506116,8.37714967016116,0.025,0.9340070090842736,-25.36130815510823,13.414370344402611,0.0175,0.8486597390904347,-35.62909475534283,18.69017213240358,0.0425
0.8299842982940364,-19.16366845541565,13.782669735415729,0.02,0.9876863031231005,-23.2342789401673,8.169533443246454,0.03,0.7229841321045425,-24.09803704076688,13.205053383327606,0.0225,0.6324117932863941,-30.860084585186573,16.916844647203128,0.055
0.9161315712243914,-20.184046438680827,13.842078178236616,0.02,0.9962404187604548,-23.75452120611066,8.778141760404766,0.0275,0.8585307716688639,-25.52260397809816,13.523268685137046,0.02,0.7157955832430719,-34.003046091349006,18.51210223917016,0.05
0.8173226841904344,-17.769879670485413,13.303123737605109,0.025,0.9663643677590236,-23.22519145904927,9.470689770515854,0.0375,0.6975198073339866,-22.11055460137416,13.275409945410466,0.025,0.7398075501112298,-28.78270733771899,15.954950291513455,0.0625
0.8724075229114956,-17.755877922831658,12.535664111839743,0.03,0.9976502198177504,-21.113544234065287,8.511964701627711,0.035,0.6500351060839497,-24.008809381263458,13.81821479407871,0.02,0.6630780499198179,-31.14528356351936,15.931923272473892,0.0625
0.8485727156758218,-20.214151943486364,13.52365180271193,0.015,0.9771745695594632,-28.788913483903904,9.383648660438642,0.03,0.7926841290936304,-25.027456999273745,14.177770275892277,0.0225,0.5322643673622508,-33.79226097944589,18.8787274165354,0.0475
0.451244560632028,-18.449174243762545,13.272695608171006,0.02,0.6574668236455062,-24.29237994547215,8.4322726547795,0.0375,0.2567890652630493,-22.84272376562617,13.619683658273871,0.025,0.2386743483554201,-32.364133177668435,17.59339208855974,0.0575
0.8615193708954225,-20.857767422228,13.85861794346321,0.015,0.9971581182984014,-25.004650939072555,8.815430792929124,0.0275,0.8069093268943235,-25.750684958866906,13.916909459207263,0.0225,0.770513096891482,-32.4755888172829,18.26318176610875,0.0475
0.7938686479850777,-20.02314166369262,13.455092653269716,0.0225,0.9753478485868968,-25.27959624041505,10.687362277590108,0.0275,0.6284136350310383,-25.013299880343137,13.373085859209764,0.0225,0.6760026888160149,-32.066649913607364,17.28724417319639,0.0525
0.7035816677619559,-19.21921549911798,12.568221571056664,0.02,0.94795958956488,-22.844000052637995,8.332234756912104,0.0325,0.5066603832782751,-24.62227380076599,13.53846870759412,0.0175,0.147612463855486,-34.94220911741547,17.06041859409292,0.05
0.9536445356062322,-22.546709165692683,15.367657545993751,0.015,0.9984194905585593,-29.678549070125676,10.68853305559694,0.025,0.9241749003533821,-26.574061109258892,13.791640038716306,0.0225,0.9289961477535063,-31.778704329224105,17.515359488106707,0.045
0.9018884920978631,-13.516924927902128,11.665065096854606,0.05,0.9857269620461369,-18.005004735421455,7.69182365190714,0.0475,0.7505307552915085,-19.914849161814416,13.158570469818974,0.0375,0.6706550354150177,-25.64680335609917,16.47770742952048,0.0925
0.8618385502537598,-17.59831856793293,13.353843242731218,0.025,0.9898236325502162,-23.030427153254934,9.288149744925004,0.0375,0.8094823311042157,-22.24329805515237,13.299164237301316,0.0275,0.6566660573563214,-29.68119456419059,17.204758625392053,0.065
0.94050924852583,-17.362320192014423,13.866441977995432,0.025,0.9971320364739412,-21.33259988155655,8.261817677022533,0.03,0.9119722125095739,-24.021188473044255,13.07850532305035,0.035,0.8933882386245162,-27.26873478589421,17.345505863802874,0.07
0.9314666415102676,-20.17213607761274,13.128110555070279,0.02,0.9913858860493133,-24.10453614294034,8.747265284681959,0.0275,0.8829270495312874,-24.996519625926773,13.030500727374125,0.02,0.8586090169210048,-33.06687787256412,16.83381304448038,0.05
0.8270711842538319,-16.118511581667534,12.802981661087198,0.03,0.9564098697464342,-20.546395070417923,8.774726877781216,0.0375,0.868572599133893,-21.29515569912215,12.446019472780232,0.03,0.5175561022372701,-28.075868161085992,17.11312762979295,0.07
0.8501809765844002,-15.47966346379926,12.748605361710574,0.04,0.93209056428147,-18.134029400131908,8.989122229869412,0.0275,0.8235923768682449,-25.054628789426975,13.17940940499481,0.0325,0.7025651325161166,-28.447681656041446,17.92070906991666,0.075
0.960884580482841,-27.11890024969656,14.229491167122363,0.01,0.9981612942201636,-34.52716583753133,9.797921744279947,0.02,0.9537311188195948,-30.41983300327439,14.244323662144398,0.01,0.8974832122959875,-38.45013675673232,16.860651422333653,0.025
0.9852301972834245,-13.934586760276233,12.32877458326217,0.0425,0.9993434582901126,-17.791284357756336,8.573609009862855,0.045,0.9823696059124021,-22.932586505360376,14.314816445421211,0.045,0.9634174204477789,-23.679119682000106,16.763058768799734,0.09
0.898913107336679,-17.96270003322848,13.566545011294526,0.0225,0.996251873085644,-24.20182307831883,9.756553869723591,0.035,0.8447039487065985,-24.592520082297867,14.75960924158349,0.03,0.6552563431010056,-29.385201122295925,17.42244925632901,0.0675
0.8254573516671684,-17.908360796668408,14.165120569098068,0.0275,0.9849519729864472,-23.03676544203697,9.688181136523376,0.04,0.8302580144576193,-23.05651782196691,14.134969132203882,0.035,0.6364033232127901,-27.996882511679782,18.074700691629925,0.0725
0.900897826736896,-21.767737592892068,12.627608912610166,0.0225,0.9867960798762722,-25.286046811535225,9.65761511539726,0.02,0.772032250669723,-27.84828666531514,12.911361858429686,0.015,0.7565558225469905,-36.7435757180125,17.203386287784717,0.04
0.7530374617201356,-16.31831433248322,13.521834600861968,0.03,0.9476815859515293,-19.90728138315619,8.796066692052044,0.0325,0.6046853844320934,-23.296595258552173,12.88694166690477,0.035,0.4775346740082619,-27.395681570444683,17.122895532148725,0.0725
0.8189535378351002,-18.087284030896903,13.741804939192392,0.0325,0.9498083595813362,-21.225530571969134,10.305047398281388,0.0275,0.7169885114109679,-25.290897261736674,13.851424355625902,0.025,0.421662428665174,-30.60317557441672,16.265036129715277,0.06
0.8757102188868291,-20.064653518224688,12.211467193579558,0.0225,0.9762667459533367,-23.648353107196172,8.816561875962215,0.0275,0.7684219921779181,-26.43843440852496,13.640332493984573,0.015,0.5086422774029599,-39.27336345719534,17.671953691923548,0.0475
0.877242554976871,-24.085708781046293,13.908424134771657,0.015,0.9925740778920733,-29.39068276234019,10.622504530912197,0.02,0.7784812140617867,-29.504212918255895,13.837128708128185,0.015,0.7332397763943762,-36.690801226802094,16.845774883497132,0.035
0.6436695836295583,-23.42679041984754,13.798213935133102,0.0125,0.9091843091663244,-27.89721037642934,8.494049659049889,0.02,0.4385756657873408,-28.256256235640542,13.872680813345095,0.015,0.4819950642010147,-36.34837332820423,18.476833745750543,0.035
0.7648958802090493,-18.29813045123631,12.45661193323711,0.025,0.9425497838299728,-21.94016594613454,8.75304630782278,0.0275,0.599901074529178,-25.043635215123867,13.903155717615572,0.02,0.4298048026039205,-35.15168110183613,17.74657011505897,0.0525
0.8321432979732442,-20.8451005150956,14.04590155203901,0.0175,0.9272786860450988,-25.57928613932641,8.998785102332558,0.03,0.8134257644423616,-24.99153711479365,13.888794599796078,0.0175,0.7111292776650232,-32.8304115635743,15.930497768651733,0.05
0.8244138075541506,-21.020791225620524,13.888944067513796,0.0175,0.9273886747811408,-26.209033013688845,9.19631747931748,0.03,0.809602749708344,-25.288632677048287,13.790857579369714,0.0175,0.6864648310888031,-32.946502320662965,15.970992490694131,0.0475
0.9875657271671456,-20.106144711142896,13.514522687297433,0.0175,0.9998988435118246,-24.726445744411254,7.930317578411298,0.035,0.9900860581641177,-25.904070636804875,15.242173553508175,0.015,0.904101502120094,-35.31578827190103,17.76251885322133,0.0525
0.8582527947831152,-22.951202232288367,12.996167975830188,0.02,0.998638632422254,-27.343951719846817,9.896779982485656,0.02,0.7171388812130972,-28.095314180023827,13.160788260173865,0.015,0.5820147141465029,-34.814433818282616,15.134619093983641,0.0375
0.5870316878367523,-26.228715906447817,14.106383130150585,0.0075,0.9374088481220236,-36.11356037551047,10.605248316609313,0.02,0.4633811243596527,-29.29223189859195,13.12924209519107,0.015,0.5426823498349502,-35.943786122519775,15.648960815704784,0.0275
0.7460597408946572,-23.943854653604618,14.43104932035646,0.0125,0.9934266401576796,-30.260447353712973,10.155160362402745,0.0225,0.5965168988290025,-28.10730013948174,13.475313449813932,0.0175,0.6483285935737492,-32.84583223853214,16.181144718189422,0.035
0.8209475872349461,-23.214160321316847,13.935211209848509,0.015,0.9937010901530243,-28.203948274471713,10.386243390769557,0.02,0.7149183379006037,-28.67945387731691,13.624556445582146,0.015,0.3697049888411661,-33.298209117110375,15.716289989412552,0.0375
0.6157036267979279,-24.73738000319708,12.943206860042636,0.0125,0.9261210110312652,-31.384262287496817,8.724345909269491,0.02,0.3592434301626437,-28.792256955468225,13.205050452100195,0.01,0.3877579079083073,-39.17793917399314,17.024577896646587,0.0275
0.7626564915037918,-24.01845291895119,14.353487789522482,0.0125,0.9943661389721234,-32.378142338582265,9.812404237902868,0.0225,0.7196543105798656,-26.472339420911144,12.835548298545516,0.0175,0.640057857331521,-34.523742105767425,16.426228258065468,0.035
0.7396465524674718,-19.688807165347427,13.222998039712078,0.02,0.9684391858382192,-25.046270324684095,8.54776893313591,0.0275,0.6446237983129091,-25.809949045209013,13.89184959038954,0.025,0.3579699200675972,-31.708961804132947,16.885478220672912,0.05
0.6684348598244088,-18.21031507432924,13.07561042384916,0.025,0.744367643137451,-23.964848834065428,10.223538907973412,0.035,0.6292172195522824,-22.3336419867876,12.467758307855542,0.0275,0.6220491081324938,-30.452519839026483,16.277989184896782,0.0625
0.7898345637571846,-18.505902769254764,13.298474042403235,0.03,0.9055804851999032,-22.7636787834044,10.259584925786754,0.0325,0.6789557466510686,-25.14190110227936,14.421045709825885,0.025,0.6661368610605468,-30.49403729031198,16.81883175481161,0.0625
0.9247241026755136,-15.801344293548787,12.805491047228736,0.035,0.99442823227301,-21.10971190382701,10.648555069867708,0.0475,0.8888671876036698,-19.991913067162063,13.194820675936262,0.0275,0.7632100453452724,-28.80421711715027,16.748841570649663,0.08
0.8511671968514998,-17.215933000856282,12.42844534447266,0.025,0.9238648936757432,-24.48886009089574,9.174775447844715,0.0325,0.7200894227925009,-24.045347086050562,13.435197334034644,0.03,0.6652531400743347,-28.137128232834243,16.065247662436917,0.06
0.8256311272608458,-16.52743684403339,12.522800326067667,0.0225,0.921552849680494,-22.819907071219664,9.068700805469671,0.035,0.6266567183519278,-22.5504798812452,13.508389228565532,0.03,0.7496286133945185,-28.551537639057543,16.864157749059558,0.0675
0.6638515978739301,-16.893517344114354,12.385708083532224,0.0275,0.8834013008116035,-22.72855580829607,8.965003961519177,0.03,0.41860232603221315,-24.805261228134604,13.462331372126798,0.025,0.4003371597093953,-28.939728502182447,16.01415930328616,0.065
0.8517919657906956,-15.234578965916722,11.04352242293151,0.0225,0.9631735704998252,-22.838089051931668,8.864780575668846,0.035,0.6784387890960961,-22.742718581000453,12.680975040692493,0.025,0.6059497573766581,-29.428449532773588,16.928547804768687,0.065
0.8325862935182526,-15.960479534514567,12.050919950501598,0.02,0.9606383067739265,-23.966581685621662,8.477056618914556,0.0375,0.6676969638511862,-21.70594374952333,12.621657086753615,0.025,0.6194554226207027,-29.453703533093183,16.71419997323484,0.07
0.885341275687869,-15.064276097937473,11.59772329986382,0.0275,0.961220846953122,-21.39296841099104,8.61904042204333,0.04,0.7971897753115671,-21.676258906223214,13.197230419302388,0.0275,0.8027727780285999,-28.73402230517049,16.307039111364865,0.0725
0.570088584787641,-14.382734428418054,12.34596183548136,0.03,0.8549135308830307,-19.8716914191438,8.776264548029864,0.045,0.2918717359778974,-20.417820031445828,12.854569151814832,0.0375,0.5315200975176788,-25.371729353155413,16.492521576542003,0.08
0.690485896498346,-13.747406983916726,12.579051730813728,0.0425,0.9271420153831527,-17.945316667191058,9.1396947430604,0.045,0.2285866486548627,-21.12268015464288,13.825574655456471,0.04,0.31998268856543144,-24.987031195781363,16.587986071067498,0.0875
0.9357515446090328,-16.403744639243,12.850618990024433,0.0175,0.9869533060574832,-25.409426365352157,8.244783786367682,0.05,0.8932197461792891,-20.48910283307555,13.664379931740545,0.02,0.8176822618046617,-32.82415031877768,17.77009972476065,0.0725
0.8910783649758696,-15.165634854908909,12.68598143407208,0.04,0.9780676543963832,-18.502835077228937,8.775105128406414,0.0375,0.7661650727995811,-22.183516155245965,13.427179356165343,0.035,0.7371845010401983,-26.57299685653992,16.365327424985736,0.0825
0.5263530924493974,-20.34213244095106,14.007989176672464,0.0125,0.9312755436047326,-29.596258521077026,10.042221131950095,0.0275,0.45961275466408313,-24.87826376865729,13.425852221799433,0.03,0.24752691711873315,-27.20036304252126,16.11367069782178,0.05
0.3282565078592621,-16.894103433863798,12.846712035928274,0.0275,0.0407236697620629,-20.026315924037625,9.029060412652656,0.0325,0.3853617452615016,-23.59600082844779,13.649393925299004,0.035,0.579936761213768,-27.31794589116475,16.334730117268016,0.0675
0.8293867960372168,-19.461794229956674,13.600346898653974,0.0225,0.9922623835332424,-23.535032318509018,9.036990375424594,0.03,0.7753326265880622,-25.076988777615263,13.533017510708557,0.025,0.5749938264777088,-29.942853046662172,17.121590280362184,0.055
0.6683138309927747,-22.93620604530965,15.270163725390525,0.0125,0.9298347997695702,-29.18963167863398,7.906078782152878,0.0275,0.5872365431841222,-26.148451786594357,14.024230970518513,0.0225,0.5213487095516172,-31.251599255511515,17.681491567490646,0.0425
0.8802201799878611,-18.95684873066837,12.539146886373976,0.0225,0.9629503814797212,-22.14234590165205,8.766365880001029,0.0275,0.7683464496767386,-25.76887469361916,13.27633450151316,0.02,0.7301097122009829,-32.677357181460266,16.75811234458144,0.0525
0.9175816751229382,-21.000508729491045,14.12909063298075,0.0175,0.9930712384171824,-23.843916723463902,8.158296006196956,0.025,0.8561436304934193,-27.83018540276145,14.560315359284235,0.025,0.8022429317463124,-32.304618320315406,18.243587905801853,0.0475
0.7496072069368882,-18.993058313458754,13.311132315817005,0.02,0.9890480354599536,-24.191598991125247,8.712076499343024,0.0275,0.44244953383153407,-26.499545513363177,14.711342324209522,0.025,0.181772395208618,-29.486219288763966,16.648290994227175,0.055
0.8649468126938887,-22.37503590359252,14.601825764106945,0.0175,0.9765959140541459,-26.4548993895607,10.066975094043308,0.02,0.7866102138965914,-29.900271378166234,14.595221074294564,0.025,0.7393715670069234,-29.927974666743083,16.24193752533737,0.045
0.9018610741425788,-20.11688460696324,12.32865037584222,0.0275,0.9997058104338546,-21.87479597640068,8.311155801526438,0.0175,0.5176478406313425,-29.31992791332242,13.765463053514434,0.015,0.4543760674162588,-34.94384381828693,17.392462783226836,0.0475
0.8024784115878928,-17.127797254375594,13.629700311416611,0.025,0.9932884546201568,-24.130655518873247,10.342319271556736,0.04,0.7196244666406814,-22.168112537413258,13.609558001170887,0.03,0.5481646986863576,-27.150871757898983,16.087840950880913,0.07
0.7394435004873625,-20.93440519400717,13.583553636181001,0.02,0.989692808323282,-25.975151585190773,9.982980619369162,0.025,0.6261507192467238,-26.69178493530675,13.58360486461789,0.02,0.46269060593349015,-33.167299115368635,16.63171995739594,0.0475
0.8648203949876794,-20.375740563160672,13.829399169396227,0.025,0.9900308164383526,-24.15904689859449,9.847914324666682,0.0225,0.6280875648570488,-28.037052303684817,14.702568228532224,0.0225,0.5450318416372331,-31.27837753447031,17.389187794465286,0.05
0.9364341325575404,-19.3289334586786,13.351119181056728,0.015,0.9887203253770892,-26.733418674043328,8.877814162676083,0.0375,0.9304818692458906,-22.668300206156488,13.657056754071109,0.02,0.8569950850855034,-31.47123534703493,16.753267328596706,0.055
0.8428228946797505,-22.850758639792225,13.679211462821709,0.0175,0.877521351819942,-30.66565966078178,10.375575626135513,0.0225,0.7848827287374591,-27.20868317798121,13.844832952756176,0.0125,0.8413630172820104,-37.33795908660912,17.894705060106798,0.0375
0.8805280323092822,-20.04198272307521,13.648596648688798,0.0175,0.923720474721879,-26.50426523036402,9.843117726770249,0.035,0.8782474540266898,-23.83922081360789,13.56316398037803,0.02,0.8013545349479472,-31.54693343053185,15.825739104614437,0.0525
0.5381006113581522,-16.115121304638517,13.277431762119871,0.03,0.6642554044557293,-20.556346376938716,8.856548319136387,0.045,0.5068868387589451,-20.6538545681029,13.191823811284564,0.0325,0.4649395973133131,-26.03464171316068,15.451809285949777,0.075
0.619657350460126,-16.126144919714875,12.40037263342243,0.0375,0.8415376548404263,-18.10661632288427,7.8831213791906425,0.03,0.4953533794902494,-24.185211487853323,13.591383642076032,0.0275,0.31441890938421985,-29.223011777760085,16.575662147894864,0.0725
0.7972759858354636,-16.84489306361345,13.275333101448227,0.025,0.9702461933358696,-21.224020923615026,8.192619083378835,0.0375,0.7774735458508526,-22.652193530629027,13.487153046779255,0.0325,0.5388423226467579,-27.45349598495184,16.4282516826271,0.07
0.895524071062142,-25.29608823392852,14.084969611908376,0.0125,0.9761694853435632,-30.3621143850247,9.458219821255756,0.015,0.8723922799194218,-33.22065630738972,14.445688284818576,0.0175,0.848911703283823,-33.74125331354178,17.553478216638283,0.0325
0.9211013286460684,-25.083741323344487,13.856056846543147,0.0125,0.9742841310337296,-29.826466431430365,9.677759151190156,0.015,0.8881073525336164,-31.93873623318504,14.381969297453914,0.015,0.8613824647150204,-35.68368482265995,17.73676240096506,0.0325
0.8485804378698951,-18.910991524190802,13.82302331091114,0.02,0.9834991184338842,-24.87686318130982,8.898014997158494,0.0425,0.7977685982383991,-21.83381422729991,13.730187223125565,0.025,0.7753546797250013,-29.811534536381224,16.774452431549875,0.06
0.7821706265265087,-18.46324238015174,12.624837757186375,0.0225,0.9010907074086646,-23.770270160765435,8.6515122129911,0.0325,0.6461893405841782,-23.459793934268724,13.357872960674998,0.02,0.647746928636851,-31.14486776468244,15.79240274030301,0.055
0.7708365329447265,-12.530252808412747,10.810359119804762,0.03,0.8221597310386956,-21.33637712916244,9.84205603923267,0.0775,0.7210027879387032,-15.40975441262891,12.328599891231862,0.0325,0.6401221389622068,-27.55112027928421,16.659027588057192,0.0925
0.8496327385315603,-14.727595715271963,10.990588956189049,0.0275,0.981036674247445,-21.81491510014923,8.829710184702027,0.0475,0.7642847190619362,-19.37832857516036,12.382455952640017,0.0275,0.6086367067760496,-27.971042158597893,15.983383868475803,0.0675
0.8930879556825161,-16.181471582400555,12.938374644980648,0.025,0.9864235950424473,-20.25620289042422,8.323884126773166,0.0425,0.8398157536085591,-20.87003120072101,12.895323533800733,0.025,0.6650354122664726,-28.859530449388483,15.899833999665898,0.07
0.9150885315616676,-17.603345939230117,13.418487122146697,0.03,0.9816696897982518,-22.255421674973356,10.332890350025735,0.04,0.8767187927622648,-21.882425519008642,13.216898456394816,0.025,0.7520744870559277,-30.754229068324637,17.259360678733835,0.065
0.7928689194564116,-11.37602402106083,10.661764666531417,0.0475,0.9434060905001412,-15.454054336041178,8.158457789155312,0.06,0.6843188601086501,-18.55495232589395,13.367212472295952,0.0425,0.5568796854613557,-25.40558051951178,17.236057457685472,0.1
0.8344271289495144,-16.957138243515082,11.954214754570888,0.0325,0.9290269532368104,-19.621171860913094,8.548037631463135,0.0325,0.7186256998169459,-23.851798540102795,13.493224816277849,0.02,0.4741544522636313,-32.128627716272035,16.300921445620173,0.06
0.8885554983061144,-12.118412992728448,11.272704340200317,0.05,0.9646041466036224,-15.134219294516729,8.865176682382973,0.065,0.8047058860746528,-17.42649405004576,13.365689211308053,0.0425,0.7550909760874212,-25.77913069693053,17.05735658769638,0.1
0.7224924627579328,-17.723865727433832,13.339043445669766,0.0275,0.9825705169459723,-22.58089455074714,9.11906529823313,0.0375,0.5091350690005935,-22.854175141848582,13.542382360765785,0.025,0.4442239487483149,-30.51414793380844,16.848420082837823,0.0625
0.9683697266692752,-22.005095969855763,12.828526456379656,0.0175,0.9990573138923527,-23.872708263809564,8.322590803809346,0.02,0.9491500582654068,-28.838212033320488,13.262916383476988,0.015,0.8641721083943019,-35.600200961579745,17.311320145588155,0.035
0.7890372361056567,-18.26779887263511,13.395877499523472,0.0225,0.989952287376824,-22.88733446969081,9.164384703402506,0.0375,0.6931622879299242,-22.94869327370689,13.660504682836518,0.0225,0.2140978310503095,-29.810395332408973,16.014616274693587,0.06
0.83178847719422,-17.607814152286014,13.052429153269927,0.0175,0.9835832889228477,-26.61826188139773,10.08705458923208,0.0425,0.7623823963860061,-21.489583187950828,13.69761960991169,0.0325,0.6810701168762766,-28.213400605693348,17.760443894856067,0.065
0.870228684238227,-17.453897245029992,12.59993865696911,0.02,0.918338677334814,-25.73500504481809,10.47757210608837,0.045,0.8811877548087721,-20.713425886525258,13.622330564401938,0.0225,0.8404934583615987,-30.95134469141697,17.64037828831389,0.0625
0.7706839284303932,-17.525247729254616,12.727220249734167,0.0275,0.9967172358309578,-23.16763237877986,8.86761314724728,0.045,0.5869670919345296,-20.92354854909395,12.457226063645148,0.0225,0.807082124370687,-30.479334497584624,15.644297422076011,0.0675
0.7326789909137771,-17.96655304167734,12.701967336689112,0.0225,0.501622607000195,-25.41224085347801,9.46559185127224,0.045,0.7439826874124331,-20.7089626837127,12.629366108652992,0.015,0.8415446366253259,-34.29258870488183,15.624798661532004,0.0575
0.7504244422585715,-19.830589517767443,14.318937143428863,0.02,0.753971367557932,-26.549718815169506,9.005220696748736,0.035,0.6825405975477381,-23.99955728783715,14.316558094327158,0.0225,0.7132965479909105,-30.404742848858195,16.44992230002511,0.0525
0.842718403608379,-19.47408003320377,13.186469692234862,0.0225,0.9627943063900228,-25.24141077698109,9.144601907763146,0.0375,0.763196078430502,-23.08313065215392,12.798070528948038,0.02,0.8088969951406498,-31.20463612186155,16.113142788906384,0.0575
0.8141394100629327,-17.62314867428554,13.855244584626101,0.02,0.9393457748829622,-24.0553099918398,8.80373776636512,0.0475,0.7624312084414875,-19.868433475284597,13.2289241822468,0.025,0.7219515652922147,-28.821432726774056,15.605928343838196,0.0675
0.6346427245607884,-17.241866186411443,12.84815767016346,0.0275,0.7985537741068083,-20.76737382698405,8.783157068950583,0.035,0.4784076381641599,-22.849173132099565,13.04364352740567,0.025,0.36771116317958363,-30.491444616439516,16.44501033555259,0.06
0.8864912162467644,-17.097363771436306,12.967426249195,0.02,0.987523513782268,-22.586900539146235,8.64089038677642,0.045,0.8189866934099487,-20.543623304237425,12.993424908245704,0.0225,0.801178062925371,-29.49192235049353,15.7654913159509,0.065
0.883478637734574,-17.390134185691462,12.92187481876316,0.025,0.9832655003583098,-21.260593566474263,7.616851057819694,0.045,0.8423558149463903,-20.9863078681364,13.23361860482683,0.02,0.6195840325801097,-31.155806018285634,16.212674850855112,0.065
0.6111706633132631,-18.32504711572208,13.622574374327495,0.02,0.6560583691758975,-24.79508918767103,9.602535818894046,0.0425,0.570767324074794,-20.937258855489556,13.311650668827877,0.0225,0.7068738892221675,-30.382521433432967,16.005345979905286,0.06
0.8909531225163179,-20.747243437339563,13.128421253505271,0.02,0.986358455922238,-25.468142187250603,9.78019283429478,0.03,0.8013360363322202,-24.564891889965978,12.799087406171733,0.015,0.8280990727490065,-36.545379900935615,17.130665434429552,0.045
0.963289938885074,-28.915371241133982,14.01851432153196,0.01,0.997215032256924,-32.89357083934846,10.182000472208294,0.0125,0.919935039604978,-34.57183627642231,14.684260869085428,0.0075,0.9522644396939148,-43.37123436239431,17.63044443316523,0.02
0.91633087945722,-22.88007203168093,13.383872541484097,0.0175,0.9821750670834932,-25.932714687646644,9.24510273687002,0.0175,0.8597336404250373,-29.32981792830533,13.436441280811684,0.015,0.7714648972195846,-33.975816019921616,16.685133992215206,0.035
0.8679697406340315,-22.82005648990324,13.130592910863548,0.015,0.9819745329440142,-26.4904298678701,8.516361792971091,0.0225,0.7477254229979864,-28.198421811560273,13.199779333691433,0.015,0.6613726666306838,-32.70706423889714,15.477974258600184,0.035
0.8779991833833333,-23.108496915406405,14.126395573453998,0.0125,0.9896393082767212,-28.42903161254126,9.14898158712944,0.0225,0.8271172637801787,-27.98360359924292,13.93995575627001,0.02,0.7824214183200345,-30.55202718288728,15.812682653409611,0.0375
0.9330317632533685,-21.945381925049112,12.382589552931671,0.015,0.9967826042103716,-22.75607177334848,6.732155771225639,0.0175,0.8184187780225706,-29.70608265992169,13.576274898050274,0.015,0.8365336508090108,-33.84725638164359,15.94183776643597,0.035
0.8971374845430365,-22.67424469486033,13.386989119091272,0.015,0.9957135333760468,-26.919635894861308,9.179780012598815,0.02,0.832097676846508,-27.925874125710422,13.656042272269922,0.02,0.7773945271847436,-32.11149994120014,15.794771364718306,0.0375
0.6902864286893415,-19.002670237851483,13.049609936134274,0.03,0.8274079982791422,-23.107522266479833,9.571131159591456,0.035,0.4712490553021401,-23.179987846042877,13.350916889588483,0.0225,0.5998325281458887,-31.528929855567625,15.90155609716994,0.0625
0.6743939721459387,-22.19012841992066,13.859430281348448,0.0175,0.850074716342253,-26.455045853352477,9.877340313591802,0.02,0.5375538653901633,-28.39081971787371,13.909996293285174,0.0175,0.4272581540634909,-33.792268827712924,17.03967842566526,0.04
0.9446757601413818,-16.327125521791412,9.986359996548453,0.0375,0.9982433453604732,-18.33639455020269,8.418032239195705,0.025,0.7484566927564299,-26.61629475748722,13.384289293210696,0.015,0.6944088781045482,-36.251426959701554,16.949669295641062,0.0525
0.6189070625843334,-16.874436934403196,13.810402785325124,0.0275,0.9025002347394572,-21.28348840723727,9.771446042604524,0.045,0.4636835624403861,-20.92916512666788,13.718484450684103,0.03,0.282979279817185,-27.809951627753943,16.243581287521124,0.075
0.8607777643395194,-22.58565690012963,12.220124943753522,0.0125,0.9709481150581559,-25.94089106732125,6.995709267018015,0.02,0.8029993230913497,-26.741608903740172,12.802044649527506,0.01,0.6497323718088492,-39.854495594267135,16.274003611359642,0.03
0.5680186243618344,-19.62307445746896,13.025206549023203,0.0225,0.7577726956358558,-22.209925443457962,9.291514436512378,0.0325,0.38435900750540697,-23.396296859554496,12.382010558498177,0.01,0.15474874839384445,-37.693224005491466,16.021226126568514,0.0475
0.8794431538986357,-21.640298287403624,14.65700888615558,0.02,0.9927188226412446,-27.63405969116812,10.71440565135177,0.0325,0.9302416184774288,-25.0024528217722,13.651949029712402,0.0225,0.3679196918014524,-32.48392157579977,17.616526926195924,0.05
0.6288335184344999,-18.649800541292905,12.679033303974371,0.0225,0.8979520688744166,-22.105116298409925,9.304294214699375,0.03,0.3909823424722438,-23.036189328769098,12.551296688367971,0.0175,0.3319208892205915,-32.870934480174526,16.68587676097013,0.05
0.8159899082960826,-22.93894101140866,14.254793315697984,0.01,0.9879366048546385,-30.991669745071746,9.825865141409759,0.0275,0.7737969506311283,-25.11853825908044,13.724185026278494,0.0175,0.5909693927373576,-33.348412272570854,16.037060484644336,0.04
0.8995924137274659,-23.66400495106532,12.687354594407658,0.015,0.9970397639435924,-25.94391686914729,8.41431578429872,0.015,0.8493172474157588,-30.528031962965887,13.30481271093065,0.01,0.4238666736325093,-39.23010243383888,16.223204602307455,0.03
0.4612851048451234,-20.562158787305897,13.968355464844953,0.0175,0.7784004983246171,-29.482804497671598,10.293337491281498,0.03,0.36347069666678966,-25.301511007422135,13.856441376573676,0.0275,0.19307640796752434,-30.430961564923468,17.309016507906748,0.055
0.6244878124827461,-18.501782286825534,12.743653438636814,0.02,0.9955263248806449,-22.673593218599603,8.75715948590393,0.0375,0.3531114916416796,-21.538040842750597,12.754573802293152,0.015,0.2850154423936658,-34.37618567965093,14.943612074465223,0.0525
0.970690643971491,-17.996709687852793,13.308293395816415,0.0225,0.9947786680038435,-25.045141220304846,9.964667710417544,0.0475,0.9683345533711385,-21.751731586279412,14.410493128284703,0.0275,0.8950912276592298,-32.572206649646404,19.27976940228332,0.07
0.8612292064947078,-18.35509525762938,13.351144749274903,0.0175,0.9762782487987194,-23.559391306888546,8.133108160326564,0.035,0.7176109346912672,-23.32758423922259,13.701888416553466,0.0275,0.837804681093512,-30.347498196613884,17.359999593328634,0.065
0.9089863685758011,-17.957460372753015,13.450397107299839,0.0175,0.9858052479248252,-24.59738337575648,9.121902897512216,0.04,0.7971354988184034,-22.487515503918093,13.727996227326676,0.0275,0.9814333951175747,-29.324061787004787,16.97387675740142,0.0625
0.838711514323373,-20.134365414625883,14.47988567804411,0.0175,0.9903212207055219,-24.646993357116926,10.272904688810513,0.0275,0.8470677757829839,-25.998517445143627,14.182975257773014,0.025,0.4967233609076548,-30.992629516581935,17.785404515103224,0.0525
0.695956553092911,-20.638773677057266,13.47622874788129,0.0125,0.9745866774039154,-33.92993413419687,11.147064916138302,0.035,0.6168692067807677,-22.61429037851788,12.72352427404752,0.02,0.5489080102790276,-31.770155355189573,15.638700060805306,0.05
0.8682057980522213,-18.288187296575742,13.361740702404884,0.0225,0.9852270413590716,-23.80529228408775,9.143968840719022,0.0325,0.8156061447115757,-23.907779634582383,13.799854131892335,0.025,0.6547045397976309,-29.35189738583292,16.1706990440929,0.0575
0.8453696864051462,-15.999099923986037,11.663955889138759,0.0375,0.9841606520619607,-19.199388111845813,9.898361196518085,0.04,0.637506029764004,-22.48380266215135,13.874193574701028,0.0225,0.5264389645807996,-31.388451519273143,17.268649532372947,0.065
0.0955684277917972,-18.644126864864564,12.81927630090267,0.0225,0.1787839750543122,-22.453268620918987,8.527211764581267,0.0325,-0.0184037139698451,-22.868826272054346,12.836009547567336,0.02,0.0730439618208837,-29.695035547540527,14.748659875582124,0.05
0.8367868589331097,-27.073313899318855,14.859752004664466,0.005,0.963378702725986,-35.739269706418796,9.365227364285701,0.015,0.8870047717435547,-32.83285988057444,14.537232453885197,0.015,0.6159650619278009,-34.54850348353844,17.474042320244955,0.03
0.935403012248968,-23.362398392855347,14.584710842825356,0.0125,0.9857546898706392,-31.35705951389801,10.542094309956203,0.02,0.8988557191341241,-29.35880499241791,14.170028122311482,0.02,0.8779249537162404,-32.34932856025415,16.845960670555115,0.0425
0.4915962312234262,-17.285603770013527,12.952803490461928,0.015,0.7318278386205163,-26.391609133455653,8.337326909284986,0.045,0.24794440083534536,-20.513934676790036,13.22446001382376,0.025,0.3523800033856421,-29.089542095819034,15.731386235844834,0.065
0.4629702701852271,-16.965545249616987,13.11259417959977,0.015,0.7016742804613244,-26.59176992064353,8.235559952282696,0.0475,0.2081562346257658,-19.936310305615315,13.087248937460917,0.025,0.3619399570551084,-28.643456019871596,15.739548781475856,0.07
0.5515577924139922,-16.256941872385816,12.861083909127414,0.0175,0.7747204983706898,-24.481910153596544,8.364726518433955,0.0475,0.295392354644097,-20.405498092354645,13.092504853892802,0.0275,0.352176439363855,-28.05404416394382,15.998644977741415,0.07
0.842641329330696,-17.835744552070267,11.953516827811171,0.025,0.9737036081243636,-20.335000351793564,8.343485084105865,0.0275,0.5224987119150832,-26.100264134286235,14.102560361627615,0.0225,0.5830730107396079,-30.41096468922953,16.43788717393835,0.0575
0.8028617572982126,-19.384317366825098,12.302566697795495,0.02,0.9757909027966025,-23.87195685189406,8.886558026479877,0.025,0.41390399700470365,-26.774680807793636,13.836772118415638,0.02,0.5469628395626707,-31.661340684638777,15.351353639497022,0.055
0.8367337778634634,-17.854359395899976,11.789482433774037,0.025,0.9730720423019256,-20.0347237040117,8.08413182008355,0.0275,0.524269337973028,-25.767664831998637,13.818566030206547,0.0225,0.4972250993123633,-30.90556366118609,16.696958254616966,0.0575
0.5092654438274132,-22.995495890076004,14.400619020838564,0.01,0.9616350912511534,-30.918560330877987,8.153273461532727,0.02,0.252908498203652,-28.4426570735894,13.680451803870472,0.0225,0.2633410301130795,-30.478405718856955,16.558753179125432,0.0375
0.5908715441665476,-22.07323860831698,13.541423250232771,0.0125,0.9958986643379766,-27.88225205799025,9.022463612925405,0.0275,0.3041345843334436,-25.26286407197796,13.75221110933354,0.015,0.3151226599230139,-34.95824856405787,16.02166461370163,0.0375
0.9389469875798306,-17.97843825944984,12.65068476861336,0.03,0.9926661165120655,-20.248963769596855,8.613082214462315,0.0225,0.8916055737238866,-28.816390723246606,14.754164440779178,0.0275,0.6311020253907733,-29.948308436444968,17.398670559717935,0.0575
0.8596143791190365,-23.205876495639963,13.893951089479504,0.01,0.976408027673874,-31.79416294250152,10.20580950448552,0.0275,0.8412138494010833,-26.141204924383192,14.223248587214323,0.015,0.6707925346510781,-35.004227381128075,16.640092042312947,0.035
0.9368198850445095,-19.17812486425582,13.026788955636128,0.025,0.9983415505542286,-22.4196846687843,8.967351525223457,0.0225,0.7888043300070191,-29.479481976424143,14.725268175952923,0.025,0.8351576190288558,-31.298318203062056,17.50340676279742,0.0475
0.943069080469505,-15.446627357615622,10.709049043731095,0.0425,0.9997213069239272,-16.487137180093356,6.917800228857781,0.03,0.8331322814403235,-23.881860302646377,13.189874020826597,0.0325,0.8059552506584398,-28.57755755061189,17.3230474280721,0.0675
0.7034863587434221,-22.35122056745646,13.931396131606723,0.015,0.9102881233979432,-26.90403868004909,9.557563904656512,0.0225,0.5064374649525365,-27.628107882039117,13.775955793465567,0.0175,0.4017596286063943,-33.9155542636518,17.310900200959935,0.04
0.9542959971888951,-16.154189613718934,10.89248037145806,0.0325,0.9832652782414018,-18.820675448298623,7.077144802696049,0.035,0.9258308405086437,-22.003158851088028,12.744478636879489,0.0275,0.9373725661005137,-28.385643941377484,15.144324392522403,0.06
0.7832226110500082,-20.078486321399968,12.520247457929248,0.025,0.9185685669706236,-23.947732690653694,7.798160298948748,0.0275,0.6731320417132922,-24.60287221024921,12.707721803590136,0.02,0.7965210721839969,-32.44903826989807,16.03522801784539,0.045
0.9453744147921852,-18.01135805892034,12.833911365269898,0.03,0.9787675821521502,-19.62305173808228,6.915618434840978,0.035,0.914246631609586,-22.096239591536563,12.785842824451096,0.0225,0.9292519270629503,-29.5273009064804,14.295251645690112,0.065
0.9617894415080191,-19.469929210029637,13.46756954838771,0.0225,0.9943809335597849,-25.38533209620055,9.565341153834982,0.0325,0.9628100769033844,-23.824558312063573,13.634422255752256,0.03,0.902954120338402,-29.2435122170202,17.06674930620481,0.0575
0.949776573664576,-19.90491050974404,13.59171218946343,0.015,0.9887621439325482,-31.36875674248268,9.726262702935244,0.0375,0.9799274084190422,-23.15737834769298,14.091396103950924,0.03,0.8289874492665048,-28.89333404307468,16.460529358557274,0.06
0.9057014231087748,-15.021753244812343,11.888135292462632,0.04,0.9839545959104375,-19.462717250467836,8.056940140050678,0.0375,0.8868182667327954,-22.43780285617053,13.750809070203491,0.04,0.6882490158447792,-23.609720686413187,15.362996440797344,0.0775
0.8592665705860401,-17.49443554431845,10.804471609377224,0.0425,0.9606535159498881,-23.518973263580826,8.492250968254243,0.03,0.7741185592759048,-25.192858404719605,14.004165025617304,0.02,0.23090235801612255,-32.704389505273554,15.677853628880776,0.0575
0.9149441902411051,-18.71992177991584,12.0090536604929,0.0275,0.9948108480124582,-19.756203060116768,7.230657684815435,0.0275,0.7563955014319809,-26.356005734479112,14.28436158634806,0.02,0.577203919585744,-32.635885336211054,16.643437809743652,0.05
0.8057640158386372,-20.425906818825503,14.287592674910892,0.02,0.851396365457945,-24.419120508012675,8.71663360111041,0.0275,0.717399603535651,-25.97641866790343,13.783774534316557,0.03,0.8206133490887615,-29.195252974064868,17.23905360079805,0.0525
0.9270189949025018,-18.45247861712782,12.043757095211326,0.03,0.9880803606100724,-20.798280200306817,7.9974813892654115,0.02,0.9098433979994096,-27.357770693621184,13.788303262761907,0.025,0.6056377559033752,-30.786579168155047,17.433869609957437,0.05
0.7881161687273568,-20.537984369185477,14.13934132295733,0.02,0.9233203969551578,-25.54592449478321,8.306995115181238,0.0275,0.6516039614315763,-25.89559534631048,13.902482063123095,0.0275,0.4569322023733168,-28.41385204664652,15.710508119377064,0.055
0.8349230550894478,-20.126143868446437,12.988328227551447,0.02,0.9542573391896766,-23.82540706260496,7.69788749128756,0.0225,0.6710887628372669,-28.44924378651735,14.680565859343544,0.0225,0.6532838212179859,-30.547117032624257,16.436973525846277,0.05
0.9831749695352985,-18.04591000848763,12.420977328617521,0.0275,0.9972943242725933,-21.882060486769753,8.750535943796555,0.025,0.9849475931848313,-27.438170988627977,14.571420145360861,0.02,0.9348114825392715,-32.29011283468666,16.538187968768213,0.06
0.7853559816017528,-18.63595652835348,12.824044193075935,0.02,0.9489589186071881,-22.427370945675566,8.099431140285741,0.03,0.5214436677129637,-25.99473755733402,14.762892419935072,0.025,0.68520558029575,-30.399458875821864,16.96438955367968,0.06
0.8435458201438207,-24.717210295522797,13.177237656504154,0.015,0.9879485046681424,-29.90081133621799,8.74087006225203,0.0175,0.6820397867649787,-30.20487957123867,14.248163461052416,0.0125,0.4774160951957528,-38.1488870009514,16.73692490922265,0.03
0.9743332207261874,-23.14348974737714,15.3719161935239,0.015,0.998248881374383,-31.53940039448933,10.28790004886741,0.02,0.95825752843585,-30.571512422262792,15.376108066994194,0.0275,0.9726748885477516,-30.375181064347853,17.372813782272782,0.045
0.5661826452230397,-20.783962779053688,13.127623893269938,0.02,0.9151943341948404,-27.22428683672796,8.415857296759107,0.0275,0.2935922235361211,-24.26052823336704,12.880620048330066,0.0175,0.0322413793363887,-32.10217207317205,15.472216321339118,0.045
0.9293442808346108,-12.849566084425488,11.703349808830994,0.0575,0.9936842966710122,-14.968312636028159,7.451085534273514,0.04,0.9799278046017963,-22.20695185415576,13.147564924425975,0.055,0.7848468612103973,-20.856066948050756,15.253280569226614,0.1
0.9352016319164046,-13.895776006322446,11.811013418908686,0.0525,0.9903327244694248,-16.128089563918667,8.184091283520823,0.0325,0.953503147024627,-23.01432353504572,13.034253057085763,0.05,0.7598701277920227,-22.98434273788875,16.345092639902624,0.0925
0.9696045540668118,-21.519273225815496,12.212114223464884,0.0275,0.9945056992481076,-22.447353022224757,8.623940914943411,0.02,0.9489906255201463,-29.692799867127626,13.150621920047875,0.015,0.7818468852707016,-36.737246889631706,16.58491155111735,0.0425
0.761771077187285,-19.32402756211324,12.673848660300296,0.025,0.898327046610035,-25.2937413116006,8.941659931777487,0.0325,0.6255519845220945,-22.96300732773944,13.099278471305997,0.02,0.533026313407772,-31.714569049568365,16.247468574650348,0.055
0.7358460424820996,-20.48978157154354,12.763457887378076,0.025,0.8916244007414006,-23.43129417518305,8.442380316566489,0.0275,0.5095338827829584,-25.02221469221183,13.164994133551794,0.015,0.4245571848689373,-34.77055960386202,16.52316284370615,0.0475
0.8277574976250338,-21.63655226965301,13.716173988356296,0.01,0.9438534263418199,-32.83854778568326,10.093939561612569,0.0325,0.7434831012961312,-25.432231484990247,13.966838403004402,0.02,0.7947426176653867,-33.74018223716966,16.74458402168653,0.0475
0.9240024214466898,-18.96611779528121,13.581469369666534,0.025,0.9945326988846508,-22.648039624123665,9.480071660301824,0.0375,0.8717442136279095,-22.37676885238495,12.943511552480466,0.0225,0.8709083434182977,-31.864480123415863,17.12909000226373,0.06
0.8147449394771658,-21.734567824093652,13.159582470629605,0.02,0.9783642639093376,-25.57689518376501,9.324782297254234,0.02,0.7168971177250509,-29.72117972163774,14.28479043789378,0.0175,0.41121988421393085,-34.645160855472454,17.584999950572175,0.0425
0.9946524254270492,-22.86918046989605,15.084168159298411,0.01,0.9961665134495151,-35.22654552214447,9.569065458576357,0.03,0.9952233754097012,-26.09131086032334,14.494689226802636,0.025,0.9889892480010158,-32.696844218928945,17.868738820309808,0.045
0.9864190441748694,-22.08334043884667,14.78093918742134,0.035,0.9976765637464746,-22.766447052665644,9.049814079022228,0.03,0.9697259023972212,-27.555301713617027,14.232235398860713,0.01,0.9254399529430064,-38.07364986911401,17.157524565283904,0.0625
0.7987417609982689,-20.31980943059736,12.417789586049691,0.02,0.9486010219794956,-24.43999525271045,8.254811374777145,0.0275,0.6258997461027063,-27.23322260641169,14.689218354305442,0.015,0.6981618922570606,-36.70331657071996,17.853337332034226,0.0425
0.9813806868353228,-19.884199544681692,13.285866047277418,0.0275,0.9974495871544331,-22.338356392110967,7.567476478626349,0.0275,0.9814684664404754,-27.631299581501466,14.92878565638221,0.025,0.9374395588606517,-30.371437602358036,16.970763120519358,0.0525
0.9820915610284694,-18.754607458308527,12.8296617185114,0.025,0.997642280943886,-22.09648271736871,8.108605990256894,0.03,0.984590725937331,-24.65317640687993,13.633056946329305,0.025,0.9340399293001472,-28.281708660269253,15.798291554724504,0.055
0.9265894726971772,-15.527079164926644,10.87418521079179,0.0425,0.9946303437135132,-20.05458558734186,7.918035557638153,0.0375,0.9425710344455228,-21.98808198050296,12.628312133683387,0.035,0.6882795180738137,-27.930821555570454,16.706887661081474,0.065
0.8330427158197231,-20.44960270493081,13.519136390011418,0.02,0.9334378207904155,-26.02438765112239,9.442396863591632,0.0325,0.7393090871200236,-25.00787654143123,14.235704649896226,0.03,0.7088014683110502,-30.072031840214343,16.42300118005336,0.0575
0.6969819538047541,-18.542445681906663,13.186293233575771,0.0275,0.6419873537915239,-21.411537795665296,8.621579466811603,0.03,0.6795765611603033,-24.796718733337393,13.87005858590434,0.03,0.8256233081212437,-32.542635058633216,19.514970688348946,0.06
0.9334247368698719,-22.920971217729488,13.788627637679078,0.0125,0.9953999200017236,-26.840068982042098,8.027217673858075,0.0175,0.8413542066567469,-29.649883339879715,13.871282420375842,0.02,0.9234176938244568,-33.61727170262099,16.961724703187368,0.035
0.9175335314983233,-25.390895521308018,13.88184360306841,0.01,0.9798183565065102,-32.65752138922309,9.082519232208899,0.0175,0.8720902003681915,-29.840472969181917,13.364802146789721,0.0175,0.9481005298979424,-35.04335120919575,16.19253335193644,0.0325
0.9574058634936771,-21.530244821113612,15.189743884953096,0.02,0.9956547877309831,-27.82194730645096,12.343374269751948,0.03,0.9303934342160729,-25.86473369263912,15.2998249467906,0.0225,0.9058576544592838,-31.7409831155939,17.404711981630946,0.0525
0.8994810001610606,-21.456268183549724,14.618661046913608,0.0225,0.936982274929425,-29.50680330326675,10.350759080445478,0.0275,0.842299660775905,-26.762754290997627,14.462219630312877,0.025,0.8698987917267291,-29.33917072837997,16.187678566845896,0.05
0.9841501892036838,-19.58540805644985,13.471418818453252,0.0275,0.9916245509534992,-26.7500751351224,9.683256089719052,0.04,0.987867935548516,-22.7985547935792,13.953682228608889,0.015,0.9226154817047126,-38.56253847398228,19.273400439969546,0.06
0.9918133358006052,-16.658876980414135,11.434694477321363,0.0325,0.9979456365817948,-20.167636271842145,8.537150772823598,0.0375,0.9988417568951165,-22.03877985827688,13.44390132588664,0.0225,0.941577239658272,-33.393447220213986,17.793004154284873,0.065
0.9686386525825025,-23.425085271771636,13.941819242418273,0.025,0.9873093132890458,-27.0619095194335,7.879080501707624,0.0275,0.9632728650894831,-27.8140669825991,14.762564857189737,0.01,0.832341081414941,-47.92068286662536,24.03850598393236,0.0425
0.8236256710025041,-22.789250108433237,13.37715283438553,0.0125,0.9609601675455448,-29.113499608143748,9.64633137506834,0.0225,0.6453887699659783,-27.63113388071851,12.892115461211475,0.02,0.827091137447584,-32.921493286071325,15.995855225567702,0.04
0.9176095418718814,-17.757511430603525,12.687626452097057,0.03,0.986596922464524,-23.034239296556866,8.576125678726996,0.035,0.9033000446414832,-22.921116563634094,12.995116315570812,0.025,0.6579471192148483,-29.79260325989653,15.79146256467694,0.0625
0.9393334532533413,-24.3625444150883,13.302743218546707,0.02,0.9931176194272664,-27.917898179238104,9.366759459772858,0.0175,0.8579547909972576,-30.345357009393904,13.979345079375506,0.015,0.759955107990831,-34.98658795047878,15.879056904054655,0.0375
0.9775355072732942,-20.192132786357277,12.852749350387992,0.0225,0.973909002014221,-23.330119122677527,7.604512619826451,0.025,0.9771955506482632,-28.623924041319064,14.833452478328677,0.0225,0.988702028945899,-32.44331129704936,17.381967298627927,0.045
0.940410650873984,-18.96847169496975,13.319160005815514,0.0275,0.9988996956284117,-24.50389097619484,9.27685723779081,0.0325,0.8983913415299041,-23.12769152757855,13.10377964671989,0.025,0.8295820477692133,-32.473401307741526,18.940917159569928,0.0575
0.9094820666771616,-22.96465217146346,14.465560872213956,0.0175,0.9945096833105818,-26.22744363909422,8.635903689454192,0.02,0.8644896241962403,-29.25197457209618,13.37702779677324,0.0175,0.7931820445909283,-35.784561728158025,18.035349012211014,0.04
0.4103005229834696,-19.765365852350257,13.494881786971714,0.02,0.7568922780043688,-24.729343320888454,9.353722666775893,0.0275,0.2955178914996264,-25.234448174586287,13.831346892796308,0.0275,-0.0608326985340074,-28.48600262984302,15.96914351680764,0.05
0.20460129125247678,-18.61785178289911,12.15750753935982,0.02,0.4087447411590005,-26.65219827437791,8.930842335962835,0.03,0.3408855624559408,-24.860839373542134,13.406332400886157,0.03,0.169293523697494,-28.037703650853743,16.231882717130006,0.05
0.9220325698939232,-22.393259527385577,14.079876799548426,0.01,0.9768478402221564,-29.97298530378188,8.843133779242825,0.02,0.936797507420988,-29.31891100971447,14.47678493930713,0.025,0.8597088035171102,-30.275524724715133,16.381931293785726,0.04
0.96103757077498,-22.45856511252964,13.854743873448431,0.0175,0.9946425629866119,-28.286043906864414,9.507425899303108,0.025,0.9584727786391045,-26.480514099918125,13.561946040938938,0.0225,0.9195142223016053,-31.79845835893616,16.72809948638611,0.0425
0.8963964866140204,-20.063317433557284,13.22087850677247,0.0225,0.9619922012403217,-23.187163127025475,9.23820693767693,0.03,0.852101243203319,-25.635256338083707,13.74353884445728,0.0225,0.903430305749295,-31.515694431577803,16.455148667984826,0.055
0.7705510434851606,-18.16636028680194,12.896376793016357,0.0225,0.9928426877562928,-23.28641099907416,7.840202217790974,0.0325,0.5662861626244354,-24.00786342782334,14.214729900708578,0.02,0.6596961626895238,-32.19364380134572,16.829401023132483,0.06
0.36080550763407016,-17.21766503077339,12.895564860232842,0.0225,0.09429085030118885,-24.129203849812388,7.921191142782457,0.0375,0.5231575001089215,-22.512473682188045,13.805284584994794,0.025,0.6287565496734473,-29.516159067028322,16.023039812756462,0.0625
0.9075488178416862,-19.85168181078919,13.4370195312666,0.025,0.9983880490470092,-22.607341707609812,9.221736731244079,0.0275,0.7521751368154569,-26.2556918816126,14.545698387372756,0.02,0.6948657698505043,-31.533686080737656,16.272537506818523,0.0525
0.9603122641530687,-16.46241608177354,11.854902743073719,0.0275,0.9938144042822388,-22.1517763557361,9.189942896734554,0.0375,0.9227431802471638,-22.607278274926557,13.453421498722744,0.0225,0.8950512540857918,-31.593811592874857,17.826509435401142,0.06
0.8456526476883592,-22.357962463812623,15.86375731764801,0.0125,0.9679628949817176,-30.460849574635034,10.03540200926448,0.03,0.8639518245834008,-25.486248278439383,14.905852333219368,0.0225,0.6588509234215918,-32.88089613077011,18.38723350555442,0.045
0.8220509131669373,-26.078686498787633,17.621852520791705,0.01,0.9748093426710778,-36.22660430159543,10.009158043759435,0.025,0.8112756440132762,-29.043943436312816,16.221561485687133,0.02,0.7445919044046806,-33.973078671078596,18.93999727421936,0.0375
0.7140408054862426,-17.928176189277593,13.636622783966484,0.0325,0.9369713106639401,-20.920948896729396,9.641602958638686,0.0325,0.8267018128609283,-25.160483452676722,14.655309176027739,0.04,0.4085817022748673,-25.931923165806943,16.755200477719267,0.07
0.7908920772626105,-20.9025776928029,12.770716449903865,0.01,0.7510432046347255,-32.2618390972999,8.513571082796656,0.03,0.7762275737946234,-24.127428717436256,12.918154030584676,0.0175,0.8085072354280218,-32.726020037533786,15.49329008793485,0.0425
0.9546766258508306,-17.1762474749962,10.174818890791919,0.0375,0.970934530720427,-17.55082840460229,6.443020880974466,0.0225,0.9068015471269442,-27.36105480089282,13.512598519709906,0.0125,0.7582995329581939,-39.09560424375256,18.39481671492093,0.05
0.8161256947294259,-21.50398691721705,14.250256167576424,0.02,0.9399088333151656,-28.79047494112116,9.702313923856504,0.0275,0.8153370192240066,-26.692936385083144,14.271124416031702,0.0175,0.7715285025272998,-33.99225474411226,16.997499190901742,0.0475
0.9461708106213437,-14.54917000890801,12.313022120484428,0.0375,0.9973504462963503,-17.404380419950826,7.869582674386249,0.0525,0.9120277068746184,-18.734330534774195,13.196473300315652,0.03,0.753903325287844,-27.493955490179438,15.72152847176623,0.0825
0.7816452072683497,-20.52108026465177,13.033496125156663,0.015,0.9590610442801794,-27.66301463929313,9.23806306649296,0.025,0.6742804169941525,-26.85069786754646,14.455311133999896,0.02,0.4535103874550233,-32.02048571881352,16.596199700353864,0.0425
0.8227384868211068,-20.445499392456263,13.052268142935716,0.0175,0.9651791000692644,-26.69489782853565,9.501951827588943,0.0275,0.6429229769311209,-25.180462859700995,13.310262257455586,0.02,0.6127048061442334,-32.94675936468186,16.29052416558007,0.0475
0.8341734115019179,-21.92299847810263,12.638520195591102,0.0125,0.9800800421757474,-30.91834394400352,8.508532549478874,0.025,0.7468332435195433,-26.70561195185292,13.518447210827244,0.0175,0.7543959396081785,-33.81570955361414,17.13846000435848,0.0375
0.9238218721633731,-17.799348901165516,11.752666544370243,0.0325,0.993230554700573,-20.935464702841116,7.413504655444397,0.03,0.8356875432975205,-24.5794565412463,13.435362558789087,0.02,0.6686685144070916,-31.786071223420393,16.216088251665447,0.0525
0.927736914761137,-21.60998654347631,11.801179313060898,0.0175,0.9873274071999278,-28.793397375077745,8.916407487981107,0.0225,0.8394938495106785,-26.626997426363907,13.572747017204835,0.01,0.8167858776326745,-39.33797808418527,16.8938827279927,0.035
0.9618907558294989,-22.3181352956831,13.379132186788889,0.02,0.9983982512845713,-26.888516482377266,9.866960609206977,0.0225,0.9376032069648208,-28.427855923636464,14.353919923165629,0.015,0.8595301374339018,-36.18375298933957,18.01138391308877,0.0375
0.7661867473883329,-19.60745167815248,12.651732141254344,0.0175,0.9784745262020291,-30.761600861383137,9.232659045767516,0.03,0.6508476553859843,-23.443814858081538,12.33274972134848,0.02,0.7224175334838003,-32.57115555814997,16.687045652126926,0.05
0.9472755542920874,-22.953217531577543,14.527453417146145,0.015,0.9899642004848542,-27.96223758024366,8.35228222606702,0.015,0.9892030924054128,-31.067704388815805,13.995110149383766,0.0275,0.9280166613463882,-32.42230685005516,18.096537083693324,0.0425
0.4663188424384832,-19.380613362490525,12.108224360260856,0.0275,0.4900285474476026,-21.975942718834972,8.877637819943104,0.0275,0.3600714148365755,-24.925907468836854,13.099776233942515,0.015,0.514220174337019,-33.82039822326164,15.78000699093641,0.0475
0.7396524470916118,-17.56835673388186,12.816903223229977,0.0275,0.9307895133442468,-21.858349014889065,8.085213866867917,0.0325,0.5420543728255428,-23.70897981321396,13.575304341283005,0.035,0.5263913604899592,-25.317585447427675,15.281698085070351,0.065
0.8847223558084865,-15.533388107980137,11.363874346208927,0.035,0.9955302988219104,-18.764480780206384,8.222935899667739,0.04,0.703943557513454,-21.480789105697927,13.000533981783404,0.02,0.5290579612380455,-34.885437382659376,17.525594289800928,0.065
0.9432352743232377,-22.751537941447268,13.565720046434034,0.0175,0.9688690513618183,-26.577143546254803,8.716930473324608,0.015,0.9390741377429705,-31.790324340744753,13.061523238740886,0.025,0.9383116936939107,-32.43914963436368,18.169527869346958,0.04
0.8807684654149635,-21.50891536860451,12.753688793893184,0.02,0.9413998378204912,-26.313173332367214,8.80275996545165,0.025,0.7979658708159671,-26.61087738329796,13.605953746321388,0.015,0.9770603823970784,-36.47603243358456,17.438409396971167,0.045
0.7371187917717059,-26.898373286726084,14.975949325241888,0.01,0.9899621887352725,-35.01510195432196,10.724376266376808,0.02,0.6746875269756487,-30.059459355969757,15.546962003005174,0.01,0.26795904558522166,-38.77298298081674,17.055379539613497,0.0275
0.7557005829166572,-16.40900421156149,13.756312161722473,0.0225,0.973776232183005,-23.95982578827747,8.9873262428735,0.0425,0.6689002660745871,-23.723009821819137,15.441605694170804,0.055,0.560763674386565,-22.074983735208573,16.155074973106828,0.0825
0.6884591815421415,-19.992008704865107,13.075880279076587,0.015,0.9730254817276576,-31.54863215565259,9.282431745531671,0.0325,0.6603345487532235,-24.006536956074967,12.372779384235479,0.025,0.33109891817884896,-31.245804766970128,17.4564504230463,0.0525
0.9751973453865156,-21.389135202673074,12.363579311312485,0.02,0.9972877689432981,-24.074385839138706,9.205959771605263,0.02,0.9712640854131886,-29.895725944857706,13.97940008672039,0.015,0.9370835732399878,-38.36206424404522,18.923581328030142,0.045
0.895467265429009,-18.773414165292454,12.511817904911322,0.025,0.9841507133096221,-22.95456950981059,8.808758087773853,0.0275,0.7864902387844273,-24.98079976713313,13.635286000000958,0.02,0.7729818042909018,-32.60297220582285,16.770100247592467,0.05
0.9343743910234243,-17.78732643455028,13.07569441496802,0.0225,0.9983036887136711,-22.14140537639473,8.595727057686116,0.045,0.9071629383104576,-21.173105925861933,13.78055023285368,0.025,0.9267280198412853,-30.565455824997187,16.70751799747812,0.0625
0.941461793041731,-21.979517117189943,13.325269967257723,0.0125,0.9940899687932432,-28.52360591867085,8.302715075200233,0.02,0.9212423886299848,-27.542188138001737,13.996776805086938,0.02,0.8529924623932669,-31.150898106313125,15.756956745413234,0.04
0.8585232270706098,-22.434329336820905,14.047413441060089,0.0175,0.9511136563525114,-25.87178994673947,7.551519791478793,0.025,0.7647958399807532,-28.104301719223763,15.792971745935974,0.015,0.7002429317294669,-37.04122378301565,17.13065459015392,0.0425
0.912858404919163,-21.742797450133423,13.202154141332143,0.015,0.9921684087511635,-25.83493351798624,8.330358870745865,0.025,0.8754687447812026,-27.766296434807956,15.10820524354527,0.015,0.723685717752697,-35.31262011446492,15.95882663589387,0.045
0.9433666130382964,-14.05790991699436,11.227921572127016,0.0425,0.9932614038382036,-15.493597155651688,7.321618010600008,0.04,0.8185010193186804,-21.85631655155262,13.429187482727354,0.0225,0.7813988741153276,-31.39143936486589,17.633488261616872,0.075
0.7804692661214874,-19.86841691958515,13.881163393018554,0.015,0.9166047145203589,-29.58660859537103,8.59467708459631,0.04,0.7194141341129633,-22.383122746372585,13.740403681885052,0.0225,0.550615053991476,-30.777549377482732,15.995308068366196,0.055
0.8767988786105606,-19.331387446444054,13.732530652615978,0.0175,0.9720858049862804,-26.366858326124216,9.31821093684548,0.0325,0.8166109905023833,-24.043914624167886,13.359152352202415,0.0275,0.8654690042175515,-28.925656475991367,15.737153788033055,0.0575
0.9669218327291496,-15.37254941962497,9.784364349069104,0.03,0.9946634398798156,-17.373637490987093,7.711989967615036,0.035,0.9340368624987352,-22.692796894633783,12.696989403060964,0.015,0.8281110858048627,-34.42019346938792,15.81771636955196,0.055
0.9135295496272309,-18.807553414336518,13.373683683426652,0.025,0.9887314486190923,-24.471358164628597,9.789257962670618,0.035,0.9050250550399105,-25.020073593406124,15.074345089199015,0.0225,0.8285503144582378,-30.69209137453906,15.860918955726149,0.0575
0.6013435843518524,-24.283796848862167,14.754681738654728,0.0075,0.7376440227752306,-36.38946456562276,10.518338474042494,0.02,0.5859408177411722,-29.299302823284325,13.83036524382201,0.0275,0.4811281720494698,-28.810323270197863,15.75823268580533,0.0375
0.3797370207195172,-19.40296149321012,14.539947686276676,0.0175,0.9836206311375376,-27.36948499503137,8.011786994507162,0.03,-0.0821794360247395,-25.129389838414188,14.312340874728612,0.04,0.2739903647965834,-28.3825054414216,18.545705333439663,0.065
0.959264380542999,-23.83167811186741,15.311440300183657,0.01,0.9130156928305934,-34.13308536972654,10.55175200157652,0.0275,0.9784418827315288,-27.914636610857947,15.027725830024238,0.0175,0.96594504185438,-36.86175685309606,18.95231126392118,0.0425
0.9896655202459308,-17.24612832305198,12.639221627941945,0.0225,0.9982402106042714,-22.38337045024678,8.538069807755267,0.04,0.9938769795935858,-20.97846731668421,12.955115018336976,0.025,0.9607754223384312,-27.19434056803633,14.063192883176104,0.0625
0.49405334078957497,-20.142654240499457,13.382301153562107,0.02,0.3951551643619955,-26.039198095307682,9.17503018756394,0.0325,0.4790620604822141,-23.848417658137556,13.752359780132643,0.02,0.5549168901993614,-31.158508155502865,15.927636653043072,0.0525
0.988295504263021,-16.546568915297463,11.654351202562506,0.01,0.9871463086361524,-33.21538056616642,9.247586290019598,0.0575,0.9942734230495176,-20.20307952120404,13.297339068713818,0.0175,0.8662025381555303,-32.523137690967985,15.913652154139232,0.0725
0.3736930992063796,-22.01021932379856,13.004472364003451,0.025,0.2696695112685355,-26.219629795703977,9.675330758232157,0.025,0.4664870411981624,-25.345843053072983,12.465606073874614,0.0125,0.5623946345805393,-37.38445489053488,15.982045598188126,0.0425
-0.1467244840324517,-26.18928489659225,12.587886997382093,0.01,-0.1230904324252442,-33.561507410193634,8.189455182548386,0.0175,-0.172966012814751,-29.516381078159903,12.51624472907611,0.01,-0.124834566832143,-39.32893153906644,14.032734903677929,0.0225
0.6078507361167499,-18.3139580389555,12.497718050580449,0.02,0.5606463970796556,-27.061545527631385,9.023848825689289,0.045,0.6239510674582853,-20.925151829437176,12.97696093270041,0.0225,0.45753531271850767,-30.866345262705174,15.946311981365561,0.0575
0.5488610156202227,-18.725606654230404,12.830680586054598,0.02,0.6055250376609493,-26.159016472171288,9.642665450204142,0.04,0.559766524570493,-22.68943864783054,14.059672940437526,0.0225,0.36864545673879434,-31.286378487187704,16.8513028559791,0.0575
0.6128221489874357,-18.80755218491811,13.413559843327755,0.02,0.6571782028937346,-25.87113130558969,8.953552695857134,0.0425,0.5917632772654239,-21.392535664888005,13.122046613969108,0.02,0.6082548204011071,-30.333119784527263,15.542911619992438,0.0575
0.9774757968906234,-18.419435854397715,12.28710505916862,0.0225,0.9980276620693658,-25.251557972322715,8.114058043320714,0.03,0.9886797571967278,-24.967524964512343,13.758558700078606,0.035,0.9620275599299211,-25.686374926238997,15.082333347581109,0.055
0.9260333418447616,-21.63333724531468,14.4437919848584,0.0125,0.9919548362775972,-28.714262589534435,8.589746224062539,0.0225,0.9833848158539756,-29.038186475624038,14.86964698442164,0.0325,0.8604185100556063,-27.11154701971578,15.955665720757828,0.0475
0.590964228337133,-22.201481122666895,12.785543001372906,0.02,0.6635296432410257,-27.744986716780552,8.987247690978602,0.025,0.5300439439448924,-26.163784589929037,13.220482723397378,0.01,0.33132827109607,-36.20624291017654,15.235236801330391,0.04
0.8093019024958115,-16.947576283729703,12.22813703290307,0.035,0.8156294332881596,-19.821357851406695,8.592283325578114,0.0375,0.7127628910221957,-22.807834060916452,13.442163871172514,0.025,0.7364852480786237,-29.461179239672045,16.37839786571631,0.0725
0.9410457452667326,-15.454496073100392,11.038038738893205,0.0425,0.9542254719452452,-17.89370688703874,7.6583455490917025,0.0275,0.896144326000307,-25.362636176659507,13.28823500669172,0.025,0.9032962322352072,-29.32203837666633,16.072108961305833,0.0725
0.505598827019371,-14.714456939495618,11.447574662413,0.0225,0.4063447746194298,-23.302012855411892,8.793148543608169,0.055,0.4336083475705583,-18.609181167103195,13.027014116390774,0.0375,0.5198701527443611,-24.66473181508276,14.788571856304744,0.07
0.7525866244280006,-21.466201781250184,13.528258084259935,0.0175,0.9970170726353992,-28.12988614329326,9.802288093361229,0.025,0.7120358500118106,-26.346217864722924,13.921289425263636,0.02,0.3978113918977483,-32.523257042244,16.54133536869659,0.0425
0.9633525881063566,-22.14054216505503,15.619343605187726,0.0175,0.9885109733267238,-26.62073014989791,9.209350104531728,0.03,0.9681178965349688,-25.283778271722735,14.218030208494575,0.0225,0.927230328139359,-30.656668015319177,16.51762729759946,0.0475
0.4984147432564656,-22.737142757372702,13.688131866537095,0.01,0.9239367006756116,-32.55816340435386,8.853997360539246,0.025,0.3562779051070615,-26.888943777523416,13.761744055199259,0.0225,0.1580039503940312,-30.195427829472152,15.616735798090877,0.04
0.6817259740103596,-24.2930403818471,14.251372482654187,0.005,0.8348003905926684,-38.07075010080507,10.098632635218253,0.025,0.6239652566658838,-27.678395158509492,14.554689431102222,0.015,0.5341300316880316,-33.93472095333189,16.24189356030837,0.035
0.7335963492680195,-13.505621714379238,12.346567188372203,0.03,0.903981033055073,-19.397966736938216,7.338150178129207,0.055,0.6333108978799828,-19.012005512506875,13.066737558531573,0.045,0.5433951617461306,-22.44408196037636,15.341663593207542,0.09
0.9693523195179016,-18.20466229797025,11.25994808032713,0.03,0.9879127570293758,-22.56667778807187,7.080577423494992,0.025,0.9414120829174994,-26.57711344855712,13.924649953319792,0.02,0.8866184265780299,-31.64408203633352,16.35778111040995,0.0525
0.9393812722652205,-17.563207745630866,12.979599196371925,0.0275,0.9922142623211079,-21.24504045602942,8.701772725180696,0.0325,0.9128590986697493,-23.660833629120383,13.67155799740414,0.0275,0.8052753252308023,-28.274175783229385,16.059870703202122,0.0625
0.945821004639773,-16.53170733809852,12.67097176773104,0.03,0.9925694254008984,-19.72680910216657,8.42108930413577,0.0375,0.9186733054723906,-22.464087534467282,13.513745595360755,0.0275,0.8393509648837829,-27.836412285234545,15.988229580105665,0.07
0.8981267602791485,-21.395738894312668,12.961283481044909,0.0175,0.9930054500891194,-27.208064048802324,9.797675243443074,0.025,0.903177043291198,-26.82910644752853,13.457167580508202,0.0225,0.7203953898678046,-30.61228708066399,16.39785527347601,0.0475
0.9942148093245258,-16.62017099311681,12.206471391499555,0.0325,0.9998226074900001,-19.80526967381683,8.631918447549744,0.03,0.9907219006632659,-24.82544305201936,13.721029368333967,0.035,0.9878427342693961,-26.857202403201466,16.39884422440382,0.0675
0.9861827531397016,-16.738631309266424,11.812058316107624,0.0375,0.9993471237621118,-20.797139949624267,7.387153267244073,0.03,0.9671720994481041,-23.588385934312697,12.992169476612096,0.0275,0.9436875838093928,-29.756098308147706,17.076443422761095,0.07
0.9833499746193236,-18.25477980004321,13.170381869148986,0.0275,0.9952714746985498,-21.39693541925768,9.265283949054924,0.0275,0.9777518066363348,-24.900014962084825,13.420103511094275,0.03,0.978145599271398,-27.80183006324784,16.131594143331,0.0575
0.9412435764890656,-21.932534893134573,12.232807191517601,0.02,0.9871893120066642,-25.181773172044636,8.679686250768183,0.02,0.9088757773707251,-28.957946119432986,14.478563769479614,0.01,0.6868262352936363,-38.68299754335571,17.070729853128825,0.0375
0.9360664622194124,-19.65645867461653,13.592649241312802,0.025,0.9808487819225687,-22.66948969172049,9.526075885132162,0.03,0.9085879084315536,-27.19775654615583,14.847106460611908,0.0225,0.8884542645966992,-31.6372709922962,17.36050462321223,0.055
0.8532600427223898,-19.472423721769115,13.779265038382292,0.0225,0.955419062761115,-23.84989532723673,9.675926459350972,0.0325,0.799930799929411,-25.027836279818096,14.10142034426178,0.025,0.7421674136994334,-30.4256862107554,16.75484067485864,0.055
0.5952814550327504,-13.55470533349613,11.794508160473104,0.0375,0.9291892579284496,-19.616742093902065,8.928990321497867,0.055,0.2244204334961088,-18.89926586587105,13.23878188199409,0.0575,0.5063886970237731,-22.969252790863468,16.794826143655495,0.1
0.8507351144640752,-20.27822875400194,13.827324446355853,0.0125,0.9715882620772656,-31.817580333409385,8.476831799010306,0.0375,0.7492012564335635,-23.528706609025726,14.159748163807441,0.02,0.7679190092481623,-33.45418362257167,17.517448689599096,0.0525
0.9788910076654465,-21.75643528001288,14.79640141695566,0.0125,0.990911405051189,-34.559387995432104,10.503713102165154,0.03,0.9828125664636078,-26.16933289950889,15.09429794270374,0.0275,0.9424769024288304,-30.3220166018506,16.85975130181407,0.0475
0.9506176311483965,-15.732187937963317,11.627900441799717,0.02,0.993265960966395,-23.725725005585197,8.257415504393435,0.0425,0.9017241037504188,-22.319465362301603,14.148006198533063,0.0275,0.9342157928760625,-30.67266133640146,17.98849805491598,0.0675
0.934103040121994,-16.343507165707006,11.73745790136766,0.03,0.993317803298064,-21.329361179085275,8.156711569935137,0.0425,0.7984738586487916,-23.2201007665176,14.224149596771742,0.015,0.7326672776782701,-36.58178199660618,17.656589710794744,0.0625
0.9273472971131078,-22.64669761023099,12.424533111625145,0.02,0.9637932245265095,-25.714978225908872,8.791086996235007,0.0225,0.8693365857490019,-28.60215554598389,12.95899172275746,0.01,0.8839165200434812,-39.716465789004374,17.935993445522456,0.0375
0.7718489055116605,-21.609101942645463,14.048261597780892,0.01,0.9343136109807342,-35.0123681738326,10.451734018272925,0.0275,0.8335144247621409,-25.577268096984763,13.64019831067403,0.0275,0.6793446927230615,-30.987173019725702,16.7700013299807,0.05
0.8673557625488343,-17.889629986308563,12.093523617332208,0.0375,0.9038873415810057,-20.555838867108072,9.657149329905868,0.0275,0.7876611912410219,-26.480043907460903,13.97940008672039,0.025,0.7179355113084088,-31.145630958862878,15.581944222726772,0.0625
0.3636481815099129,-19.567735843562016,13.618342825603554,0.0175,0.9758415194328758,-27.724045425600906,9.187456746480132,0.0275,0.3426921315853433,-26.43714902724915,14.574068442352335,0.035,-0.4009909757406845,-26.779897611094057,16.512706161551677,0.055
0.924089672251122,-19.94788949487557,13.26434686054492,0.0225,0.989521442655266,-24.485044341484254,9.218943016200903,0.025,0.9356800616669154,-28.530885067869885,14.855835914230294,0.025,0.7053590215122001,-30.43662957148128,16.87381094518426,0.0525
0.7652539717390121,-20.25472995810981,13.645912126518668,0.02,0.9928493078505384,-26.28998093510937,9.928427619899288,0.0325,0.5392511434607192,-24.33251111076281,13.897414318254032,0.02,0.2572316866307118,-32.216306615434696,16.384756213636756,0.0525
0.8937929217756069,-20.06790790959151,14.376402228092314,0.0275,0.9996606621829363,-24.310510028630567,9.16697753976457,0.03,0.9441808792594419,-24.92950406416243,13.447836310184002,0.0225,0.594425252895155,-32.58760381223506,19.200734755382495,0.0625
0.8925107300511717,-18.9515761168621,13.717953894081969,0.0225,0.967179257223901,-23.028775779797343,8.600776799452046,0.0325,0.7735631773358769,-24.589096506230376,14.240314744208751,0.025,0.6977671906246662,-31.05050442873489,17.54806056991014,0.0625
0.7953047490198766,-14.58958647709673,10.066848359903066,0.0375,0.9460240096422192,-15.86885305236739,6.852388302528992,0.035,0.21862892532749575,-23.12283743811035,13.749738652596355,0.01125,0.125313400943218,-36.26736756627058,15.603724181453405,0.06
0.984483654772952,-14.649518800313391,10.610328300524358,0.0425,0.9954052898197594,-14.5570597873327,6.325843841660984,0.03,0.9656503272897584,-25.232167780200715,13.75642286319805,0.02,0.901493349173111,-30.303933089924357,15.722538024706337,0.0675
0.916193564577968,-20.420425448203737,13.475834904489647,0.0225,0.9802041501516467,-23.732080525548056,9.253070042019473,0.02,0.8984427936165138,-29.389853949629554,13.908584262864041,0.0275,0.8775887179176407,-30.00635009468651,16.78930408842438,0.0475
0.9321171872082186,-23.014227598086386,12.816377275978063,0.01,0.9890343755238844,-29.977292988555455,8.417940393124566,0.0225,0.9086318155562791,-27.54855556256171,13.46160851833076,0.015,0.8405188713896969,-36.25924860766706,15.864699753955875,0.035
0.9774021571846602,-19.61832357909204,13.430892399432024,0.015,0.987454990909212,-31.365555004869208,10.027173445308392,0.035,0.9778265806547966,-23.25564655588841,12.841788894574778,0.02,0.948146628919212,-34.58563343516429,17.676439542990753,0.055
0.7798419872314954,-18.842281897873004,13.107504195211364,0.03,0.8898449593000042,-22.26887771308671,9.392980549719042,0.0275,0.7610694383581478,-25.05038224340705,12.93891609929484,0.025,0.5216026514470062,-31.485154725740344,16.73117018606937,0.0575
0.8123558065817182,-18.237451336165023,12.992652729219675,0.03,0.8967336706311284,-21.800636496436844,9.471018926933969,0.03,0.7891495733516259,-24.11117375777389,12.94847519596627,0.025,0.5387574553192076,-31.54870172180044,16.672912123217774,0.0625
0.9149535814941977,-16.537933236326015,12.089944496264959,0.0325,0.9685477883136817,-22.288736388734765,8.856831891174195,0.0425,0.8566105069763958,-20.765767317484414,12.78802833094956,0.0175,0.8963717282873684,-33.738044637325714,17.196670277946126,0.0625
0.8796989538607248,-21.606432420090155,11.452408535688305,0.02,0.9611190974093228,-23.47066138420484,7.7270156419654175,0.0175,0.7767013626748002,-30.167527609374737,13.61951265473834,0.01,0.8682970949701401,-41.124441590698886,18.161695442127435,0.035
0.91818348667266,-18.26128689709225,12.40312033331054,0.03,0.9933214738330384,-20.45150822015546,8.330696262971838,0.0275,0.7271753192319462,-25.251197214462188,13.419350209104426,0.02,0.7195486029235525,-32.72905610135077,15.888135533961748,0.055
0.91532316795339,-21.619330266168866,14.197060400596596,0.015,0.9924686415785255,-26.964723308575532,8.870410097280645,0.0275,0.9345837996527501,-25.435857687560492,14.028537964826612,0.0225,0.7862318758564206,-31.19259171810494,16.34924013393171,0.045
0.909986417353967,-22.868750413992682,11.910514668297267,0.015,0.968974029362984,-27.2495533810378,7.979771805383088,0.02,0.8978298135303784,-26.768062249247023,12.72931742168953,0.005,0.9682660965038353,-44.019430695644644,16.042786996874227,0.03
0.8109453342287318,-24.042202077982978,14.44800243993138,0.0125,0.9190278879018206,-29.322626319687274,9.459443408817922,0.0175,0.7454146786321492,-29.533692361109516,13.410634420895846,0.02,0.7389974489853628,-32.20973437311193,17.519720042565446,0.035
0.9515441353199028,-16.520157587339057,13.257208602580167,0.0325,0.9999621513223127,-26.262001623940463,6.792650498378186,0.055,0.9316424793779039,-20.621842075046374,14.387761646868995,0.0275,0.9080275567316748,-31.190730757427367,18.259554863250855,0.0825
0.8955209993462964,-16.71319478325781,10.96983391991644,0.0375,0.9826945492839094,-19.293095156910336,8.285244414306646,0.03,0.8947784306081968,-24.618501793487937,13.850972241540571,0.025,0.6575342445776915,-32.05314696098967,18.47864979064343,0.06
0.829458763570706,-13.99348362837289,9.771609681057496,0.0275,0.96051733487643,-18.85722479560863,7.383400911354194,0.045,0.628284586201278,-20.16724984756616,12.691930073677678,0.0225,0.7571966316721732,-30.696776000062243,16.72612609866046,0.065
0.5972261544867538,-18.654099385368816,12.13752839378514,0.025,0.4004997746019852,-21.27758181003223,8.158384688610859,0.0225,0.9142804074740988,-28.165127065686573,14.011259110456471,0.02,0.6485735126090225,-31.690457685423866,16.040563200317397,0.0525
0.8756301005653779,-19.932142273012467,12.819818667889127,0.0225,0.8961568903719853,-22.943579919237123,8.86301509966038,0.0275,0.9164993809438842,-24.634933598936136,13.128910542192497,0.0175,0.7617827217118218,-34.12832761899397,17.572760962908262,0.045
0.989501889818348,-16.798449332854155,12.424225578674012,0.04,0.9981978987307444,-20.05059386223715,8.648400514527953,0.0375,0.9839173102383798,-22.61547662342611,13.406967453137613,0.0275,0.9587901600386182,-31.16989560599862,17.774973099348344,0.0675
0.8953240191136679,-13.844890458858965,10.410031254181211,0.04,0.9495709642946684,-16.498185007376357,7.401417586812917,0.0375,0.9271926145894543,-20.58289972440461,11.560441990867004,0.0375,0.6553651050755344,-24.425625195355337,15.05980048348019,0.0775
0.9058961010643488,-16.826062303623846,12.881376564561888,0.03,0.971906000215251,-21.91274324893473,8.344524262448417,0.045,0.9258383182717042,-20.66495858854747,12.85412603756167,0.0325,0.688787815528202,-28.97225251713393,18.823255993025292,0.0675
0.931036697582338,-14.79240322238303,11.975093634786983,0.04,0.9866467134938396,-16.229193553391347,7.536193769823861,0.04,0.8975613728765189,-22.885079083196448,14.46321008387584,0.0425,0.7933462020528672,-25.05059979595301,16.600291324851316,0.08
0.938254425123216,-9.703482981405717,7.31910248918131,0.06,0.9696265650709541,-12.541060189851756,6.264708310263264,0.0625,0.913551641431779,-16.489307287361825,12.217572565880111,0.02,0.7342401486161075,-31.877048672778606,17.155877761843435,0.085
0.9503681346302296,-14.697038781965938,10.100417054346313,0.035,0.9974124927864256,-15.01002219097019,5.772268336055435,0.035,0.8130801320505133,-23.633252088918187,12.860920936618843,0.0175,0.7059090517796662,-33.35972103266431,15.921370818443311,0.065
0.8926478421885751,-15.463652747273454,12.224571048534685,0.0325,0.9790753163835112,-20.231125755615626,8.341373521227128,0.0425,0.8693479826299698,-21.340607873442664,13.51810327769935,0.04,0.7807644464025871,-23.577763905587812,15.005496494768266,0.0775
0.9007525885423816,-16.848958757198503,12.949896496178166,0.03,0.9405235581062872,-21.38858020058054,7.570374137454376,0.045,0.9368050704028498,-21.11388517322012,13.07453761196885,0.0375,0.752670227745331,-27.95030558577959,17.002295478278803,0.0775
0.7903916761186223,-16.01117252090788,13.213508937275304,0.0375,0.8781341140183959,-20.72761374918632,9.30815162159396,0.0375,0.7480842575433664,-23.25772285065326,14.086093567872272,0.0475,0.6887633259760999,-23.273405051804904,16.05101693468618,0.0775
0.9085958489617744,-19.20858894233048,12.157592506025807,0.035,0.9831927741513568,-21.976122578862157,6.115544503722191,0.0275,0.7280800822079901,-26.510501812244623,14.042609788339195,0.0225,0.6134467944399379,-31.07167631122863,15.787948050889115,0.0625
0.9159466575386156,-15.941807692066499,12.407195065392273,0.04,0.9950921353164881,-20.982597386113465,8.519541692493426,0.035,0.9439441477575654,-22.7915714435626,13.192685782948775,0.04,0.7219544006433414,-24.842856808789634,15.430131394725382,0.075
0.754838315721363,-16.466166511858685,12.68520706246668,0.03,0.9721262519581728,-19.19568549194244,7.065349958485314,0.035,0.3234948458791017,-23.70926960650962,13.304239389612512,0.0325,0.2728549653434666,-26.3745747306626,15.41909810083756,0.07
0.9762204263747262,-20.660102860829053,12.987842409130833,0.035,0.9976916105855084,-24.52532852129225,8.623035501045031,0.025,0.9677335590693908,-27.77590959891922,13.996150347184717,0.015,0.8056918507330475,-37.22094316396916,18.398608966145478,0.05
0.873738206241197,-14.312542188506846,11.898301316439152,0.0425,0.9670406499305585,-19.124118410969608,9.02698439946747,0.0325,0.903609674146596,-22.44696941073358,12.678419125341684,0.0525,0.7353726503943204,-21.99663787965654,15.717972038374288,0.0925
0.9424598396085262,-14.802217840615782,11.56779566153785,0.05,0.969013583541328,-17.06384078530085,9.38452112390818,0.03,0.9561962130604862,-24.94508782044408,12.776883872501417,0.0375,0.7865592449419291,-27.923398343210597,18.277396162635323,0.0775
0.5911258816428931,-21.805808799535917,12.642336018292518,0.015,0.9491049596871838,-29.16429938563703,8.522074661206052,0.025,0.4694512981307467,-26.094454507303727,13.121161215610664,0.015,-0.1831514034946134,-32.77355949130852,15.738149087166956,0.04
0.9537041657672588,-22.27754178566544,14.080375934378075,0.0275,0.9958382854500542,-25.58898926331265,9.051144959945276,0.025,0.90476580302467,-26.667073467306224,14.139887129770832,0.015,0.8645558767858212,-35.45934511168929,16.438964840788856,0.0475
0.8228556086930693,-22.839724266546977,12.532461756554792,0.0225,0.8665231406049,-25.44760922655644,7.600953983004722,0.0125,0.5118091227190982,-34.304396595679464,13.549593657656354,0.0225,0.8046283859717264,-35.80780888162512,18.5727553843195,0.0375
0.8858036139209302,-23.32183183993456,11.728066344624857,0.02,0.9676729520031532,-25.49124409346409,7.790921766135833,0.015,0.6669909014754554,-31.332962862537237,12.376709677862227,0.015,0.6485540711828264,-36.09974882997402,16.636326398875894,0.03
0.9842558616847265,-13.620584625563705,9.764809784407758,0.0525,0.999646412075056,-15.513101638298924,7.455772652894005,0.04,0.9827866429241576,-22.125374021672183,13.627677303740445,0.0275,0.7472537488331429,-30.01675790594062,17.254204574446966,0.0725
0.9267839265385877,-14.949564271561982,11.575834855650015,0.0475,0.996052591628936,-15.11048749422331,6.978295881717984,0.03,0.9054246113540506,-24.20813316749854,13.105149065359637,0.03,0.4808555741141774,-26.736672816922223,14.794158816761158,0.075
0.8076050207174279,-18.52453258137421,12.90503053832991,0.025,0.9481247231153573,-20.573533371496925,5.562187316133652,0.03,0.6198451363168392,-24.971512690094237,13.919385762570801,0.03,0.7231556444142088,-27.948027601604377,17.39419501224404,0.0525
0.9688871836341524,-18.177072515608653,11.718678967187586,0.035,0.988347701053238,-20.26824839709761,7.862496716817866,0.0325,0.9574952213823704,-24.37668497592073,13.266424084701685,0.0125,0.748657451020987,-39.528063838024266,19.57606271689264,0.0575
0.940617041689447,-20.758456661338208,11.920033022231664,0.0225,0.9748116053814645,-22.71758913506463,8.76761651062331,0.0175,0.9410701040496368,-29.35627265496645,12.714433582789486,0.0175,0.6864850071798724,-35.7563294428157,19.472348894060076,0.0375
0.9758747978172346,-15.939270677913452,12.265039707917872,0.04,0.979160267553357,-19.134893558027184,8.330581579918071,0.05,0.9815583174963227,-19.840049318798556,12.942584160135798,0.03,0.9431132985308577,-30.185044095447477,17.59555899911646,0.08
0.956337989587192,-16.828318690569258,14.496283311323184,0.0325,0.990391739309072,-23.62140882312189,9.408297788790756,0.0575,0.9660390619615066,-19.372654763237872,14.531966867813164,0.0325,0.8079229205168643,-27.74245973119396,17.154428146605458,0.0775
0.9437492135877033,-17.253438712891835,13.843626601737233,0.015,0.9827109776197809,-28.075306410778836,9.921951318365162,0.05,0.9671948944529548,-20.768861168246914,14.336475554136502,0.035,0.8298655430455125,-26.637386909924974,16.94345159375124,0.07
0.6248113296727276,-19.965080740194875,14.052882671443546,0.015,0.9339102913908206,-27.460613426762205,8.340138104730453,0.035,0.5956320054608258,-23.82576298917284,13.96719287057806,0.03,0.3168049559458898,-27.781774963271072,16.236386932740352,0.055
0.9931619367944876,-19.434379723781515,12.605265831899665,0.0225,0.9989370355673227,-23.595608168897947,8.781735665777177,0.0275,0.9956308838272283,-24.766786612831773,12.820064595134244,0.0225,0.9708278160677652,-31.62098149137089,17.518275797308103,0.0525
0.9853469268032348,-13.606125193926284,9.036923444575711,0.04,0.9948428197993447,-15.677359965582854,7.457422836699648,0.0175,0.9920152961094524,-29.05911347584296,12.076632233428178,0.01,0.7024874215094133,-40.07210602211488,15.791368566998408,0.0625
0.9510846440689764,-15.787501294886956,12.682447017183332,0.0325,0.9797477326166956,-22.99953935769759,8.936684314286673,0.055,0.9623265658689568,-19.579343797766544,13.443655842848257,0.035,0.8224244471920543,-26.3787550406682,16.283589986106954,0.085
0.9775355072732942,-20.192132786357277,12.852749350387992,0.0225,0.973909002014221,-23.330119122677527,7.604512619826451,0.025,0.9771955506482632,-28.623924041319064,14.833452478328677,0.0225,0.988702028945899,-32.44331129704936,17.381967298627927,0.045
0.9191907941577284,-16.991679711443595,13.07528564484967,0.0325,0.9441193307440832,-21.613305980387583,9.285130170767598,0.05,0.9505974714476716,-19.213343999325055,12.568054162046817,0.02,0.695573950980932,-31.15038928592088,16.061692405627063,0.07
0.7181359902317259,-13.668405780928124,10.47626429771282,0.04,0.7365816369358308,-19.10765788503166,8.90362556466248,0.0525,0.7162243128356575,-19.897541449681416,12.942864670249289,0.035,0.5473448387981344,-29.301585821152813,16.89717751126797,0.08
0.9528100849330532,-19.88362118722665,15.09638073433598,0.0275,0.9977211313190554,-27.522283828013325,9.283814308270085,0.035,0.941588009979945,-24.56630267901368,14.161488135010767,0.0375,0.920363524481444,-26.80846702046037,17.2340830041114,0.075
0.9647283768085726,-16.00339723896824,10.925768739499045,0.02,0.967080815949196,-24.6262566262439,9.674467947271276,0.0475,0.9535275234440505,-20.6521258604694,13.055054704383757,0.0375,0.9673135813522912,-25.944989439433872,16.040682724700563,0.065
0.6383066500214973,-17.003008709196415,13.282244765031523,0.02,0.963880398279964,-26.083296129388586,8.40895768472718,0.055,0.5914896438327943,-18.81024419074277,13.18028145448893,0.02,-0.12553782006894615,-30.597840969856833,15.995138979628393,0.0675
0.9031993013615026,-14.209862702044523,11.86145284786308,0.025,0.9961466292794318,-21.109838102351446,9.41287403438074,0.0625,0.9750357345771952,-20.80990550983244,14.710145192071682,0.045,0.601047666486159,-24.46686626649613,15.937925074947469,0.095
0.854973329326908,-11.891928839297574,9.370340195278912,0.04,0.8598114732020616,-18.165782877599348,8.380615699442082,0.05,0.6971599757056058,-19.29531011959117,13.014845311154112,0.0425,0.8315292527061122,-23.86239793495092,15.531902288426481,0.08
0.968131481947592,-18.94731207288648,12.949992367769667,0.02,0.9952390077859512,-24.747680206460597,8.155816665338694,0.035,0.9703840994832598,-22.665712843624085,13.431930782958307,0.0225,0.8060510091529433,-30.587180630959097,16.625157437533602,0.0575
0.9490640642160302,-19.06985142012423,13.25647358342107,0.0225,0.9966552268420392,-22.85568730855609,7.912389375878561,0.0275,0.9354728707316836,-24.548513494601607,13.589628456783071,0.0225,0.6575570833996254,-31.479678186324875,17.158355340567958,0.055
0.9788698733679126,-22.9246815509915,15.60310763366323,0.02,0.9981222202556532,-29.438659828831103,9.237537005722617,0.025,0.977840575856834,-28.118296466524185,14.729920857548588,0.0275,0.957438746832201,-30.63454916160316,18.334330906865823,0.0525
-0.053015097518171,-18.43220547756893,12.936375045261707,0.0275,-0.2459247883064813,-23.31791220204465,8.515788064875007,0.035,0.1791057368266336,-22.956723311859875,12.900824454868564,0.025,0.0571634108102266,-30.398346465199136,17.056905300547847,0.055
-0.0243324820982599,-20.176192587864307,11.784169959730535,0.015,0.0714035726461239,-25.98499048570888,8.137153810534096,0.0175,0.0514531635226735,-29.61957805276117,13.826957655810856,0.0275,-0.0063921579029866,-28.75627831877122,15.682398146273131,0.0425
0.4227497038058655,-21.36216894129863,12.537732236021842,0.015,0.6861057201056303,-28.725195116995184,9.207590132264068,0.025,0.3282260186761049,-27.061413513375392,14.415701803776397,0.0225,0.0702507298867403,-30.13569581182977,15.477150851632782,0.04
0.941628851823714,-22.71371935901573,12.692638864223746,0.0175,0.9913297846434558,-25.80944675373372,8.42824241562603,0.0225,0.8625988851437084,-27.95384134759118,13.544432733389502,0.0125,0.881991861977158,-38.2361896791472,18.253527269271835,0.035
0.6292784972029694,-18.85272802564736,12.428541903942511,0.0225,0.814289743882777,-22.984196359918478,9.081790928462485,0.0375,0.6089487297451561,-22.476053113112826,13.056352436613441,0.0225,0.1829431823822682,-30.58218767812488,16.665471746089633,0.0525
0.2844910866936275,-23.528096056695276,12.537003443490173,0.0125,0.21256187384520053,-28.651144646885513,8.718415588184346,0.0225,0.41445143734289047,-26.693450441974125,12.939750026161104,0.0125,0.2669398190355441,-38.37800437228137,17.961385283110125,0.0325
0.9295261673534108,-15.823360475054042,10.10451991588896,0.0275,0.9779212018682548,-21.17276312627541,7.521263571330095,0.035,0.8550946498936918,-21.71302601930264,12.49814052821276,0.03,0.8000326151389694,-26.55766673424567,15.321974619227811,0.0575
0.8521696968966381,-14.031845687528952,9.807936944051134,0.0275,0.9308295062785096,-20.555171355789344,7.382641733564304,0.05,0.7936533249077736,-19.91066694679086,13.188874281956764,0.045,0.8117890633153445,-24.04963163809936,15.047743733523363,0.07
0.9618575264828612,-16.241428657973124,9.724753345673651,0.0375,0.9830142271669866,-18.96487064261378,6.962814581651879,0.0275,0.9313036114281912,-24.126699844926108,11.881386651032452,0.015,0.830369082744881,-38.12101360865326,18.21488359601536,0.05
0.965983617701161,-19.576441719493825,12.462023078881543,0.0325,0.9990764943363364,-21.64186713618776,7.3714533212516,0.0275,0.9831485171990638,-24.938989643668137,12.777905146982857,0.0175,0.3482712823370607,-38.78146450306496,20.86263086992175,0.0525
0.8739947946280725,-22.05172345287553,13.035994479013231,0.015,0.9067252791007318,-30.79975272935006,9.127901631281356,0.0275,0.8254834841234449,-26.208628253625832,13.881850666852014,0.02,0.8379799601579409,-32.14598297540932,15.235187363541112,0.045
0.891622702722631,-18.04273547008516,12.571589986204073,0.0175,0.9523786523905973,-27.409822853441128,9.1181518669976,0.0475,0.8735213802723746,-22.577861741387704,14.27145938065025,0.0275,0.6837351088981113,-30.692086355506582,17.033053354356817,0.07
0.951963771408856,-14.19762234822324,11.371133206496632,0.0425,0.9819922246456376,-17.94307919591043,7.791244422783235,0.0475,0.9435633381234187,-19.670815715020748,13.065965832997293,0.0225,0.7073215962493549,-32.840150494468844,18.065255204043165,0.0775
0.9461708106213437,-14.54917000890801,12.313022120484428,0.0375,0.9973504462963503,-17.404380419950826,7.869582674386249,0.0525,0.9120277068746184,-18.734330534774195,13.196473300315652,0.03,0.753903325287844,-27.493955490179438,15.72152847176623,0.0825
0.8711371545926619,-20.368471769326565,11.802456664612755,0.02,0.96290557166972,-27.213574587435907,8.902078247127614,0.03,0.7940489998947943,-25.92699831039466,13.75283223733678,0.0175,0.7338407124399913,-34.6019326690298,16.929356364948767,0.0425
0.778707202455996,-17.977388097476638,13.624824747511742,0.015,0.9648570651315904,-27.088616488906062,9.102361739061422,0.0425,0.7529271221728339,-20.42724728440416,12.820835973177523,0.035,0.577932831768766,-25.32797582084928,14.867854828601017,0.0625
0.7891959352047109,-12.736265314611082,10.50535377354634,0.05,0.8790414713360993,-17.119572225947493,8.64429483928716,0.06,0.7781165516916122,-18.633862768377135,13.770002223332082,0.03,0.3526292900424758,-29.00807091336727,15.961474056138648,0.0975
0.9597226027798476,-18.126175535953674,12.530624535150263,0.0175,0.9855009054577982,-26.600804416526103,10.015825953529092,0.0475,0.9670017850011846,-20.93083318908704,13.64921657331718,0.0275,0.8811334702771725,-28.01826307634701,15.326121789572351,0.06
0.9904774978280588,-17.620455093395822,10.719417193520329,0.025,0.9991428338728476,-19.57719532792501,7.170487537889343,0.03,0.9883101346280174,-24.669916629296985,13.227464112259932,0.015,0.950515401686379,-36.61638886008251,18.13055548640009,0.0475
0.917841095948123,-21.66725913207249,13.720018462660395,0.015,0.9875354640610979,-25.540477738815973,7.366106765737168,0.03,0.9006966325064945,-25.25875329898962,14.257136954691296,0.015,0.6955325007306807,-35.06039771741278,15.867732902470898,0.0425
0.8992171731417338,-19.746804231923264,12.890511786771476,0.025,0.9766654609759295,-22.40247082300277,7.527863514528757,0.0325,0.8828118226792826,-23.984093037710167,13.419930220799024,0.02,0.7418131317555156,-32.362129069911575,16.135497444259382,0.0525
0.7813279272824654,-11.280703407503616,8.443798739585294,0.0375,0.7235490697072775,-15.363519285634213,7.44417023406344,0.07,0.8332766605835858,-15.929963478985051,12.603188134578602,0.035,0.7245371656923585,-27.0170685438031,17.48895490346192,0.0725
0.7819054572012392,-12.33856883241048,9.112760718773956,0.035,0.7284973061320548,-15.901539154800453,7.3210957346164225,0.0625,0.8382822793977076,-16.830301411720114,12.685045494698507,0.03,0.6485139810778462,-27.378286751559113,16.64896242822219,0.07
0.9859104405935414,-18.4366634527861,12.405331750391309,0.03,0.9949855863828623,-20.278521560999096,8.132887830519199,0.0175,0.9743585241360619,-29.615764175486436,13.501495427884189,0.03,0.9839541945623108,-27.39128222040872,15.681644219313327,0.055
0.6839568189859873,-26.810245633305342,14.041818173527684,0.01,0.8559036413983574,-33.863209685150714,8.607096382537387,0.015,0.4742142831809323,-32.38022535005575,13.10356222087486,0.0225,0.6747767506648581,-31.854599486228587,15.187739603584449,0.03
0.7627261109214258,-24.905698966035395,12.4218774723901,0.0125,0.892552472578936,-30.841316965498045,9.39715452377889,0.015,0.7601726399546942,-31.67417199992606,13.917714660813507,0.01,0.6504989630225143,-41.82782480209629,19.138474366265775,0.025
0.8671166533691167,-22.064507627589222,13.016692040145017,0.0175,0.9729130291193617,-26.085088134346584,9.070478969010482,0.02,0.7989581999681976,-27.329297536845143,13.244452520185739,0.015,0.6637054087076218,-39.964392585314584,20.95065391005706,0.0375
0.5640762485070189,-18.07240910922688,12.125702989000878,0.02,0.9255647201479996,-25.67225869035768,8.07538380604112,0.0425,0.3118007745789756,-21.147762550631946,12.4697994722781,0.015,0.1120298367195505,-38.24624419095964,17.194567750435596,0.0625
0.8593419323381242,-18.85871831829184,9.605052178949695,0.03,0.8834367137497929,-19.43637005203827,6.929464912019398,0.0175,0.6727951344086944,-30.070976745942417,12.901824624135946,0.005,0.32192159235741213,-54.428041260073876,20.936707000359007,0.0425
0.9291867164962336,-14.14207798438646,12.23809381654408,0.05,0.9884762118159616,-17.57573387693914,7.941238791918902,0.0225,0.8912918515888322,-26.38463186639457,12.636789216137888,0.0475,0.690631935710577,-24.62791613125393,17.703092225516357,0.085
0.9573451239264044,-10.804499956278164,9.67556301975488,0.0725,0.9972306527363122,-11.424822818434258,6.858789386950259,0.025,0.6381089272891238,-25.83609633475239,13.191129899851646,0.035,0.6282838547125487,-25.92906784356566,16.452562552875122,0.0975
0.9888572795334698,-8.258266561712945,7.47964810680137,0.09,0.9986416840192373,-8.00168988202006,5.854198161695983,0.015,0.911121810927674,-28.788294672512865,11.341432729217306,0.0275,0.5220939954442217,-29.70094285126132,17.086178135610105,0.1
0.9642395474120455,-14.012737892215977,10.789288796848506,0.0575,0.9961672813574449,-15.236477782880325,8.173984344024923,0.0225,0.9100894207020538,-25.907466891565072,12.359848382032553,0.0275,0.6037802398017288,-28.624437217211447,16.604729966653558,0.07875
0.95709005857715,-18.87715103196821,12.823087628455282,0.03,0.9894163432861562,-21.053334670638296,9.32039474427389,0.03,0.9232109954052162,-24.274569947187526,13.938747262438008,0.015,0.7433063413643246,-35.33819078680615,16.27067179404352,0.055
0.7917763826078676,-17.32035445259475,12.873727259658988,0.035,0.9823894646158284,-20.19501726172993,8.730321413380562,0.04,0.5382109724298709,-21.64034087437806,13.057018494299111,0.0225,0.532578845406817,-29.96435576030816,15.123724223729404,0.0675
0.9864413059278574,-15.252968310320249,11.789058589927112,0.0425,0.998941221657268,-16.88504270751185,8.14634880851597,0.0375,0.9610233807184594,-22.528801047842677,13.309012118368525,0.0125,0.8418612272462946,-37.135354930448194,17.326673944643645,0.07
0.9172913031793792,-25.76132498453761,12.05537694474329,0.015,0.9919676531517292,-26.604614690697566,6.93266536434453,0.0125,0.8101865647920847,-33.40877510330522,13.301684085401693,0.01,0.4486555422654872,-42.47423821294085,17.780827583270586,0.025
0.5653312851595462,-15.146426612851018,12.327362315368925,0.0375,0.8981233114837727,-19.16308586621032,7.869997967281864,0.045,0.3638439569542687,-20.610533349282782,13.645983637599407,0.0375,0.0952343986730963,-26.834161244365973,17.836582843279597,0.075
0.9874174117161244,-17.598053995619367,11.6810093902971,0.0425,0.9981978495422719,-20.076124447371747,8.971447056513984,0.025,0.9840189142927385,-25.85637407742955,14.08688062905112,0.02,0.7849798548361342,-35.69057761878222,18.90240080254521,0.0675
0.9580380005543667,-19.974326871556233,12.54883933148301,0.0275,0.9926401957011184,-22.491062479697142,8.598315989072695,0.0225,0.9435766158278456,-27.4281456860109,13.660771631709403,0.0225,0.8537502127371557,-32.979995347742175,17.977017086384286,0.05
0.9971745933225536,-15.740153844099847,11.549308072706117,0.0425,0.9986101540268588,-17.827287094372547,9.162213447568742,0.0325,0.9965537165770848,-24.06081040647248,13.971827573891252,0.0125,0.9562025720295207,-44.52767978591895,21.98865877083083,0.065
0.9525269714736939,-22.291335073743603,12.361929751951823,0.02,0.9955073539880742,-26.24959754024009,8.107372379201816,0.015,0.9065655479004933,-31.05841935672684,13.472639783380437,0.0225,0.8733881181025743,-34.31187188207175,17.09200225220215,0.0475
0.9247597230743808,-20.392386624980855,13.04609971608215,0.025,0.9999945513013574,-22.116006646008408,7.778208343765591,0.02,0.9899082156542605,-29.914868134823543,14.570281213810643,0.0275,0.6650058682576458,-35.04208975396666,21.438084638609112,0.045
0.9831456338857104,-18.2701111411188,13.441638498138657,0.03,0.997700415593984,-23.786980106816205,9.427400211935344,0.04,0.9982809293863176,-23.09169112696637,14.439075118145608,0.045,0.9610946155631822,-25.821217871151617,17.141107545636192,0.07
0.978688847907514,-12.94198870623499,9.744896301085502,0.045,0.9999999590514268,-18.26774169072265,8.780469724204838,0.07,0.9999941677990856,-19.324917448264777,12.929130829966304,0.0475,0.7877209203087842,-26.910631183437346,16.6368661886608,0.0925
0.7666324286703778,-20.228131608750793,13.1953986512917,0.01,0.9340475501488226,-32.59379737559432,8.981228372334511,0.0225,0.7044740601001691,-29.073094269688504,14.399666246061749,0.0275,0.6069823918356543,-31.894843215615644,18.462218982743615,0.05
0.9833448416900106,-15.737286423771323,11.05332515555314,0.0425,0.9941490353096093,-15.943659851912681,7.1497779587228605,0.025,0.9745114000862682,-26.532343936876472,13.558989578181421,0.025,0.8450715287883874,-36.10292961512446,20.00295685302727,0.065
0.9523009496452852,-18.579503127766426,13.2800056898344,0.0275,0.9941745114436584,-22.61487472205645,8.911241230964787,0.04,0.9626515065045246,-22.358024875935577,13.758655007369043,0.02,0.684907956344248,-30.56323719064936,15.037529731473091,0.06
0.9831459580379858,-18.36387304069152,10.781317731595516,0.035,0.9946672552607322,-19.31437086659863,8.78958665416821,0.0275,0.9804688330001688,-28.599974956146493,12.707627786375353,0.01,0.7545842799734501,-43.02912846011338,18.016551779873623,0.0525
0.9345853133386222,-17.070853049922576,12.204262624916776,0.0375,0.963379621904186,-19.630154839321214,7.53941032659496,0.035,0.9219712108340556,-24.08534984817996,13.817961384142306,0.025,0.7354865310533464,-31.18683983478882,17.906166839410808,0.065
0.808420427279656,-10.016068205513722,8.624010904251508,0.0475,0.9145518674612952,-13.928096293617608,6.8465240894677954,0.07,0.6576546052893691,-17.458377428863592,13.090261533116998,0.06,0.6974880072037799,-22.078150812456137,15.725352048124252,0.0925
0.8718131777654469,-17.257303832433003,12.753623577749677,0.03,0.9314791796387891,-22.068333312734964,8.302141422948388,0.0375,0.8376019068481833,-23.13814638815832,13.141213082105073,0.0325,0.8342360330154515,-27.368495918242193,16.842117573773905,0.065
0.892132998750245,-20.567646060104266,13.402986629576983,0.025,0.9415726434144867,-25.624176640768873,9.496156489086072,0.025,0.854173250300172,-26.239660883811986,13.853234284322738,0.025,0.890168764078061,-29.962435035115632,16.600157826357226,0.05
0.9758693862287857,-19.330082444812355,11.774389483645779,0.03,0.9978527148969663,-20.98733714987754,8.423928152032586,0.02,0.9484488843008778,-27.867785428099147,12.952894464072063,0.0175,0.7676983257972892,-32.14947391672623,15.451794082067847,0.05
0.9806238481457556,-17.889629986308563,12.03659181632222,0.03,0.9939282409008816,-21.408444714483203,8.876629705385948,0.0325,0.9720810809984528,-24.6349652228136,13.72398370642768,0.025,0.9465484461359408,-29.526488425086136,15.962888477275415,0.0575
0.9412449209732809,-22.75195031905927,15.078111466682067,0.0175,0.9923244020178041,-27.31660363250508,8.250226375519858,0.0275,0.9505280787845889,-26.42141607318175,14.175085952485155,0.02,0.8624708686078628,-35.81894167744224,19.04351465843302,0.045
0.9621173037485381,-19.660282250639618,13.358481211125198,0.0225,0.9947791684277987,-22.481896513239732,8.220396876937977,0.0275,0.942219193837565,-25.810873221371587,13.953255296880545,0.0225,0.8925858793146606,-31.77864150932166,17.109078183827542,0.0525
0.9080911790860449,-17.910444493364995,13.417459903553992,0.025,0.9896163242836642,-22.032961066382647,9.04229485550103,0.0375,0.9340055076381312,-22.105668116591428,13.483747610351635,0.025,0.6321160277445261,-30.933530090064167,17.5567971984128,0.0625
0.9933055816724767,-17.555267401741343,12.615756972408633,0.0325,0.999375117628615,-17.427496773834676,7.491060980341102,0.025,0.9852200409610371,-25.510373985842648,13.385417763962774,0.02,0.9533046531391816,-34.876903994275715,19.908764793425,0.055
0.8720212621411888,-21.802551703645182,13.453721768049105,0.0175,0.9996711545614827,-25.555908188836078,8.078155935553454,0.025,0.9735176463959242,-25.943184570251063,13.270636568279453,0.025,0.46498898634184344,-29.406234486013425,15.353755888291962,0.0425
0.9837101384807958,-16.579417226005972,11.600193400916355,0.0325,0.999153832926038,-17.936046958707855,6.96537986594339,0.025,0.993764810897142,-25.114716399803044,12.767634268875778,0.025,0.9133079320345,-30.51408637082968,18.446977021815723,0.0575
0.9957234708778512,-18.19160129537204,11.142576824653826,0.0325,0.9994182163071781,-18.67840435864533,8.098062989571677,0.025,0.9964246904213794,-25.850938773676976,12.65326267664186,0.015,0.8933138853261304,-38.29871384333113,18.723594854840243,0.05
0.8398590194839055,-25.72141465986745,12.832038381698704,0.015,0.9200376429629171,-29.110059850290263,8.622713598348,0.015,0.7550049950051367,-30.8712788034819,12.781928457730713,0.01,0.9413517227222208,-39.77808425938562,17.878589534304965,0.025
0.6658660510172646,-21.880885906228325,11.672710637530914,0.015,0.9028660023687124,-27.087668970985906,8.89814821863365,0.025,0.3972641670080399,-26.649570973980147,12.99402631456309,0.01,0.2821960076363995,-40.748069241978335,17.74447565107969,0.035
0.8092519829666216,-20.57198383507813,12.715193394533493,0.0275,0.9425954391453434,-23.7442237201644,8.27636172229009,0.025,0.5885306019522332,-25.212613771714274,12.80961230652051,0.015,0.6275442872042097,-34.1479560381611,15.663160066759222,0.0475
0.6402237658303448,-16.795264718586044,13.00032132194749,0.025,0.7574091071584693,-22.28521066558755,8.786899783426675,0.0475,0.5003661199942818,-20.67192372367022,13.3046048793267,0.03,0.5611902822275128,-27.41259130845137,15.791488440235877,0.07
0.9180455581942266,-19.301584463588885,12.718574458396203,0.025,0.9861561955238296,-22.982804150290733,9.39342717721374,0.0325,0.8584243685132447,-23.141644781575295,12.465378825324327,0.01,0.6445848004106056,-38.38196397977005,16.006477214891856,0.05
0.92550589587485,-20.92362622195676,12.54451310859138,0.02,0.9869492049156662,-24.371896077317587,8.828537515576265,0.0275,0.8919258423170771,-24.07221286168227,12.45669363997312,0.01,0.528003914038501,-37.97318057974037,15.924380069552342,0.0425
0.864343925354542,-20.49135726668035,11.47607191920758,0.025,0.961752063097415,-22.00608046298879,8.339992622827006,0.0225,0.651969537862874,-27.296362559457325,12.878423556068057,0.01,0.5134967780890294,-41.599689831489,17.118063628375147,0.04
0.8933765654984321,-21.64571418192837,10.78313134802794,0.025,0.9807304227881282,-22.869036091617424,7.896766541212622,0.0175,0.6927898848063432,-28.955692775601488,12.61976216231779,0.0075,0.46205771478659863,-43.30804017357883,16.615082790775038,0.035
0.8903343642556735,-20.227881222838345,11.497323703184518,0.025,0.9789446422010236,-21.227528406726645,8.289040452926482,0.02,0.7297674701449721,-27.720492609850304,12.695615112598444,0.01,0.5770043660389729,-41.01616546123368,17.391784484033252,0.04
0.8203283748338914,-17.78609048202912,12.067489177419944,0.0275,0.9175837214058427,-22.335547812134944,8.724632026533227,0.04,0.7130900510410563,-22.0322772475079,12.581382424763994,0.0225,0.8387325812443152,-32.68252909614208,16.12875988875043,0.0625
0.8819561394746538,-21.98451251691224,13.61393839756158,0.015,0.9845957635137224,-28.637004204593495,9.409322501586422,0.0225,0.8691042112203153,-26.82129980082979,13.730867986961098,0.0175,0.7232751768521064,-34.38463015199666,17.34058470791176,0.0425
0.18434286426004196,-13.381637847549555,12.406074911674514,0.025,0.9749673435458298,-24.305409257820564,10.647499999899777,0.055,0.6020387213408422,-19.575013585506117,14.239138707612014,0.075,-0.2041166561799215,-21.17627186711279,17.176584883030568,0.1
0.3704143469460184,-16.712798512728316,12.475057436410982,0.0125,0.9786881512477588,-29.010775240584824,10.251484576889627,0.0325,0.4788261976666935,-23.426118608618037,13.181400911680228,0.05,0.2799006594704849,-23.95597100059921,16.28041262033959,0.0675
0.7854529516425943,-19.6024956030712,14.612658082431228,0.02,0.8976269146069711,-30.49054492571904,8.829436902449089,0.0375,0.7612152790084661,-23.667564987796204,15.52725490618712,0.025,0.809340396450341,-32.374617790927694,19.13655524883267,0.06
0.7883071144227294,-19.45022283445701,14.695774451717336,0.02,0.8983819273190919,-30.29505230052756,8.837635394683232,0.0375,0.7616458884543018,-23.43839645613448,15.539233518084336,0.025,0.8201367354240133,-32.284114319849415,19.31280290879376,0.06
0.9381997247441196,-18.71670863179325,13.16610269601309,0.025,0.9973923793685964,-21.383432768593742,8.613676420273707,0.03,0.8606890595409623,-24.57753932664735,13.512993406261897,0.02,0.8206832239018751,-34.144129403928574,17.531572004190544,0.0525
0.728108641734249,-18.555578351190253,13.952051401210356,0.02,0.9966798639256548,-24.132890869341814,8.808428938086308,0.03,0.5124908730899317,-24.45855090743457,13.662568113099471,0.0325,0.5828331026557285,-28.53806387775609,17.157332066745184,0.0625
0.7865377021354326,-24.189675223897808,14.864682767534813,0.015,0.8963205596423244,-29.56198164409549,8.743328026332598,0.0225,0.741923655620196,-28.98933163498132,15.273597443255404,0.015,0.7657570854371516,-37.508782457632336,19.02588920600695,0.0375
0.7913595342702398,-19.0307512164376,14.326139845542851,0.0225,0.8996891270528461,-25.950223503647884,8.65953508798442,0.04,0.7526932313687986,-23.673245913786005,15.755562538470514,0.025,0.799872538052589,-32.27473403683682,19.21225653631763,0.0625
0.9771481619069572,-21.33487230109276,11.994626580187592,0.03,0.9844327795519724,-23.475130214505747,9.673504655054492,0.02,0.9606779246985288,-27.181870813606828,11.578980288819285,0.01,0.836889727152226,-42.00914308135111,18.118600137441963,0.04
0.8722184270524396,-18.89031982343388,14.40895042301527,0.0225,0.9472898648485012,-23.63252133530397,9.325507421678173,0.02,0.5638160275753079,-29.663068963638892,15.184974075847379,0.045,0.8381615976737218,-27.696121520112,19.92059737568688,0.0625
0.7597833872119456,-19.91706496670381,12.343490388272173,0.02,0.9922765697284236,-23.46475764884508,8.253816601771286,0.0175,0.1448662959086266,-32.71224743149248,15.497185166880476,0.0225,0.2542239649188766,-35.66792864121045,19.211692033598545,0.05
0.934211484220542,-22.77745955806412,13.416961973603293,0.0225,0.9881534047372784,-26.242723936480154,10.514051234890065,0.02,0.882473511513937,-28.05097239766241,13.888173047638144,0.01,0.6303591893567349,-40.65218182924962,18.441227577066464,0.035
0.8814830899390199,-22.99218728488521,12.796927531566215,0.0175,0.9447941175340958,-25.335889037702604,9.344334138009916,0.015,0.7764866072422635,-33.13502034489906,16.144510027984452,0.015,0.7948053438754538,-38.53367000650277,21.2858749223366,0.03
0.9577835426956417,-20.21509772058577,12.880714232620488,0.025,0.9888218760602439,-22.355885557055924,8.686968541591483,0.0175,0.8734426395446087,-30.958013055787372,14.51328887335178,0.0225,0.8155170178769062,-34.728308326307165,20.3275833427222,0.045
0.54489242976655,-16.51217051644426,12.602648756268184,0.0225,0.976214834179456,-24.26354898370555,9.186958399846386,0.0425,0.2293282532249304,-20.81287548124464,12.784616088454417,0.025,0.25550317927312,-29.77347668132733,15.684734575414698,0.065
0.8308130852670789,-17.629535583400887,13.428315156352635,0.025,0.9779081582824416,-23.94689808730854,9.760761802684426,0.0325,0.6012303176519108,-24.008115281825468,13.81052477281242,0.0275,0.6873814761238067,-29.15764490118875,16.85124211359291,0.06
0.7653812962453541,-24.086941273634196,12.751956384370562,0.01,0.8935038642704922,-31.70235545118642,8.666583600616294,0.025,0.6804905855408558,-26.28979793447604,12.746299387970602,0.01,0.759788304122792,-40.879964919155185,16.432652673143856,0.035
0.9503192147473174,-22.01580928893626,14.39914319507986,0.0175,0.9888669655452188,-25.38081593657394,9.623927384126029,0.0225,0.953546127915606,-29.18334437371496,15.816653199298436,0.02,0.8182324121479971,-33.572662622727414,18.40598532497339,0.0425
0.5372412637019353,-24.733926680137778,14.144254641194625,0.0125,0.8950387862023355,-33.69484960649311,10.340686206240097,0.0225,0.4465330740102894,-28.718582158648648,14.02103067616137,0.015,0.3311020931091076,-35.04850297303416,16.517297850147287,0.0325
0.4098392933690439,-21.76575002176098,12.702654049468489,0.02,0.5647239294498301,-26.37874714154428,9.465347560736928,0.0225,0.272869035882867,-26.63797004239797,12.789340154943762,0.0125,0.135784150459682,-39.56236519952146,16.851135216116816,0.035
0.9598022185475668,-15.929835460258563,11.663498523270617,0.0475,0.983508338193971,-17.742921941929165,9.244819999069847,0.0375,0.9114546401626615,-24.482480195610272,14.815550299109109,0.0125,0.5883702881829549,-40.77251761510023,19.56024190166425,0.075
0.8987969689846533,-21.503480606633477,14.374655293633186,0.015,0.9860759417897538,-27.777944775421943,9.729014890570696,0.0275,0.8784356704323962,-26.24623326226256,13.536250397727128,0.0275,0.6664097359094207,-34.08406103473504,19.89682680880015,0.0475
0.8908879483277854,-16.04086805584054,11.97090135063278,0.0325,0.9090221752386188,-20.15671596855961,9.418440545733397,0.035,0.8824742849211075,-22.22227769381615,13.01005294697372,0.0325,0.7819460215582593,-28.003763743246587,17.063788688527193,0.07
0.9160513001661064,-21.19245716540968,12.831302462214316,0.0225,0.9641456990868993,-24.444014219046906,9.535084613510428,0.0225,0.9520994265643562,-26.389978896081274,12.713950903709122,0.015,0.45155738760126607,-39.11113416538784,19.355018703112385,0.045
0.845146294827676,-22.67039584006682,13.24635428013162,0.0125,0.9933501081510864,-29.130273850595483,9.608841788478902,0.02,0.9125443831494412,-27.935444418064996,12.622068253914328,0.0175,0.5670356615633062,-34.6191759871343,17.425398174102625,0.035
0.5216493129999001,-18.26117035346356,12.316823859547096,0.0275,0.6487940224055834,-21.68084125792588,9.165211062635365,0.0275,0.4720468985443979,-24.119137753446903,13.010566207260368,0.0175,0.2167493086156818,-33.995725177206296,17.82628279078873,0.055
0.8178743641002101,-20.640105737223653,13.821809664770026,0.02,0.9697778542296228,-25.78324804524423,9.419663735899828,0.0325,0.7764053169364898,-25.12107295187299,13.749116069738276,0.025,0.5296443033486203,-33.2810548353399,18.610026259460973,0.0525
0.7806318717538694,-13.069349754765463,9.076889509873848,0.0425,0.9016429377096667,-17.007843542288143,8.419818796657346,0.045,0.5932648064642237,-21.07490606192973,13.637101753364652,0.02,0.2985886771197927,-32.82623061256981,17.28491503011287,0.07
0.5817225583062207,-21.254874168973775,14.338400229711944,0.0225,0.6708843156640434,-26.27937281498433,10.33260375785814,0.03,0.4488422499940012,-25.816131713132712,14.295450474611757,0.02,0.5225002757478316,-34.76650222631519,18.347001385184605,0.055
0.9222802101594936,-21.769325755915496,11.830435121587188,0.0225,0.9637260540155822,-23.05734126384467,7.519611580193626,0.0125,0.7137698101706856,-31.78711696971048,12.510251080664553,0.015,0.8237607468408067,-34.73940940785219,17.50578108039927,0.0425
0.8355336513031199,-18.80545132380849,12.83217501311307,0.0175,0.9696264910636442,-25.440310441187037,8.548536044708385,0.04,0.7674135899129377,-21.83940340493842,13.282730772420607,0.0175,0.8131241570295475,-35.95706506647571,17.437106008301882,0.055
0.9264516222855261,-24.146825625669504,12.762714090902975,0.015,0.9952684503900153,-30.771126879704735,9.52803764904732,0.02,0.8668594248131194,-29.01355177588653,13.544478520738664,0.01,0.7542336798043188,-42.74290331434227,17.84932839930609,0.03
0.8576710335798295,-19.55478374606868,12.943362249376346,0.025,0.8821266716868567,-22.789973917739022,9.410123066003866,0.03,0.8430720267776,-25.96933659792189,15.215686257158474,0.015,0.746211422063805,-36.96512432677936,19.667730282786728,0.0475
0.9069868619511202,-15.272121736713773,10.503393426305932,0.0425,0.9862582541871028,-18.221835788183935,8.468456357085369,0.0375,0.8041915405627957,-21.665212409538604,12.35859968637552,0.0225,0.5450140540202981,-31.872729610280686,16.106148786525917,0.08
0.7941381639053601,-21.721100181582912,15.174366915015687,0.0125,0.9225135117062189,-29.456725608695464,9.239815853784952,0.0225,0.7861720284629604,-27.079431993976712,14.010944767461702,0.03,0.5935141338980412,-28.324549523622952,16.56329800553639,0.055
0.9683330931403376,-15.410627850367296,11.04074902792992,0.0375,0.9825069761988996,-17.823571400539336,8.26171813313168,0.0325,0.9460566994719748,-25.600495174073806,15.682591164676593,0.015,0.940748190632882,-39.01554879865688,19.68897825877675,0.065
0.9801066917731036,-25.448237725468463,13.663514743055735,0.025,0.9932373172554484,-27.259277880040543,9.991013791885509,0.015,0.9790444662097656,-33.662688697545946,16.10092595468122,0.01,0.9241129576469516,-49.1890858656175,21.771600881758157,0.035
0.733431681580817,-17.353517693817754,11.198866457721369,0.04,0.8797880129167497,-18.55296986433362,8.540920022690154,0.0225,0.18835795038842557,-27.674587074901165,13.626047994999947,0.01,0.1182228981524695,-40.54039999551489,17.09903437442871,0.0575
0.9538619439219023,-23.06457127213553,14.17583740083116,0.015,0.9888728991438935,-28.147947482906744,9.173563754381211,0.025,0.9676254751799174,-27.9727414298276,14.436523999557881,0.0225,0.8980752199894639,-30.971883572019593,16.11050204949071,0.04
0.81211730179318,-18.596400728442077,12.299640280932344,0.0125,0.8135648507339193,-30.250869155891436,10.426461030469355,0.045,0.8522315459477738,-21.38137471232898,13.335659467578255,0.01,0.6434236167414502,-38.109315745159165,17.089543749834224,0.0525
0.905974001211262,-22.630897144972714,13.575396328414861,0.0125,0.9311684367056579,-29.7656872909496,7.666372825990983,0.025,0.8981550591848044,-27.21787831313796,14.60113917833036,0.02,0.9030990005220917,-34.75670987405579,18.237551400080587,0.0425
0.9714707723965227,-19.747352979477935,11.727841315712478,0.025,0.9925450280596324,-22.45340345024221,8.29557859136004,0.025,0.9321534176886512,-27.55376706786354,14.017672154348478,0.0175,0.945505001217712,-35.169295148681954,17.6861381148831,0.05
0.5501431119131686,-20.974611265562384,13.244980156971115,0.015,0.7128137364062654,-26.98362350349635,8.488596168557251,0.0325,0.46002915158862,-23.493095121240373,13.43473843279903,0.015,0.6599305745081776,-35.08584350152609,16.57459504264546,0.045
0.9308584119144543,-18.617851488680863,12.544888011684954,0.0175,0.9727675522437018,-25.981026391727482,9.661430497303835,0.0375,0.9046529054526288,-21.153125460127463,12.773493114989051,0.015,0.9587027976701901,-36.619458627021196,17.48336364411935,0.0525
0.9393334532533413,-24.3625444150883,13.302743218546707,0.02,0.9931176194272664,-27.917898179238104,9.366759459772858,0.0175,0.8579547909972576,-30.345357009393904,13.979345079375506,0.015,0.759955107990831,-34.98658795047878,15.879056904054655,0.0375
0.7500652821170947,-22.77745955806412,12.659260506145152,0.0175,0.8923252589280076,-29.495366567063023,10.087830837913064,0.025,0.6760010533396433,-25.896720356453923,13.077087043164596,0.01,0.6276865816931481,-41.6054054895594,16.777753636470436,0.035
0.9463325059405464,-24.90085076164345,12.889451516406917,0.01,0.998005233820788,-33.061047723807725,9.072020668674623,0.02,0.9449934459388484,-29.233511234004265,13.226012539976525,0.015,0.9405487579747702,-35.253303570966324,16.240974548416418,0.03
0.8399486778501442,-26.127548264377403,13.478773421150503,0.005,0.9994125649571708,-37.63201420939959,10.24461569902,0.02,0.8042621970119894,-28.85393434941518,13.266638848348425,0.01,0.7175106241674232,-39.71563506137932,14.90831482927173,0.025
0.8285759083472132,-16.374883080516014,12.781177462810607,0.035,0.9890342796445788,-20.533106413283008,9.122678443467963,0.04,0.6942283492751621,-21.40155935143177,13.099557231617142,0.03,0.2882718964741904,-31.4670510761548,19.33391690318973,0.0775
0.7744022407982151,-21.07002879511912,12.53023533325294,0.02,0.8853400033696402,-25.8494945984258,8.931051963229393,0.0225,0.6198046476075633,-26.876613843873415,13.425599198324946,0.0175,0.733120590453585,-33.00093845229097,15.514707232036129,0.045
0.8298936524392513,-17.020417912974132,11.320357684322476,0.03,0.9976831916243164,-20.61427516668521,8.36271173166627,0.0325,0.6603836421815287,-23.81481725339785,14.31666797939187,0.0175,0.4134355588416246,-36.34958150665104,18.88221887705372,0.0625
0.6483454165134996,-19.66155602783681,12.206467696460265,0.02,0.9625591607455171,-23.957645484675695,8.16116449676093,0.0275,0.44014871860914706,-25.124854820253525,12.959601776517111,0.015,0.1411412538668996,-35.428701197276965,17.04782545244256,0.05
0.9535269143664667,-20.88609939598169,13.095617606385312,0.0225,0.983110181003346,-24.437622048988477,9.624884892817896,0.025,0.9551509779288744,-25.947168651430047,13.437260067445388,0.0175,0.8558876447093284,-34.71836457913912,17.851691735758777,0.0425
0.9968992441650772,-19.96904187568768,10.920639466125078,0.025,0.9995131160797963,-21.036100195730494,8.831647783102188,0.015,0.973714463000132,-30.664328335994508,13.722531004525168,0.01,0.9658879866110227,-41.31190928964538,16.925856764002436,0.0375
0.9438241369761685,-24.379392858498612,11.065308576454,0.0225,0.9813218738730987,-25.442584868483852,8.349591087542573,0.01,0.8434964721734651,-35.886664982588165,13.810988780765694,0.005,0.6785568507169745,-47.21477513264833,17.69702940434435,0.03
0.6798789136590686,-20.69792678551798,12.462482058759102,0.02,0.9281260916617567,-26.395698865185608,7.898468120376233,0.025,0.2907668516562655,-26.638262441507425,13.67493579416062,0.015,0.5870913640646651,-35.21929084439216,16.053332823975836,0.045
0.9257494015250236,-21.83001996898872,12.453731604183876,0.025,0.9462257900425354,-25.276564385179427,9.590363107088576,0.03,0.9464701598852584,-27.00948751873854,13.442498561929558,0.0125,0.7448647636294521,-39.35242470408708,18.06444457303417,0.045
0.8754842505226291,-26.00682707813249,13.97940008672039,0.01,0.8769211937015633,-31.791100285636453,10.90966031741159,0.02,0.885772970393892,-33.46899679363291,13.97940008672039,0.015,0.9668596732418541,-40.06407037420047,13.97940008672039,0.035
0.9502225998323668,-19.598053115661,12.288592365628192,0.0225,0.9860028960312256,-22.00572146140321,7.896716257768997,0.0225,0.9025754757494427,-28.53365095875604,14.248769946557992,0.0225,0.8981056148883608,-32.51108217078339,17.392650106102636,0.0475
0.6298511389998598,-15.736064506447164,11.970399188577698,0.02,0.9006590596322352,-24.448698325880557,7.870319162095036,0.04,0.45768988354505413,-22.641069837880814,14.53811187184792,0.03,0.4568195492296774,-25.812563175541865,14.838258636469893,0.07
0.9326318048502384,-15.041188450820187,11.533742608789368,0.035,0.955135835495909,-17.887444858145145,8.725385766485388,0.0425,0.9248008293284506,-21.34141213638646,13.9619924751272,0.0225,0.8133482226610629,-33.361511959587475,17.504871537890544,0.07
-0.2091183239069149,-24.37615329374074,13.123235395396216,0.005,0.7430841740367662,-35.97037950714046,9.742119324723888,0.0225,-0.272357838049962,-25.87785788132288,13.297159759704954,0.0075,0.0396787834016562,-44.23625724489108,16.634447767461097,0.0275
0.36396454567588465,-23.03299978961217,14.03182227253173,0.0125,0.9142934408195449,-28.719883680368383,8.278278851872345,0.0225,0.023315148974699697,-26.524986515552,13.41303956128087,0.015,0.2376912286701059,-35.52269703097713,17.028917594489407,0.0375
0.5384573393318794,-18.940270410856648,13.158886389496333,0.02,0.7479190395106267,-24.472681429715657,8.835342928590553,0.035,0.4482761142441779,-23.417402015956398,13.331522998977775,0.02,0.4256677536713731,-31.48010837363819,15.649638314476816,0.0575
0.688041037948657,-17.5752297401287,12.972626982131267,0.0225,0.7113422261105127,-23.815511671156337,9.070645915303064,0.0425,0.6264521930860478,-21.207163847291444,13.43581314889621,0.0225,0.5575305149428601,-31.473259540897377,16.32735343206073,0.065
0.935480071510891,-23.68141672159637,12.337309025488809,0.01,0.986072399810463,-29.968986308438144,9.513436758836704,0.02,0.9155723034555604,-28.38060830986772,13.676568756344004,0.01,0.7781386908046225,-40.04247918995364,17.517052869453895,0.03
0.9455841707966892,-23.398041420585894,13.75452958058753,0.0125,0.9903360784500574,-30.88444375050001,9.199460852410663,0.025,0.9369590618663959,-26.332392117630434,13.349881055870018,0.0175,0.8468201807316169,-36.04791178433675,18.100832394070935,0.04
0.953369339789064,-18.18946170635747,12.339938818595527,0.0175,0.9739236752797196,-29.203832111482217,8.64766623145811,0.0375,0.9545626519157396,-21.66473461055752,12.856705976013236,0.02,0.9024436348592388,-31.00747062612005,15.671638838688612,0.055
0.914151927156845,-20.38398264303865,13.645916657100667,0.0075,0.9820215637835759,-36.29088473853296,8.512167247792924,0.0325,0.9121395525022908,-22.82948633277981,13.003384712537212,0.025,0.8564176074491188,-30.81483988488627,16.079559171329542,0.05
0.7611738264024732,-26.08918551465954,14.156891710489049,0.01,0.9941806149935174,-28.56557516771737,8.50859377063951,0.015,0.5776841599084022,-30.217530446852933,12.868162210473852,0.015,0.1943204312654534,-35.22042203880147,16.059567243312294,0.025
0.6786231666932449,-19.432053979143387,13.555234081559645,0.02,0.9092197798624628,-26.44591450263507,9.880881339678815,0.04,0.5084996705501353,-23.402509054853837,14.22558985811813,0.0175,0.5806621562843212,-33.6641592733878,16.64556987416923,0.0575
0.5221673711819377,-16.366739331585784,12.027543786401242,0.0275,0.932553745943832,-20.320621326053903,8.382535372581899,0.0375,0.12486807422477025,-21.01327285807977,12.38658541801879,0.02,0.1202120080745914,-32.28442550290333,16.973917109436215,0.0625
0.7166253433261258,-18.391361865770385,12.35625606539917,0.0275,0.9123243369198639,-21.15560583496436,8.707934030717144,0.025,0.4869752231372879,-25.04086920794169,12.754060836134386,0.015,0.5481916164797271,-34.686895086523364,16.373087587880608,0.0525
0.863075054713551,-14.828556539868934,9.482454299862468,0.0325,0.8928067590354654,-19.26272038735136,8.610153346552465,0.04,0.7384566688206106,-21.11885286472969,12.932725169690896,0.02,0.600539269029179,-36.18532543841542,19.19069833665969,0.065
0.9614745957793904,-21.410258681171666,11.556097648320204,0.0175,0.9775647073602326,-26.46562767338125,8.688275608598243,0.0225,0.9503720250875176,-25.353338795317228,12.3148476841588,0.0075,0.9336532689569712,-42.14645652341624,16.800713684160044,0.035
0.5562122733202006,-22.88919413763655,12.654400101261004,0.01,0.8947839074368698,-32.61036063528718,10.474881366668587,0.025,0.4110248314181286,-25.870091846850077,13.415517339626799,0.01,0.2173692216481797,-41.370447943135034,16.055688087738794,0.03
0.951157437035227,-25.51974025198083,12.65519486396228,0.015,0.9993875708377382,-28.67854439922023,9.121207870331997,0.015,0.9145558691986322,-31.35892060790153,13.862008196346588,0.01,0.6942996461641737,-44.73980556560272,18.65796140273379,0.0275
0.8159216839972723,-22.10737866651978,12.627562895513586,0.015,0.9713724647231324,-28.74947040905643,9.988702510439278,0.0225,0.8654414190345319,-25.989213737494374,12.007484957286675,0.015,0.21640329595827815,-35.39372859456533,16.65039135368317,0.035
0.8832651571473342,-24.978429518449538,12.9896160870598,0.01,0.997560112189706,-31.991635782475,9.792750001845244,0.02,0.8600484095971308,-28.055785207777152,13.125859233476296,0.01,0.2546603420378183,-42.543341542539366,16.95212176436867,0.0325
0.9624897755890446,-19.500522276798257,12.317575485897592,0.0275,0.9990742174802592,-21.47477759065024,8.16199305598477,0.0225,0.9856180160439668,-26.054095473101363,12.70495481026106,0.015,0.8004128382849286,-35.46549946158029,16.95439048708343,0.05
0.8992507570385179,-27.177019083495466,13.401628880371712,0.01,0.9853748167289877,-34.99510509096221,8.999511123654163,0.015,0.8680263803807831,-30.30610779378236,12.935343349712511,0.01,0.8700181917540877,-39.62894968678529,17.42616480241319,0.025
0.8430097420749205,-18.87831582876185,11.455569871798387,0.0175,0.9205006877483028,-25.695029287048165,8.260026297611184,0.035,0.7781577291007116,-23.076426073764196,12.822859805240503,0.0225,0.8732629920550712,-29.63646348902928,14.556221018717105,0.0475
0.8825877250908917,-19.3732116665692,11.681473805047416,0.0175,0.9562043767787906,-25.97466534350479,8.825617765797269,0.0275,0.8427991376053703,-23.90695223077914,12.236807623150412,0.0175,0.8461838790866384,-32.34087482934979,15.489717930111697,0.0475
0.8739947946280725,-22.05172345287553,13.035994479013231,0.015,0.9067252791007318,-30.79975272935006,9.127901631281356,0.0275,0.8254834841234449,-26.208628253625832,13.881850666852014,0.02,0.8379799601579409,-32.14598297540932,15.235187363541112,0.045
0.7523532663763253,-17.625501263942354,13.303264001360834,0.0225,0.9281196531511736,-23.162081058728734,8.288319232814207,0.035,0.5854930249270806,-23.19568326886693,13.08697187251727,0.03,0.6809610374091504,-27.17022062875404,15.68229051592159,0.06
0.5080607954271898,-23.779044512274602,14.313447241245557,0.01,0.15359075445030018,-31.37996090640157,8.44321192954256,0.02,0.4571746796765399,-28.445484766225327,12.818686362118296,0.02,0.8113676834039709,-31.40026772601921,15.601545150863979,0.04
0.6579744094372214,-18.81281658309031,13.137196065035932,0.02,0.6942798244374822,-22.326314189504505,8.16933351048407,0.0325,0.6147264589742492,-23.186490620945957,13.312079818153578,0.02,0.8467036833139217,-32.937179708890234,16.40700237345918,0.0525
0.6347209152068243,-19.895459090291567,13.9444439938301,0.015,0.6257139791059113,-27.15440882298099,9.95841290303462,0.035,0.5329459220840319,-24.65021136938713,15.0281799377443,0.0175,0.7815923160968603,-35.454428292589654,17.854310426518367,0.0525
0.991314666932414,-18.34846106779571,13.397871858793003,0.025,0.9985540773057546,-23.407352471730167,9.374844490361504,0.0475,0.9888495377991839,-22.465122779656348,15.155718739382518,0.0225,0.9546966303048199,-35.571881688752164,19.439026254962236,0.0625
0.9385579085182048,-16.188868527740524,11.040379249153908,0.0325,0.9828740121002488,-16.72713169120127,7.097494297404116,0.0325,0.9114499789255603,-24.507546161132847,14.052491360055729,0.015,0.9125489887028342,-37.644007314488924,18.333646853222234,0.06
0.8914149403122786,-22.060772214208733,12.618723865195062,0.02,0.9758553884870144,-26.209962873792,9.382883352213303,0.0225,0.6645525497491372,-29.019035535086942,14.076558336027874,0.015,0.7826367045506014,-37.560495375161736,17.037425097714657,0.0375
0.9688478900184613,-19.25320169533872,13.7459253268106,0.02,0.9996959892846276,-23.135364779843567,8.530778559965894,0.0275,0.9469199911947239,-27.483464960254214,15.61535214009497,0.025,0.902307946008255,-30.993615964219035,17.45680819267737,0.055
0.9483423744449394,-22.513789137984816,13.015549918358744,0.0175,0.9850784447672456,-27.1929308884124,9.647634858219078,0.02,0.8450262578416612,-29.317235498525203,13.929978649597,0.015,0.8963810329123842,-38.06018596703381,19.216992671014573,0.0375
0.9552627343235768,-23.05007018848187,12.960076655998195,0.02,0.9940100652483128,-27.23496988330831,9.35897983028909,0.02,0.8850009125769228,-28.77250827312561,14.229746901783072,0.0125,0.8462643547758527,-38.79552890508922,17.505945378402835,0.0375
0.7961041427853397,-20.63155008251849,14.599471585211441,0.0175,0.9572513169330221,-25.183726413612895,9.250992480664506,0.0275,0.5880363352415865,-27.178557585628724,14.79045340648511,0.0325,0.8378543708507977,-28.366004007431513,17.243050765080127,0.055
0.8828152850509383,-20.697362962610978,13.68427027936543,0.015,0.9887509422817808,-28.65889868533085,9.21220271719046,0.0325,0.7800341541411652,-25.704923628952745,15.65547074444683,0.02,0.8372171320218748,-32.64753880681018,17.158875441959957,0.0475
0.9447676786134416,-20.173487967061487,14.06854398564801,0.03,0.9958859943882603,-21.517273970463712,10.120222975828199,0.025,0.8760953297458455,-26.644490464843024,14.410941172302554,0.015,0.7287548177860745,-35.209805552812796,18.032989813842683,0.0525
0.9543696858693672,-20.257152693058053,13.977293668751756,0.03,0.996775968380003,-22.093599935913577,10.560824202832949,0.025,0.8856681476072727,-27.226096170984743,14.387696494225397,0.015,0.7891764561682054,-35.385597328777166,17.906447535060543,0.05
0.8895734382348559,-24.455572566492542,14.52859071556912,0.0175,0.9797683486003059,-29.366181246226674,10.168809286510239,0.02,0.8311244424992319,-29.216116685053443,14.749071201399142,0.015,0.6599813293649475,-35.8501668788289,17.02467491645111,0.035
0.9099107148842713,-21.545049672873738,13.49991809508429,0.02,0.9820250920497082,-27.905915528294003,9.812854968073214,0.0275,0.8379672993677965,-25.896766259518238,13.804063117728498,0.0175,0.796099512930246,-33.035774383036966,16.597762551986335,0.0425
0.7607439055524299,-21.716332060369844,13.593520187906186,0.02,0.8100143850947666,-24.7805120777775,8.575250011603703,0.0275,0.716498808664991,-26.56404771192669,14.6406559390899,0.015,0.6607111308802467,-36.12715829741027,16.39153307179195,0.0425
0.8842350908452572,-20.696665618247316,13.191862093571352,0.025,0.9845916793655606,-23.84840326853167,9.630257705712243,0.0225,0.8018460329052761,-27.384879219398854,13.19144519674264,0.0225,0.5732046864717952,-34.00208937753186,17.979724856326715,0.0475
0.6818148506649424,-23.539868827102257,14.296171700437114,0.015,0.5721514677956542,-29.76626910872488,9.608597280910292,0.0275,0.6330664963293123,-26.60777909243851,14.547891336103914,0.0125,0.6391119162685132,-41.22228860279277,17.96431874088657,0.04
0.7044828230537241,-23.893614132420623,15.160240426243828,0.01,0.7074046957660185,-35.964722696091734,10.41104538060906,0.03,0.7208680556065639,-27.66405367147574,15.436696731545187,0.015,0.5958968203384626,-40.579880741618936,18.912559565642525,0.04
0.6127194448758508,-27.269172956360748,14.543276464969775,0.0075,0.7492195687038752,-35.10559842135334,9.665524603265242,0.0175,0.47635081636967347,-30.69227959075753,14.701144415323988,0.01,0.5127900514537826,-41.16026457560875,18.3231968735558,0.025
0.4874005342546061,-22.04768387000012,13.15391978144384,0.0125,0.7588253444117626,-28.84497014672942,9.3543806224993,0.0275,0.3603615193661776,-25.36867942679804,13.62946091559681,0.0125,0.2606476807315285,-38.532899390012034,18.118109377995538,0.0375
0.8112930254285354,-18.423358122958238,12.479596222905128,0.0225,0.9862742120839572,-24.851044333223427,9.605330195198258,0.035,0.7096698693537624,-24.0861825272317,14.29207120756664,0.02,0.4126456469658812,-31.970396881834446,16.355099882370588,0.0575
0.9481284689217389,-19.366449762182604,12.898898874812048,0.0175,0.9987416023729114,-25.220911840319467,8.885849112881072,0.0325,0.8928217888558772,-24.39990356982081,14.317850869707875,0.015,0.9482473105720097,-37.07841708111527,16.912905475961065,0.0525
0.8144765041096786,-18.559269390975075,13.892902350806503,0.0225,0.9848252405419592,-24.55198927776725,8.863655335390916,0.04,0.782577402846738,-24.04194652180709,14.588780369703008,0.025,0.5645982214396699,-29.910137169819325,16.344484760144013,0.065
0.970323782174746,-12.61762240082769,10.30447975283226,0.045,0.9929591204349518,-15.438423385904432,8.0861228866102,0.045,0.922928532771497,-20.06902271781864,13.122796067087636,0.025,0.863173670265611,-29.30567553536294,16.005632090294117,0.085
0.46845204300470794,-17.938345200460603,12.549871374264882,0.025,0.49900502073257547,-21.894059888988618,8.96871282101967,0.0375,0.4387704027101656,-22.07851218789861,13.224036440837349,0.02,0.5060469402849708,-30.2651762459773,14.958251622174902,0.055
0.5339150911951809,-18.10964435169293,12.403657733445138,0.025,0.970626048744877,-22.11312077663972,8.065029497115091,0.03,0.2058104700832307,-24.49629681464573,13.105512471150146,0.025,-0.1756416824462696,-32.996640048154205,17.34077507001276,0.0625
0.9266546817865093,-18.983785295397112,12.966342250533055,0.03,0.973807789739987,-22.998251286287278,8.880966329505334,0.0275,0.8587781935930652,-24.999024891639827,13.591136453918688,0.025,0.8973384941605973,-30.417529396733705,17.268967878878975,0.0575
0.8792217909898885,-21.304196667487112,13.999763477329498,0.015,0.9272546434284237,-29.034633027163633,9.866900914224242,0.03,0.8424642933194648,-24.876596414188448,13.177060693073631,0.0225,0.8557630989364818,-33.80825997413491,17.974369727554652,0.0475
0.9408669173313866,-18.398814307327378,11.916443261550176,0.035,0.9856561952271236,-19.96916736881408,8.977639757154405,0.025,0.7808503663396518,-27.962068269557637,14.366508043736228,0.015,0.6858972071133823,-40.73902908650878,19.802294458961907,0.055
0.8740146896101808,-17.948036764952505,12.252137007803622,0.0325,0.9303012851017308,-21.27049917289872,8.86152607493215,0.035,0.7417323562336712,-24.457443101321697,14.482710428498772,0.02,0.797961494243527,-34.024997406725234,16.868472679186695,0.0625
0.8970500152305075,-23.273072561253887,12.522684181511062,0.02,0.9233916583389586,-26.36989847621745,8.79878654682604,0.0225,0.8581513002684641,-29.582820196141352,14.853699405451874,0.01,0.8807844812500911,-41.75369127413522,19.223202890957445,0.035
0.6675479179625619,-19.547166872320304,11.759296607963861,0.0175,0.7639817668801385,-26.59418636577299,8.532130738822882,0.0275,0.6677042926791558,-24.462441258453595,12.433424368763212,0.0175,0.3705299507504266,-37.15739757196373,18.113031551605907,0.0475
0.616412112635678,-18.81133608950193,13.011064257697775,0.0175,0.846895161173839,-23.784231805975196,7.457907347870084,0.0325,0.40836819439552574,-23.93670310400819,13.845397533615767,0.0225,0.6963805678881123,-32.69462983998983,17.425881728875897,0.055
0.8277668019660791,-22.972804940015603,11.806432391968356,0.0175,0.8673625629943038,-25.505136663359103,8.439031706804869,0.0175,0.7356952693231124,-29.448803481137944,13.424661923924209,0.01,0.9009264190243492,-37.94314491279424,16.517682715233008,0.035
0.750154272432938,-15.504114147301069,12.052355212734355,0.035,0.9795717536633199,-17.257695077946522,8.04801160397108,0.035,0.4411934874204231,-23.982136913684478,14.064656544602318,0.03,0.4061837419606386,-28.590535404651547,17.141790169306372,0.0725
0.8419841458041014,-19.413920629838493,13.99218648901369,0.0225,0.9850811804141565,-21.396116078946857,8.610045474300664,0.025,0.7347579535796006,-26.197717177371622,14.173351970147635,0.03,0.6982332432024776,-29.808804551923274,17.821377081905396,0.0575
0.7439356194168629,-22.902970450252234,14.208237896667082,0.015,0.9979033745848325,-26.903260514507494,8.314817889176073,0.02,0.7260034759105825,-28.77227948709307,13.999519143959255,0.02,0.4488685039004297,-33.174198576521746,17.28282510487417,0.04
0.8541266730606412,-16.918298890738335,11.959565113830159,0.0325,0.919537977065621,-21.17641412850829,7.797754895942739,0.04,0.8161449690425142,-21.105977403895643,13.003367755022298,0.025,0.5513382785492404,-31.132230928342267,15.747726420890235,0.065
0.8838474896532101,-16.2309228414191,10.98987432644461,0.0375,0.9225897853453835,-20.293420625298825,7.514473994512896,0.0375,0.8426724467986967,-21.93504919127076,12.981389269371975,0.0175,0.6623740178133648,-34.71186182629695,16.340003814921257,0.065
0.8422687598973,-19.368326441031897,13.023368036835977,0.0225,0.9377950250251927,-24.45613347975435,9.00011808866185,0.035,0.8237925022515195,-22.913172234956853,12.937205008178154,0.02,0.736840883345699,-32.45063269532625,16.022036567502468,0.0525
0.7361494088194068,-20.60040025168448,13.561480593435016,0.02,0.963693079250208,-26.605049465591257,8.484020362039848,0.035,0.4508252137882497,-23.44054124904419,13.100488302897102,0.0125,0.3706625497635741,-39.47490754310592,18.97761480802052,0.05
0.3250599897904516,-26.82763667172743,14.7755755147084,0.005,0.7767434593809006,-42.57711020894463,11.266443824034297,0.0225,0.1702685865281301,-28.692856833279066,14.009466722854789,0.01,0.37332490425953957,-42.82380278377763,19.442581992714075,0.03
0.4444965655216815,-19.272776884175784,12.75001758042275,0.025,0.608518048239615,-22.944657144610407,8.816351463460668,0.0325,0.2691790583221045,-23.51919752884624,12.69364933079753,0.015,0.4687574803546864,-34.046119209035425,15.709666215233206,0.05
0.6478008182854491,-18.876675066402363,12.458156764234662,0.0275,0.8792991386428134,-21.453972821685703,9.460859493140642,0.03,0.4197059301701988,-23.82784462062048,13.03873851400417,0.015,0.3952952013046256,-36.946484631058006,18.432091368152143,0.05
0.7780015551750995,-18.89856972837625,12.25900906665234,0.03,0.9075695067112004,-20.750366640443517,9.50261770195316,0.025,0.535421389011822,-25.34591986794429,12.781142143581992,0.015,0.5328046066795572,-37.76419232402692,19.52785853246364,0.05
0.773286811789652,-18.435967144766277,12.327894067863104,0.025,0.9226523877207816,-22.613031269798288,9.401444692011593,0.0325,0.6163496408064444,-22.581524929303235,12.549815674964409,0.0175,0.576377297013313,-32.917197294273805,15.778158187631028,0.0525
0.7054663538322057,-17.777944214710416,13.000087357125906,0.0275,0.7130981605715472,-22.264911798374065,9.339786793636325,0.035,0.6512742656856638,-22.646767947211305,12.86249101694108,0.025,0.6925791144287937,-31.037574805235483,16.6488206346692,0.0625
0.5833036579665432,-19.175254398614566,12.00084590155165,0.0225,0.7223833758948524,-23.08279410050367,7.792392026674084,0.03,0.42458163950157596,-25.0026440413439,12.867744132079558,0.0175,0.5650607725699501,-32.74846250978898,15.339877130863073,0.05
0.6968502600522706,-18.649470375499895,12.096530665060923,0.025,0.891303855901454,-22.531653536340635,8.669536329711121,0.03,0.4973211138575301,-24.169248254824755,12.524470922150716,0.02,0.531340334219429,-31.41347915923845,14.823655201506181,0.055
0.6491771734652614,-19.07712858439765,12.686242117143479,0.025,0.725515186980628,-22.122074234328707,8.658343368046584,0.0325,0.5395998568196823,-23.843088275780744,13.163617936314042,0.015,0.6290887067486186,-38.25621694119885,17.23009851838252,0.0525
0.6691498982890931,-23.614615668112464,14.59706645648168,0.0125,0.9049871799093427,-30.454290565905588,9.942270693962762,0.0225,0.5121336718943348,-27.985332273581065,14.108280314151497,0.02,0.4618267456624875,-34.80231188568652,18.10739600407436,0.04
0.9311212367337708,-23.333242488065046,12.914234276130578,0.0225,0.9808863521266206,-25.905046358180623,8.968700272488896,0.0175,0.80269060469993,-29.557190136337745,13.558091389760229,0.01,0.7317458504686698,-42.98142305512077,17.44751041967833,0.035
0.8913199860375465,-20.55688240341525,11.50743013303492,0.0275,0.9763448544096252,-24.210773828154128,8.372139149783902,0.0225,0.7632707237953013,-26.225279520503413,13.02939765642084,0.01,0.4358786365474502,-37.20177256093376,15.395096871028212,0.0425
0.8863340892211165,-20.49297965897725,12.99878271690146,0.03,0.9881734472578452,-26.293759525497343,9.286551466550009,0.0275,0.734911359535279,-24.48694335484006,13.42360457111011,0.015,0.8653373705373736,-36.94520920639158,17.331529871458645,0.05
0.9580563721779296,-22.464983083150138,13.159550963726913,0.02,0.9925983782270648,-31.73089501346621,10.120691063692584,0.025,0.9138826746430692,-26.476166333151625,13.621901324568656,0.0125,0.8181695656226792,-39.22137214301011,17.254023428903956,0.035
0.9297169561957552,-21.937736295127877,13.459055989710562,0.015,0.9969495991114304,-27.382081696989843,9.014280558941966,0.025,0.920001031360608,-26.24406933013721,13.733099777644597,0.015,0.5617568803811092,-36.01803864753491,17.16475298905597,0.04
0.974440564013654,-20.792670438567995,11.978568349753075,0.025,0.9907957328840256,-21.47384636220856,8.900983600823434,0.0175,0.9389358124518822,-31.77478970550992,15.237342379416152,0.01,0.891980751675684,-39.73694511342278,17.464535811115372,0.0375
0.988780895079708,-14.653814846714416,10.382326588653168,0.04,0.9990364115256268,-15.737378863726445,7.03198975500194,0.0375,0.9704877233860658,-22.773881888851065,13.508607195063792,0.02,0.9413772920208764,-32.68306781834225,16.722553532213933,0.065
0.821851372764007,-24.58693071793622,13.688697779097057,0.015,0.7947088194947258,-28.436615747454997,8.751524757387958,0.015,0.7796365518471793,-33.45741185607867,14.45894357624474,0.0175,0.7569815990933273,-38.27997658881658,18.23868307810804,0.035
0.8996115177470723,-22.052897578542435,13.093954939985412,0.02,0.9715677871284392,-25.401191603310217,9.689744189266737,0.0175,0.7369201533567653,-28.720552653340622,12.955349106386834,0.015,0.8616734696602766,-37.001131674680074,17.23365181692934,0.04
0.8785393700933974,-24.34597202813095,14.589540639908892,0.015,0.9496084211461197,-28.10189027915222,8.466223944895653,0.0175,0.8062703000734897,-32.109186108765506,15.162744750490216,0.0175,0.6854612012065651,-34.905670656050816,18.488067152635303,0.04
0.951601447500261,-22.12701065875152,13.278495848006155,0.0175,0.9935457682633937,-27.207624124568248,8.533339432374094,0.0125,0.9545882886923787,-34.0278465201924,13.545864306870726,0.02,0.9090899130900124,-32.718526611382075,17.534125473738793,0.0425
0.9015721334490134,-24.134708791035084,14.381947601207507,0.0125,0.9816680630495276,-29.7258935435026,8.663875549418094,0.0175,0.8757355101773449,-29.357710617392023,13.106779491646645,0.02,0.8739594508199174,-36.37714682962316,18.94675771569491,0.04
0.8762799589947572,-23.84998428733102,13.767631183897837,0.015,0.974540150555002,-27.995972020129642,8.988149439545015,0.02,0.7556034985353008,-29.289177937758645,15.365600925100473,0.01,0.5191167484760002,-40.870320358202164,18.028372866007107,0.035
0.925056988380583,-23.93104440664462,14.613649172238942,0.0125,0.9827740104267654,-29.847878653163782,8.62479849099384,0.025,0.8483001759540107,-28.500201452229327,16.473323359015474,0.0125,0.8101533385195447,-37.89918512344006,16.900709733817656,0.0375
0.9913844924646966,-24.131466605027903,14.1404960291099,0.0175,0.9991514560680096,-29.357869350958147,10.972713746416012,0.0225,0.994258765220588,-31.44231882544116,14.613979709708651,0.015,0.914713297348155,-46.345040721733774,20.884608458780026,0.0475
0.9806685296182215,-15.250368500057576,12.993102744979392,0.0225,0.999998795947352,-23.173701032394646,9.526037555718059,0.06,0.979344510027137,-20.374379231778978,14.551305041823285,0.035,0.8134242934957967,-32.278948134046736,18.957138204228325,0.0925
0.9706293619231874,-20.203698609778986,11.030032502219616,0.02,0.9954008188397684,-22.20308215668197,7.870687055310956,0.02,0.9109607159044087,-27.79118797055689,12.55772566928799,0.01,0.8908829506598913,-41.50009021386354,17.584749176710567,0.04
0.879321364834207,-14.342893058754829,11.497614623406562,0.045,0.9546143677475568,-15.642914876155032,8.620459991635586,0.0375,0.6436843963932116,-23.20436546564381,14.454016421764557,0.015,0.5878526698396301,-35.05000300557511,17.161456583098733,0.075
0.9750545592739586,-18.1690015945531,11.533134599555249,0.0275,0.9955464932103768,-20.928356222839103,7.970418481597044,0.0275,0.932868755129266,-26.15825221428117,12.980309409975904,0.0175,0.91642376142025,-35.32238050733545,18.64842384571988,0.0525
0.8321868523038323,-20.01341397751648,13.328803838684873,0.02,0.98199796344144,-25.544001237637364,10.654190563733284,0.0325,0.7725373531601935,-23.74686144478924,13.330663185842935,0.015,0.6594859736129202,-35.86039439029475,16.913368432593963,0.05
0.8096314410397705,-14.646655949385014,11.419550857156768,0.0325,0.9694599884865351,-17.936360684070042,7.912697488835776,0.0425,0.6144844951928836,-20.760099468518803,12.729967772360018,0.0325,0.5006329657330906,-27.40458888613318,16.11532559165743,0.0775
0.7695543996707195,-24.143017540266783,14.463323175423579,0.015,0.9245427607846031,-30.349549951198384,9.003158393128338,0.0225,0.6520370665399555,-27.803274744116255,13.60692297340434,0.0175,0.569192762802222,-36.765109839552885,17.986453586308166,0.04
1.0,-20.034405659759894,13.129573322518365,0.0175,0.9999999999999998,-25.31385707779449,9.488204785529428,0.04,1.0,-21.73528895403985,12.483918656518393,0.01,1.0,-39.5735881225844,16.79228819230385,0.0525
0.8836249707737128,-26.09714374282222,12.77530954940137,0.015,0.984617024294414,-29.668261089351628,9.955463787694454,0.01,0.9261528283503395,-39.02158410848683,15.53013502662159,0.01,0.5138913780930324,-45.48083922560972,22.563141158610215,0.025
0.8646930012687164,-19.76671646639825,12.017054585952092,0.0275,0.9722406202497318,-23.170734054737373,8.735935871375458,0.025,0.739988880857611,-27.685112652709257,13.387950430342304,0.0125,0.4464690056748748,-35.70559188539678,16.22620927268568,0.0475
0.8115143215933762,-20.248174598333193,14.463550090626352,0.0175,0.9779469598833126,-27.252636597958904,10.00041135236442,0.0275,0.713566094647728,-25.487074483366108,13.9411360336547,0.0275,0.6203714879025094,-28.919032836390343,17.34359453087188,0.0525
0.8329768759706097,-21.860485171770264,14.01176825056979,0.015,0.9846757740607506,-30.40708067630789,10.660963539224692,0.0275,0.8587166367162138,-25.335304425687163,13.356405059093085,0.02,0.4456853929661002,-31.56162215881369,16.740386511900084,0.04
0.9295908576544021,-20.11770257822475,12.86319739751404,0.02,0.9959853886195176,-22.299809225645237,8.173800927655222,0.02,0.9127217284677549,-28.279294377758184,13.681926201092594,0.0225,0.7658209117809371,-33.42225012389954,17.83309421056091,0.0475
0.9162804753530158,-20.508077922711312,12.828136086306236,0.02,0.9952521079289922,-22.712193097119258,7.311259633970702,0.0175,0.9145899991746714,-29.53749926259409,13.403718187605625,0.025,0.7485368123725733,-30.907505686458844,17.027781535715377,0.045
0.9121259161650626,-20.24680996576697,12.710782448182002,0.0225,0.9921970289571136,-23.257394490919932,8.978855024700682,0.025,0.8663803572830878,-25.630384229216673,12.708028782750588,0.0175,0.6961801469488874,-38.8043563474677,20.436010382556923,0.0475
0.8090079522275382,-21.077598043408535,14.959096428545589,0.02,0.9785309410586771,-25.72331421228909,10.226972721891356,0.03,0.6634081158469975,-27.258987357223248,15.416980363457037,0.02,0.6699557067935602,-34.02356636450139,19.71719795908073,0.055
0.8813379149364444,-31.737911992580152,17.108167784968053,0.005,0.9351867596536168,-42.71076143434716,11.570364165889714,0.01,0.8513398961678795,-39.02214108722272,14.975662623714232,0.015,0.8373561208990472,-41.96162482906217,20.594695834092786,0.0275
0.9538584265829811,-18.66527036421658,12.288607420300242,0.0275,0.9898916017715914,-23.067881742890037,9.901639444336798,0.0325,0.925400677925152,-22.85702053869722,12.93643503525545,0.0175,0.8606564416449641,-33.92468802170182,16.526803288652182,0.0525
0.9617371018360078,-21.569956774883067,12.45984244590023,0.02,0.9955037716224708,-24.11750986561762,8.984027274953625,0.02,0.927065423211627,-28.710401400185503,14.01477503522125,0.015,0.7770701310991286,-36.279049479086,16.851246523276924,0.0375
0.9562850269028764,-24.71047798839931,12.149681042264326,0.015,0.9989675188424229,-26.34780584666003,7.607995996475617,0.015,0.8340983179031817,-33.77273012579099,14.696021239321094,0.01,0.7632219677854235,-44.58045434701462,20.540312898116973,0.0275
0.9509522128979572,-22.61303519441705,13.30670067580243,0.015,0.9864848416803162,-26.25292370645732,9.365177192729035,0.0225,0.919235084724412,-28.667361245730145,14.312474234572685,0.015,0.8828737203445696,-35.27203073363634,17.308195623452697,0.0375
0.91617801447699,-20.61446261322112,13.738909714192111,0.0175,0.9559080377259428,-28.508693410847357,9.275067936196889,0.03,0.8327928315514653,-28.580189849979124,15.750853860086696,0.02,0.9104330941583092,-34.188808666269125,18.50712069948286,0.05
0.9653556881448659,-21.806711953651288,12.956580717622904,0.0175,0.998002901781175,-25.861019931291725,9.774562432441623,0.0225,0.9491186972576764,-25.366178833559516,12.247507123912417,0.0125,0.8817604302908433,-37.27833335987656,17.595265877526728,0.0375
0.944650606560317,-23.01021261192458,12.702568287045152,0.0175,0.9989615964795939,-25.343474394636615,9.484619501108249,0.0175,0.8820114997027662,-30.195848492329347,13.539631720405573,0.015,0.7892400417901541,-36.2010040912122,17.0044503075733,0.0325
0.975095841323112,-22.3599014085384,13.665627495055874,0.0175,0.9966937635448208,-26.032355844607444,9.21120960602699,0.025,0.9617422065851857,-28.83501645520346,15.080932412653098,0.015,0.9526399099825067,-38.668887991012035,20.025727672195657,0.0375
0.9602139002141188,-21.185508913294065,12.150345774778994,0.02,0.9936049099477622,-23.982738494348943,9.205413204552325,0.0225,0.9295682669616188,-26.819819988431885,13.034899165227838,0.0125,0.8631080955852634,-37.03742624878989,17.408449777321096,0.0375
0.9158551442913105,-21.131365121613438,12.687875146336168,0.02,0.9965883928713484,-27.693407675649585,9.585268041740083,0.0275,0.8565355497128092,-25.098220712446647,13.31388848433781,0.0125,0.8012055049425901,-37.687096103740004,17.13029493982608,0.0425
0.9635807337245726,-21.43245334457012,11.756921090433996,0.0225,0.9834648932382626,-24.23467189277888,9.06246444027988,0.02,0.9433039078371704,-28.555270578508992,13.92234665110332,0.01,0.7589828589338953,-45.74141847264762,20.27650987215742,0.035
0.9495581745367296,-19.901988199696433,10.622804541639471,0.0375,0.9760215094603986,-20.993016987532595,7.244674555888812,0.01,0.721268144399569,-36.62554589599114,15.595943420921833,0.01,0.598749643927301,-40.23455840150659,18.54738044610615,0.045
0.9257678473829142,-23.27444614064489,12.71268420609535,0.0175,0.9841005310352786,-27.91533238547837,9.12047550610544,0.02,0.9280505520861378,-28.652307898486477,14.036885734551516,0.01,0.8015608181050767,-39.76082837276304,17.042976313236167,0.0325
0.9732017661357737,-19.756896861700383,13.332563497492886,0.025,0.9969482911516072,-21.851832318532182,8.09454767414043,0.0225,0.9532345665482388,-28.630272950813186,14.69757573807754,0.0225,0.9630571846279633,-33.62636126983921,19.419007511206797,0.05
0.9459474160232136,-22.325912020030025,12.889384778471594,0.0175,0.9868314917233288,-25.374041453382688,9.568368807265507,0.02,0.9320932232298956,-27.77303207285332,13.399139570537006,0.015,0.8423550922021411,-34.64755158894186,16.68958548038943,0.035
0.5200775499327939,-19.58796563248642,14.23027853721621,0.02,0.800036642840393,-26.48505194606132,10.159936059407386,0.0375,0.30659940373910444,-22.56343028159143,13.508254051568292,0.0275,0.3232098210661004,-29.88021441284439,17.277933119581824,0.0575
0.9716452878028704,-17.269989319913286,9.9625858564298,0.0275,0.9974364910397218,-17.995513880760427,7.137310470397992,0.015,0.8989555218083716,-30.152905179824785,13.757441254333639,0.01,0.6175831179500667,-38.58783221476614,16.628607136113274,0.0425
0.9826058932678052,-22.65952216840255,11.23451691570888,0.02,0.9973823553315382,-25.28742699752786,9.10113579845832,0.0125,0.9300937453281652,-32.80402520436739,13.056351595373403,0.01,0.7963706901951141,-45.39199679007032,19.97117721033572,0.0325
0.9022705478496196,-21.70104687145502,13.472618682481224,0.02,0.9819532220591852,-28.92143936182814,10.552679954235588,0.03,0.8906104803535113,-24.900371301042075,13.040848304010972,0.015,0.7847134464101355,-35.42931629562322,16.518357412907715,0.0425
0.8582179312820717,-25.683855317077455,14.807804183105072,0.01,0.9346285873728442,-33.70663771783645,10.335363584159495,0.025,0.8844078291139978,-28.09396869889121,14.195388260467043,0.015,0.6805195810327581,-38.091488193403336,18.55147073591224,0.0325
0.7190553463099967,-25.13757390361704,14.433645985554248,0.015,0.724955297814257,-30.838376944941604,11.639308449475188,0.02,0.7858611825878363,-30.029062450452713,13.679300279622911,0.015,0.7196120968477223,-35.497381099589546,16.63620335889226,0.0325
0.8773651608704376,-16.241451328947363,12.648383120326805,0.03,0.9834274566600996,-20.63098477632124,9.227416707042075,0.035,0.7754151670357681,-23.048368004481816,13.055710413025828,0.0275,0.828433562778475,-28.49437601389981,16.653709593259478,0.0775
0.9399792499975992,-24.96044873906932,12.882266723226486,0.015,0.9995290790821324,-28.89041657465008,9.131363645911224,0.015,0.927973609920352,-31.5148838375218,13.328521764048208,0.0125,0.7819416701898794,-37.99846436726813,17.613250649075802,0.0275
0.9425103163721974,-23.73529219850699,13.02802153748124,0.0175,0.9995005915231784,-28.330077571202985,9.249898899551368,0.0175,0.920609542423404,-29.14382781490925,13.229302463412587,0.0125,0.797221569957125,-36.81322510374004,16.888781453284956,0.0325
0.8106999226933367,-18.12885620713486,12.69616018573042,0.02,0.9953330514976048,-24.32561651514045,9.151547060417856,0.0375,0.6251879085070857,-22.344227866580347,13.443328484690973,0.02,0.6318898132856903,-31.4594846153855,16.506249801245268,0.06
0.7116705828787542,-18.845762596410225,12.675373884633583,0.0175,0.783389378345825,-26.320393411697466,8.942755123417248,0.035,0.6465045271466037,-22.639226394551315,13.000993796497841,0.0175,0.5408661136382528,-31.61177197653672,15.582523464520564,0.0525
0.6522697872001707,-24.78969742731357,14.22818994506935,0.01,0.1340890449865935,-35.12920597699412,10.222501724517066,0.02,0.7049027624577098,-29.15731321057449,13.557639219841558,0.02,0.8779268308602834,-32.08263142508217,15.954837948576824,0.0325
0.9132178359330242,-24.665596288326665,13.905129382410069,0.0125,0.9962154037141309,-30.352896169109368,9.184667396611072,0.0225,0.9233452067100193,-27.89913030747931,13.230960710166046,0.015,0.8399993490021482,-36.3573873979228,17.00370481047165,0.0325
0.9883950302407978,-34.08097466983644,16.473171019833217,0.005,0.9942503170454691,-44.14088530354388,12.386222715945035,0.01,0.9777617014849249,-43.56072611532233,18.222448112649552,0.01,0.9611796830190656,-50.37447613806454,22.975670682559972,0.0225
0.8944459517872666,-19.275120396649864,13.730950788942948,0.015,0.9824959722514376,-27.286014825266328,9.4768643646846,0.0375,0.820405136229162,-22.177030799835823,13.518543885117095,0.0225,0.8554344912474771,-30.77315815114023,16.98002701702093,0.055
0.8642247329025687,-23.862349663855444,12.12459016749263,0.015,0.9720905461609224,-25.642462368236444,8.328145633428331,0.0175,0.7211025610467259,-30.47279172462723,13.97940008672039,0.005,0.7215357878492978,-44.41118095683769,17.821087847723923,0.0275
0.8974699438994751,-24.81119894817341,12.161335681995238,0.0125,0.9821034540875412,-27.216931067130684,8.028302092357709,0.0175,0.7940055206337144,-31.06579400577053,14.06529557442449,0.01,0.769970755242988,-42.31600417111825,17.896433826181642,0.03
0.8331724564040311,-24.492730672488268,13.231075095392729,0.015,0.96578539968024,-27.70285448286975,8.990202440687902,0.0175,0.7081800922038716,-30.98285564362996,14.712820884346748,0.01,0.6469505039183925,-42.38295637772835,18.803155726343242,0.0325
0.7536910395953071,-21.963960817749218,14.191028864386416,0.015,0.9190382481367196,-27.824978170931214,9.28073524248766,0.0275,0.7143092841449074,-26.49534715572454,13.912994344571729,0.02,0.6390424395766682,-30.240677368167077,15.927891595308495,0.045
0.8885131887068839,-19.277559568193357,13.37079736040759,0.02,0.977127181901438,-24.922254917816367,8.7502934967181,0.03,0.8744055834859747,-24.74268415329322,13.470631679572602,0.025,0.7777866456157123,-30.107600674235815,15.92427190739442,0.055
0.9549450105016087,-19.49740436910527,12.078986116657763,0.0225,0.9985938776981154,-21.120924842721266,7.396219954800858,0.02,0.8587275067785982,-29.14545701870937,13.57602674740846,0.02,0.7820939003643961,-32.52884996885386,17.26783968611501,0.0425
0.7322930981831807,-26.872284348569373,14.636236904833176,0.01,0.8644044627228359,-34.23349875929357,10.519404689299016,0.0225,0.7409933773230916,-29.99704722910135,13.557452246906337,0.015,0.5431171853461413,-36.53746610055915,17.595252221791206,0.0325
0.8131684976034326,-24.177084252042032,13.625575438413922,0.015,0.9446589889268016,-31.91058000193705,10.195878066998528,0.0225,0.7198660894446003,-28.91530478453736,13.736776173189119,0.0125,0.496383464744497,-37.4950799109575,17.300321195137826,0.0325
0.9073039665039748,-20.202038530156862,12.666767828353914,0.0225,0.9818157819636544,-22.42415956005557,7.882185617380554,0.02,0.7938807011225483,-27.53523544564417,12.929246623869204,0.015,0.8473890187465727,-38.40792091610263,17.982036794471313,0.045
0.8129283088592772,-23.28037407948823,13.711074014761737,0.0125,0.9913288657469514,-28.938298737805628,8.884815285125534,0.02,0.8396083983573075,-28.96291682126478,13.404775655580998,0.0175,0.5338630547155787,-33.02297931816697,16.806333507875788,0.035
0.8898425269226041,-22.84103996844076,12.59900439428565,0.02,0.9807454882620392,-25.33250595716285,9.55833897635013,0.0175,0.6557218759864085,-31.01632670045273,13.871800969762834,0.01,0.449312139570254,-38.23641499315685,16.85046617986021,0.035
0.7718379134847064,-23.857382917290252,14.012609676035773,0.02,0.9449878283157769,-27.142320705531077,10.199784737702803,0.02,0.46803087011152184,-30.885034460281375,13.997471423881217,0.015,0.3815397167978275,-37.39429739724552,18.46132535130289,0.0375
0.8734761509052993,-22.65785226101864,14.087742527300612,0.015,0.9965319400734952,-28.846117086581593,10.556935576194789,0.025,0.8147295511018942,-26.907482607167168,14.134541471507575,0.0175,0.7396071730519092,-33.83375272250299,17.05690733556059,0.04
0.8018746878862605,-25.032926073194485,13.562460552846062,0.01,0.9823087822006366,-29.839034544646356,9.44762713197721,0.02,0.8117551820226064,-30.606202928265105,14.384188829068512,0.0125,0.4847216240870762,-37.31246436455715,16.78764247977201,0.03
0.909274589131342,-23.00117881608541,14.318021919975903,0.015,0.9964791735750588,-27.27836550037346,9.810863704402148,0.025,0.8552771764106034,-28.07256815271427,14.357488499155632,0.015,0.781757371211179,-34.822767079433014,16.9447257472523,0.04
0.9265139584593531,-20.29466633630068,13.311815335881306,0.025,0.98094165488921,-23.470406323313448,10.558283808260391,0.0275,0.8634371246026082,-27.75272393443819,14.210040522329567,0.015,0.6806351556194002,-37.4828047921198,18.770408474364856,0.05
0.8969359993501654,-18.492162003562303,13.522201336684102,0.025,0.9948238678458734,-24.78653189658438,11.72674409955138,0.0375,0.949603461100403,-21.796210819016125,12.726538809413643,0.0225,0.3416179544227326,-30.66134493243533,16.357309460203382,0.0575
0.8204287942322738,-24.620384022303966,13.41251213491174,0.0175,0.975378471909112,-26.68558238227657,9.425655812998206,0.0125,0.5951555868091186,-33.50277428497056,14.25550884883225,0.0125,0.51545735840286,-39.15395724720695,17.406393579375415,0.03
0.9022823139680236,-21.563502750991887,12.782846002910198,0.0175,0.997457512023729,-26.48786770526696,8.89522194382189,0.0225,0.8528101478229526,-27.38170832567132,13.2378006410121,0.015,0.7936549054604253,-33.97592206806022,16.461807927158542,0.04
0.9042441057772911,-20.7290165441216,13.07373880612776,0.015,0.9998132437108516,-24.056597605488093,8.973885506233634,0.0225,0.7842933163185556,-27.04687672570508,13.517525913343494,0.0175,0.7532307104753877,-33.69592672089507,17.189672166695175,0.045
0.9214696155899132,-22.82870478962774,12.309816472296347,0.0175,0.9852499959257498,-24.753379208153223,8.339974261640423,0.015,0.779312835222288,-30.327904582357657,13.182406445657058,0.01,0.8688265616876655,-42.72468142707737,17.877956205771405,0.0325
0.9047128369830506,-22.648038512930047,11.734474236525564,0.0175,0.9845629657909312,-24.34103065893128,8.199495466568512,0.015,0.7312759642158322,-30.93674574386238,13.000177606875464,0.01,0.7493590666811545,-45.25184456203275,17.762149302542248,0.0325
0.5113411701054165,-27.196981118189456,14.212327610035956,0.0075,0.5908195344060416,-36.49619768162224,10.101230916345198,0.0175,0.5333451876629642,-30.2163614015628,13.837074610968168,0.01,0.27654397930485575,-38.3883871350085,16.943467836489077,0.0275
0.9029543601626326,-19.30353458107946,12.636480189802413,0.025,0.9546315380155409,-22.07348302236815,9.26915407184344,0.03,0.8478617049402679,-26.699930332007945,14.679235030537363,0.02,0.7930967811286553,-32.374642167961895,16.40577787187577,0.05
0.8633397114135509,-20.866647560132503,14.078520614651508,0.02,0.9840468954580706,-25.16906792977522,9.17786828755155,0.0225,0.8846707232170152,-28.59924885377865,14.254657183370956,0.0225,0.7160261978473941,-32.23742662788154,18.156007788934115,0.05
0.9395740981124587,-25.234237830877014,14.129227596129525,0.0125,0.9930776256621856,-30.887634573406807,10.126663807356044,0.0175,0.8473860336996283,-30.571366719125095,14.145879703525122,0.015,0.9222075035396324,-35.53916816145639,17.1799004121681,0.03
0.8614884548456497,-27.34097910266387,14.690260242201118,0.0075,0.9573898907472574,-39.01473815274826,10.58302373833277,0.015,0.8111334842683365,-32.404555272428375,14.467621310798917,0.015,0.7070282049920082,-36.53968697885139,17.299447360949575,0.025
0.8757792917524567,-26.48512412346722,13.414328223945144,0.015,0.9287428541460088,-30.950408669155795,10.197480920965656,0.01,0.7924184961306879,-35.22354290945749,14.216339899860195,0.01,0.6439640152422446,-39.75836737774938,17.21547182209337,0.025
0.7091765765080319,-25.393185540731594,13.777769807791376,0.0125,0.9654275193519054,-29.53311266267335,9.46852400570555,0.02,0.557322992306711,-30.001516806291264,13.908469985274817,0.0125,0.38666065695123514,-37.90374492696056,17.590059882942285,0.03
0.8918650739279085,-23.62796989225652,12.36837844142773,0.0175,0.9967463358138547,-25.064720140667628,8.435944440909159,0.015,0.7100866735417471,-32.89592957645655,13.23152249146479,0.01,0.4644799822256042,-39.95927885751033,17.783385511285154,0.03
0.909491855598249,-28.894283840311225,15.517757460931573,0.01,0.9913974622658916,-32.27188523576251,11.977518468642522,0.01,0.8630779022755661,-37.19277551291067,15.32345590707535,0.01,0.7829580933918567,-40.28035615738841,19.00063319664092,0.0225
0.8712407147154559,-24.743854985549294,13.86850105477265,0.015,0.950368070863949,-27.91143400914887,10.62792354765679,0.015,0.8267148073486354,-29.308930794774135,12.918686532555363,0.01,0.7422717874908811,-39.52624551605439,18.01555325748076,0.03
0.9310639520313512,-24.692880131321026,14.956401659200504,0.015,0.9868224521157468,-28.73066309054455,10.493399239450138,0.0175,0.8816217719998511,-31.15234449500865,14.81893164716488,0.02,0.8452423726213524,-34.2091989206034,18.034855222753283,0.035
0.8848732653608569,-16.323521700995634,11.81565577136968,0.035,0.9477061417979253,-18.947731750631515,7.936778131221425,0.03,0.6261730106709062,-24.311349023501638,13.500282891221847,0.015,0.8595601509221786,-35.62570379131877,18.639060297672746,0.0625
0.7920392854141526,-22.965406797562625,13.142040728695036,0.0175,0.9236202841399366,-24.73357219461073,9.67396892825499,0.0225,0.6882271318014083,-28.530680686971586,14.489779861310344,0.005,0.1574191993510667,-49.72937280782384,19.372339741954875,0.035
0.9020075547021552,-18.61220146785478,13.028480235033982,0.0325,0.9836192069795509,-20.349301596262748,9.229335850506537,0.03,0.8411174174646454,-25.563697691738376,13.985641874861216,0.02,0.2787443715087897,-33.68977755189785,17.28638812627031,0.0575
0.8691619338095116,-22.21916634402064,14.223382050541172,0.0175,0.9441161984849412,-26.635239340808926,9.789706168690676,0.0175,0.7853174483259457,-32.17387643720576,16.12794365436816,0.025,0.7400115883522962,-33.43986146889335,19.05835124848052,0.045
0.7033058994757757,-28.907385516895012,14.546593273962447,0.01,0.8247616717385431,-34.07444727748336,10.553988465806981,0.0125,0.6474623337227589,-37.90312225163733,16.103051319312854,0.01,0.43092199083302635,-44.61125191453482,20.691751993425157,0.0225
0.8786621727603493,-20.40655728605632,14.438950299968525,0.02,0.9578442710784312,-25.746653726580362,10.308959945238847,0.04,0.859626939623223,-24.090739231083905,15.579702679176368,0.0175,0.7606652206345297,-34.39082494053504,18.84024582969173,0.0575
0.856744962267046,-17.240888885904333,13.871663022923673,0.0275,0.9086394267862935,-24.41055266721217,10.568923977689792,0.0525,0.834560609713678,-21.004366083056212,14.634212560303656,0.0275,0.7618666558426492,-29.972890469813162,17.710014470218372,0.0775
0.9098126361034582,-22.114217812845133,12.608964284918555,0.02,0.9836208230625729,-26.715639089353505,9.22121122408997,0.0175,0.8406168338063964,-30.566090854722155,13.970726610232504,0.015,0.7837167745254161,-36.960984928069465,18.11288845803209,0.035
0.9058544504857196,-20.763678790697305,13.481249126766699,0.015,0.9101457651949187,-28.35256490569907,10.019695257276151,0.0325,0.9077915278333473,-22.85279769573463,12.722508920535216,0.015,0.9081209475278456,-34.80357354899441,17.738983796150173,0.0475
0.9387079803609346,-20.365791188918948,11.87238210756967,0.0175,0.9982945751260428,-26.394209725963293,9.487881636593555,0.0275,0.8850140824109204,-24.656982029700757,12.063217779362958,0.0125,0.9404195172361537,-37.99127226935495,17.111543082995553,0.04
0.9375774591070816,-23.43658381743688,13.629516794888294,0.015,0.9859603414147002,-30.08626256214178,10.580652593625144,0.0225,0.8909486583061077,-27.47903066622696,13.081578201462602,0.015,0.9066910640720894,-37.6446918676988,17.69732299591484,0.035
0.9796703317565219,-26.107983352446887,11.456422174264546,0.015,0.9900627056643903,-28.721720402415137,9.013919232026982,0.01,0.9563718476915377,-36.461761914492094,14.348342855924578,0.0075,0.9733721044807935,-47.366742428909916,19.723659932298652,0.025
0.9292807004031604,-23.03675910135147,13.42032953466352,0.0125,0.9046902315795264,-31.11418322369903,10.071176012152204,0.0275,0.9172739526645416,-25.503250101427877,12.993146824242745,0.015,0.9715246309512608,-41.07980768016287,19.230101563271383,0.04
0.9536417377064543,-24.063140116696736,12.829911365545728,0.015,0.9996628348843466,-26.630182976185765,9.301666089446382,0.0125,0.8986626047886777,-34.288617096520724,14.396831483624872,0.0125,0.6653600246687024,-37.81144266312816,17.29514995745436,0.0275
0.8582440620569426,-24.660101250427324,13.279163714847247,0.015,0.9655545009955562,-30.824336141553765,9.877980305626743,0.02,0.8078963462193287,-28.816964527756127,13.57953477567854,0.01,0.5043640472251205,-37.285442805378594,15.892834286283813,0.03
0.8471630643495063,-20.35079902534171,13.65376111230708,0.02,0.9726695820015864,-25.26826184587106,9.815197477271733,0.03,0.8230788527721409,-24.47401900653118,13.833019395787996,0.0225,0.4865612535325219,-30.709575982108856,16.836774306129993,0.0475
0.837022718479042,-22.47061817351573,14.666238767392295,0.0125,0.9657837645301288,-32.26816863311866,10.825347609458484,0.0275,0.8248675405052445,-26.869277445260305,14.263663582686805,0.0225,0.5822145015600928,-32.56859646181677,18.19102395971169,0.045
0.8801304212755665,-25.34210793260683,11.714021038515046,0.0125,0.9624636740981427,-31.426065273864683,8.705936623284135,0.015,0.8383534913087127,-30.939341403202867,12.420153126181209,0.005,0.8861338744681193,-44.49815387320102,16.027706329747517,0.025
0.6849584075123308,-25.45817155457828,14.754672030054303,0.0125,0.8110573948554709,-29.815539045997316,9.617315695503827,0.0175,0.5879890016064313,-31.60296537289861,14.88517688888241,0.015,0.5308203756993406,-35.747742516113696,17.352408027642532,0.0325
0.8203769126450537,-20.73478358893917,14.819266038133556,0.0175,0.9312214642569115,-27.031652652670104,9.998191377554424,0.035,0.8259458080053843,-24.690539664207257,14.775221551217395,0.0275,0.6322155583702925,-31.65039160089897,18.04268167354312,0.055
0.9826963968347908,-19.641184538843326,11.23058941801941,0.0325,0.9929587993107648,-19.553871130452933,7.598680785521623,0.015,0.961347504936648,-31.16954841827768,13.605616106532816,0.01,0.9526012840350658,-38.72777769854896,17.120079255387793,0.045
0.979747827410192,-17.509313738362586,12.316161645451652,0.0325,0.9893028832461478,-20.510668642940757,9.337371046335374,0.0275,0.9889096130587236,-24.354337975954103,13.124581963882695,0.015,0.9041996381326294,-39.61374113989561,19.072144840426112,0.0575
0.9612459348144695,-29.01640635140879,14.636881664904482,0.01,0.9948297622497748,-34.35432290123926,9.984634335438969,0.0125,0.9424470110835066,-35.436708443072746,14.443019321600275,0.015,0.894945559673005,-37.9417651964564,18.13708213388446,0.0225
0.9259286635285412,-24.533634253052824,13.071895889132604,0.015,0.9603617522785532,-27.85490439762496,10.157767472708503,0.015,0.941604263354528,-31.53864631323782,13.940145952782355,0.01,0.9191386335956756,-43.02735319865495,17.486338257951687,0.03
0.9290526128300588,-28.702720223538364,14.756197095429252,0.01,0.9672554023893444,-35.069191209566846,10.9054930830725,0.015,0.9876676958460692,-33.77762212195108,15.51686307898149,0.01,0.8950419429453099,-43.7052274204034,20.36360380442712,0.0225
0.88340966511295,-20.821759178541743,13.762090609869968,0.02,0.9916175667189472,-23.779291955994942,9.391681798271325,0.0225,0.8593898811296685,-27.335101911169343,13.752697885594593,0.02,0.5565125520369671,-31.637831345276023,16.976845727795084,0.045
0.7249093164409076,-19.45373473512145,13.489255117290718,0.02,0.960860249759484,-24.893349167458567,9.072134927588465,0.0225,0.4836929699183813,-26.885822683463843,12.80434876837002,0.0275,0.5059203842840945,-29.176427733278643,16.720285663615776,0.05
0.764684907947222,-19.793853932577623,13.67088684410005,0.0225,0.9656238304758948,-24.28752031360072,9.213454689322893,0.02,0.5650149806466197,-28.069113566943997,12.972022248375636,0.0275,0.5329074221232936,-30.598382684383783,17.694429897298125,0.05
0.964042995971229,-21.638402328341215,13.60206840151878,0.02,0.9904727921182708,-25.08464358402595,9.053489870367853,0.0275,0.9368362665169654,-26.91765929003214,14.273945698647406,0.015,0.9118566450907245,-35.89799655779144,17.450833734240135,0.0425
0.9639499946919098,-21.58735164353359,13.600337359580724,0.02,0.9904787196077167,-25.056918959366413,9.075341597145702,0.0275,0.9367490476371876,-26.901684292441963,14.252969486054706,0.015,0.9109949886843531,-35.90396751120209,17.512710405171863,0.045
0.82380627613656,-21.89338630822305,12.269219327522611,0.0175,0.9046567973976332,-25.34665898402086,8.318619165544924,0.02,0.5667155391878836,-33.11217650036437,16.09982270162754,0.01,0.5723741481641367,-44.73922481420563,19.332310989992564,0.0425
0.9911057765158273,-18.91449971467118,12.788602546128146,0.035,0.9967888393778567,-21.47784918999603,9.31642323190368,0.0275,0.9788902277055136,-26.60591628194699,14.390762112977292,0.02,0.9776911691456973,-33.611464939712235,17.70697915704463,0.0625
0.9671244846888825,-22.205488446933575,14.98817167456867,0.01,0.9965514889396878,-30.232722207007022,9.874690064397889,0.0375,0.9626682649552226,-26.900537472202785,16.498241386759574,0.0225,0.9402354301506273,-32.829688529400144,18.655651570816822,0.05
0.8690717430010374,-22.704773864962235,12.925045276674684,0.015,0.959364922323609,-27.397530233182504,9.671680171587097,0.025,0.8308874296111496,-28.42354960523036,15.007819030949642,0.01,0.7569208744760374,-41.71928222708589,18.68589222148331,0.035
0.9461254406375552,-22.66217622387108,14.448174986838245,0.0175,0.9996926202053058,-26.28559874765905,8.525639977036391,0.02,0.8907649720101034,-30.636792637688856,15.072897313626603,0.02,0.893939027991878,-32.767314737564874,17.574634102040527,0.0425
0.6801061297191954,-22.308378072457444,12.97037433363073,0.0175,0.9367027993266644,-26.92206910361317,9.978318627791218,0.025,0.5086289659497627,-27.621650305396784,13.691140957479076,0.015,0.133088671152652,-35.25339521338048,16.041436081838285,0.04
0.9265816892691748,-26.777981434622944,14.620369636511835,0.01,0.9886629802201106,-33.52335799199367,11.352538634929026,0.02,0.8940602581118633,-30.075997901629545,14.367985086119326,0.01,0.7403399997035597,-39.572473596997526,18.828965342802896,0.03
0.9024741586618475,-23.68450307877971,15.351220223269513,0.01,0.9548916405983012,-32.81316930113287,9.74538158161873,0.025,0.8811290001325209,-27.807742432418955,14.854681363672096,0.025,0.8756881356569304,-31.360999317834583,17.39239025449489,0.0425
0.9445145225492164,-27.38766497843628,12.984999878321043,0.01,0.9994225738357918,-30.20763383234409,8.634978670469437,0.0125,0.8975682078711226,-34.061662369303335,13.810045790481567,0.01,0.764567235330502,-40.18417164746016,16.5709928869718,0.0225
0.8687575107047455,-22.168625328500728,14.057926523855368,0.0175,0.9938301750004368,-25.468582188038678,8.435228871949992,0.025,0.6935437458264583,-28.312483205926306,14.877043931731798,0.02,0.8021480490600051,-34.10365765373649,18.166280821889995,0.0425
0.8151427499959621,-26.055977606807268,13.34966598589391,0.01,0.9069874219237029,-33.46941177878489,8.663677889314135,0.0175,0.6918457720011202,-29.99455449260315,13.897305517441996,0.0125,0.867227081061545,-38.40721044293403,16.575609243310552,0.025
0.8925646119338634,-21.386025324402674,12.825136092709778,0.02,0.9796600045923862,-23.290028150019474,8.662246074997888,0.0225,0.7448574512850843,-26.246653273252875,13.399766567156583,0.015,0.7480140338705841,-36.81109520986121,17.562841157384483,0.0375
0.9186407775242413,-23.36133298803852,13.175982481619444,0.0125,0.9843590228771536,-30.034595474143693,9.778453816242441,0.0225,0.9417794714235566,-24.987990555146432,11.213099223708412,0.0125,0.681470674703488,-36.71459335441671,16.836034605479355,0.035
0.9101139177589176,-23.69640684664565,14.317287989806054,0.0125,0.92589922767858,-29.85112703234577,10.914055339227891,0.0225,0.9561293990411536,-29.6894753853978,14.818589186901066,0.015,0.881335803641429,-36.5851370426283,18.78552229047798,0.04
0.8732877921244332,-19.757178173174694,13.706969329497568,0.0225,0.9861632270272054,-26.048802119829595,10.20303970619251,0.03,0.9491764023541409,-25.943305702709285,14.229361303404108,0.03,0.5512538804219527,-28.341478471668967,16.181863668380977,0.0575
0.9360006222987249,-23.577353553679412,13.899717420277335,0.015,0.9806696428907513,-28.592248340121923,9.334939331199639,0.0225,0.9428941965180776,-27.767105040921347,13.965596220369598,0.015,0.9269491560192988,-35.83409927184008,17.64140298214519,0.035
0.9234768851029911,-22.73014472692561,13.1855480152803,0.0175,0.9570468865027699,-26.498713212304654,9.600441471228025,0.02,0.9686365048807735,-28.87494392466836,14.375467527015129,0.0175,0.9009095906760252,-34.02418147125756,16.60601372065583,0.0375
0.9403992027132352,-24.3353856604061,14.166846627663784,0.01,0.9722448929509586,-33.818915457443154,9.481068691159638,0.0225,0.9675598150862956,-28.18121979940351,14.1773234882226,0.0175,0.8605891066168962,-33.19484068352157,16.430636711556097,0.0325
0.637555314299489,-20.795254369559927,12.788725523236767,0.01,0.9921343624773306,-31.06798399888884,9.055416119047791,0.03,0.5666025422949809,-23.330699035426704,12.559043545300032,0.015,0.2722790795396169,-35.14519380795225,16.694964386339034,0.045
0.7540066533898357,-26.75436541328949,13.243618928145539,0.01,0.910219451311221,-31.563607197213358,10.03793056884636,0.015,0.66201873876621,-32.19864750604507,14.233932910858183,0.01,0.5589116068625637,-45.194426429758764,18.83343496622113,0.0225
0.8369709767517308,-25.779203275847088,13.549153088402127,0.0125,0.9579892238494436,-29.947959400762187,9.986514997096995,0.015,0.7948454310800123,-31.868460846298987,14.149263109968302,0.01,0.721961851280626,-42.04478120610483,18.79610620296701,0.0275
0.9327504347186336,-23.937655923008894,13.035307324031852,0.0175,0.9422027668811008,-27.992300593585764,9.804815445286469,0.02,0.9435380362685339,-27.75180341593456,12.635450663908022,0.01,0.8069398441046757,-38.73115002961366,16.579780136284437,0.0325
0.8903888383594186,-22.4691372540001,13.04412719960644,0.0125,0.9990516086734358,-29.00187688252645,8.46605001485657,0.0225,0.8153703814134309,-28.11740257475297,14.4464672908065,0.0175,0.8044852820462731,-34.44733707528969,17.00779622118511,0.0375
0.82568668631275,-22.255030303919156,13.505248401718369,0.015,0.9920827487887395,-26.67676783758008,8.954832854304133,0.0225,0.6662899882858657,-27.65458888451319,13.933765199381467,0.0175,0.6739286372145574,-33.46360256139158,16.722167658541263,0.04
0.7963174041330952,-22.160879125315603,13.939002669305445,0.01,0.7466488321059197,-33.504632213434945,11.468382463746945,0.0325,0.774519129594855,-24.12735504959371,13.0180674163209,0.015,0.6813788734001183,-35.353332346795554,17.071364384651318,0.0425
0.8304343919442809,-28.620011224196823,14.345073446755475,0.01,0.7991687561224547,-32.49186599649613,10.334765997419787,0.015,0.8601009251079019,-33.96672687915422,14.574671709301006,0.01,0.8260588946640837,-40.37288514833689,18.306723269440354,0.0225
0.8009407856532037,-14.909642672605507,12.68145909938507,0.0275,0.9819820334073888,-23.229241995095464,9.485117159332187,0.04,0.7594347482488808,-22.077122058961688,12.885254951849207,0.055,0.7126335581429676,-23.80524054009444,16.716374249877195,0.0975
0.8884601324151192,-17.92087048145881,12.812209089867004,0.0325,0.98378744950417,-20.8215916917362,9.13358271295474,0.0325,0.7620047680900124,-24.48164753665719,14.178503298001749,0.02,0.4705630533062695,-31.896099688224187,16.883506087204832,0.06
0.8510421626580894,-21.832320375542714,14.253478970016692,0.02,0.981240047934685,-27.98475228040836,9.7090264989496,0.0275,0.7934436973845245,-28.07821579831918,15.28779765538213,0.0175,0.5686840443765535,-34.00128220911262,17.678443209560307,0.0475
0.8320123294436345,-21.118133533586096,14.117712002649654,0.0225,0.9808669941636284,-27.049016003639583,10.001448826774162,0.03,0.7753130817159832,-27.67125786201592,15.475564760344588,0.02,0.5464434158006404,-32.7715364387434,17.797182616509826,0.055
0.8187899402377496,-21.443704102085874,13.425037468309299,0.0175,0.9295355855459544,-26.186810681037823,8.53366927072604,0.0275,0.6707171072436495,-26.80438395674908,13.733129378592805,0.015,0.752313120959404,-33.72063929434469,16.268635972360208,0.0425
0.6758884007548726,-20.01325236126884,12.330811496297443,0.0225,0.9475354525944,-25.501164029422707,8.624427663117714,0.0275,0.32664450357903707,-25.994001266217026,12.641170702317709,0.015,0.5942339077669299,-36.999196643619655,16.789483775548547,0.045
0.955085052127418,-20.241752676755564,13.080925353196788,0.0225,0.9978299312414208,-22.531347998248357,8.1904709396471,0.0325,0.9105249682329254,-24.52544060046037,13.147351770406956,0.01,0.9476329282005486,-41.51289592177308,18.096504689373635,0.0525
0.9178249926039842,-18.1430417598716,12.796520206846573,0.025,0.984500759212553,-23.206366819916582,9.805740232197685,0.035,0.9246255502215843,-22.844897395251117,13.00006844531308,0.025,0.7493504947333123,-34.66426466680596,18.91044291509559,0.0575
0.9272773690947165,-24.96815850190156,11.805850130420009,0.0175,0.9964381718211928,-28.7341796701099,7.883391350383821,0.01,0.8246252982451997,-36.03354120509057,13.97940008672039,0.01,0.8429746656949698,-39.92392837182885,16.65028026531692,0.025
0.8884371330951131,-29.25921174896112,13.207592230375946,0.01,0.9920766816168403,-37.67319232082414,9.52571219572949,0.01,0.9269478352381635,-37.73307649778791,13.11569258943313,0.01,0.6688902697141119,-43.749222332318155,16.782265564836408,0.02
0.9283540003996529,-31.59748423968118,13.211795539651472,0.0125,0.983703896149688,-34.264890203056495,10.25282497022323,0.005,0.6183387824995306,-43.18894285559698,14.646157241119335,0.005,0.8099470114132372,-49.68739136687618,20.39435590934616,0.0175
0.6069254727203253,-28.97382335598028,14.030522390032706,0.01,0.8508461307462503,-34.553998874826725,10.332083233054572,0.01,0.827346836342,-37.81600641844763,13.712013664004793,0.01,0.4092243008100592,-42.58881995157296,18.332951722340017,0.02
0.974180107840306,-25.281535571987163,12.745304827173756,0.02,0.9988070829296511,-28.128334001493563,9.343394231432136,0.01,0.9468986298489692,-35.1623038642879,13.290967927046164,0.01,0.960773794587596,-40.02293165497123,16.84503095504978,0.03
0.9463132793081712,-28.549015066876954,14.781978582827088,0.0075,0.9905894843047542,-40.78639925646307,9.151120612861243,0.005,0.8042159633314678,-47.713241159316986,16.36880553902942,0.0175,0.8947810299189752,-42.611493521436046,20.546489562804968,0.03
0.9825438273774424,-34.333555387713204,13.288214866161002,0.005,0.9968250335404314,-37.5722828205613,9.397290520847283,0.005,0.9745584422808736,-44.876591624552375,12.634175328886212,0.005,0.8632924547845482,-52.36218460154765,19.72959693539856,0.0125
0.8719392314587159,-19.951890320593783,13.16557070237363,0.0275,0.937434374641301,-24.874023739291964,8.88719429451646,0.03,0.729551342256219,-27.02557919574489,14.60846044008678,0.0225,0.8602887469535705,-31.27369019446029,16.693240124004245,0.055
0.7589910895547939,-27.472479585150392,14.30960818087489,0.0075,0.8710176238443817,-36.04638824979743,10.500827714234628,0.0175,0.6517698551494258,-30.697786811951584,13.97940008672039,0.015,0.8196532087768523,-36.881258135461806,16.825131896387987,0.025
0.5834193828390914,-24.19337673633327,13.873224090229659,0.015,0.9158670854993115,-29.816994219176568,9.666156950677149,0.02,0.2375525438358734,-27.944061380943026,13.79356771854396,0.015,0.17885414303288055,-35.01952623296327,16.06377461932306,0.0325
0.891601034768765,-26.3396795399525,14.172160309865156,0.01,0.9636052626749746,-32.33884771926009,9.19411164562701,0.02,0.8863349611026295,-28.93432308516413,14.481874208455396,0.01,0.7272724543872406,-38.86981390021036,17.975814629257634,0.025
0.9900277714854554,-18.59958857736122,12.193764229978726,0.0175,0.9928758299448314,-22.89779076185429,7.236138632713715,0.035,0.998768079551492,-23.240967958334423,13.049596727823234,0.0225,0.9789698788824284,-30.922275146998327,16.78423209849137,0.0525
0.9790173745115508,-25.505505158040755,14.258497013826222,0.0125,0.9992839416234928,-29.40921357529664,10.346996922570174,0.0175,0.9651903565352641,-30.889930782222862,14.263013308581286,0.01,0.9196310509355157,-38.391366945565736,17.90730078420582,0.0275
0.9330639298375002,-27.721381519682467,13.781205305336055,0.0125,0.9598096731332963,-32.430473889874065,10.622455362313968,0.0175,0.9523100402545708,-31.547036313967723,14.115592097893014,0.01,0.6636999831804524,-42.3255206397304,17.429321008921196,0.025
0.8393134617545247,-23.017758950903104,14.721905488906556,0.0175,0.909196900089088,-27.027840260999326,10.975731023842478,0.0225,0.8648487915112893,-26.925175428235903,13.778153161427744,0.015,0.6026971478327111,-37.85509108646839,18.47262918874968,0.04
0.9908069745823462,-20.13016930328949,11.638778575610647,0.025,0.9975277796092682,-21.9222068139091,8.343097524597823,0.02,0.9730722478042442,-28.770481313063343,13.835758722801874,0.01,0.9672162505775548,-38.85369999838625,16.871887864898174,0.0425
0.9165376745935158,-27.38333698955423,15.549784175563355,0.0125,0.9949544140219104,-33.26152800900982,11.775466520997817,0.015,0.8914108656859743,-33.17072045784119,15.708499543353678,0.0125,0.6885956173291679,-39.13869773762511,18.378412648230753,0.0275
0.9406185066399664,-22.924762205848328,13.180957728437866,0.02,0.995948987868634,-26.826208003946263,9.600197376157404,0.02,0.9074856237132688,-29.50098768810024,14.091490444818598,0.015,0.6624645086175536,-37.76495404535433,18.92802528157324,0.0375
0.816041190844865,-25.29695154721532,15.739795104052613,0.01,0.9785516651592098,-30.84030810255834,9.103823904669312,0.0175,0.8582143361596896,-30.197627420600742,14.53626907324756,0.0175,0.5713504128451073,-35.595833310567684,19.21939810566147,0.0325
0.8266174062210159,-23.07329233257148,12.214093181551435,0.02,0.916033660760102,-27.12669172644129,9.585391286851786,0.0175,0.6628763743483438,-29.85753945076132,13.736691043940157,0.01,0.5311112993698945,-39.61894008910021,16.179585458446752,0.035
0.914502334561561,-23.84165408294069,12.833749871212756,0.02,0.9727944080692188,-25.96270031156355,9.71404790627184,0.0175,0.8947059284367177,-31.810101357443887,14.222593735845606,0.015,0.7751055143416836,-37.85622174422642,17.280042304045182,0.0375
0.8063569264821187,-17.323275388576867,13.48444015376101,0.0275,0.9518273575748788,-20.949985831417727,9.244334073927506,0.0325,0.6715933805250496,-25.181722245423583,14.41819787225073,0.0375,0.724653950695781,-27.595325629164254,18.32697909513128,0.07
0.8806058761227833,-17.473630649523287,13.053324490702279,0.0175,0.9910136593743075,-24.896751086659478,9.217162452710683,0.0375,0.9194879406092134,-20.986441788546543,11.94330679712607,0.025,0.7117406585024599,-30.5347526459218,17.310307012065103,0.0675
0.9650747498816808,-25.27669584017175,13.333551279602244,0.015,0.9791133930158624,-28.112871518461372,9.545857769422096,0.01,0.9745494128685848,-37.08324488553753,16.396414475259036,0.015,0.9274046915184134,-40.34590942070111,20.239247492795585,0.0275
0.941562254523042,-24.37411424289486,14.294248262424428,0.015,0.9977184049348776,-33.441623960245096,10.749279527521608,0.025,0.8840567981841885,-30.2298020125652,15.439738321343722,0.01,0.7942091498006346,-39.78414167443852,18.1348579713677,0.0375
0.9141213838674052,-19.909313294670305,13.741294679280678,0.0225,0.9975586272702566,-26.19448003335309,10.401659846953695,0.035,0.8703995498301396,-24.761757477176694,14.850695418429439,0.015,0.6623783370146774,-35.420617252227856,17.317843086110248,0.055
0.7825125115973701,-16.499596051268025,12.356874673032852,0.03,0.9493797810160682,-20.26632371802202,9.27657918742279,0.04,0.41929380220130796,-22.914986484875143,14.137846934837786,0.015,0.5604662365328681,-38.04617696873567,18.835480240596006,0.0725
0.8341843125517883,-17.068961111396014,11.731592932926418,0.03,0.9866598509040416,-20.77428648595744,8.595834630678436,0.0325,0.5814912479054974,-24.482805573802672,13.265186002749768,0.02,0.7177464792476276,-33.71955155840328,16.27867951747315,0.0625
0.962064476414962,-16.300319566735794,12.530000049144,0.0325,0.995922925585894,-19.74444429932048,9.195271012731489,0.04,0.9684724183870422,-23.42227766777736,13.609198915047331,0.0225,0.9162125520403552,-33.64904240374808,18.342340714004703,0.07
0.9197353451565916,-17.844012891236346,12.34489512533614,0.0225,0.947589124629061,-23.928896331264248,9.378712049744044,0.0425,0.8987280882166,-20.45501761421491,12.12252961660748,0.01,0.9053024274297604,-37.66000518300008,16.629091928361348,0.06
0.5954169145641548,-17.617438242116595,13.81780931553543,0.0175,0.7869730803189822,-29.737407758030905,9.746470269491297,0.0475,0.5335572898105272,-20.543111206221734,13.446671215004447,0.0275,0.41337982340521884,-29.29288806804567,17.355445229465687,0.0725
0.9789390645019728,-21.61123628184804,14.546410935187282,0.0175,0.991204155339849,-26.51288436232221,9.803555765942196,0.035,0.9756984546870222,-25.197613123325475,14.886528789410535,0.015,0.9319542447843626,-36.43473777741295,17.78974563947868,0.05
0.907089659098499,-22.73740717687886,13.855475506488713,0.0175,0.9722383734022766,-27.11898303587298,9.579495752388697,0.03,0.9136238100898183,-26.809654875991804,14.668101387203151,0.0125,0.6317592752618406,-37.407739163879285,17.52049028740383,0.0425
0.9857106499048248,-20.871655788319504,12.647949683363144,0.0225,0.9989233140438616,-26.08787196107849,10.315941002743902,0.025,0.9785887604759076,-26.43947805766421,13.368171795068513,0.01,0.9445460832678672,-36.76709990991706,16.776792488027198,0.045
0.895524071062142,-25.29608823392852,14.084969611908376,0.0125,0.9761694853435632,-30.3621143850247,9.458219821255756,0.015,0.8723922799194218,-33.22065630738972,14.445688284818576,0.0175,0.848911703283823,-33.74125331354178,17.553478216638283,0.0325
0.9211013286460684,-25.083741323344487,13.856056846543147,0.0125,0.9742841310337296,-29.826466431430365,9.677759151190156,0.015,0.8881073525336164,-31.93873623318504,14.381969297453914,0.015,0.8613824647150204,-35.68368482265995,17.73676240096506,0.0325
0.7389149010568747,-26.39339466941062,13.842260087223336,0.01,0.7103517606029535,-34.07226348720375,9.80171262698057,0.0175,0.8771903712077673,-30.896800184711765,13.44616066665644,0.0125,0.6106648195272877,-39.05003028085536,18.683352003729325,0.0275
0.7723464351813438,-25.903956319591607,14.969525203891092,0.01,0.7418571370892113,-34.854597361747004,10.882692738821376,0.02,0.8983165544512626,-29.500293288972465,14.556753979013333,0.015,0.6363360291360934,-36.754239744084586,18.13481246092472,0.0325
0.5156747111020803,-22.240897688393915,13.339678195181897,0.015,0.9661980737874212,-30.959686645499076,11.541872606432001,0.0275,0.378845531649508,-24.08488137149027,12.24260300307102,0.0125,0.2474515567536568,-38.37517096465572,17.144289603830533,0.0375
0.9260935469665865,-24.860875656307073,13.865802596603142,0.0175,0.9951438540737874,-32.11099460419939,10.84056996128956,0.02,0.9190740460642125,-29.62671178542577,14.096083959741112,0.01,0.6137005137209461,-38.698934813063445,17.110865525350256,0.0325
0.8773757143499609,-26.73018162263925,15.439847344087118,0.0125,0.9897820267624897,-30.114594973705472,8.991116080437731,0.0175,0.8265665194122429,-32.11577794699402,15.585668112659398,0.015,0.6839629926745873,-35.64434501077277,17.274129743401847,0.0325
0.9197709750711609,-23.395644207485553,14.644074663915244,0.015,0.9470672444297343,-26.65480758426924,9.605600523570597,0.0225,0.8400040609822992,-30.60854585788353,15.27578502313551,0.02,0.9471290789604689,-32.25423492014744,16.339624633331383,0.0425
0.9100940003370191,-25.285971835687263,13.711007208576971,0.015,0.9446424045782263,-28.69710797222477,9.57876266371922,0.0175,0.9053565950527204,-30.43834175838502,13.868811818966464,0.01,0.8140348175770202,-39.29531808338696,17.111110410200723,0.03
0.94206263457073,-21.77267993936401,13.26275759310566,0.0175,0.992218418283035,-24.70396375673989,8.853711747464317,0.0275,0.92000501788897,-26.47257614011746,13.860872202820964,0.0125,0.6854675202901288,-39.98691349368954,20.03126342582521,0.0425
0.6907784324353144,-21.66833090440133,13.139930796568606,0.0175,0.9812560380141369,-24.29677897996843,8.98822544150929,0.0275,0.5669972939866986,-26.39349608567457,13.74947182294164,0.01,-0.1227424444187376,-38.581817988572375,18.283135182728092,0.0425
0.7455847173360546,-20.46263811996685,13.668325568007607,0.02,0.8000169862118408,-26.065590345631463,10.127306494324753,0.03,0.702209575213635,-25.90539261839227,14.272624300201471,0.0175,0.5890004513699229,-35.41200431433049,19.539028222722706,0.05
0.7981709145515951,-20.512640988309023,13.522975418106999,0.02,0.997246986619016,-24.437314670724106,9.210901950947607,0.03,0.5828934680712536,-25.622886920643317,13.959924328278372,0.02,0.3350466813847257,-33.102027597759374,17.033261706433066,0.0475
0.8863124403522877,-22.329274205190167,13.74606009732376,0.0225,0.9813218216160915,-24.700205389358036,9.930981725828161,0.015,0.766642345199309,-32.680417690052494,13.289631071373623,0.0175,0.5126372347010586,-34.657481763487276,17.95594350333398,0.0425
0.8938149713993885,-25.104205464458303,13.52590406858645,0.015,0.9865270145295468,-27.10642142616213,10.12349726329244,0.01,0.8668749602609789,-35.45951777486564,13.94506344977222,0.0175,0.5202269260451335,-37.68919067615131,19.941217560212905,0.0325
0.8754734114439212,-14.001428999875996,10.299565428067137,0.0425,0.9799169010744212,-17.15277908621331,8.892351396480016,0.0525,0.8122872992391719,-19.40105408958152,13.077684616193112,0.015,0.4142602904121452,-34.73126807916695,16.976075834266105,0.075
0.7134756738149177,-21.169928639461805,12.941837503110392,0.0175,0.9610768781820658,-25.158406668879195,9.287995894758163,0.025,0.6043867846176686,-26.28137265834241,13.683580622937898,0.01,0.13181750173773593,-37.78533611816067,17.00274007043778,0.04
0.9104902986985328,-21.1786415430891,14.499073159852166,0.02,0.9751098614750796,-23.67926561028252,9.184810162273628,0.025,0.8592245377293954,-28.18742474106176,15.278402992548829,0.0225,0.7792491598406964,-32.98869144023492,17.864231282444965,0.05
0.7964686070357037,-24.573455668279045,12.032261791234433,0.015,0.963269780740412,-28.623514883860445,7.698527928569131,0.015,0.8097433720923413,-32.01705639374275,12.968106327547144,0.01,0.41867205412523467,-42.71926533444267,18.531145315449976,0.03
0.9683697266692752,-22.005095969855763,12.828526456379656,0.0175,0.9990573138923527,-23.872708263809564,8.322590803809346,0.02,0.9491500582654068,-28.838212033320488,13.262916383476988,0.015,0.8641721083943019,-35.600200961579745,17.311320145588155,0.035
0.7857762216194014,-26.104479923164305,13.079193289175482,0.01,0.959293139649436,-33.29604724360037,8.560424107949277,0.02,0.6738984828630107,-29.031980126009604,13.166169018711036,0.01,0.7819221459735136,-39.14339174956783,15.592001080156336,0.0275
0.7798682287384537,-26.15672680016876,13.975316638435286,0.01,0.9935924755779008,-31.53914720098756,9.516712640533598,0.02,0.7506596457928363,-29.767297734456733,13.253331408855844,0.01,0.2239535804663124,-40.82090670214526,18.41024292741825,0.0275
0.9662671240695476,-18.514473574109616,13.764010083110188,0.01,0.9919302256607276,-32.797887400840565,10.076172625188928,0.0475,0.9770513687760396,-20.124332861459763,13.171223706621683,0.0225,0.8981581360619444,-30.3394150378754,15.913647619614084,0.06
0.9123441589438784,-26.385209761400624,14.09941413655617,0.01,0.9931557572672228,-31.690539581018825,9.565884324422974,0.0175,0.8750034321628213,-30.48626009076918,14.211283396996006,0.015,0.7911013055950527,-36.73966343973144,17.374077075744758,0.0275
0.9371322734941704,-16.744095660653517,12.323784594081122,0.0225,0.988106130198423,-23.8786952275491,8.474553461017985,0.05,0.9102196242793256,-20.513875077268317,13.433984923345998,0.0225,0.8230893884824694,-30.7497026761061,15.778333876071931,0.0725
0.8329511674990284,-12.744310010484277,11.793380853204116,0.035,0.9947776341050933,-17.062788101113284,7.645066454751237,0.0475,0.7383206344095565,-19.690903471729005,12.915737397582696,0.0475,0.5931293999885283,-23.084879372485936,16.539988530047502,0.0975
0.8729260193662245,-20.57189159365549,14.651414941100043,0.015,0.98914523015826,-30.02123590776558,11.404508776633126,0.045,0.8432678993032242,-22.851881047104012,14.337315125958764,0.02,0.8530371936625366,-32.99554167643506,17.89146300783094,0.0575
0.946704733522933,-22.370041798245897,13.80900917621997,0.0125,0.9883768082428281,-31.168290538249927,10.449736032081486,0.025,0.9376410261385308,-27.20182518931024,13.777654940457435,0.02,0.8932851488140661,-32.47445741843946,17.11483593761951,0.04
0.984790085279798,-20.476439015118007,12.468642419475252,0.02,0.9970816727333176,-23.46297702486026,8.295758328716047,0.025,0.989450176153138,-28.006031317997355,14.2687287474348,0.0175,0.9228458603611146,-36.21021524502761,18.416455189425147,0.045
0.9829091186016621,-20.251852413390978,11.858858894319933,0.0225,0.9944097242573029,-22.300099019010247,8.1955768576359,0.025,0.9793629364412877,-28.214564853245797,14.411880966083576,0.015,0.9212421911861282,-38.8585222916142,17.943330207716194,0.0425
0.8279185225813867,-28.627933102901387,15.412674036255828,0.01,0.992353830624334,-35.55959562228286,10.626042914619989,0.01,0.831623008095532,-35.5370293974756,15.170291548733926,0.015,0.6494381807733153,-36.269911776243326,18.3222786014164,0.025
0.9193513939432268,-22.318985472902146,14.554733932944512,0.015,0.9925856257795186,-28.767859391084396,10.557328134487168,0.0225,0.7803703842889741,-27.665398143325536,14.10758234574599,0.02,0.963242500155132,-32.83794148598512,17.66683382467376,0.045
0.65581189571596,-25.46416817589836,14.790208370780745,0.015,0.6523216545805199,-31.326731698085148,11.721893277482362,0.0175,0.5943107739162299,-32.185668427478795,15.04016111087452,0.0125,0.3898189620814482,-39.45419098583973,19.442511589982743,0.0375
0.71873653243009,-20.11957165714339,13.105091306197664,0.02,0.8192047610236638,-27.001720717750093,9.748566614859742,0.0325,0.6823365022864546,-24.07986896709264,13.33604920224534,0.0175,0.3968100164923133,-34.92082405965786,17.34882796178395,0.05
0.91633087945722,-22.88007203168093,13.383872541484097,0.0175,0.9821750670834932,-25.932714687646644,9.24510273687002,0.0175,0.8597336404250373,-29.32981792830533,13.436441280811684,0.015,0.7714648972195846,-33.975816019921616,16.685133992215206,0.035
0.8532091283340705,-23.52486071183392,13.921998499612894,0.015,0.9806631584107912,-28.80767686634673,10.258080163830993,0.0225,0.7616734725973139,-26.855540323574623,13.32016930076592,0.015,0.7914292007450361,-34.792092595603144,16.685404175811176,0.035
0.8971374845430365,-22.67424469486033,13.386989119091272,0.015,0.9957135333760468,-26.919635894861308,9.179780012598815,0.02,0.832097676846508,-27.925874125710422,13.656042272269922,0.02,0.7773945271847436,-32.11149994120014,15.794771364718306,0.0375
0.9156758243812942,-18.98732301583444,12.122065112833582,0.025,0.9561290493758376,-21.0434853429946,7.55925390864059,0.02,0.8062097799374954,-28.442179155471297,13.426264138726014,0.02,0.8604385578266696,-31.82529950221585,16.14117877216125,0.05
0.9074527369161666,-19.137227037030367,12.25669769162006,0.025,0.9575925630554464,-21.615696265661946,7.719049544631417,0.02,0.7623491490094394,-27.90056251083257,12.973417237590638,0.02,0.8644320844597053,-32.26952612600596,16.546266367115656,0.0475
0.9446286013505233,-24.770630270493285,12.895415353837006,0.015,0.9957145362423776,-27.750482220752648,9.406960432109443,0.015,0.8826255756543006,-31.64867465166888,13.838118643945943,0.01,0.7940159708459427,-39.89908305574006,17.326156653316964,0.0275
0.9439126006447708,-23.364350716924655,12.80609704044373,0.0175,0.9913243571523098,-26.789175234369146,9.292196759741323,0.0175,0.9194815057996073,-29.64966485089164,13.343624167433266,0.0125,0.815110996319222,-37.528007305741966,17.121145980766816,0.0325
0.8777648507637124,-21.809730083058568,12.165946025905672,0.015,0.9888235972511258,-26.674608378604304,9.273166561610074,0.02,0.7265847800103868,-27.06875721934499,12.8800419591975,0.01,0.7223294712021082,-37.556404051254454,16.89225421306383,0.035
0.9243816920026401,-23.610594955581924,13.665670187623085,0.0125,0.9704639819418075,-30.50536783586638,9.702014025387378,0.0225,0.8963002255036198,-27.643740926833658,13.230144458000522,0.0175,0.9338871512787184,-33.62770762023766,16.098682015570276,0.035
0.8740247413780793,-27.73778316863202,14.441327104362307,0.01,0.9805338880378527,-39.13732613168495,9.662454605942042,0.0125,0.8190214840929686,-32.65448198955241,13.104295873767466,0.015,0.8890980202067811,-37.14766229789244,18.18082319466467,0.0275
0.8729960077412295,-23.75371447518966,14.140258570220052,0.015,0.9688589504583822,-29.09584608977128,9.372075159956744,0.02,0.8093405085869617,-28.006296420632893,13.127985971182458,0.0175,0.8521007511309667,-34.401671466839154,16.706398421693805,0.0375
0.8715426989441055,-23.197477892970298,13.900147107440102,0.01,0.9924372592478676,-33.751774990084165,8.81569489500431,0.0275,0.8519847224133537,-27.066178696264373,13.97940008672039,0.0175,0.6647619702537422,-33.47796582735435,16.420995035627968,0.0375
0.9032621270347563,-23.285097553058527,13.613876694711873,0.01,0.9949252940156439,-34.15910242103868,9.103909715123898,0.025,0.859809011462719,-26.535116352934253,13.264874575081107,0.015,0.8141617688653358,-34.83901274536582,16.775184244300302,0.0375
0.9273168726075514,-23.078720377595996,12.904270954688979,0.015,0.9977304252785169,-29.962432385906627,9.917481547434404,0.0225,0.8751489519383209,-27.085995729517478,13.252127616725932,0.01,0.8055900651525395,-36.97512818532772,16.45538247840188,0.035
0.8706510328692167,-25.51565742686276,13.66027856590524,0.015,0.9957875294059436,-32.58579092289552,10.311843774971011,0.0175,0.7633637975609255,-30.939431719453857,14.11625841082054,0.0125,0.6276033040800922,-38.69935996278255,18.0270654994676,0.03
0.9074837703723588,-23.500824850783015,12.955926976784255,0.0175,0.996086985105197,-29.36447090786388,9.673566516716413,0.0225,0.8231759877266565,-27.7209965624863,13.379140219211543,0.01,0.7940070400040016,-37.53912925443019,16.60453576528982,0.035
0.9739322673562854,-27.447313411381927,14.186000874881783,0.01,0.9996046861614313,-34.70548047952208,8.836503656634958,0.015,0.9887236665899568,-31.653086663317975,14.004596842885455,0.015,0.8932937014377678,-36.00955610094162,16.355714265680913,0.025
0.8405827245311612,-26.393772739232652,14.027905888715711,0.01,0.9945102938094328,-35.127300515509035,9.545082905409963,0.015,0.9691119981449929,-31.324007090233422,13.748673509917506,0.0175,0.48030784654034,-34.873888383757205,16.828518933814138,0.0275
0.8302772554350681,-27.724515628218725,15.006361532449844,0.01,0.9840576434283868,-34.49143803438686,9.136892140053714,0.015,0.8889321378541462,-33.7336006602453,15.186950245858775,0.015,0.5220638022877752,-35.58072836804325,17.445573765171495,0.025
0.9012357339648878,-23.712369445232216,12.977390671756291,0.0175,0.9827810613373852,-26.60427119574933,9.877009790556542,0.015,0.8603163947936332,-34.574190959961015,14.752777954720482,0.0125,0.6440751037937431,-37.82137065025139,17.865686175566974,0.0325
0.938374031167407,-23.17700998469494,13.61036756671108,0.02,0.9932535567999172,-27.738541034600143,10.894059335647032,0.0175,0.9217781334321488,-30.47401460279941,14.19287891970722,0.0125,0.7732893047114043,-37.54007755860815,18.40823508739265,0.0375
0.831890099883347,-23.401730715219923,13.766389499502989,0.0175,0.9758293422883666,-27.764152209015194,10.060042336373854,0.02,0.902878970788308,-28.893826612059385,12.743577923238036,0.015,0.3456915708754793,-37.00742693066009,18.204087108748308,0.035
0.760579899636451,-19.401314134374026,12.880406708590396,0.015,0.9896983684405192,-28.665815825174747,9.81878751525799,0.035,0.7677007174405654,-22.219194105546023,13.082732152730738,0.0175,0.25567579783109223,-33.02711849672819,16.84908092984504,0.0475
0.9437634736194888,-22.07997185643561,13.972446064294356,0.0175,0.9838866306186478,-25.492278701430347,9.741249136500926,0.0225,0.9572613116419192,-27.803160483953487,13.851412485550028,0.0175,0.8843288116018833,-34.37112727508389,16.94003984361367,0.0425
0.953426579298889,-21.91649148143949,12.9800568639439,0.0175,0.9896923828117514,-26.919818122141194,9.279447226339055,0.02,0.9076795508549026,-29.093885412102573,14.51628806885224,0.02,0.8824656356911713,-34.053401606461705,17.46124629237466,0.0425
0.9550720268124454,-20.333142975217648,12.625389743800563,0.0225,0.99353543224041,-23.581114818398202,8.825543135436167,0.025,0.8965358785420037,-26.858692840034387,13.115833498934496,0.015,0.9030976414647891,-35.103395317200565,16.946728340047642,0.0475
0.9679811632639026,-23.38742505814518,11.684772611953619,0.015,0.9929861751500462,-26.341295425128983,8.981250963330648,0.01,0.9255462043370823,-33.45348545751127,12.436250422538068,0.015,0.9191934626047912,-36.79706857647524,16.23795948488216,0.03
0.8641941434698023,-28.454576384530498,13.207424360807305,0.0075,0.7254589920694721,-36.48866654554617,7.9540555469339385,0.015,0.9185463394197158,-31.99837342240763,14.066119771082104,0.0075,0.7120269005018312,-45.285339522600886,17.282898523898936,0.02
0.7158890547890542,-22.24645634015559,13.627607469696553,0.0225,0.7256637064014333,-25.92217556786876,9.996381556664211,0.0125,0.7982876407618851,-32.92741172655113,12.78850877087865,0.0225,0.7863081044905409,-31.930822847370585,16.881891268698144,0.045
0.9022398983983926,-27.332800319175057,15.727543559333316,0.01,0.9519838350735356,-39.99203833431549,10.838914221270215,0.015,0.6680343381581446,-32.492123843153905,13.209514915903846,0.02,0.9286558067942496,-34.249569167816155,18.07392758116702,0.03
0.8141684326223868,-25.136253044712827,13.315321725455743,0.015,0.944473118624745,-29.589527087841315,9.261854463148891,0.0175,0.6454856147890278,-29.748250237786884,13.162098202093162,0.015,0.8239475865803549,-38.49357318537945,17.889720069934157,0.03
0.8575298609000119,-24.24939996422937,13.50658189015822,0.015,0.9796565118905586,-29.877307815434,8.792749404955671,0.02,0.7217183468861921,-28.61736489599383,13.39315862404867,0.015,0.7871050299798553,-36.80262692357833,17.60919274303251,0.0325
0.9470810275464726,-17.891709193891934,12.060145377930665,0.0225,0.9997474534948908,-22.520026644433354,8.020682089351267,0.0325,0.8926832859324297,-23.123193280728916,12.976175401722513,0.0175,0.8450686933634088,-32.05167270278861,15.429886284579112,0.0525
0.8275564834096952,-19.673036115470758,11.82430584004867,0.0225,0.9342546915708978,-21.79172330032922,7.430871895669893,0.02,0.7580185544454475,-27.125230059156948,11.743002923601281,0.02,0.5282979437439592,-33.341456083516725,16.128792036200608,0.0425
0.9464496802822422,-25.007032585177058,13.649561635004936,0.015,0.9938740807881165,-32.452939688492535,10.65971106850722,0.02,0.9253137213138176,-29.659773775922535,15.33160479637695,0.01,0.8160861971003633,-38.4639117635456,16.40989682886243,0.03
0.9656152168887904,-16.587003259276038,11.15451094612644,0.0325,0.9998820824983804,-18.736972549392537,7.350616937185521,0.03,0.8696618257010243,-25.3561415121103,14.151027117761524,0.02,0.8126389125471236,-32.94485119417629,17.17277507963657,0.06
0.9146335786948696,-22.51141334155967,12.055000110688749,0.02,0.9809259246736638,-24.395021516909058,8.55238743696481,0.015,0.8371289292967227,-31.50305629503088,14.434583975438478,0.0125,0.6029012064334753,-38.05192235450397,17.91033418537286,0.035
0.914237516112324,-24.66308988183769,12.50914531248123,0.015,0.9542591863897552,-28.807833128907152,9.186595523519014,0.0175,0.9162202603693788,-31.52245300557612,14.27400607148381,0.01,0.7185098845441743,-40.51292222296428,17.11939563457821,0.0275
0.9749855095175091,-21.27941059669712,12.749145609453294,0.0175,0.9987813043149705,-24.89747182438682,8.555159796809653,0.0225,0.9525537756198144,-26.85808677484994,13.501317129762269,0.015,0.9264566869959476,-34.67108422383687,16.847360130817755,0.04
0.9959861171121376,-22.686178043382064,11.498705943475205,0.015,0.9999625282117461,-23.825318684020456,7.542693164280784,0.015,0.9956516917490338,-31.90575203700623,13.96819666000371,0.01,0.9605627680038766,-39.92077857891367,17.112208698447542,0.03
0.9714464161619484,-23.26466789353375,11.290521421254802,0.0175,0.9788408774574108,-24.09259998411517,8.489291266631495,0.01,0.9606034555820692,-35.40772040386683,14.045712366397932,0.005,0.5469877990345027,-47.71325034983196,18.09231337087648,0.0275
0.9616975860798568,-25.249587398781188,15.235814327339344,0.0125,0.9860537499146379,-31.046071258575594,9.373825939290835,0.0225,0.9596771663670183,-29.090550350598797,14.81050602398193,0.02,0.9731803785374133,-35.904581552358934,18.82451749523767,0.0375
0.9331710141366794,-18.96729522338758,14.227366894042742,0.025,0.9601802684950453,-23.34588093036253,10.201736431013646,0.0375,0.9453322604060825,-24.18306630172056,15.046780139676677,0.03,0.869618661094732,-30.35498857687209,17.637186789679053,0.0675
0.9951302144178468,-24.327573498646164,13.41643611628048,0.01,0.9981888289455884,-34.27845091745817,10.236312245831872,0.02,0.9956568260870108,-29.05090894284603,13.711061186635105,0.015,0.9817002847420978,-38.12122153063874,17.72327601173768,0.0325
0.8856441298280622,-24.068432939820326,13.494014248597548,0.0125,0.9511791914431424,-29.388215702593556,9.698086452850395,0.02,0.9075953274809134,-29.719110199305838,13.5090657762891,0.015,0.8102307820802255,-36.45164374125332,17.439719859541295,0.0325
0.8166738953064996,-17.446857205482765,12.762223250570047,0.03,0.9491046323143499,-22.015668247865534,8.35950712888565,0.04,0.6912566590394631,-23.243468351501793,14.054217082825438,0.0225,0.4951500150721986,-32.73237723275757,17.707449396764808,0.065
0.698347751576122,-20.44939268428589,14.127619266880735,0.0175,0.9466629035121435,-29.440437459109564,9.943924364545794,0.03,0.5596178408275801,-24.352873873640565,13.461655842089243,0.0225,0.3857117011992135,-32.20482023661332,17.972707460474908,0.055
0.698347751576122,-20.44939268428589,14.127619266880735,0.0175,0.9466629035121435,-29.440437459109564,9.943924364545794,0.03,0.5596178408275801,-24.352873873640565,13.461655842089243,0.0225,0.3857117011992135,-32.20482023661332,17.972707460474908,0.055
0.6091144813057896,-24.894033335464567,13.90701848409519,0.01,0.900326562123942,-33.01583525090538,9.379734197411121,0.02,0.4007788848171536,-28.235611692569616,13.79959795368475,0.0125,0.24768913430600065,-37.25204073456344,17.45333640069623,0.0325
0.6091144813057896,-24.894033335464567,13.90701848409519,0.01,0.900326562123942,-33.01583525090538,9.379734197411121,0.02,0.4007788848171536,-28.235611692569616,13.79959795368475,0.0125,0.24768913430600065,-37.25204073456344,17.45333640069623,0.0325
0.7940333836815539,-22.820995927093833,13.537908152158781,0.0125,0.9458167043898404,-32.037109085199134,10.638176761816187,0.03,0.7518313572206802,-27.089098214857266,14.87175825311645,0.01,0.6231376129254727,-39.33114060167203,18.10351151322685,0.0425
0.7940333836815539,-22.820995927093833,13.537908152158781,0.0125,0.9458167043898404,-32.037109085199134,10.638176761816187,0.03,0.7518313572206802,-27.089098214857266,14.87175825311645,0.01,0.6231376129254727,-39.33114060167203,18.10351151322685,0.0425
0.9501367329214268,-16.300987588000552,12.397708068208555,0.04,0.99460089175998,-20.379966425082976,9.849102635083597,0.0375,0.9149594997781993,-22.732801622368957,13.300598921126152,0.0225,0.8289723597868841,-31.597534273711133,17.63946483323844,0.0725
0.9501367329214268,-16.300987588000552,12.397708068208555,0.04,0.99460089175998,-20.379966425082976,9.849102635083597,0.0375,0.9149594997781993,-22.732801622368957,13.300598921126152,0.0225,0.8289723597868841,-31.597534273711133,17.63946483323844,0.0725
0.5849034385522608,-23.3319374575853,14.543031760920474,0.01,0.8765404471854866,-33.81241686051533,9.90544553699922,0.0225,0.4045881086638776,-27.574067910431506,13.841572141838656,0.02,0.2187805611786113,-33.47897534212883,17.80833442312473,0.0425
0.5849034385522608,-23.3319374575853,14.543031760920474,0.01,0.8765404471854866,-33.81241686051533,9.90544553699922,0.0225,0.4045881086638776,-27.574067910431506,13.841572141838656,0.02,0.2187805611786113,-33.47897534212883,17.80833442312473,0.0425
0.8190786296720782,-19.93395312118735,12.367497406610994,0.025,0.9927141300888532,-23.21697398883884,9.321677171624405,0.0225,0.5476873458205233,-27.046939324075097,13.492537711736087,0.02,0.3908431370922487,-32.83135174174685,17.319875270299995,0.045
0.845872964504579,-20.554921435919837,12.646384473574876,0.015,0.954841766952126,-26.07015309552721,8.859574257109813,0.025,0.7078502357455297,-25.397152206196477,13.13311486383138,0.015,0.8423196762420144,-34.43847003972051,16.67419806861844,0.0425
0.7976490080929358,-14.836926523714435,11.91913649663542,0.04,0.9527285874639904,-18.133402827233535,8.593493215408156,0.05,0.6246539566993383,-21.023082084065855,14.06693580063958,0.0275,0.501421094288911,-31.188474478482874,18.037953088169818,0.085
0.950659939814454,-28.82735141140605,15.229614482093584,0.01,0.963345903377886,-34.08460597899251,11.2084356504112,0.015,0.945590429240381,-34.33643062392645,16.182754395589505,0.0075,0.901859402489968,-52.96719097465109,23.325681233027606,0.0225
0.9952059868743065,-31.91697822351214,16.489638417194854,0.005,0.9997872279868819,-59.28615744568391,12.959614976765849,0.01,0.9970733593413421,-39.57969007982609,15.995344293908827,0.015,0.9904140465417894,-37.306818053059246,18.15354038339718,0.0225
0.958009506858102,-26.792513523891984,14.404163710733798,0.01,0.9884418323073225,-34.29822924075032,9.940618640994831,0.015,0.9657277374989425,-32.721045366073184,14.78663948913574,0.015,0.9169157275978821,-36.646074130205534,17.57006702815778,0.0275
0.886841857752986,-21.147602907510414,13.423319806508731,0.0175,0.9926510381528304,-26.67995176399973,9.146091340114731,0.025,0.7722862076181882,-29.42497865016061,14.581390857921765,0.02,0.7153566504030304,-32.818621501540925,17.94941157752354,0.045
0.8880108640900994,-19.49964128112973,13.061639017954755,0.025,0.99308279971728,-25.82633047760556,9.220986463708414,0.0275,0.8694475555212576,-27.37210563188112,14.281544684836494,0.0275,0.5922417122606627,-29.949024469900674,17.676816767460824,0.0525
0.9379438161845018,-21.66244285396228,12.794462380642123,0.02,0.9956876090178974,-24.19810125365629,8.507872319305715,0.0175,0.870740946212544,-29.829208524900757,14.624800196941004,0.0175,0.8292599200406163,-35.05429226170008,17.542468545473426,0.04
0.9389011821703974,-20.337274522844005,13.826482020863375,0.0325,0.9930295757371584,-25.86865756318621,10.116635980314552,0.025,0.9001021541684047,-27.71584722493619,15.100185896650268,0.0225,0.6893152692828415,-32.87561110785913,18.771264197115563,0.0575
0.92061525367698,-19.749959627775294,13.882947567162377,0.03,0.991023033240573,-27.65509202638267,10.402192052736236,0.03,0.8824244460549094,-25.586443074619368,14.44346102083588,0.0225,0.7316392343273452,-32.847333118573125,18.487784547059725,0.06
0.8430327840896961,-23.46844493744492,14.549951986953513,0.01,0.9401480826553936,-34.30203124169313,10.471911915277316,0.0275,0.8860871653477606,-26.423940284099636,13.867963948993337,0.0225,0.693726249765502,-30.397994199840632,15.944025161948137,0.04
0.8639049083482551,-24.07604076657094,14.026989618491783,0.01,0.927101928253087,-34.8920771933455,9.954491024710697,0.025,0.9036135651360144,-26.73429012241701,13.5082180177135,0.0175,0.7449316033985793,-32.70902082326897,15.54687749049642,0.035
0.9065658668213432,-19.55582284355239,12.928285997103242,0.0225,0.9849426047467308,-23.2127787195773,9.59272259197559,0.0275,0.8257240408805394,-25.59895418638726,13.656858454409274,0.0225,0.7605534962575017,-32.2429825818147,17.360754725957783,0.05
0.8437951240906738,-21.34618287388159,13.46368546106683,0.02,0.974259828888274,-22.709384664819964,8.282307280054795,0.0225,0.5890513084320044,-29.74765685981115,14.876847374482864,0.015,0.5415135709367799,-36.26743930886533,18.183010416216447,0.0425
0.8836877694221391,-21.56062646145401,13.84868857753708,0.02,0.993203355312093,-23.616674539097843,8.765732549518962,0.0225,0.7853499156158276,-29.380826466219663,14.581955808919313,0.0175,0.6254658145135763,-35.35491779934336,17.735002648894564,0.045
0.7783376153169811,-27.45834905295559,12.572937923214972,0.0125,0.7945595001957849,-32.50137624632944,9.951090565884757,0.015,0.7894718415666919,-30.577438148981617,12.390546478646446,0.005,0.7422088417834968,-49.092583719923,18.489136915848004,0.0225
0.7998264562482208,-23.20380058864679,14.721273158218397,0.0125,0.9774548056715484,-30.29575596970709,10.465939132577638,0.0225,0.7741219789097717,-27.955905132909496,14.140886840681766,0.025,0.6271179443386045,-29.149862133318432,16.398397533986817,0.04
0.8897053609178338,-17.889629986308563,12.47913781763276,0.0275,0.979215750892159,-20.95259764941484,10.26384913203924,0.0325,0.7842727605536483,-23.977772244428515,13.364647350694124,0.025,0.6596359732122338,-29.74929185936127,16.10213941221766,0.06
0.94842134247929,-19.457469173983764,12.736605270999238,0.025,0.9967653377163104,-24.06504965106819,10.191104005961884,0.0375,0.9296485436357432,-22.329516963257745,12.418933200527682,0.01,0.6446473949994674,-37.58927409265684,16.320350743660534,0.0525
0.6420855946113136,-24.05117420802626,15.468393925930544,0.0125,0.996920073462853,-30.187669620947936,11.436744755615422,0.0225,0.8174087213982129,-29.01760279135179,14.492099939052975,0.02,-0.1064374931590448,-34.25501136083809,17.86282273063238,0.04
0.6927689836883197,-23.276937250811777,14.41211828148352,0.0125,0.6066324523400705,-31.22587704002018,9.872622957256308,0.0275,0.7656070810740266,-26.280206167667885,13.724113863696868,0.02,0.6747369191818362,-32.342587242550934,16.824966916998903,0.04
0.9685323860862014,-18.64729137224061,13.011318786290335,0.0225,0.994864949957751,-23.509096689020925,8.891555164669082,0.035,0.9911949425355235,-22.820230140496612,11.995868290665921,0.02,0.6711486454017256,-36.866351099828876,19.654747041629484,0.055
0.6665504802671698,-24.606593039587104,16.61238890502126,0.015,0.7134728875081146,-29.40065949647829,11.615229495143714,0.02,0.5788417212056031,-29.93274627986898,15.350981517132098,0.025,0.6457583963990886,-36.2554071354725,21.799542916681972,0.045
0.7382569009635926,-20.659950539664834,13.89355367698759,0.0225,0.9886240140774464,-24.37400812501695,9.86702001823893,0.0275,0.7659099636194298,-26.301214740787685,14.367091960877545,0.0225,-0.0368907593124054,-32.9138458726513,18.492602554694855,0.05
0.8994198078630828,-21.27633975005454,14.311629657319749,0.025,0.9991298625590835,-24.232077448323615,10.09803552974522,0.025,0.7680406273596799,-28.259990791216037,15.000346349211902,0.02,0.6885439626544008,-35.0612040831813,19.358172542471245,0.0475
0.865382833288429,-26.10759145602575,14.286652699953276,0.015,0.95290811524148,-30.853217645440523,10.461866078296987,0.0175,0.793293877145902,-32.25229468569091,14.684822708944118,0.0125,0.6911133760484546,-38.034329332742026,17.22880968373034,0.03
0.7866050279652859,-27.89752007507736,13.657078323531273,0.01,0.825199359102113,-33.93456459287408,10.088895959996588,0.015,0.7137398366241227,-32.24486563220107,13.30351108987002,0.01,0.604927356462622,-43.041085679533936,17.487292433878032,0.0225
0.8120382009890494,-27.039807663794555,15.5665042344921,0.01,0.9130709082881772,-34.34799904431716,11.235512335876392,0.0175,0.7617907759192053,-31.62501845769384,14.7016024897058,0.0175,0.6290191279519051,-36.81643255479632,19.448165895614977,0.03
0.811744409790676,-25.788009467481004,14.07345468995641,0.01,0.8925933473465806,-32.68068243941715,10.07249082183706,0.02,0.8243688380794536,-30.561392233124252,14.369659366952597,0.01,0.5386215103955414,-42.18138707663532,18.93519299497426,0.03
0.737013590044438,-24.99849199481288,15.441854928800984,0.01,0.6469125436277844,-34.36736132942912,11.072471354297251,0.0225,0.8453500020934828,-28.949562703955444,15.111737035264682,0.0175,0.6079029072075709,-35.64089066155839,17.887351048562532,0.0375
0.8548915014090116,-21.60485663437941,15.558873281689062,0.015,0.9867817607903324,-29.796910589647595,10.4641295341049,0.0325,0.872299633747214,-25.71521381007942,14.73073338627378,0.03,0.6953243970278762,-29.766781277355445,17.93845971131699,0.055
0.7410141730127265,-22.07997185643561,14.20982198182969,0.0125,0.8114065686265102,-31.657126785488863,10.185246024840072,0.025,0.6000438514099001,-26.02816180787348,13.416142687699056,0.02,0.8138398358422109,-36.51111787208436,19.245027435384745,0.0425
0.9071645228486076,-23.956087834771186,14.951022208071048,0.0175,0.9943523697070992,-27.667081961703207,10.09070856607646,0.0225,0.8532324014748894,-30.25830668526771,15.378486080004864,0.0175,0.6975048684013391,-37.693113751505024,19.712595333792365,0.04
0.9388626535337734,-15.45528177084128,12.915980085315026,0.0375,0.9771526865360917,-18.461475783050375,8.307493915634492,0.0375,0.8947975763599478,-25.36072360785689,14.878503336093384,0.03,0.8066496113425333,-30.17866482362385,17.895449204723867,0.0725
0.8686237825794569,-19.05838332194913,14.82330904332508,0.0175,0.9871038049689606,-25.78977251893505,9.40912036557702,0.0375,0.8874025363183782,-22.95527027605968,13.560926504528096,0.035,0.7413873764012532,-27.155835827798697,17.45040440945855,0.065
0.8445270387974377,-18.68138492499462,13.30174875984434,0.0275,0.986122469932508,-22.94019585226991,9.423483031417977,0.0375,0.7962298525810285,-22.948367733116005,13.233061944239195,0.0225,0.5607049349684798,-29.538451822946506,16.02237719560388,0.0625
0.6031539931437522,-29.079650916214355,14.723496113301143,0.0075,0.942270511756034,-37.14959427054068,10.229712973397168,0.015,0.8355988646292524,-35.04796511582377,14.997740713639883,0.0125,0.0665373845995841,-41.6651240829233,20.00646153651095,0.0225
0.9721471356558372,-22.372811422731385,12.934098263761747,0.018750000000000003,0.9997707507707081,-25.23142187782414,8.623231426174776,0.02,0.971400509242657,-30.890254100574378,14.41052866969674,0.015,0.7803873670525794,-35.55569594927296,18.173524929139887,0.0375
0.8913336272430539,-25.782156955921742,16.340856121282208,0.01,0.9298605478528756,-33.19642334773449,10.676370464895589,0.02,0.8879490783411133,-31.568875860192446,16.278803252448828,0.025,0.8600049861136734,-34.24321443163573,19.00052019736443,0.0375
0.9549396750144181,-24.69743248479763,15.270392245393825,0.015,0.993991328022362,-30.742918343159825,10.60609045025712,0.0175,0.993643524978051,-33.65176576417924,15.863658646305616,0.0225,0.9421115611910267,-38.36706344180682,21.80070755902743,0.0425
0.5604266094595243,-26.618407226646433,16.063067281160237,0.01,0.8994986957763564,-34.494077916327825,10.351926983114886,0.02,0.7574460567883146,-31.931294144331538,15.595762893887118,0.02,0.1544241826764885,-34.242840244236966,18.28332268877594,0.0325
0.6923322739380029,-29.952439238159123,13.555414378185883,0.005,0.9526482974080361,-39.271419860413516,10.78133581454638,0.01,0.7544892957454804,-38.130661770908254,14.971697993588254,0.005,0.08586968844519095,-54.167474807656724,21.811298189542747,0.0175
0.7630216641023326,-27.25711714064496,14.545819942768938,0.01,0.8613857934426583,-35.65054359260231,11.423727197337575,0.015,0.7783858036556252,-32.947502146170976,14.035334137338422,0.01,0.7251712171274506,-41.08344621097173,18.804591598985027,0.0275
0.9359484614414596,-18.302612377779763,13.154209709148729,0.025,0.9983052381148906,-23.537819432393242,8.341268340949622,0.025,0.9523575965859222,-25.304340323186814,12.714664117083318,0.0275,0.7663926997544053,-28.886346073577556,17.100838713660742,0.06
0.6490686166950767,-24.571862713067787,15.349765336570057,0.01,0.9098302119206012,-35.27725674397149,10.404509114408611,0.02,0.8343573605454224,-30.201717824382403,13.97384801782838,0.015,0.2106662325910355,-36.35734865201065,18.226628207139253,0.04
0.5203321932539058,-26.48617960465069,15.447986313865613,0.01,0.9136087619387236,-36.05472700062204,10.881812261301999,0.0175,0.6751776998197816,-30.91619516684606,13.808560546579606,0.02,0.0642949873865266,-35.99468937041469,19.516704065004724,0.0325
0.7994029193211327,-25.533345017941542,13.967200253943858,0.01,0.8731048746072031,-32.799434665384084,9.798877822217849,0.02,0.8287178328603649,-30.688585711248713,14.764758227903329,0.01,0.5327102814477189,-40.85436489228492,18.670858413588427,0.03
0.9182733924648042,-23.591820472798,14.485990578482106,0.0125,0.982541596535119,-30.23164647515077,10.90138279107072,0.0225,0.9250798814717168,-29.97494807559804,14.45324869225033,0.015,0.6846516522559745,-37.37053716958032,19.28680081005191,0.04
0.9478711631572432,-22.36421837608861,12.799237812157159,0.0175,0.9873334747077407,-26.236527711133935,8.99007380948726,0.0225,0.889585525078765,-27.818171710697726,13.532243396887175,0.015,0.9417880891770908,-37.35438647062814,17.18886624895454,0.0375
0.859688572569191,-23.001111363905487,14.571423738082023,0.0175,0.9125737407461011,-27.558473934338135,10.602095658882437,0.0225,0.910083053361951,-28.99422306535832,14.307873031456579,0.0175,0.7348107927383498,-34.638479616121934,17.454368467002276,0.04
0.7395711089361142,-27.776009885458976,14.169397284272367,0.01,0.9137192332482488,-36.41550686313758,11.453202635889566,0.015,0.8960626432540331,-31.861156552044598,13.823621457670686,0.01,0.28200184373003684,-40.94405778278511,18.60332201344926,0.025
0.8782183129909084,-19.774467496896825,14.604166086246185,0.0275,0.9866425721586238,-22.950179982474097,9.726930539043313,0.0275,0.7850293743008051,-26.3905588707975,14.479150616861961,0.0275,0.7876654776450671,-31.999902729760354,18.658509962770633,0.0575
0.9334736738019729,-23.022403363217965,13.238826152344156,0.0225,0.9795320703522258,-25.14166972784795,10.002756589610797,0.0175,0.8936441005321848,-30.13498067651416,13.48372812248393,0.01,0.6365831158023503,-38.75027814082442,17.283961408694594,0.035
0.6750634418912724,-22.87480745312124,14.756117093239832,0.015,0.8134445545504551,-29.67028935838167,10.686420590313258,0.015,0.5677928502561801,-30.91338322206277,13.46953155863856,0.0275,0.5722141564477156,-30.699625171768798,18.09369834124212,0.045
0.3610153226164186,-22.20538187897801,13.159288519763495,0.0175,0.46362865636162176,-27.093047833386443,10.2040342948317,0.025,0.3218874255490015,-26.428136136970686,13.426435876234425,0.01,0.10126867407897816,-39.05646873720349,16.908990407978898,0.04
0.8665749091097509,-24.436975282337578,14.680987808421381,0.0125,0.9265574136334824,-28.73774431830263,9.972649654211668,0.02,0.745739264292526,-30.222707904227747,16.091072462359808,0.015,0.8960009589731628,-39.64004523422582,19.462633700938852,0.035
0.9137570830536776,-16.898515741585047,14.162974870965378,0.0175,0.9755890606921214,-26.57099206149058,10.02637952195205,0.0575,0.8933766102727562,-19.636907805141227,13.874507078193414,0.0375,0.9153344933078128,-27.536477773157745,18.30841473386709,0.085
0.9929617575809057,-19.30877340431545,12.379959838585311,0.015,0.9993117172524166,-26.171595381402874,9.224919705158843,0.0325,0.9976153366512632,-23.396369341332694,12.861658111156988,0.0275,0.9469665526999769,-35.31266178689215,20.490036734340933,0.05
0.9952461277753034,-18.687090308633888,11.649689403233396,0.02,0.9999999983212098,-24.086760509166925,9.172622082606,0.035,0.999852563874261,-24.58421804806195,13.380553369381008,0.0275,0.9430878104015724,-34.258204238586686,18.345358165855078,0.0575
0.9833654933583058,-12.107187787312997,10.804039874380734,0.0525,0.995049273690218,-15.478524760362092,8.807035351771939,0.04,0.9521144615645428,-25.11460326700667,16.183761996197532,0.045,0.958068081363986,-29.975764808151997,21.457534197895832,0.1
0.852288545373099,-22.086658499323754,15.164225272877692,0.02,0.9778056216173229,-23.844290036742905,8.50992375234277,0.025,0.748758672810469,-29.543999287661812,17.24480656451405,0.015,0.0331308163056106,-43.13255463622541,24.42246897617253,0.04
0.9138732825922404,-18.63144773602095,12.928299682424685,0.0275,0.9886296289695464,-20.9918232238092,9.112743749440224,0.02,0.9387825372397258,-30.63022731485752,15.728442222236644,0.0275,0.5215647847712187,-33.64207155732436,21.051954120001646,0.0525
0.9518370575109392,-17.441919459657097,12.181717960443208,0.0325,0.9825644589166855,-19.054510350246872,8.847133481138602,0.0225,0.7845385577423961,-29.173114994923345,15.05955055385346,0.025,0.9133558399406312,-33.35976959224907,19.42459467335113,0.0575
0.8412590834611046,-21.945010324013403,15.744209809281324,0.015,0.9553873523283196,-27.80601407602059,9.681977558768374,0.03,0.7379054766624513,-25.890648421044418,15.721824378923364,0.025,0.8641727519263502,-34.34690158042779,19.659246281982764,0.055
0.8910331324917675,-15.336711595641763,10.937068932953116,0.0375,0.9487110397282739,-18.262547702659017,7.847207283851242,0.035,0.7671257057230022,-23.28291938288662,13.13866557383819,0.0175,0.539989887424994,-34.2751899235497,16.503599177751237,0.0725
0.9908142082020552,-22.97987467614657,11.73397330525174,0.02,0.9977786922539036,-25.24246982776284,10.833583192609025,0.0125,0.9872218273648424,-32.712366119609,13.740003287910568,0.0075,0.9114115509185038,-47.51783414542607,20.90059002403603,0.0275
0.7845468687229455,-20.91095767006007,11.71604825225958,0.02,0.790538702475737,-22.96206336964863,7.972827215481715,0.0125,0.7878613694334436,-32.885242477350644,13.630290915457127,0.015,0.7548088917976903,-36.12836783868213,17.068540747505864,0.035
0.8806455574061844,-21.630833906347416,14.569861134018186,0.025,0.976823985462166,-23.741576845006225,10.81720457669365,0.025,0.7329577148573738,-28.453594010466112,15.755210161865353,0.0175,0.8083736090557821,-40.707499858476595,22.14909164701711,0.0475
0.8057404626572665,-21.63520192670852,11.108346684392796,0.025,0.8274199470448603,-22.367151836919746,8.962810720785583,0.0125,0.6113015796004634,-32.557125791047,13.574105186899914,0.01,0.9329309741616478,-43.19667697173837,17.523050214482105,0.0325
0.8665557709891516,-18.573424736316653,14.7109623300207,0.0225,0.9728367569072551,-23.65043748395153,8.955553319793726,0.04,0.7467003481285921,-23.431658559078507,15.797213628618264,0.035,0.8674504618243356,-31.6322675197995,19.891312208588683,0.0725
0.9463814031869998,-19.391204631553958,12.178537969866827,0.0275,0.994876260445314,-22.04718357862355,8.302883103408075,0.0225,0.8701406291389371,-29.65254370386109,15.283936525574148,0.02,0.77638958837095,-34.32316342778534,17.84688442484162,0.05
0.8412590834611046,-21.945010324013403,15.744209809281324,0.015,0.9553873523283196,-27.80601407602059,9.681977558768374,0.03,0.7379054766624513,-25.890648421044418,15.721824378923364,0.025,0.8641727519263502,-34.34690158042779,19.659246281982764,0.055
0.9564662379699082,-17.568175758517192,12.35769086047697,0.0325,0.975916693947267,-19.4659974920067,8.946422981099378,0.0325,0.9342552460456643,-24.60398592585286,14.15535613045505,0.0225,0.9277627928582306,-32.14795847465104,17.74017715377221,0.0625
0.918900903832585,-22.397240514714024,14.158064315607229,0.015,0.979666518402744,-26.84468973123307,9.78250280200908,0.0275,0.910188204124181,-26.66494423820799,14.442281774213516,0.015,0.7303239915718804,-36.40614502668681,17.763435582183906,0.0425
0.9095582722205,-24.03354037028796,12.819560939714393,0.015,0.9895461572650496,-27.40773750430512,9.771979555411168,0.0175,0.8830445946059486,-28.76771862237987,12.936212411647537,0.01,0.4918304999701875,-39.82535409692606,17.725421932640202,0.03
0.8528273349810161,-19.125234919098844,11.54713228423319,0.03,0.8987921252615958,-20.29496075480732,8.73268975825351,0.0225,0.7759518903694202,-28.22280406406856,13.717849163491397,0.015,0.8152417274967049,-37.910573870114995,17.284417209881205,0.045
0.9461041584228798,-19.98817463910686,12.481750277195982,0.02,0.9907812179420504,-23.279411428749864,8.087181813599361,0.03,0.9441979816302097,-26.437894558821725,14.04721393627418,0.025,0.853376655474259,-34.84680382089058,18.860449550377975,0.0475
0.9678453669899671,-18.272142903552396,12.306155791097446,0.03,0.997319949269728,-19.68140378560076,7.642639349101749,0.025,0.96367397065556,-26.08744408679061,13.504390848639792,0.025,0.829480103892315,-29.648277289825597,16.320797546559795,0.0525
0.9075889992789123,-20.095419732362856,13.339844117398094,0.025,0.9859208236577227,-21.489669453668924,8.337538918198323,0.025,0.7384176440008585,-27.97878463399354,15.169225026327725,0.02,0.8173859031507684,-32.274144173098804,17.319813625850124,0.0475
0.8834342286663663,-21.375577375446547,14.27372586005243,0.0175,0.9757933937607872,-24.360167303977704,8.549211466230425,0.0325,0.9008234507657009,-26.26718493680541,15.588682089958034,0.02,0.7496302413961837,-34.787953384558264,18.46989640229276,0.0475
0.942329078815995,-18.51369122821763,12.846497502539197,0.03,0.9579751682245765,-21.3097053658543,9.279695168833129,0.0375,0.9369872700343048,-23.677470683136033,13.686131838233607,0.025,0.8819905295014985,-33.69510098599645,18.8715529798927,0.0575
0.957477197066597,-20.909246595535286,12.260274412457605,0.02,0.9925321832614168,-24.20872589076454,9.204305277139078,0.0225,0.8869236835575345,-27.63813474068744,13.787326239078247,0.0175,0.8408211823738044,-35.8772430682287,18.59071697558981,0.04
0.863993483644943,-12.01156234839335,10.129731854884298,0.0425,0.8571283473864539,-16.806093004025215,8.177314109273777,0.0425,0.7873644490953426,-20.42171191116217,12.840896150204122,0.05,0.8098957998139121,-25.780292793579097,18.834186800888062,0.0875
0.9568416904898178,-21.96932091871727,14.134001716511353,0.0175,0.9753602777418919,-27.87231643691383,8.749079281769898,0.025,0.9032677525972101,-27.068143164476226,14.076242946360694,0.0225,0.966877888034396,-32.06843847156136,19.032912054610627,0.045
0.9231852483405938,-17.36129917794144,11.596054064331057,0.03,0.9730087571472076,-19.14890316727631,8.393019910351004,0.02,0.9665664110400556,-27.0804022909003,12.758519966880506,0.0325,0.5657728134421817,-30.23932641969366,19.5869804013388,0.0525
0.984114830620204,-20.60593170112131,14.242234098551371,0.02,0.9851479727370056,-24.707452613420102,9.583291794951602,0.02,0.9784118179287143,-29.807663279494037,15.382618163364072,0.035,0.9564911048990852,-32.84625179922262,22.368709243174685,0.0525
0.8303738163979748,-14.353956126180144,10.302955647190329,0.04,0.8692094029439995,-17.279204837272324,8.359902689119426,0.0425,0.7304290074099309,-20.73371251291297,13.053631551039333,0.0325,0.8542633318060765,-30.13664003274449,18.549376339943663,0.0725
0.9394427259701263,-22.674743663843984,14.959254838942217,0.0125,0.9051444433195176,-29.47735596755544,9.370568482613532,0.02,0.9326341160868178,-30.115813879808293,14.537311950029014,0.025,0.9884308135293406,-37.34431414228268,23.28123168049467,0.04
0.9786492720295166,-22.79138793905444,12.924664924080538,0.0125,0.9555175371358764,-28.727146659959843,10.159013974476647,0.0225,0.9867100203041683,-26.467281597799982,13.096051293885395,0.015,0.9994103467718087,-37.04250124119068,19.69945730274054,0.0325
0.9744398922323161,-20.055723810757275,11.996876456094864,0.0225,0.9992559136528514,-23.070586969039315,8.739671784221505,0.02,0.9940768147920191,-27.835999880666783,13.218917002333349,0.015,0.7613085255372551,-35.78176280163738,17.94549599716818,0.0425
0.9413761645182604,-22.9246815509915,12.939996110732322,0.0125,0.9731503548242154,-28.914883595728178,9.535250185140104,0.025,0.9422234594561244,-26.298634761414466,13.35394238705775,0.01,0.8562571191243722,-38.38664209385793,15.437524989789129,0.035
0.9502908778148673,-20.216181961516543,13.16448172769212,0.0175,0.9441325794452342,-24.76068363368045,9.591659353854993,0.0325,0.9571930529259862,-24.389701486048757,14.42043931217522,0.0125,0.8189524369547516,-36.84197435943361,17.703906448406016,0.0475
0.9232585606265498,-18.56600873410748,13.440459413431757,0.0175,0.9744895433239305,-25.608727158567035,8.59142830756528,0.0275,0.9652508326620879,-25.43110896271194,13.99984454491111,0.025,0.6454816766347232,-29.74736227178181,16.721237716715564,0.0675
0.8435458201438207,-24.717210295522797,13.177237656504154,0.015,0.9879485046681424,-29.90081133621799,8.74087006225203,0.0175,0.6820397867649787,-30.20487957123867,14.248163461052416,0.0125,0.4774160951957528,-38.1488870009514,16.73692490922265,0.03
0.9988397861939662,-13.214378694058063,11.518798114364877,0.035,0.9999999972914853,-20.227494054226646,8.127875396592152,0.0725,0.9992374979970777,-16.694113483196475,12.755806231129398,0.025,0.9838286007020647,-30.96645533863242,17.577134989409902,0.0975
0.8674167608681569,-23.01797879211492,14.580803535139584,0.01,0.9366480744976482,-31.015382690204827,9.669528947583878,0.03,0.7853752609454524,-28.47538987171982,15.19181582375108,0.0125,0.7690895297263883,-38.974822790449934,17.25635640542324,0.045
0.9541112488587152,-21.113653951772115,14.306547562229934,0.015,0.9937104967185295,-26.41648929573617,7.573475387914438,0.0325,0.955899033185377,-28.657973443394056,17.655156794412505,0.02,0.8073154836107098,-35.87165008277928,20.53125143248699,0.0475
0.885229147469649,-14.341511165563132,12.639044654307854,0.035,0.9689245866454281,-19.18891147408886,9.474390845526958,0.06,0.8635308870723675,-20.90052836477711,15.178723354005205,0.0475,0.7214437623335357,-27.357416656612827,20.21472657458682,0.0975
0.9867136785266948,-23.336921183735768,14.77986309829548,0.0175,0.99530822169259,-25.41661425881333,8.73646224352059,0.0225,0.960229627111214,-32.72970153136468,17.747640825354225,0.02,0.9829442837814858,-39.10839901532223,22.65561843153429,0.0425
0.965074058652138,-22.220199957777574,14.15998682802022,0.015,0.9897527286340656,-26.39510205102663,9.164797266080203,0.0225,0.9653321762998724,-28.869924865257914,16.104259412526496,0.02,0.9544867092866464,-37.03056199765969,21.63420569587166,0.04
0.9633102505183928,-24.509042259029407,14.703526399836498,0.0125,0.9916751517841162,-29.08322098736644,8.73212780275604,0.0125,0.9421099396133773,-33.25585791556671,14.614495885000494,0.0225,0.9711100388047249,-34.61203784775292,19.724903861652145,0.035
0.844590596955443,-19.39914603661586,13.815740380466025,0.0225,0.9884183203928288,-23.24092706473874,9.90112649432813,0.03,0.9440237844351094,-24.540241243369127,13.876277660527949,0.0275,0.1340525560107502,-30.31167957248752,17.342800882735624,0.055
0.896322678823069,-24.1705596319616,14.821528916663468,0.015,0.9835037002323054,-27.57221622934835,10.148423150975155,0.0225,0.9120034237276816,-30.871572278863542,16.397269280704684,0.015,0.660602290229362,-34.92056750010946,17.47048035487304,0.035
0.7370334746067697,-19.00122328821508,12.387939011323642,0.015,0.980530278187874,-27.73200978246457,9.446566040534483,0.035,0.6285199622898495,-23.438909233685266,13.855881375824934,0.0225,0.5369586497760573,-29.92075075043712,16.148558370385558,0.05
0.9713401572579266,-19.54270285967698,12.210683186705841,0.0225,0.9974664814902511,-24.11532203765342,9.276410934028345,0.03,0.9454317885961008,-26.839496311655274,15.16130452711762,0.0175,0.8465146057013375,-35.349319076308305,18.66793860750768,0.045
0.9435036553344306,-20.36839614802558,12.16206976474785,0.02,0.977098484056122,-24.039171096634103,8.798495398133944,0.0225,0.8759937988759318,-29.05058657889154,15.188908298859346,0.02,0.8651212181765129,-34.225714553899365,17.99484365142445,0.0425
0.9308224981327028,-18.921779438535008,12.874950235028338,0.02,0.9868038813356698,-23.614720150473868,8.72196110657563,0.03,0.9684610681217112,-26.74596373674497,14.63643815374369,0.03,0.771271804549177,-33.05088670492773,18.52268582982788,0.06
0.9776823639727172,-18.956709844577468,15.576905350552348,0.01,0.9856865545100504,-30.56536211078204,10.123067982690998,0.0375,0.9914062587631516,-24.33234852683416,15.211668790566131,0.04,0.9475737924498278,-28.480510042621383,19.713193848911928,0.0775
0.9278928255547136,-20.38424779585965,13.449601841927993,0.02,0.9862749613557953,-25.342972399980425,8.701710985685956,0.0225,0.9786445393196126,-30.66658627618365,15.952100857513548,0.0325,0.7758402048828392,-31.34097238706827,20.195018934158128,0.055
0.9854954202425044,-11.915006385875625,9.158231940177206,0.0575,0.9949853871972404,-12.95641834043791,7.0480288136649705,0.0275,0.9783075896006082,-24.13799466233065,12.16286671977214,0.0325,0.891190541696573,-30.20906304865694,18.57651959870688,0.08
0.9435127965189828,-21.21507827267598,14.448215994720474,0.02,0.9909562030394684,-25.002200349877242,8.553284932671264,0.0225,0.942397784517419,-28.90677187766894,14.894527366737245,0.03,0.936003267489289,-34.56299262357278,21.54917210677946,0.05
0.8703543337708612,-22.143477100929942,15.267795256663394,0.02,0.9734561145785824,-26.803793933130315,10.811141233218263,0.0275,0.8311181080213753,-26.9860861701492,14.732057887621917,0.02,0.6632861203406187,-37.891437804987234,22.095283707680476,0.0525
0.8762347692164763,-18.111776905047357,14.423950097248273,0.03,0.9329742452504073,-20.759315201117282,9.002367741703175,0.04,0.8634358830318001,-24.829579162332124,15.721697805746313,0.04,0.8293238097489792,-31.209489983707847,21.622432410760553,0.0675
0.9983077654559384,-14.25762873291523,11.892036809324235,0.0275,0.9999572019824294,-22.85155167703042,10.644467820499012,0.06,0.9952832051540592,-19.13782861537492,14.06677717001542,0.05,0.9999962669649404,-22.746951069948857,16.393930262668338,0.0825
0.9312805232230316,-19.793071491345486,15.419762316273433,0.0125,0.9385612889476466,-30.557617260217054,10.780640664742968,0.04,0.9474241365516152,-20.6209872949448,12.373611267005852,0.0275,0.8937741571568971,-30.901403034322147,19.238763877150127,0.0575
0.9127710434411336,-20.28737396435228,13.183618119584253,0.0225,0.9572601201428748,-21.91063916797955,9.163114273839057,0.0225,0.8993966094723949,-28.082629512049387,15.240615673536656,0.0175,0.7661192745523732,-34.63440844333416,19.22945665375885,0.0425
0.9535844069073176,-20.706999968820185,11.678123993888631,0.0225,0.9907810236412088,-20.803413745536293,6.481797872710775,0.015,0.8840918372438114,-32.768312541772985,14.552462150213753,0.015,0.8463320524888354,-37.15883407852874,18.32550469167876,0.0375
0.8886318423330981,-16.94407675272553,12.755569379145165,0.04,0.9613150326961151,-22.533071875963174,10.593078597385581,0.0375,0.777722460791301,-22.5581505135885,14.032046112595848,0.025,0.7512547897817481,-31.699839028436124,17.986698683152746,0.07
0.9805689877814023,-17.526248965558857,11.92647534392234,0.03,0.9948316234241561,-19.391000589185065,8.571098779671381,0.025,0.9648239628527632,-26.54508449851118,15.241047004637156,0.0175,0.900995328306054,-36.62789830825265,18.751570981938833,0.0575
0.7333618503910032,-21.453134180398973,12.77554026703555,0.02,0.9643009616041296,-27.55242441444283,9.834419216348252,0.025,0.3877635103664953,-26.07498632961397,13.274475712451544,0.015,0.6128158533755973,-37.23298837077741,17.561177627634528,0.04
0.695691831599514,-20.64230707705191,13.289664082622933,0.015,0.9895185102607584,-28.10015086957523,7.992263946770407,0.0325,0.5273110119151136,-24.27985462932641,13.894671383804393,0.0225,0.7899369121483952,-33.91574888423587,17.231163317055792,0.0475
0.9832368165984652,-15.395014167144245,12.902129638172887,0.0375,0.9859649716339844,-17.65771338183447,8.685562949546812,0.04,0.9638533117327212,-26.326666729359896,16.89132828759388,0.0525,0.9828411591343724,-27.193244057843117,20.142285964497308,0.09
0.8616436828065237,-19.32157565253081,13.653526311066699,0.0175,0.9798070724796499,-25.188492628656824,8.671585618780853,0.04,0.7559276093762796,-23.266815267858753,14.933772620688805,0.0175,0.7989614453665618,-37.288759049260165,18.21439918927037,0.055
0.9669290097628032,-15.55879931029489,12.110544494389199,0.045,0.9979717857756921,-16.450891080996936,8.577986422728353,0.035,0.8673920910987238,-26.52578479322617,16.547887239362208,0.025,0.7696896484358552,-33.61444630425879,20.226795146174865,0.075
0.9532477297278443,-16.51190544817325,12.187733003988743,0.0325,0.9579915604445111,-20.695837799582577,8.49098355614035,0.03,0.922116167715861,-25.196206656299985,14.095650754784938,0.0375,0.9487558023054838,-28.221078343799242,19.23299641704528,0.065
0.7612389634907288,-17.489886297435678,13.854944835711466,0.0225,0.8687679947304505,-23.13043713712463,8.357751575121547,0.0375,0.5031360001043854,-24.633873307228487,15.101250850289338,0.045,0.7769361694824876,-24.02845452437411,16.5994004578194,0.07
0.9410145279929968,-23.42098066339158,13.942999544845083,0.02,0.9779530089130567,-23.877076177290505,8.60676145486099,0.0175,0.921516706556847,-32.62919888537386,15.900867309629605,0.0125,0.6092043537726306,-41.87025480041434,21.333734220282416,0.035
0.9596757756811969,-21.713207389896567,13.102259083836746,0.0225,0.99495104273232,-23.96936169850185,8.62443094633227,0.02,0.9476840260995546,-31.09797722242174,15.566096146498548,0.025,0.8532264929953841,-37.011454233548164,20.464344073907405,0.0425
0.970839143854274,-24.80573473629589,13.14161381901694,0.0125,0.9994320911798872,-31.0943424134201,9.895635115114697,0.0225,0.9654402130870984,-30.52458481329024,14.497698385580057,0.01,0.8773765893586631,-39.22578076362821,16.101621686777357,0.03
0.8917832417126734,-17.980539345518416,13.82602229131333,0.03,0.9766509431250768,-20.481702554337243,8.015590730800715,0.0325,0.870229150948371,-27.015053649483548,16.1504634548361,0.025,0.8641128233538382,-33.42023141385371,19.669517450921994,0.0625
0.986290107050134,-24.07005254267178,14.257898775654652,0.0275,0.9900722218831892,-25.271545322547485,9.479361848460812,0.02,0.9924753545313926,-30.383584142468155,14.82227535695948,0.015,0.9429009792299204,-37.34732629586729,17.10331279620967,0.0425
0.8575279159287758,-16.436218175963393,12.776948805150154,0.0325,0.9605953057898904,-19.64638382730613,9.405124157229505,0.0375,0.7747330831841692,-23.57433172329799,13.754300656613228,0.03,0.769434281873089,-28.55605158063602,16.024853736082758,0.0725
0.9778027828308503,-9.873639599128836,8.522701460806953,0.065,0.99389396454434,-10.564930638009644,7.46497621586459,0.035,0.9251829991890141,-23.441062066394167,13.847483070355793,0.015,0.822891887549599,-43.001685432404656,22.64371201499327,0.0875
0.8938047328647876,-25.330045328968968,14.60563227250427,0.015,0.979166918882968,-29.572935931452417,9.30394642097318,0.015,0.6581735741704241,-31.872656843374585,15.9776732744928,0.015,0.7896868667167297,-36.68113665939386,18.177893474338287,0.03
0.9193768203806947,-24.758371821317805,13.210544902655778,0.02,0.998162012022557,-30.96937107885435,12.08483287020077,0.02,0.8130596921987439,-28.427872436508473,13.277226592831987,0.005,0.8995078741503826,-46.770868214870404,19.684454175530533,0.0275
0.978880930478122,-22.668657847696988,14.202900695091692,0.025,0.9849766726073944,-29.7125391543536,9.748627830090882,0.02,0.917702860049072,-29.91124699644269,14.587480616767238,0.015,0.9203982069062132,-38.17101504097072,18.995648574724843,0.0425
0.707565393353984,-28.696587774343115,14.545850883078852,0.01,0.8953104610418773,-32.66288812654284,9.760097774855552,0.0125,0.8038665888818832,-35.650257828360125,16.51628885151866,0.01,0.1557999492392232,-46.842703728313666,20.985721121511055,0.02
0.9813483746119516,-22.90614254793872,12.251127326982047,0.015,0.9852234279089547,-26.599112034252563,8.297796250570281,0.0225,0.9760591092620854,-30.279660295733933,15.11095282018059,0.0125,0.9850543154292868,-38.18116554978063,17.0451560835574,0.035
0.9722832878427723,-23.957583586071518,11.87439301318913,0.0225,0.9820448830773889,-30.194136761298488,8.84295649241794,0.0175,0.945426236424426,-30.863829925923454,13.832906853335695,0.01,0.9278671796166795,-43.54894811340219,18.170683979710343,0.035
0.9117486080642688,-26.83381269265286,15.309490397619562,0.01,0.933511869043388,-33.62368303221697,9.555786599995102,0.02,0.9035162478088596,-30.440787261656705,14.426317575612387,0.0175,0.8978802888579307,-38.251596887729534,17.999440186649792,0.035
0.8186523214176495,-24.699708065053535,14.913009165710085,0.01,0.9723989815567736,-32.75807564720475,8.228835242095911,0.02,0.7019327778608595,-28.894673320831828,14.915700686140559,0.0175,0.7362023447645804,-34.25222292127049,17.13679854711456,0.0325
0.8898205367293811,-20.060647727177557,12.648261466275724,0.0175,0.922677895965665,-25.134646580108317,8.585389140421908,0.0275,0.8599750713173411,-25.41384362810272,13.174070492043041,0.02,0.7759179609700735,-33.027899620852736,17.42286296126845,0.045
0.929585461658596,-27.350935663094205,13.65654944796617,0.01,0.963700548074512,-32.1074587883965,9.072935272568692,0.015,0.8090546445607432,-34.182529282484644,15.73620766462372,0.01,0.7945582369505089,-45.78676541192527,22.276657035237967,0.025
0.8205243493099418,-18.596908324193464,11.44545164996109,0.0225,0.971454964774555,-22.222590512827338,7.2784854362831135,0.0275,0.5608991110707198,-25.84374953019872,14.21652666747542,0.02,0.6443038831252512,-30.83869888217513,16.361670074697273,0.0475
0.9570452056891783,-23.523068154092293,14.079586094257348,0.015,0.9917093369662386,-26.355958394127832,9.328316303920495,0.02,0.9457293621322871,-31.89858675360676,17.743220879496633,0.01,0.8728396281701343,-41.956362141731745,19.315569365729218,0.035
0.7667470693263547,-29.32876170562954,15.417841270280789,0.01,0.973439299952854,-35.05292321579148,10.64105863036185,0.015,0.7806171874163121,-33.22125898607548,14.428886185768592,0.01,0.423923238570852,-39.83802597582629,17.69195710004825,0.0225
0.9397429095834527,-12.69729957789476,10.229678913639749,0.065,0.9922886026647956,-14.003698356836408,9.358791385167557,0.0375,0.8027051921521183,-24.10851220439617,14.64218968277618,0.0225,0.3722398694398656,-31.404560383423803,16.615068402592087,0.0875
0.9388481110787805,-18.059679420131516,13.857070024319363,0.025,0.9956950649954466,-23.431095312626727,9.263736612854707,0.0375,0.9405548193239928,-24.79918926626769,14.824614486434756,0.0325,0.9216569072233645,-31.188248821804113,19.12125236598454,0.07
0.8691262324112649,-19.05362783886397,13.412747363182396,0.0175,0.9852295632622492,-23.62711540730329,8.308129593346855,0.0325,0.763260380108107,-25.062799028736368,14.647846349571282,0.025,0.7915983814608154,-33.69151272047514,18.720896619955308,0.055
0.9577448097660666,-18.33537672105109,11.730746025967049,0.0275,0.9819951537418186,-21.45524958404352,8.473389199371498,0.0275,0.9187401455783559,-28.806640107748528,15.218074304454696,0.01,0.9450189305947678,-43.69014785032498,20.228677893338762,0.0575
0.9786465530606302,-19.920315198034977,12.847440277164178,0.0325,0.9901937987458029,-23.74700507105544,10.284288247532771,0.025,0.9461521565075515,-27.96068073048597,14.303256926407872,0.01,0.9527772748100334,-46.60043852614288,21.96871062423905,0.055
0.7320054740120208,-15.659768794327505,9.963703091540475,0.0425,0.9040205196855488,-16.018319382820682,6.643359823853377,0.02,0.3322818732852755,-28.47465725644432,12.52386641687288,0.02,0.0251271377226498,-35.66847630953761,20.14194505861594,0.055
0.8890420078943257,-18.31788687947475,11.239638885574326,0.03375,0.9741126638156158,-23.283707043260385,7.082780299494697,0.0325,0.6643716051691857,-24.142030244077706,13.241986510379114,0.025,0.7915252326178311,-29.4953246073831,15.383979799285491,0.0575
0.5824859740488555,-18.12538627526378,11.388323583988562,0.0225,0.7398943822737639,-22.703920082717733,8.21842347372041,0.0325,0.5085782554492071,-23.177809226036334,13.016220727608856,0.025,0.1274522538499243,-30.337616000470625,16.703579760068145,0.05
0.7970784078348012,-18.194280821659422,12.534179485536503,0.0225,0.8396741604344243,-23.74047939349624,9.039128475746104,0.03,0.6792403031877652,-24.042943356459247,13.20034896924092,0.03,0.8137630793506072,-28.566643397828777,16.696367736586993,0.06
0.566610023256308,-18.83236094746054,11.78156405243153,0.03,0.8478388043483568,-24.2075645065134,8.23838987018368,0.0325,0.2839852531657545,-22.77463968011746,12.039081622060063,0.02,0.0403580974168028,-32.5736744359872,17.158769383731546,0.055
-0.2545369150155275,-16.537043197570963,11.199599718643508,0.0375,-0.431335665189425,-18.45608055909966,8.148514309667519,0.03,0.0265107839308179,-24.337914641330627,12.88409231209337,0.0225,0.0161524687723021,-31.31572356216396,15.576604846436792,0.0625
0.4103005229834696,-19.765365852350257,13.494881786971714,0.02,0.7568922780043688,-24.729343320888454,9.353722666775893,0.0275,0.2955178914996264,-25.234448174586287,13.831346892796308,0.0275,-0.0608326985340074,-28.48600262984302,15.96914351680764,0.05
0.45460946041696326,-19.712695144878502,12.875026949417478,0.025,0.8393975205194983,-23.01949600273042,8.553818539184007,0.0125,0.3473342574577883,-34.28239825976247,14.87587264840343,0.03,0.0049929201817199495,-28.256167741798773,16.743554753350132,0.0475
0.7849424322669408,-24.584362780929784,14.009645568253372,0.015,0.8905025744050985,-27.72287096081417,9.392699811057021,0.015,0.7478762443539129,-33.75134731242679,15.104616693655478,0.0175,0.8047500833555866,-37.36731608879755,18.11785672610898,0.035
0.1384003257832526,-16.193434442622404,12.72911115495925,0.0275,0.7921396163782415,-21.44789555914076,9.378585672620416,0.0525,-0.2039342840802682,-20.65835460299212,13.873487961987989,0.025,0.4989804100823574,-31.78643534852155,17.32594480959414,0.0775
0.2845818056360834,-21.29724234756957,13.798665996729998,0.015,0.641214206316603,-26.84688461650001,8.070826178222452,0.025,0.1083950325991608,-25.920641146035173,14.174146695022683,0.025,0.0147417019076053,-31.043109299744582,18.27158685603514,0.045
0.2784281037032814,-19.52219220700804,12.50438411784492,0.025,0.5935149283793621,-23.59695787161555,8.689719707834845,0.0175,0.2474041081283819,-29.65374351650944,13.642512996508758,0.03,-0.0017280969105161,-28.859670443008124,16.512252179765387,0.05
0.7094220451177433,-21.47980722641406,11.919954168174865,0.0175,0.6910967561728447,-26.32470524558279,9.270932767845437,0.025,0.6668193324570757,-25.972187442986396,12.718187237087703,0.015,0.7338948733966856,-35.81702330784553,16.372003127614498,0.04
0.20460129125247678,-18.61785178289911,12.15750753935982,0.02,0.4087447411590005,-26.65219827437791,8.930842335962835,0.03,0.3408855624559408,-24.860839373542134,13.406332400886157,0.03,0.169293523697494,-28.037703650853743,16.231882717130006,0.05
0.2844910866936275,-23.528096056695276,12.537003443490173,0.0125,0.21256187384520053,-28.651144646885513,8.718415588184346,0.0225,0.41445143734289047,-26.693450441974125,12.939750026161104,0.0125,0.2669398190355441,-38.37800437228137,17.961385283110125,0.0325
0.9364428364590609,-24.7866616558126,13.496472362579327,0.015,0.9760045969410146,-30.951861644784067,9.56356544245803,0.0175,0.9384134290736621,-34.11271858148375,17.209375273832585,0.01,0.8104974728993252,-42.48885404985499,18.862215842556417,0.04
0.9416008216219328,-21.6934369041239,14.03390904375305,0.015,0.9944231233835223,-27.63104586662013,7.865880823562126,0.0225,0.9307314861332768,-27.664546542020272,14.219111827762251,0.0225,0.8637276498028562,-34.49887478104174,18.595174678952297,0.045
0.995255014156117,-25.79157960423316,13.038431105026639,0.01,0.9969199549307379,-35.88117907133652,10.288910275477626,0.025,0.998429593820553,-28.266003732925,14.072749213546553,0.0075,0.9859309864139961,-46.56482383893478,19.266194518464864,0.0325
0.9893705977156882,-25.381572992085065,13.915490421362444,0.015,0.9939036382704112,-29.94231617175485,10.643632331412585,0.0175,0.9836292779381474,-35.482039309178774,17.399890861109384,0.005,0.9996384316410288,-50.99272764049191,21.02871936263898,0.0325
0.9922067237618926,-27.476868662431805,14.437561126592252,0.015,0.9986835670808426,-31.190806515297048,10.95130406972589,0.0225,0.9981507244958883,-34.62198252454453,16.939542564123244,0.01,0.9409861297231906,-52.73916773872031,26.621089630208598,0.03
0.9740905572626672,-21.527084016884544,11.757762806924859,0.0275,0.9926256326777558,-23.508242254706133,9.314442084099307,0.0275,0.9895056700204955,-26.96659448680813,14.504060010358778,0.005,0.8545225901127926,-57.50944068125976,24.641113921269564,0.045
0.9823431750994072,-25.172193894408288,13.458313743834436,0.0125,0.9906697957810016,-32.65998126272042,10.354766271603635,0.03,0.9965009438558081,-29.522702950455077,16.3005058682449,0.005,0.9089625254581524,-51.81931262945291,23.710639390546596,0.035
0.93655048352295,-31.669676404630906,15.13084498678466,0.005,0.9333906792051836,-40.0374814664108,11.27929118069262,0.0175,0.9587008702453924,-35.03312460742312,15.409517692703725,0.01,0.8649304327216494,-48.43877770833472,21.842458184868647,0.0225
0.9868108465015812,-21.279678157167602,12.592140749494806,0.025,0.997707732153519,-23.923662821708042,7.95334867100534,0.02,0.9835912368294085,-29.483751101014704,13.81421596579517,0.015,0.991899187171852,-40.11422345045784,22.844077387199746,0.0425
0.9928906643020685,-28.83615470538813,16.312316801148853,0.015,0.9979630362442358,-34.91636734472887,11.714378762139205,0.02,0.9992941937168793,-34.64411339566146,18.321698914519168,0.01,0.9869163045243844,-41.458771965012545,20.25168637227793,0.035
0.9980378508708396,-23.925001232510432,14.891533674409182,0.02,0.999726435598748,-27.06834380524206,9.027510277333135,0.025,0.9979449350303918,-31.4425083373019,15.238031276700909,0.025,0.9981162357062544,-39.005584017237005,22.167743222964432,0.04
0.8999320305553947,-16.994841883280483,12.124959975571938,0.03,0.9628259092188776,-21.316450089067324,9.49390360435999,0.035,0.8131205514994924,-23.79062689521547,14.057400223702906,0.03,0.8542347943617854,-29.998579571199684,16.831420521514712,0.0625
0.939601937794058,-16.979575168457952,12.370884640949795,0.0275,0.9558282091008414,-21.07594127736543,9.534605636680956,0.0425,0.9490928891893353,-22.491443808546613,13.611714193335104,0.01,0.8154447768567947,-39.601539640068125,17.528494302003704,0.0625
0.901751941122716,-20.732205612871176,13.284157896371743,0.0175,0.9384251111220115,-27.240776250442494,9.490218943862216,0.0325,0.911466780849574,-24.194449086978004,13.86427935663644,0.0175,0.747005972758148,-33.5824129384359,16.858398772972496,0.0475
0.9546766258508306,-17.1762474749962,10.174818890791919,0.0375,0.970934530720427,-17.55082840460229,6.443020880974466,0.0225,0.9068015471269442,-27.36105480089282,13.512598519709906,0.0125,0.7582995329581939,-39.09560424375256,18.39481671492093,0.05
0.8394978834294388,-20.504907194690087,14.129438654062133,0.0175,0.952002345868266,-23.40039229002806,8.119571236141823,0.04,0.8244855342741917,-24.58984701307092,14.302678068399716,0.02,0.6631463935047208,-34.19308318729739,18.575156918701182,0.055
0.9772421708175398,-13.977545182967816,12.01329735770577,0.0475,0.9919184209672431,-16.914071663047082,8.387663263890094,0.0525,0.9672467962363935,-20.833090164829947,14.323153293977107,0.0325,0.9542113768422578,-28.373826043531317,17.193321578972643,0.09
0.8853810490366192,-15.54607692495316,14.070509574935851,0.0325,0.9780394812363917,-20.189855940795134,9.161256728272868,0.055,0.842577503118586,-20.523368440647268,15.574044854877329,0.04,0.7091245287866561,-26.310557663377878,17.60752592765916,0.085
0.9731724559032224,-15.044932691778923,12.615356910521214,0.0325,0.9976646005019472,-19.166656118227294,9.060089123328183,0.0525,0.9691316343680618,-18.96607761624604,13.306789805245304,0.03,0.9160345786987802,-26.42862348959742,15.572392348336056,0.0775
0.9489426900503856,-15.539730054784947,13.269216906617153,0.03,0.9888231991415939,-21.70265683135765,8.28124458208636,0.0375,0.9447122884192426,-23.060647376989092,13.700792721005028,0.0475,0.9050015619193881,-24.39602593145696,16.805644903047174,0.08
0.8218639769147738,-14.166419587345924,12.09615646884617,0.0475,0.928643623856468,-15.811649609579856,8.761805869567212,0.0475,0.7082631526461125,-20.75073891917117,13.962504463583947,0.03,0.573799517602672,-29.195540244490545,16.697069516433963,0.0825
0.7330132274283914,-22.483237727288405,15.305407075930137,0.015,0.709564123503883,-26.77314722658234,10.178951530538399,0.0375,0.7395567266987151,-25.215815307411347,15.755150696183843,0.015,0.871384466008409,-41.058510686306036,20.840417454871858,0.0475
0.7613301235070363,-17.76000327158316,12.200696624937637,0.025,0.9705612890818502,-21.498705503595374,8.314983662205616,0.0275,0.6064475420230354,-24.431450986239494,12.37612222593199,0.025,0.2974760887080594,-28.5312453475872,15.266080045534723,0.0575
0.8050867479976263,-19.49931721718026,12.409202092197813,0.0225,0.950076879975976,-25.894743244983104,8.371014080199613,0.0275,0.6834936449458202,-26.384524964803965,13.881915955520261,0.02,0.3832824566864296,-32.25806250380646,15.785416373430985,0.0525
0.9686285957609944,-19.890741867557097,12.042562348440942,0.0225,0.9883526403581928,-21.037167755626157,8.336296148692094,0.015,0.9588167722392732,-31.27675300545226,15.519381514175729,0.0175,0.9148292293016296,-33.58339379616143,17.100484212018756,0.04
0.8495027367636778,-14.475187532315076,12.720178537184317,0.05,0.9555586139251873,-17.409258917150183,10.727515962165159,0.0475,0.6881000057615105,-18.475278218495145,11.934988657179733,0.0225,0.9783276682029568,-33.05184103513149,17.898059459024825,0.085
0.9137862252239148,-18.973180451562524,12.824409987805067,0.03,0.9379248667347988,-21.410568472454084,9.26916009451294,0.03,0.8710265925836023,-25.28333089222896,13.511177527287083,0.025,0.8738849326249902,-34.897297943600286,19.049099774601306,0.0575
0.9765983345619448,-23.17318949216004,16.55708748687407,0.01,0.9922070523302082,-30.085812706204425,9.523120255851197,0.025,0.9853129076366972,-30.26609392533771,17.8623486093743,0.0275,0.9845494413014754,-35.524176863000726,20.597875497388387,0.05
0.8427215798631179,-25.36400249078001,12.720893119112295,0.0175,0.9125601167285646,-28.508976322788286,9.479245615533788,0.02,0.7330975649901157,-32.59778920421304,13.41705729808584,0.01,0.5726565935483594,-44.88036561665341,17.13104613632192,0.03
0.8227391303910758,-17.53322535604639,10.366509014435092,0.0175,0.6119440377483093,-26.740800259712916,9.571725196653333,0.035,0.8022562377296576,-21.883823058027662,12.705545924088874,0.0175,0.5514837870077206,-36.06389352546972,17.46315614409102,0.055
0.9382738597587942,-16.716209513391696,11.893584665896604,0.03,0.9921620478415596,-20.379547821148524,8.538996819702476,0.05,0.9284020618664032,-22.42268831826486,14.80692395420079,0.025,0.8735548765573957,-27.37755756361425,14.478718843698232,0.07
0.9023974874079208,-21.69137977013653,12.58444000397345,0.025,0.9073060202490736,-25.54176995234572,8.476982037689893,0.02,0.878029174958812,-29.082316526610448,13.438431183918476,0.0175,0.9111614567507748,-38.53991421622926,19.26303925882856,0.0475
0.8806198852290434,-20.821759667262047,12.120058717489407,0.0325,0.9053957061868363,-22.00666216326846,10.041076712354585,0.015,0.8672068659380928,-32.209781184168904,14.399406281752105,0.01,0.5733230228930627,-41.828862542829455,19.329784819239674,0.045
0.8888978450260983,-24.607986194394975,14.135064383802245,0.015,0.9889114486828436,-26.45592631153277,9.23503130047531,0.01,0.8447307372107011,-35.20107326666139,14.99838290833125,0.0175,0.6596216604108414,-37.11290829363794,18.477405947662824,0.0325
0.9422463004046,-22.91726088446747,13.488084245378744,0.02,0.9704230267882056,-25.498441796253687,9.393379915717858,0.02,0.8923653840372443,-31.64046959682135,15.21926998872757,0.015,0.8371969054051942,-37.47880381511274,19.69474516863501,0.04
0.9366047465808548,-19.697321883531025,11.131577014120218,0.025,0.9573323774103185,-21.77653172567728,8.701872775685757,0.02,0.9052477682241846,-26.60031132023068,11.415033070714117,0.015,0.9496821042018582,-35.448699743350375,16.610144353019678,0.04
0.9474142413724593,-22.340310508087132,12.161628259357332,0.0225,0.9864580495698341,-24.124866715316635,9.06317364371159,0.0125,0.9352346189758508,-34.66301929642768,15.63190341814785,0.01,0.8029314880925795,-40.35457264342774,18.773306734779496,0.035
0.904834999801529,-24.57540506592997,12.687032690830222,0.015,0.9408152454588324,-27.487008769307163,9.781486521439966,0.0175,0.8354588208037932,-32.66688660998476,15.341238387272895,0.01,0.8428078438164323,-43.21410075035192,21.74544854507058,0.03
0.7537547277773282,-20.301259092610152,12.91988149520416,0.02,0.8414464597823417,-24.801025302980214,9.038455302610954,0.025,0.8208500518610341,-27.220286898679362,14.159557445528993,0.025,0.8308979087637562,-31.113948219261843,16.920001231617526,0.0475
0.9289737545058157,-17.376397044381587,12.342146719212288,0.0325,0.9743515841090481,-19.07795760682844,8.69143027592497,0.0275,0.9203862408014605,-25.03550613342862,13.317724245019061,0.025,0.727398370007269,-29.87435743724666,16.596148891387525,0.06
0.9289737545058157,-17.376397044381587,12.342146719212288,0.0325,0.9743515841090481,-19.07795760682844,8.69143027592497,0.0275,0.9203862408014605,-25.03550613342862,13.317724245019061,0.025,0.727398370007269,-29.87435743724666,16.596148891387525,0.06
0.8711846110792606,-23.05814633775416,12.26641075044154,0.015,0.9295058753212706,-29.80894441874961,9.856185060419657,0.02,0.8872795248609426,-26.223355104653532,11.966874226481682,0.01,0.7645010996018909,-41.32915280025074,15.884037363188456,0.0325
0.9140378034717962,-21.1121058514302,14.503673098358693,0.02,0.9959682287907567,-27.482652033789357,9.686452594213822,0.035,0.8639353038577328,-24.828013486797428,15.470400311943184,0.0175,0.737954068083669,-35.094104039249686,18.441806754695456,0.0475
0.9566860890142712,-18.07453253904752,13.317935265151238,0.02,0.9978083931073352,-24.38882629951041,9.162675320776684,0.0325,0.9274961851915194,-25.19687502922671,14.369802035662191,0.035,0.9207616979987796,-26.914446430717557,17.004439334214,0.065
0.9791984689186336,-20.14483514702215,11.412074984124729,0.025,0.9881637909021075,-23.00651544110263,7.239439740009762,0.0225,0.9805441871554218,-29.196532713786315,14.40526325395469,0.01,0.8393662638768307,-41.33509968057615,18.61310201853977,0.04
0.9951163580354055,-20.478698049745773,12.136640693197569,0.025,0.9973930588587018,-22.38986163068917,7.903741368797297,0.025,0.991851888444216,-26.138421517701364,13.441779461709476,0.01,0.9905570230872172,-42.55525740055087,16.964584780982122,0.0425
0.8401733843728754,-17.580244340910802,14.237083236901318,0.0325,0.9788036313532421,-21.880336882104924,9.876038005318186,0.0425,0.6870965822742422,-23.076848558261545,14.711343286428122,0.0225,0.45249289077503185,-35.10213473436162,19.10714023475873,0.075
0.8391171335162781,-20.38424779585965,14.439734972293143,0.0225,0.994170820487299,-24.63765506220549,9.83043652805462,0.0275,0.5819316377513478,-26.813304357753736,14.675990305173451,0.025,0.4904148333695333,-34.5712925565681,18.82307205117847,0.055
0.9333292684127912,-22.09009551995128,12.940434779808882,0.02,0.9729306739679896,-24.004572119186367,8.862370985094975,0.0175,0.8782346840607542,-28.77952490650269,13.584228254791933,0.0125,0.7378054972847521,-39.10187530007922,18.63053795976152,0.035
0.8908481099054426,-22.064254008496647,13.114182203973415,0.015,0.9560930241979332,-28.08055659734509,9.652210997150627,0.025,0.8856870032982036,-25.72673618918965,13.533181504725952,0.015,0.6560689476322666,-36.14458979487336,16.258963556048247,0.0375
0.7266367205887028,-26.32969336411665,14.009267714401576,0.01,0.7549684103549155,-31.567449242012245,10.004189581040858,0.0175,0.7294320701084017,-32.11608622634877,15.077655444657966,0.015,0.7470681380725781,-35.14608917122506,15.847570520927661,0.0275
0.6454102003960476,-20.165379574156965,16.075192295451064,0.01,0.9504433641816517,-30.356870368986172,9.37122256249745,0.03,0.8064700133523592,-26.63260740746651,15.416161381433756,0.0475,0.5734837730430453,-25.195979068358223,17.821482836872455,0.0725
0.7147585281733279,-23.278872176830703,12.982546334485047,0.0175,0.7585212920369812,-26.309919951918545,9.963831908388709,0.0175,0.7270461031359436,-28.846421654934854,13.682063488857924,0.01,0.7527222875492339,-42.187234889514606,17.829820524680024,0.03
0.9171249334860276,-21.99022182729143,14.63403475909323,0.0175,0.9860294934055178,-27.58033302603412,10.20345766738441,0.035,0.869758781834008,-26.440661968590675,16.723784606618985,0.005,0.5420054527576332,-53.03391910268166,23.21037133048818,0.05
0.6511868869263491,-24.227544043349685,16.20322109864298,0.015,0.6862379227002695,-29.036797681831015,11.177296771772616,0.0225,0.6326723770540605,-30.03760429512556,15.88441301754949,0.0175,0.5255907650588814,-36.035945843156924,19.632235813181282,0.0425
0.8543794547163194,-22.149125336107723,14.058895294220582,0.0175,0.9383281599210076,-27.812200332399787,10.623675976450452,0.025,0.7789630113723482,-26.8826502277193,14.030130479333865,0.0175,0.7336250242771292,-34.05490866753687,16.768801961461257,0.0425
0.95709005857715,-18.87715103196821,12.823087628455282,0.03,0.9894163432861562,-21.053334670638296,9.32039474427389,0.03,0.9232109954052162,-24.274569947187526,13.938747262438008,0.015,0.7433063413643246,-35.33819078680615,16.27067179404352,0.055
0.8172939663988197,-19.192605037970534,13.234817362530736,0.03,0.9840494102901024,-22.156619204984263,8.752234769445892,0.0325,0.6273895824002993,-23.657003238674967,13.304112211868032,0.02,0.6349351235931595,-31.32711739520188,15.64243088528816,0.055
0.7917763826078676,-17.32035445259475,12.873727259658988,0.035,0.9823894646158284,-20.19501726172993,8.730321413380562,0.04,0.5382109724298709,-21.64034087437806,13.057018494299111,0.0225,0.532578845406817,-29.96435576030816,15.123724223729404,0.0675
0.9135295496272309,-18.807553414336518,13.373683683426652,0.025,0.9887314486190923,-24.471358164628597,9.789257962670618,0.035,0.9050250550399105,-25.020073593406124,15.074345089199015,0.0225,0.8285503144582378,-30.69209137453906,15.860918955726149,0.0575
0.7267950647420665,-20.23182382668744,12.460911215153113,0.02,0.9713869674576898,-22.340462392362063,8.024449702932703,0.02,0.18851849666072046,-28.25578677589057,14.56351661673767,0.015,0.37871179763654084,-35.07287224039976,17.386757571995176,0.0425
0.9085888157551,-20.007425197675907,14.07989996080932,0.015,0.9511727273527348,-26.5447723336012,8.867339686127849,0.035,0.9331307226292096,-24.183445726082027,14.585516641021442,0.025,0.696932733428063,-30.997829730825693,17.43588598238032,0.0525
0.8288289199830416,-23.425084381765657,14.875537125394256,0.015,0.9852113199277361,-30.16763589188431,10.717980821295637,0.03,0.8364015247364791,-25.799806202499955,14.552150608685077,0.02,0.6135834888885641,-32.724959329570005,16.730453833225113,0.04
0.9890255049036112,-15.533388107980137,12.958783885521187,0.035,0.9953256844030387,-19.29966097194834,7.910897889584664,0.05,0.9954961674685869,-24.462262371293576,16.790442785437847,0.0225,0.8801414381516086,-36.68937422022901,21.406712199286503,0.0825
0.985685921108893,-18.959060877109906,13.789441951457512,0.0175,0.9989071134551816,-25.51784086318501,10.25301975088492,0.0375,0.9822307862976576,-24.412693275662978,14.922689161820813,0.015,0.9390506069390896,-40.96138588861728,21.86048138496838,0.0575
0.9386264236955404,-16.027435561599386,11.164930950973025,0.0375,0.9759560471885658,-18.840051906118973,8.456023309528277,0.0275,0.902100407234768,-26.944607844371767,15.042493648877269,0.02,0.6613451413748244,-35.48154604947746,19.180141132924156,0.065
0.9740425148588476,-17.23838995850254,11.83584428313096,0.015,0.9912855314438328,-28.32935010053492,8.313339681482951,0.055,0.9773811783435602,-19.42582045845339,12.335355637388908,0.015,0.7146212279798159,-32.63197594528611,14.084926743597672,0.0625
0.9848841156389722,-18.718141256124404,11.607437955623183,0.0125,0.9879230201583272,-28.2285828591302,8.74976141859692,0.0375,0.9934977020137769,-22.320840464335436,13.131418838614604,0.015,0.8331547938064794,-41.21896875140126,20.62641076453793,0.0475
0.9761344747826934,-20.61939420174852,10.431251945606386,0.025,0.9974389171610246,-21.27025090411369,7.434514136223438,0.015,0.9913584650238146,-38.78625644939043,19.067349690706813,0.01,0.8003382865008893,-64.1329422894079,28.54884226462908,0.04
0.9725753025519276,-17.990019231298444,9.622549469947096,0.0325,0.9960673961930606,-19.143958104284565,6.109843948275255,0.015,0.9930516519864024,-34.707140757461225,16.131882415145697,0.01,0.933669796567584,-53.22196067842671,25.770652610524277,0.0425
0.9684875123896532,-17.165305183915578,12.219246367882725,0.025,0.9873671136262099,-20.971924756128054,7.833516095761627,0.0425,0.9862371431458491,-21.481025465846344,13.170649494126806,0.0275,0.8431752364849731,-32.13597008075678,19.60635123858479,0.06
0.9508392042642196,-6.635062526500746,6.1045041899972965,0.0725,0.9715730478738912,-12.45549019739414,7.784953790646981,0.09,0.9454118644072418,-15.394715166959813,13.356682760000636,0.0525,0.8398271088908071,-31.98221556116156,22.292574334641696,0.1
0.9407618252927156,-15.672390293431109,11.917432207955049,0.0325,0.9921652022587704,-17.78016347930253,8.027663989026944,0.0275,0.9379724232050562,-24.84172531391839,13.681019099600697,0.0325,0.8327215691362676,-27.84373858210757,17.040310074393396,0.07
0.9342069819578984,-17.365252741274567,10.792913893840456,0.03,0.9788207193211655,-20.457678262016927,8.659307213545757,0.025,0.9460371296419139,-27.966580742667805,14.23423504820012,0.0225,0.842298952136336,-34.44138312288151,18.8220132023955,0.0525
0.9254387529562584,-18.87715103196821,12.07819876419192,0.03,0.9937291068117808,-20.78987886121829,8.583417137305098,0.025,0.7611136606232102,-25.77138761687753,13.974608718023497,0.01,0.2383007733266202,-39.20152320217076,17.10420768959429,0.05
0.5859286391253853,-19.41037468725015,11.53715997808643,0.0275,0.8170252856133706,-21.88829997709174,8.981882871678351,0.025,0.2716336227360902,-24.7856195738502,12.324000698870972,0.0075,0.1456985648798348,-44.36871396852125,18.29774609882492,0.045
0.8964533395260118,-16.86704154048001,11.93290963638828,0.0325,0.9648664158396216,-19.5741460676936,8.364308976044109,0.0275,0.6951034322789531,-25.254276848958263,14.063793922358457,0.025,0.8090160308789783,-30.49068217028621,17.15690247759273,0.06
0.8339701071381354,-18.48325339802437,13.036199605653565,0.0225,0.9721461524087164,-21.528411114380223,8.419277049425961,0.025,0.6115630541367164,-25.903872295745053,14.100111416039445,0.025,0.655631315968256,-30.296392412033057,17.887203327175378,0.0575
0.8865930128398524,-17.391714765889496,12.877783713197529,0.0425,0.9807107707443259,-18.790169116750985,7.393839886115667,0.0325,0.6132237434773646,-25.541044347310766,15.507397330256822,0.0225,0.5381602099474819,-31.872855487639434,17.329100473792565,0.0725
0.8896203698154821,-18.417913486223277,12.703363108686453,0.0275,0.9797601935397452,-20.205342664505856,8.550630753964404,0.03,0.7066047940570488,-25.979904134778078,15.057004763870165,0.02,0.7291766642849559,-33.765375716590675,17.56697212983754,0.0525
0.9006596105527417,-16.17018567966347,12.356712611804273,0.0375,0.9726553429199677,-17.583525134599668,7.882782282511615,0.025,0.7892469407756475,-26.958110493559346,14.84076180614193,0.03,0.7118503113938548,-30.573057304591345,18.601396868897403,0.0675
0.9705486270699366,-15.975579348110461,12.84341069749555,0.0375,0.9930471530491701,-18.845881537104955,7.977906817467882,0.0375,0.9102962195588217,-23.28376645298202,14.955420638896552,0.0175,0.9443379644402844,-34.56457969393311,19.355640547961954,0.0725
0.9205911374107022,-13.838862070922758,10.100505392748069,0.045,0.9937893407007061,-14.730245043617002,5.984385034869652,0.0275,0.45333152229303114,-25.929610985077467,13.95380801159234,0.0225,0.8613372188339279,-33.59175187381282,18.139421621118693,0.0675
0.9491747323749128,-15.420009550258388,11.56876659011538,0.04,0.9970653342538264,-18.402385352058893,9.203058594999074,0.035,0.9352790584086752,-21.93535052534663,12.708975368526872,0.02,0.5392089105334207,-33.21168407340436,17.545334417279467,0.065
0.937041684302794,-10.67217428418272,9.071062236660282,0.065,0.994327055824468,-14.922818934720521,9.501508788954617,0.0625,0.8854657246265565,-17.56954851986143,12.964915787860125,0.03,0.32619512908976256,-31.090151383918922,18.874700392000083,0.0875
0.9937405104029128,-19.950228257184072,13.838922059430061,0.025,0.9988577379143551,-23.706327411827548,9.240822474857968,0.025,0.9948401983280226,-28.54223388707668,15.088976246939646,0.0325,0.989814256307125,-33.74912995272935,20.02098962403017,0.055
0.9807093593294549,-19.609875821836596,12.492063707435229,0.035,0.9955840933604705,-20.818859404169956,8.412341498374587,0.0175,0.9097983103932246,-30.874468710941677,14.237053059705042,0.025,0.9478724673911718,-36.58584435213499,19.79616683211559,0.0575
0.9665879720082532,-13.063985207235858,11.718624835167724,0.0475,0.9962837196662,-16.13655911585693,8.07750004331092,0.0525,0.9121061641451182,-20.711031902864253,14.875428707179886,0.02,0.816555403846655,-31.246881114305022,16.70860726737096,0.085
0.9922760663352038,-13.77584286167697,10.698770264840922,0.0475,0.9994897459903866,-13.637259702157053,6.386298501219324,0.03,0.9938787114170078,-23.908948068148387,12.592293975594457,0.025,0.8626866421401035,-31.46924276798732,16.832356039216442,0.075
0.9801851283727847,-21.959565470226806,14.366728289001912,0.02,0.9944245059354093,-27.36853198337291,9.839212808244612,0.0275,0.982640841430093,-26.17927825538197,13.46432919896651,0.0225,0.9643939188169134,-30.367010365348673,16.612980451956254,0.045
0.949250659754601,-14.951046378832544,12.716408244100665,0.035,0.9963823826386704,-17.644143047687447,7.256887183373159,0.03,0.876186781298427,-24.593153005302312,13.802665936115256,0.0475,0.8956193966968513,-21.917516299011144,14.760594076415485,0.0775
0.9515883949215832,-11.235737424252532,10.59126560357101,0.055,0.9970530313118222,-11.989260447858555,6.815873688888219,0.0575,0.8787317071050667,-17.966738102666987,13.282758333768404,0.0325,0.8051169076372389,-27.08586840177909,15.883199949566055,0.095
0.7873038920636509,-14.213398826869836,10.111149657174195,0.04,0.7963049042663292,-17.25299945052575,8.793220892685838,0.0425,0.8069314868970574,-23.10002790119389,15.209701706041075,0.02,0.7010949016405096,-37.35659809110625,20.47110579280539,0.075
0.9818902951583662,-21.51134175104179,12.951179929323636,0.025,0.987912292438993,-22.91965187816437,8.98369542127498,0.0175,0.9619924404202488,-31.565021184258654,15.162252772292764,0.0175,0.945991818347298,-40.63967957160931,20.895923341431672,0.04
0.36310741413038244,-16.704101958342203,12.65196545851662,0.0225,0.6111986815694499,-23.136842433769324,8.861696854902581,0.04,0.25116556124935585,-22.75818228720547,14.600295672676097,0.025,0.3277995639099479,-30.85137851260392,17.537810083035478,0.0675
0.9573903345545884,-21.342603538272293,11.292702130887438,0.0225,0.9879223540035142,-22.47122268346001,7.486057861664923,0.0125,0.8154752208873929,-34.571069206034906,14.47714671535891,0.015,0.9067848578835264,-35.98724487697463,16.828468655487576,0.035
0.33352150192376984,-16.560448423880622,11.790057317782923,0.0325,0.36373263498322644,-18.62403605329663,8.658826909383805,0.03,0.4380126442205583,-25.103574154327955,14.212431228945631,0.025,0.21225808562744336,-31.612390443514713,17.46095507465218,0.06
0.424430044278933,-16.50766978459012,11.716924662281142,0.0325,0.3573905512425332,-18.26928359190341,7.883965262886578,0.0325,0.5299380529125133,-24.61081230930117,14.681185098397574,0.0225,0.5200226353293007,-30.012336126248226,15.878726388972904,0.06
0.67578051726225,-25.905042222615116,13.499077910919098,0.015,0.8813240998287695,-29.59035886002886,10.369592548014229,0.0175,0.4895289844564755,-30.52385817471764,14.059162649786217,0.01,0.6144040703346005,-40.00861667145382,16.927316517954896,0.0275
0.83238329452369,-25.641384430471778,14.09260812384416,0.015,0.9537140142097515,-28.721145821424912,8.509081133227188,0.015,0.8176650908090151,-31.979114061776254,13.548402581927744,0.015,0.5416070856071891,-36.92503225601341,18.04218303444903,0.03
0.3556173923433668,-17.310962126115953,11.33440329730689,0.0325,0.3792296038457008,-19.112237583645097,8.39640148681104,0.03,0.41474122361435073,-26.341545002264844,14.457581711378426,0.015,0.23504204656978606,-37.21537454135142,18.303658357056207,0.05
0.412482350548044,-20.122766891077365,12.394616789928769,0.025,0.4194716484048879,-22.27121266734577,9.413725060887977,0.0225,0.53035114200236,-28.77414469188607,14.559992797544616,0.0175,0.3781392844649159,-35.037346490096965,17.584080902456435,0.045
0.6385379661756225,-20.53657455102051,12.860572052986575,0.025,0.7312670636360434,-26.465043054850792,9.328656509837934,0.0325,0.6475293533985691,-24.53197509690451,13.957146628624795,0.015,0.73493428752011,-35.09732013805419,15.857907384801784,0.05
0.8797850098776143,-26.02272075070636,15.0018322568737,0.01,0.9230615590988308,-36.173561565561165,9.9555385619816,0.0275,0.88183589780449,-28.2319007924278,14.60553984016903,0.015,0.8918759289954341,-37.583050243230566,16.284277649445116,0.035
0.8109550529291467,-27.251006771319407,15.542730863772364,0.01,0.9373235267490512,-35.60405775672909,11.03093443794155,0.025,0.7710335596048183,-29.317113832803287,15.586697320692934,0.01,0.8005790135040246,-39.60255675128377,16.45291312546391,0.03
0.9932885657942443,-21.38303100575952,12.967684329722246,0.02,0.9967104205709343,-24.513072021433906,7.83877035962719,0.02,0.9953318614318423,-29.027646914165313,15.603173138211698,0.0175,0.9705244829967214,-34.932998020634244,18.204844124588103,0.0425
0.7596227568439043,-17.20238753900754,14.12942361991056,0.0275,0.9254148482402098,-21.35418568666745,9.37156340417376,0.04,0.7151816983747311,-22.66178822040584,14.756330396994604,0.035,0.4691038441590463,-27.605517602821696,18.237784750766696,0.0725
0.7958056563546443,-24.116222795510428,14.514870814522565,0.015,0.9293635911505316,-28.077132581661786,9.263962420159187,0.02,0.7003465818763981,-28.85143132017761,14.63656779046888,0.015,0.65232026926124,-36.57019973587339,17.788944598551538,0.035
0.7749316993540486,-19.6510995384032,12.344647587134233,0.025,0.9171675022310146,-23.01766211030465,8.883800770194046,0.0325,0.6263416226311684,-23.5583571545696,13.001465798006635,0.015,0.5615378219755636,-36.24557507299233,15.236908859932738,0.0475
0.8161583238869963,-20.855332230061787,12.275010687360698,0.025,0.9295170040222098,-23.292760538870017,8.151578805568306,0.025,0.5984036813725202,-26.448365320352643,13.381825033962368,0.0125,0.6079904779995949,-36.57897728254886,16.615127161570584,0.0425
0.9547258867144548,-21.899716549472025,12.601068733569395,0.02,0.9910226584055696,-24.38384006769877,9.577197881950145,0.0225,0.9276077510772692,-28.3678450679988,14.131457130084076,0.0125,0.7315646062467097,-37.89845294982344,16.804412201452735,0.0375
0.8979267120169147,-23.599840685406672,14.732143714105328,0.0175,0.976978181230584,-29.402941197024607,11.633460200783349,0.025,0.8806732362093836,-28.21927443933976,14.807433857484096,0.0175,0.5717809084683881,-36.90195359538804,17.58376644401588,0.04
0.8847900598987731,-23.868749927546347,14.504784689316594,0.015,0.9438792358053754,-29.054618051799437,9.811955969203048,0.0225,0.8308713324591266,-29.48325430413596,14.05197186272699,0.0175,0.7838653920998392,-34.65536354593827,17.037773359856914,0.04
0.722440542858813,-19.568997044331454,12.206002496047821,0.02,0.9043301061749254,-24.445494507652008,8.69187591925731,0.0325,0.689944005070013,-22.27842703691985,11.871578711260586,0.015,0.6347627249979666,-35.368398546916005,16.058953320064767,0.0425
0.8956018438155109,-19.144430263127845,12.591270500537671,0.035,0.9912942790055416,-21.90785213011334,9.623772780873797,0.025,0.7531046605628339,-25.17563622294037,13.176109307041388,0.0125,0.3358876142964793,-38.06028098134425,17.491394412146914,0.0525
0.8167127261538893,-20.474763008576836,13.04251853315193,0.0225,0.9853388432855381,-24.65480295210984,10.807121574985551,0.03,0.645552897026799,-24.096713615529673,13.123387875356642,0.01,0.5060028547684672,-43.708487311765836,17.473000431416878,0.045
0.7438351026673613,-18.341265472696573,12.774891902775192,0.0225,0.9369866324445579,-25.553460402972824,9.985494860055953,0.0475,0.6540466096197622,-20.549044972875976,13.02053706429965,0.0125,0.6756207420531115,-38.660183007911876,17.003505629463632,0.0625
0.7807332497455078,-22.147592981450646,12.773769179440423,0.015,0.9841873246506032,-28.065006945374904,8.82279571217785,0.025,0.6709707072776486,-26.66770792725372,13.493701482678002,0.015,0.4658824013381331,-35.73853567303603,16.212641136379837,0.0375
0.8705486023393617,-23.28691923517284,13.59101622207457,0.015,0.990502514941306,-27.044163251665264,9.145073014545904,0.02,0.7965947009116394,-28.96130812242596,13.410232291926931,0.02,0.683137614228547,-32.895212090270235,16.751057047732424,0.035
0.7431344200026585,-20.469597124020623,12.719822503481586,0.015,0.954621127802216,-26.678852520698054,8.887722042029708,0.0325,0.6398175593064416,-24.00750768751879,14.174458997955044,0.01,0.4879243821326343,-41.30542500564303,16.520852689293168,0.0425
0.7092202052443413,-16.78190479353381,12.48933242072794,0.03,0.9470294835265034,-18.44716569918294,8.170510265042358,0.0325,0.20013782881098435,-23.476410445685957,13.633319525818354,0.02,0.3180207139602209,-32.927052522628074,17.904273954336034,0.0575
0.7774953431562948,-26.992246205391798,13.888634654143438,0.01,0.9124971981746683,-30.256031561594472,9.450594942954787,0.0125,0.6577973318030303,-32.6474592008033,13.495614198115113,0.0125,0.8389597267530182,-39.27622983306955,18.16878695085019,0.025
0.7204970213608667,-20.062512720187183,12.357581644707235,0.0225,0.890887962245087,-21.919304888713583,8.283303286217368,0.025,0.36378819964083653,-26.713985735406958,13.057877753456605,0.015,0.43264407858356513,-38.730519550796146,17.090080502965698,0.045
0.6425457644681131,-19.62883001501655,12.93711335335207,0.02,0.9521781076524828,-24.10180790739265,8.251032735547597,0.0225,0.1758710457620272,-27.193820843285412,13.015252138634082,0.0225,0.059427451896816,-32.06591778091932,16.923303141574124,0.05
0.858845509777395,-22.71410411844149,14.010758170456825,0.01,0.9642660682629148,-29.71124664874262,9.063162597617072,0.0275,0.8311998447388214,-25.023103532475048,13.037780321456548,0.01,0.7625764259662139,-40.6939289784175,18.31860463941164,0.0375
0.7685972080947231,-19.428960548020505,13.293821769918605,0.0175,0.8656048929778464,-24.98227621208867,9.16456562314927,0.035,0.7535426348265928,-23.372851924544054,12.971329218925169,0.015,0.7476959700343785,-34.49084683614364,16.50377324052598,0.05
0.7044453483375661,-20.251363351151156,12.954385925440382,0.0225,0.9075029466247015,-22.17692688864589,8.800234257286181,0.0225,0.30738081155305846,-27.416784873391194,13.880381431464846,0.015,0.36629533695768823,-35.9869995063695,18.216650655796837,0.045
0.7627320171140382,-23.531959933574612,14.49974689167366,0.0175,0.9299237645184394,-25.94321331101432,8.933738032760381,0.02,0.43744443192860005,-29.00173308883801,13.521471234617863,0.015,0.916313985910725,-41.7817723993619,19.749322436807695,0.035
0.9369435055013788,-22.487808250898357,13.540524350847027,0.02,0.9904383466225032,-24.56537835496072,8.56654324283398,0.02,0.8351649990883373,-29.770852265347838,13.6934819400675,0.015,0.9166632290043656,-36.83134845849271,17.75169176128083,0.0375
0.8496565709899255,-23.546317183704026,12.844698658638034,0.0175,0.9787911836625658,-27.517417200340276,7.961472069262923,0.02,0.7371497295165916,-28.287662540723225,12.856270151600391,0.0125,0.7408380021193406,-39.96221466551732,18.044112078339197,0.035
0.4869591811447618,-22.393099268822954,15.010427381151608,0.02,0.859551243082302,-24.982570092593384,9.767833489825088,0.025,0.3029616741021819,-27.60184755488036,14.823902220908806,0.0175,-0.0330355036773337,-37.84439088331983,20.751743801779185,0.0475
0.7767677035608925,-22.67199069901807,12.64161635221746,0.0075,0.8442615106686648,-36.12570426329383,7.86409123299304,0.025,0.7335592313746007,-25.464079154699803,11.656795078601569,0.01,0.7991133394010589,-39.24423554723474,16.50294346979628,0.0375
0.8592977411497971,-20.56981342650049,12.742714563764828,0.0275,0.9394598767977366,-22.40052567979383,9.160602900791917,0.02,0.7089731549875958,-28.590326043788657,13.55065396369646,0.015,0.7039341982253108,-38.09424743112914,19.971144242479703,0.0425
0.2303474228948002,-20.6774905630243,14.334140766232007,0.0125,0.8012900337137446,-29.66267775083585,9.5211491543635,0.04,0.083784996190855,-22.56185844786597,14.041749219091788,0.0175,0.0682579315517859,-37.614282740126754,20.35723920423645,0.05
0.7526539935811656,-27.996788465708363,14.898566089440575,0.0075,0.9288804740462729,-38.440951745328064,11.398283791393013,0.02,0.6932094838546281,-30.54897302350772,14.434430754112386,0.01,0.6593754577257462,-45.79123936382791,17.9535871429689,0.0275
0.7449513030771249,-19.002447169626826,12.809785904389951,0.025,0.9414048407073822,-22.732888980460103,8.997305152453603,0.035,0.646436149883316,-23.405203368838357,13.66242622156359,0.0175,0.513126329828018,-35.68392733932109,16.831696585391196,0.055
0.9343518306981109,-17.836777725577942,11.12632607078783,0.035,0.99676021724982,-19.034493425990128,8.377159346492025,0.0225,0.7583131108126655,-28.255948693278505,12.799420334552986,0.01,0.3938774833521605,-40.12114901166366,16.848359050462346,0.05
0.9303498810202916,-17.34960953193492,12.750315847991107,0.0125,0.9869035411102026,-28.261596547078515,9.03314039706958,0.0525,0.9243848931778484,-18.309001302238585,12.697273063130904,0.01,0.8909509451820514,-38.58771329919892,16.41917552259742,0.06
0.9675392926101084,-17.137096324802968,12.06656896188548,0.0225,0.9839523464033614,-22.3138120408642,9.252473363519302,0.0425,0.9833475276982084,-20.8626985661522,13.011410338875711,0.01,0.8660171343551926,-41.14129843746171,18.20594458780293,0.0575
0.5878083262767442,-24.07501079964566,13.188211810464624,0.01,0.9103430083765658,-30.154423817215395,9.167876047418794,0.02,0.4753461412176012,-28.542827044798457,13.310177746232746,0.01,0.35613081924986895,-38.99805470721826,17.502081790271315,0.0325
0.9615280913160504,-19.56923466280428,12.07956114276096,0.0225,0.9967084561797698,-21.845626570371746,7.539647522709046,0.0225,0.9537147343071476,-27.907634193987874,13.55627818156946,0.015,0.8393624203148593,-32.537507044481465,16.01281694593189,0.045
0.5966947276879175,-20.995118822947624,11.79352441741992,0.02,0.6904134282836891,-23.260131950710946,8.774478163088848,0.02,0.4776996426168141,-26.28126133348095,11.87987679123625,0.01,0.0510267868621126,-41.11329581787698,17.005524595510465,0.035
0.6332277598677055,-19.546327231359445,12.498407619536986,0.02,0.9768859208767435,-25.090671705497698,8.944444453753352,0.0325,0.43255098434424083,-22.808421673982096,12.586163114021193,0.0125,0.1419877905682478,-36.708498103783555,15.431616398781912,0.0475
0.6725292447844435,-23.87113075781189,12.973852264003323,0.015,0.8804766507742392,-28.049412273506157,8.710290485645256,0.02,0.60172807987359,-28.45657429355235,13.483053888698397,0.01,-0.07135609943087075,-40.22880887374282,17.92142963393689,0.0325
0.6801194758859602,-22.32937736603173,12.69246936589376,0.0175,0.8782375373079898,-26.64761387906153,8.664911300146596,0.0225,0.5979771464648387,-26.95201438911667,13.312152830859556,0.0125,-0.0634489781253117,-38.42902957473081,17.682831670975677,0.0375
0.8821785948691375,-20.72901606572721,12.09075359154333,0.025,0.96630599532189,-25.17289264648632,10.036985782657482,0.025,0.7955232763570741,-25.3663764478813,13.258810096204485,0.01,0.4797003598715667,-37.5140318236363,15.68928400933284,0.04
0.6572340071991192,-19.432602596341205,12.711726045702017,0.0275,0.8951376086707397,-22.327269150746652,9.671901790331553,0.0275,0.2930962508028062,-25.880035083766032,13.452804739370977,0.015,0.3293092829635983,-34.95886805885575,16.24187032435883,0.05
0.9309092981546807,-17.98684514753464,12.078000302190606,0.04,0.9980391819483649,-21.516860492296807,9.441779517391204,0.0275,0.7567772395716532,-25.014745885374793,13.696528869876069,0.015,0.32556607647366304,-36.111865441578004,17.583550425913423,0.0575
0.6372452382464983,-18.38805854828557,12.51603860228295,0.0325,0.8609082026840581,-22.255912608049343,10.024207382366084,0.0325,0.3109753102428393,-25.309118631836995,13.510003456817495,0.02,0.1310192661067905,-33.9566160412723,16.904796950300767,0.0625
0.7072171434843308,-19.03060237610999,11.850553566945116,0.025,0.8959392133511708,-21.673186346255857,8.850059199002605,0.0275,0.5210087316990277,-23.673595542198022,11.366152863724437,0.015,0.13034434024784444,-37.78595435375081,16.282672810528346,0.0475
0.6282030039191604,-21.99284414648349,12.431313762232842,0.02,0.8885329244433868,-24.4534600100466,8.043595755482357,0.02,0.2789425038594808,-28.773288316764344,13.723657332329523,0.015,0.1398303697155928,-38.03388218441754,17.68460393466477,0.0375
0.7940000163474799,-22.649442566876846,12.537952516833837,0.0175,0.962992413533488,-26.766452332444118,9.113831367216635,0.0175,0.7295739437000508,-28.36892371186573,12.80836178458632,0.015,0.380523156336491,-36.05720598043632,15.63958389476828,0.035
0.0991141505770882,-21.963828122425827,12.249408430933816,0.0175,-0.0875750166989356,-25.632570977108365,9.217962236322888,0.025,0.2512576411973776,-26.056561644795867,13.32482811444116,0.01,0.5866658546196697,-41.8654244443409,17.38598170606786,0.035
0.8423345872579517,-19.540037664990013,11.408759742616123,0.0225,0.9892186285517816,-22.23865757117572,8.23921754049927,0.025,0.5579730512526818,-26.15184298253801,13.365233032241504,0.01,0.5416649822087233,-44.83124497903809,17.473276937597408,0.0425
0.9372059114922642,-25.68562879711066,15.216522669216694,0.0125,0.9607194869655311,-31.31411738817904,9.738078931812396,0.0175,0.9331264989242626,-31.450558236138505,14.527775624711774,0.0175,0.9295862462786505,-35.17529503874832,17.90660777187555,0.0325
0.5871298112673221,-22.032510847055345,12.425470982025445,0.0175,0.9100131648044216,-26.13312995205643,8.844641894269389,0.0225,0.2903303303637721,-26.86671524240479,12.848596291275657,0.015,0.0732824011493551,-36.77083531828019,18.247488586548823,0.0375
0.9647679556424515,-20.28206972375701,11.770327353462728,0.0225,0.9986308032378476,-21.146760766611592,7.267814103923233,0.0175,0.8929086266037394,-30.036338825797316,14.462093538625872,0.015,0.7032437490408607,-39.1417057808612,20.831685412214547,0.0375
0.6734218934497513,-18.85621275833809,11.969408923671407,0.02,0.9897767806043897,-19.91026153594576,5.982561750365721,0.03,0.28644360116762846,-24.330191114185624,13.339022601788157,0.015,0.1174255995244077,-33.88250795523638,15.057305030529022,0.05
0.7500332380472152,-26.60355832499164,15.298648448205403,0.01,0.9955349680921132,-30.34128974084416,9.75237156636267,0.02,0.6655446730207277,-29.90196060404692,14.345877927631484,0.01,0.4122892574278823,-38.63027827912751,16.79711413815962,0.0275
0.7681340671060934,-19.112899988575872,12.032593613596319,0.03,0.9736326727640674,-20.275311112343232,8.388584951019999,0.02,0.14394013257701715,-27.86926941367129,13.154883450678408,0.015,-0.4163255235649649,-35.541827655865305,15.80505923939021,0.05
0.9279947613361496,-18.60741272796073,11.87173298809309,0.0275,0.9961235547854532,-20.1025393632047,9.65102176432368,0.02,0.849332178238655,-27.36497881532201,13.121829703450029,0.015,0.4709377001334142,-39.46277581270056,20.10017584148097,0.0475
0.813117376488886,-19.965276041871697,11.409123426935857,0.0275,0.9041190150428708,-22.24554564231797,9.825761484786476,0.0225,0.5420718179080694,-27.584487959081883,13.525300710134406,0.01,0.3543242203942957,-41.08424119380615,16.846404293550336,0.0375
0.7073859526163401,-26.22111378151912,15.282095024984162,0.01,0.9911579522571448,-30.72769860102648,10.336001586150594,0.0175,0.7092179658260284,-30.71841028572728,14.308898539585808,0.0125,0.4190531238685004,-36.89158480948952,17.182167077161246,0.03
0.762173193911557,-26.75211557875087,14.030120908429657,0.0125,0.9253623015988084,-29.337994407641457,10.238989607185152,0.015,0.6700579306703024,-31.587196250400286,14.204072387341487,0.01,0.7154750648885395,-40.921851554269594,17.153196609191298,0.025
0.8427012510067498,-21.85779818507392,13.14357664726695,0.02,0.90785238172462,-23.42645815119632,8.58397150179588,0.02,0.7604823697567038,-27.98963802401555,13.321455167446455,0.0175,0.6994046788310956,-35.34325869520919,17.256873472103287,0.04
0.923200612675081,-24.853606968159166,13.809021198331944,0.0175,0.9998171543975494,-31.34459104645888,9.71027565628684,0.02,0.8934827269823272,-28.818149719950902,12.788311354435557,0.015,0.8227677347605302,-34.553324781025054,16.570452507841473,0.035
0.8789802437440122,-18.510006672680205,13.244349223040253,0.0225,0.9996908619582492,-22.238311987945952,8.4656791953825,0.0375,0.7844862704648392,-23.256493195492958,14.106446072420082,0.02,0.7810297895148357,-30.77527447759521,16.42576425938516,0.0575
0.7910346426087087,-19.272291656180037,13.069256287303261,0.0325,0.9977190359311415,-22.59224005202188,10.201021163698627,0.0275,0.4144103494082999,-24.55574173318356,12.873071597087907,0.0175,0.44167116246952,-33.047726954327274,15.794967751774845,0.055
0.9595968464342086,-26.588826195488867,14.347907461119206,0.0125,0.9926943990712808,-33.962878956712714,10.993255078178176,0.0175,0.9371524899218114,-28.915353678276475,13.86321405003402,0.0075,0.9355079504061726,-44.892359804490376,19.166813013780263,0.025
0.6016035416561706,-24.60197875212019,13.104245870191146,0.0125,0.8288594365004374,-29.940043911550706,8.196426500813931,0.02,0.4007747705739396,-27.719192005143135,13.049537430673732,0.01,0.5018753175868018,-43.10918481475004,17.670952849149025,0.03
0.9767253685270982,-26.12446711904332,12.65078074905946,0.0125,0.999714961545662,-30.692119628046694,9.428768680104744,0.015,0.9849546737792634,-32.77329360676944,13.783153252756662,0.01,0.4322506246940329,-41.72868534301667,15.971315164635854,0.025
0.8462460967621641,-19.93871990163661,14.85562385091272,0.02,0.9882606923247816,-26.20207011559728,8.774351025688885,0.0325,0.6375605960865216,-25.779662027781185,15.654364706141727,0.0275,0.5778849552706963,-35.18960287679319,20.120673609706877,0.06
0.9751782003652208,-17.57723502459751,13.108696315865036,0.0225,0.9973033800015512,-23.77007948586606,7.98692921775228,0.035,0.960850756630956,-24.0502233824847,13.679860246324964,0.035,0.9422827122335888,-28.182281424874738,16.690423210264733,0.075
0.9385875260985928,-24.658838271434423,10.947226734249607,0.015,0.9798834380800584,-25.59119065836868,7.94540512079811,0.01,0.8279444825030364,-36.03828654266118,13.21368541355842,0.01,0.6429138086307631,-42.85603874302136,17.26706914784365,0.0225
0.34307982151564076,-20.170653905322556,12.072357569658005,0.0225,0.33465144050383566,-23.798322678620828,8.818774070541306,0.0275,0.2590460375388458,-23.862559064393334,12.412773412497604,0.01,0.9405922328846941,-43.547310378301574,17.036062614993206,0.04
0.86232609535598,-26.67993264094402,12.936685423997808,0.0125,0.9723180606575867,-30.79757210116192,10.991760771859203,0.015,0.8388240118941711,-32.29722333547662,14.068462236419617,0.005,0.7870106911964634,-48.31135517241872,18.804771174278493,0.025
0.9341472406361908,-22.779419977918977,12.740929901614026,0.0125,0.9701110151918796,-30.204852517502147,8.99154771086485,0.025,0.9155828500329464,-25.4657894299414,12.82621020266749,0.0075,0.7752747707234574,-45.12893024240938,18.232859947780568,0.035
0.9254822218401938,-17.925978608533832,12.11180294821419,0.03,0.988423621530102,-21.32158439349346,8.652820189851518,0.0325,0.860671541135119,-24.3452190502627,13.371474347559776,0.0175,0.5607204683989593,-35.01080005361872,18.627584525941405,0.055
0.8290668720576907,-17.237291934992427,12.768277050946708,0.03,0.9261018183919124,-21.79845625086389,8.776805593589716,0.0375,0.751900380672707,-21.94838704973408,13.185710922011179,0.0275,0.7836751694511239,-31.570902571606723,18.40875125626657,0.0675
0.9259794496603068,-24.167041594668845,12.595091117669051,0.015,0.9925679376132353,-28.005775786782245,8.16182366765919,0.015,0.773874358751494,-32.44244944706871,14.98716000444654,0.01,0.8950133661601782,-41.021543978069495,18.85272725999644,0.03
0.8725617203389497,-23.702035315403368,14.230085805368994,0.0125,0.9886231079582046,-32.20216204329367,9.586974406599202,0.02,0.7842863675586782,-29.216732450893552,14.132553799857158,0.02,0.7470248338768345,-31.760992225264506,16.015844735086567,0.035
0.729771662631156,-22.32104306304447,13.72710683382009,0.0175,0.9722347203642028,-25.93868799388687,9.078170729333616,0.0175,0.5687997381044902,-30.058980493657238,13.85960987101764,0.02,0.4551837510406901,-32.356602337577,17.45811474670083,0.0375
0.9719789815835488,-24.145638339450265,11.122497796243351,0.0175,0.987624812124138,-26.00728896122937,7.262772385293966,0.01,0.9230681935473872,-35.84937362310672,13.65301428487598,0.01,0.919121134525592,-43.53469797573708,18.83344446370757,0.025
0.8871975880373183,-25.242880588411776,14.302828686777506,0.01,0.9476134498527572,-33.63826602032212,9.706893061382136,0.015,0.8698673680927034,-32.43710492053862,14.789776001187768,0.015,0.8272359873006021,-34.397515132723846,16.60511324078287,0.0375
0.6071992903864936,-20.43119221177431,13.530831118890916,0.0175,0.9836613270818833,-26.082958564738526,10.166206334519579,0.0325,0.39991011391413467,-23.964251156258907,13.616763436613924,0.015,0.32916536854496836,-37.012709321694715,18.477154729827106,0.045
0.8946338150935803,-20.17858888814127,13.729536196307034,0.02,0.9768875687429829,-25.693038297092492,10.651878173542187,0.035,0.842532307050458,-23.432652933544205,13.913955126366378,0.015,0.8379695699743802,-37.84274152445447,18.67749288923985,0.05
0.8754597707481784,-26.69584280146159,14.84918621123882,0.01,0.9920193894823502,-31.24157956196293,9.96663917728025,0.0175,0.8510068285261809,-30.38613777524739,14.518817460616624,0.0125,0.655403532466578,-38.609747515087264,17.725429487323517,0.0275
0.8526827569638389,-20.056760654879966,10.559281480292011,0.03,0.9118909679657202,-20.461987954891434,8.363893137220774,0.0125,0.6359051927690168,-32.67851181306146,13.721020998897796,0.01,0.37181198195467985,-45.37611029882757,19.890592736287466,0.0375
0.5799707205125213,-21.43969832523804,10.922266670924396,0.0225,0.7762964546325082,-22.490069345558503,8.427038746312716,0.015,-0.2892642904892069,-31.459576796453426,12.817792575748854,0.005,-0.4041700765026941,-46.56475623678674,18.29417436060102,0.0325
0.7889176655683448,-26.829147277979132,13.971594231914203,0.01,0.9339097450650361,-32.20462243020316,10.428204973514376,0.0175,0.7118275990243483,-29.53514782551456,13.771014723625711,0.0075,0.5725935467457635,-43.11241960603148,17.627318442688203,0.0225
0.9118303171742946,-32.02742860416278,15.691188127322757,0.0125,0.9753871277535506,-33.27500228387702,10.97964991397217,0.01,0.7485687071136286,-39.399890340438134,17.25573186390543,0.005,0.6762070354092387,-47.41637792517905,18.445711103159155,0.02
0.9624063458878265,-22.184135333575615,13.84668656006492,0.01,0.9964830423027546,-29.50348555433404,8.72351724856426,0.0225,0.931378924484764,-26.30006171406823,12.909301182286564,0.0225,0.94236850807753,-33.1825250768525,18.412536040500257,0.0425
0.7897481480625561,-20.239448457818447,10.76855744087181,0.02,0.9610942736500019,-25.48627087022512,8.715299221415464,0.0225,0.5569124282804665,-25.578913249177845,11.836378684827917,0.005,0.058853126384478496,-49.42077334561712,18.42577303719513,0.0375
0.5523613649271502,-25.3243037049686,13.466720148961105,0.015,0.8781420279278409,-28.886502082033076,10.529027771565376,0.0175,0.2869043949422395,-30.01345826959613,13.499673410697117,0.01,0.11112515625520594,-44.3464663432068,19.78005797271237,0.03
0.7220264038482319,-23.63724426596724,11.943012434535028,0.0125,0.9345795360271324,-30.095878821455575,8.392329082780137,0.0225,0.5708754137222478,-27.749962508017177,12.75233831459284,0.005,0.6072237807600848,-45.5605075616388,17.523549318498134,0.03
0.4878782045683585,-22.26721168775242,13.171338339042942,0.01,0.7897895893053529,-33.54606306412317,10.469330572678416,0.025,0.4099255640428486,-26.50123213941091,12.887266009936102,0.02,0.3555097621092834,-29.698213766267365,14.608042225185958,0.0375
0.9261877240895973,-24.900080538835105,13.973831520752437,0.01,0.9349218855354534,-34.42287347737229,9.887143326951438,0.025,0.9489662462184347,-25.994636666029447,13.378183880796445,0.01,0.6747734943207506,-44.34499299012096,19.029792550584908,0.03
0.8420717657558082,-23.753069674509295,13.321325107477726,0.0125,0.9604387462510754,-27.887701842842528,10.254669971016703,0.02,0.7280937359895758,-28.475430258523915,13.338356378949456,0.015,0.8272785072016536,-35.672672435757214,16.245389904881254,0.03
0.8106294390663542,-23.17486821257173,13.331299926459613,0.0125,0.9519823011049656,-28.316346434704883,10.256789189305962,0.0225,0.7204582921869316,-27.658580494792467,13.28974872927019,0.015,0.7618728581609744,-33.58665354057673,15.794049029320124,0.035
0.9624031733707356,-17.719787844675036,12.97667437892822,0.04,0.9930312870035294,-19.70452404775649,8.976272310024314,0.03,0.9071580800163704,-25.85875634417546,13.682831813309912,0.025,0.8594833875103159,-31.321129090082145,17.29528611701833,0.07
0.9901570030331128,-17.830092550891525,11.774794123425306,0.035,0.9976498050815874,-19.290647504241416,8.874403231762106,0.0225,0.9907042132966439,-27.45414008164645,13.872415011563398,0.0225,0.9254977037447364,-34.38918768474624,19.333277114624238,0.055
0.6553935757380956,-18.605424990709324,12.561270054549217,0.0225,0.9974068330912897,-21.889907508258307,9.043447331971478,0.03,0.389884693008394,-23.664362856322,12.671181455767499,0.0175,0.1649621861219399,-33.80944544972615,16.941663035764318,0.0525
0.6172712807388067,-20.71702720388705,12.333645497685913,0.0175,0.9189904213375424,-25.1737693033049,8.508755172490833,0.025,0.346776848811278,-27.28442023755804,13.227629522954192,0.0175,0.2345716145498643,-33.0448465919818,15.167687346833086,0.045
0.5533792104219893,-19.24833837514556,12.555563385036905,0.0225,0.5918192962820151,-25.52952829929601,8.241420454459387,0.0275,0.3644690969651723,-24.752028801822227,12.945296784587578,0.025,0.6414003034226693,-28.716276912950043,14.94098847837017,0.055
0.6798789136590686,-20.69792678551798,12.462482058759102,0.02,0.9281260916617567,-26.395698865185608,7.898468120376233,0.025,0.2907668516562655,-26.638262441507425,13.67493579416062,0.015,0.5870913640646651,-35.21929084439216,16.053332823975836,0.045
0.6653479439304424,-22.676061909543748,13.331715885170784,0.0125,0.9658447350645196,-29.540456036890696,9.135695128199336,0.025,0.4472507264022234,-26.50783923734496,13.15337466649467,0.015,0.4335375707991699,-36.98858790516381,17.170230008692755,0.04
0.9070642335248786,-24.512022989542587,13.768077145027751,0.015,0.9900932656433775,-27.418822340423553,8.220753596459012,0.0175,0.7665823397711956,-31.957488419776,15.42612565036822,0.015,0.5762994651110059,-38.46829671218889,18.683781021038378,0.0325
0.6203027514149113,-24.412268764321286,13.499394539090163,0.01,0.9666563410754084,-33.05859987646391,9.035695933754148,0.025,0.5187050425954559,-26.287565067131723,12.79729622097294,0.0125,0.6760215754869533,-38.3474768001468,17.570137841719568,0.035
0.625478702751264,-24.09782014402865,13.194365100528728,0.01,0.9848398021908013,-35.868901237202294,9.03039689068966,0.0225,0.3335146225764885,-27.477121060426857,13.627752917801722,0.01,0.4002761813848211,-38.660558325086704,16.17336893875227,0.03
0.5185280136050767,-21.636801832719996,14.04787777336912,0.01,0.9283298868230108,-31.75726807541797,8.856632711198504,0.03,0.3072089481359458,-24.7019295731014,13.475126968686716,0.02,0.4607721131159417,-31.65671921166592,16.276077696665844,0.045
0.8813053941024256,-18.464463520151803,12.240186723574167,0.0275,0.9440360488193132,-24.53320633586629,8.801565216981563,0.035,0.857328132083598,-21.63793898899221,12.044528395203027,0.015,0.7637488652093318,-36.98716753070307,17.210389052294744,0.0525
0.8704783663501617,-16.96479782959615,11.977396289906832,0.0275,0.9788557498231834,-25.75437794872763,7.887633086930356,0.045,0.7928884781134244,-19.68522903523108,12.334971527482598,0.015,0.6543566136927539,-33.758653370665975,14.253993290036572,0.06
0.8685075781988947,-19.749959627775294,12.842809466399832,0.025,0.959466709536734,-22.70797613990103,9.4111568843371,0.025,0.6737378604450499,-27.269840949954492,13.4530527673371,0.015,0.6467997701819048,-37.464301110032416,18.42390756689047,0.0475
0.4901808479036327,-20.688485474491817,12.5931728908654,0.0225,0.6260664331465986,-23.944260069954804,9.208812162192007,0.0275,0.330934747387528,-26.610051245521348,13.027037740605715,0.015,0.4848839491474333,-43.23517178270055,20.459271743312456,0.045
0.8687575107047455,-22.168625328500728,14.057926523855368,0.0175,0.9938301750004368,-25.468582188038678,8.435228871949992,0.025,0.6935437458264583,-28.312483205926306,14.877043931731798,0.02,0.8021480490600051,-34.10365765373649,18.166280821889995,0.0425
0.7539774344894608,-24.375694893963733,12.828188027875935,0.015,0.9550774025143072,-30.5158203798041,9.79036411195635,0.02,0.556087740431822,-28.70931249698344,13.41232049703595,0.0125,0.7148831158289848,-38.75459292968571,16.750144894645857,0.03
0.731517889497922,-18.793586442256824,12.80659005514714,0.0275,0.9922821712297112,-24.41271267147949,10.52775024721748,0.0325,0.4926392417112716,-23.79171905872649,13.431016427428638,0.0175,0.2745977349819834,-33.300517062207724,15.644210396429417,0.0525
0.692872848090092,-18.92220929353515,12.678918332455014,0.0275,0.9773504699764566,-23.45777550304332,10.512694655171464,0.0325,0.3324498830950722,-23.88563556473456,13.577721722708253,0.02,0.3148794497266107,-32.60234791115075,15.78272414365888,0.05
0.8151427499959621,-26.055977606807268,13.34966598589391,0.01,0.9069874219237029,-33.46941177878489,8.663677889314135,0.0175,0.6918457720011202,-29.99455449260315,13.897305517441996,0.0125,0.867227081061545,-38.40721044293403,16.575609243310552,0.025
0.8118335329562167,-18.127787700592616,12.076783347403824,0.03,0.9103570032322348,-19.782653058932702,8.892593349600837,0.0275,0.6351018330262683,-25.038651227296256,13.116431986692103,0.015,0.5231482417325088,-36.65146467825602,17.791999597966573,0.0475
0.7366899889963344,-20.30426920268157,13.068079991258262,0.0225,0.8981265816798278,-24.417482708260806,9.468229137409029,0.0275,0.5750261398911911,-24.93735306640439,12.954956817081063,0.015,0.43522657103738605,-36.19067031971524,17.157625673248035,0.05
0.678734746839102,-22.253771876349266,12.687619763278587,0.015,0.8796159463819692,-27.655464329229662,8.621118692822535,0.02,0.5457426943100989,-27.445269157520173,13.189510411572043,0.015,0.46580644704039664,-34.96959994256945,15.590323646811346,0.0375
0.7295142689273593,-22.220612937797103,12.433346373674912,0.015,0.9129610452309502,-26.64325479445121,8.51716769617446,0.0175,0.5714695973613826,-28.652989241408854,13.415115865033162,0.015,0.4585195033627034,-35.7860237182597,15.634322769149193,0.035
0.7548038830219808,-21.842443918894695,12.055543008088886,0.02,0.8741491479070251,-24.435776095951752,7.861860237343338,0.02,0.5414317420533218,-27.716478953482977,12.941287531730122,0.0125,0.5914068618449619,-37.303694608063154,15.874392237832012,0.04
0.7504006634558048,-21.300015426510093,11.980507852776231,0.01,0.7480796936799263,-37.5013866929158,8.70794635666293,0.025,0.7341587089565287,-24.65779167308657,11.406136885969437,0.0125,0.6119683053437364,-35.13399516810188,15.491092280955256,0.035
0.7780772707828729,-22.61296962281299,12.762531720970058,0.0175,0.9354159769325056,-26.88657915641062,9.203201771877382,0.0225,0.6688649965395955,-26.37994980398661,12.87027317188103,0.01,0.7612721841442142,-40.21893738728739,16.686591003906077,0.035
0.8415715282751981,-24.23550790613035,12.766648594078237,0.015,0.9117174106998557,-28.935684253425034,8.976161194593125,0.015,0.7892858729345787,-31.206648265719494,13.208314772506588,0.0125,0.7787000224121081,-37.739345784145925,16.62165157352951,0.0325
0.2834442090537168,-15.115954550264927,10.376026846721045,0.02,0.3646466093262209,-25.407813803450125,9.590912359614052,0.0525,0.1782067072242569,-19.394390621945373,12.919034140286408,0.0275,0.1306415888226136,-30.675852865367226,16.948333223453012,0.065
0.6225722891767602,-22.981386003173583,12.165960744999198,0.0225,0.8275290919411857,-25.156897864196264,8.736108081423415,0.0175,0.2618072726608195,-30.95412135338065,13.612573875143203,0.01,0.0245986645773222,-40.20855343996737,16.609341452670318,0.0375
0.4622509709113183,-21.191501275959695,12.820441959352001,0.0175,0.9428830934055189,-26.984005399760072,8.325469049978691,0.025,0.1276147182212474,-26.043481404165433,12.791492025835279,0.0175,-0.1178899546525079,-34.93677154952573,16.664062801601965,0.045
0.7792931315152134,-20.75473471133236,11.360067000626428,0.02,0.972347898422102,-21.5853392071266,7.216979567688327,0.0175,0.0242982724413634,-32.071968471478975,14.033825338191456,0.0125,0.0235034463278926,-36.6229049018263,16.081975970996375,0.0375
0.6874173906099725,-19.863517810514725,11.232400298871674,0.02,0.8781049820364155,-23.343191968597207,7.722168320472035,0.0225,0.1752116630881745,-26.672198746854384,12.399900075846595,0.0125,0.0925907809537955,-38.04326316809145,16.693351872620084,0.04
0.7665239311756475,-19.93097753509459,12.476968448668561,0.02,0.9320909595332585,-22.79768162969725,8.409956550783452,0.0275,0.5834359817656756,-24.799806926587898,12.871253265691161,0.015,0.48249085815554,-35.71544382521482,17.324780008833674,0.045
0.6541849470180017,-16.388342592745104,12.252856298906716,0.03,0.9302858978233622,-21.58494793999641,8.59164877023062,0.0425,0.4509256145431379,-20.60177638746201,12.699674172540984,0.025,0.2414799104806566,-30.336931656507986,16.954413732816306,0.0675
0.7879924043239864,-20.312825432611035,11.995200463433576,0.02,0.9746158652571816,-23.82162098237133,7.872380572645397,0.0225,0.4774700785330539,-28.202826812643075,13.226467877895365,0.02,0.3689173074923709,-33.12710173791814,15.887366319876412,0.0425
0.8390398050983209,-27.05771056873397,11.49882001965922,0.0125,0.9804202154125716,-30.4203665329038,8.096655897710772,0.0125,0.6204273200534778,-33.78820045471387,12.585472742924685,0.005,0.5868335414352508,-49.47626582113772,15.811765152442216,0.0225
0.3000041441927424,-22.82306996531206,12.74834140302437,0.01,0.7051579294871313,-31.16210027733253,8.62595018710876,0.0275,0.151862339646436,-24.953053703979084,12.529888364894596,0.01,0.2605291739648355,-37.55303791840809,15.271010561063154,0.0375
0.7127378048460704,-16.04866576969133,11.507389345589088,0.0325,0.9135319486812685,-18.269349994106356,7.600740294137796,0.035,0.2327363797284644,-22.343017745186753,12.871034210472212,0.015,0.3161950247084334,-35.09497032692696,16.312309008192173,0.0625
0.9259388454731914,-18.21735710112559,11.741923983292844,0.045,0.9685703716787704,-19.47797607946876,9.965253003618258,0.0175,0.6649385968874907,-28.598723427460897,13.784407505048591,0.01,-0.0294421867561867,-41.58183529304681,18.599522855304706,0.055
0.9903355112762674,-24.893683658908245,11.733466199840176,0.015,0.9996547175153396,-26.090119843370992,7.516536593192546,0.01,0.9249797732905802,-38.93585619341471,13.97940008672039,0.01,0.9004220005436959,-43.44360239740719,18.656303264593237,0.025
0.2991081901458248,-24.638451401960488,13.297731686757192,0.0175,0.345027620904094,-28.69781655345423,8.976654484284339,0.0175,0.2101600986304374,-28.854392300601862,13.230924977989453,0.015,0.4211805335187549,-37.02897664237808,17.885461694213305,0.0325
0.9271353206431612,-19.58540805644985,12.07232308459257,0.03,0.976526827904573,-21.11923157864904,9.46435105417036,0.025,0.8323640327226263,-26.566324566696583,13.630852153279632,0.01,0.6119134172205997,-36.640258780560416,15.66514100943963,0.0475
0.09526951274009655,-23.81333562729434,12.664966334123225,0.015,0.14865206896808159,-27.586515453795755,9.309517743321203,0.015,0.01909044122286615,-30.556569394051287,13.136196835737717,0.015,0.1030691414407344,-34.966426064585775,15.703011103133758,0.03
0.8711846110792606,-23.05814633775416,12.26641075044154,0.015,0.9295058753212706,-29.80894441874961,9.856185060419657,0.02,0.8872795248609426,-26.223355104653532,11.966874226481682,0.01,0.7645010996018909,-41.32915280025074,15.884037363188456,0.0325
0.6851834651811245,-25.187856362466317,13.886299528172133,0.01,0.9159551097257476,-38.17732941943936,10.327520157422434,0.0225,0.5193888211563455,-28.74883461049548,13.60235060889046,0.0125,0.5877598882879526,-37.323715054544834,15.883798364627095,0.0325
0.872358567110048,-22.62122679445566,12.309658945654796,0.0175,0.9818164220315936,-25.822007472610554,8.981068907341847,0.02,0.7357410729349074,-27.20513685651121,12.642979408469992,0.01,0.7682569985265716,-39.65331460735224,17.2564473049682,0.0325
0.5645761943284285,-21.185647254272915,12.467702404617677,0.025,0.8878919490190991,-22.76636564378893,7.449332326027918,0.02,0.09507922338796546,-27.331155488355165,13.293553923060943,0.01,0.32475287233892147,-41.049965362432495,17.301521092063382,0.0425
0.941842820735463,-20.894910104738592,13.182123094609928,0.0175,0.9975473609817709,-25.024863883455343,9.110360726239488,0.03,0.9154325168719988,-24.648237747260836,13.396325951946004,0.015,0.8249665678475786,-36.84622298600594,17.60286089666827,0.0425
0.7333981510574015,-16.74956364297956,12.328673855177154,0.025,0.7199256553505602,-26.286750032988337,8.750313723296127,0.0475,0.7445171210686929,-19.318258769725603,12.466897303365196,0.015,0.4808191358378432,-33.49130262403289,15.555388524686744,0.065
0.9505408476229606,-21.949221827678848,13.517556317417341,0.015,0.9783152408107998,-28.129042714622813,8.67511869205037,0.025,0.9622875297806981,-25.381043052557995,12.774163350999611,0.02,0.9356012528153668,-33.986262728679876,17.5974087134164,0.0425
-0.09663306954039405,-23.210664272524287,12.519674032825316,0.01,0.3542505564775641,-30.779599831714588,9.67566271755424,0.0225,-0.486456520416668,-26.23571092950057,12.230961411743227,0.01,0.03821005435909665,-41.59378579723117,16.044272650457568,0.0325
0.8261315683458035,-20.58495735054965,11.789403782828838,0.03,0.8494795002129742,-21.464375600532573,8.523084673615198,0.0175,0.6241641110585985,-30.22884823008567,13.489980756676532,0.01,0.8413880548903634,-39.25566379662276,18.20052129484074,0.045
0.92883314253169,-20.25560799660685,12.070512846873102,0.0225,0.9904001228048975,-22.66274634746148,8.713168506649307,0.0225,0.8786501436753598,-26.99933234396336,13.595591962816084,0.0125,0.5576172328460185,-38.90425087791719,16.941995473975705,0.04
0.7003724540466658,-23.3467973295896,13.126250915779536,0.015,0.7754751578761242,-25.99177053360628,8.661037585190464,0.0175,0.5018195370492369,-29.703060231543,13.611122589847602,0.015,0.6149817179027465,-34.159626827934424,15.854895294841713,0.0325
0.9123221066421698,-21.573028494558283,13.044166029667426,0.01,0.9864030947427256,-31.109797926894444,9.307285603524376,0.0275,0.8449935089041498,-24.05361252250368,12.567876216750967,0.01,0.9165518152866292,-39.9514299783673,17.300653591880806,0.04
0.7205538348364363,-20.77466101405268,13.05625567084698,0.0175,0.9944010554357592,-32.39444436186925,9.76973367775041,0.0275,0.4105099289375723,-24.76185240054141,13.596516896999134,0.02,0.5869537346049949,-35.10897740039144,17.950838501342673,0.045
0.9554482455723476,-16.114274314063877,11.658188135035068,0.045,0.9893182681698756,-18.000783393189586,8.659648632475346,0.0325,0.8935038615406288,-24.353531064236257,13.646971630929837,0.015,0.8411152493399415,-35.936660774596454,18.641104127335318,0.065
0.8385945318619521,-14.561206272152155,12.214849629266109,0.0325,0.987467230148459,-19.233161649349906,8.562402075151505,0.0475,0.7197381427420944,-20.601664915199244,13.818413391078646,0.0325,0.5869060157996366,-28.39884139659725,17.364785831036134,0.0875
0.8673203023320862,-16.036669133712202,12.513325355393738,0.0275,0.9850106909867854,-20.958348561281902,8.566907467265974,0.04,0.8274603527328381,-22.69113548372747,14.701636670800315,0.03,0.5274633390311864,-31.3396624982772,19.85906958904622,0.0775
0.5898988906108704,-19.28732139547875,13.749377773439438,0.015,0.8434295696065156,-27.548541841170717,8.793900015823532,0.0375,0.4474427348192723,-22.807792972125814,14.599439622582512,0.0225,0.3523533536360042,-33.10553898318498,18.675863161256494,0.055
0.9704092909350532,-16.453670037820995,11.532809244619004,0.0425,0.9951465722526194,-21.91369032266315,9.620004393247363,0.04,0.9417092559393644,-22.378005809259708,13.894601879331598,0.0175,0.7908664317445637,-35.218317436155615,18.16242284758941,0.0725
0.8308092733792256,-21.609696639866634,13.437998544773862,0.015,0.9904731227306394,-26.180742391619738,8.144612871707054,0.0275,0.6975094592179162,-25.735997911768308,13.886352497907316,0.015,0.7238254123145247,-34.35456601707564,17.10077180462624,0.04
0.8791658111392759,-17.275686620735648,13.119007593426428,0.025,0.9980866042452008,-26.216476938855468,8.951962204951691,0.04,0.6968490645960816,-22.31323200293933,14.176046411934859,0.025,0.7176284128381033,-31.912272873115256,17.230017742621907,0.065
0.9150698240412096,-16.35395321583926,12.945981654515316,0.03,0.998960277920426,-22.52784115525313,9.435567579709485,0.0425,0.7584032024312843,-21.86173964169964,14.07303189162188,0.03,0.7631907462354693,-30.04344127735804,17.611898833752814,0.07
0.8783053821895352,-20.517723954242857,12.67792708420017,0.02,0.9865135369954467,-22.545325468475085,7.348511186691571,0.025,0.7622923638042373,-27.297525554067825,14.463536435350306,0.0175,0.5904153371556904,-33.900181032751476,17.08286312196912,0.04
0.8646561711912646,-28.476130373193335,15.45583705248443,0.01,0.9557477477086593,-33.87665065941606,9.980059056705546,0.0175,0.8444262282508643,-31.17973823438433,14.193781053599864,0.0125,0.588866687396021,-39.73009209351921,18.343660977134142,0.0275
0.797969090523207,-23.98484995488812,12.769533169274355,0.015,0.9165193371264232,-28.493382281692003,8.978329310701135,0.02,0.7201800612250175,-28.16670824555263,12.891977002344769,0.01,0.7029231836668955,-44.14125552762444,16.97984901136449,0.0325
0.7515080937491658,-23.47625949616551,12.814006044469169,0.015,0.7829078993137517,-28.800591936346002,9.428194169774708,0.025,0.7377903140470412,-26.23588190478366,12.343351197737292,0.01,0.7325897558135441,-38.471605313457104,15.773040220097004,0.035
0.6162018010936184,-21.58866767683309,13.38548607102317,0.0175,0.9244501420858782,-26.088821169094075,8.531632468736401,0.025,0.4085024428327451,-26.24112528520605,13.508892952419217,0.0175,0.291787085687907,-34.93321703075866,18.430069713030235,0.0425
0.4208044063986819,-19.20831963007877,12.940289106368757,0.0175,0.7747971577370689,-26.099227093273235,8.99180094634951,0.0325,0.22804660819935124,-23.853875659752788,13.336079940286405,0.0225,0.4732130452079679,-30.031603366613915,15.174509595317282,0.05
0.5370301438665069,-18.690494637180986,12.484348905060408,0.03,0.5972924840963116,-21.536040790695907,9.156582644282466,0.03,0.43169280576792746,-24.471416831549618,13.452470853286886,0.0175,0.5517835212296992,-33.33698873714734,17.08517741178195,0.055
0.9495565817606232,-19.779628449804807,12.026954208816502,0.0275,0.9625200106551753,-23.044120856352848,9.053730305682734,0.025,0.9339268460088184,-27.051741495206826,14.258190871953811,0.015,0.9259934080451876,-35.422385869130856,17.321711857310575,0.05
0.9081251237337722,-23.249241229042525,13.345219995907724,0.015,0.9894878414462764,-26.599136024520845,9.278505597538114,0.0225,0.8088265987549969,-28.03755914483404,14.001394591908522,0.0125,0.893561468164179,-39.57049545821334,17.705983999973036,0.035
0.873332518709178,-18.809770445270857,10.96560795690452,0.03,0.922988716305289,-19.982230583402416,8.508593442966866,0.0225,0.7926198362583242,-26.722313497962137,12.750452267590745,0.01,0.8637873367686607,-42.25557803663882,17.91538875506516,0.045
0.6836100107479104,-23.83303427559835,12.17799766224729,0.01,0.9347712969438572,-34.67020996793148,9.910136842445976,0.0225,0.5606220952007237,-26.720179743014963,12.606772433598902,0.0075,0.4734218998915911,-44.202599336547536,16.616309797756077,0.0325
0.8535165787353958,-24.087832227815504,13.97999093990216,0.015,0.9004544134652583,-29.33764667332256,9.185367843289477,0.0225,0.8087966030828251,-28.7546861660254,14.903924165708826,0.015,0.8695476687379665,-39.22428768210623,19.053058013508824,0.0375
0.8605323276725098,-19.271555692990034,12.548632166837898,0.025,0.8994281080956774,-23.184888674247418,10.088124442544467,0.035,0.8387645421594627,-24.39913985634667,13.602355376344367,0.0125,0.545512165343705,-38.723431908608454,18.16675181815384,0.0525
0.8044868340343754,-25.6925035793378,13.164799754015194,0.015,0.9378113105422663,-27.924990601867286,8.982929655443854,0.015,0.6010756198425776,-31.675527587868196,14.492438296865872,0.01,0.6391779070980335,-39.15934915474704,17.494656432862065,0.0275
0.987673946572966,-16.388864394823447,11.592930414603416,0.0375,0.9973841341933092,-18.06747098365292,8.795140542926884,0.0325,0.966472176095468,-24.75853578997387,14.294657053920035,0.015,0.9829901651262268,-36.80460758800743,18.81875886285909,0.0625
0.64816161281337,-18.76699272063808,12.963783382328554,0.0175,0.9776766528602219,-25.7880111131159,8.467649206620248,0.035,0.44728054634557723,-21.79525283370161,12.476462003581714,0.0225,0.2451041541598061,-29.717080236876896,15.009135002792927,0.055
0.810159564601672,-25.284138472560638,13.49620077500013,0.01,0.9208887931653237,-33.73795051806917,8.55845862620307,0.02,0.7581506041220047,-28.468677248798784,13.247881162591703,0.015,0.6694249639590125,-34.55281390700297,15.202617233043732,0.0325
0.5415488243914599,-24.96946744566475,12.407382316656363,0.01,0.8212890563372546,-32.13788240307888,8.85887366172642,0.0175,0.4163993470147884,-28.630515399853955,12.733536018725388,0.0075,0.4617236440088843,-42.320124669682826,16.21632133575517,0.0275
0.7199111651898165,-20.233185464829656,12.450198524243714,0.0225,0.9215461080125542,-23.384079228440655,8.512027061943737,0.0275,0.492455223058203,-25.06696158954405,13.206602019460878,0.015,0.4680196477633798,-36.64493782181343,17.983006109142913,0.045
0.7920389644986037,-26.107144361939465,13.813269529824773,0.0125,0.9586289510167504,-35.178415176217904,10.758078887857367,0.02,0.5985188724085215,-30.674265168228636,13.683333849495613,0.01,0.1911476422667953,-45.61090175019142,16.9097067576446,0.035
0.9891156411298492,-24.921075359296207,13.681816460271964,0.005,0.9978110127285058,-44.18444054116753,9.139348174976151,0.02,0.9836696717387448,-27.80635449007581,12.710182348177046,0.015,0.993501079955644,-36.659346311876455,16.369723063633487,0.03
0.9586499311866613,-21.77948035077332,11.663700859268005,0.0175,0.9872320607985704,-25.10566880599677,8.427530173925174,0.0225,0.9319306496663451,-24.825421806806474,11.280535072618237,0.005,0.860586488514318,-42.9375271870568,14.895987332838146,0.0325
0.8605987740117773,-23.37829974241635,11.35413552401032,0.02,0.9670240747148449,-23.374914981482334,8.616090991554563,0.015,0.3677122197438587,-32.276944168820066,13.632912224878192,0.005,0.5306941164932986,-48.759283956789034,17.49769898723875,0.03
0.7328931475092417,-28.08374842601305,11.927138342074194,0.01,0.5860478581051777,-32.84571175916054,9.9209813718347,0.015,0.7780326890076085,-33.221089531178016,12.103085007345657,0.005,0.9499895752335183,-61.21927678717136,16.035882227795156,0.02
0.9379387440725224,-16.828318690569258,13.378545330868622,0.0325,0.9672495897810924,-23.141905283370505,10.41134030574213,0.05,0.9297646392763133,-20.321489634483846,13.831062326506784,0.0375,0.8950903997122354,-27.88451639171747,15.94579536920052,0.085
0.489436242881397,-28.744681884296707,13.847657544512852,0.005,0.7718629548937577,-46.16939581204286,11.39746168842337,0.015,0.3743152568760538,-30.58521800619776,12.811713626503987,0.0125,0.7084954254154971,-41.16711253905022,17.826140904418832,0.0225
0.760579899636451,-19.401314134374026,12.880406708590396,0.015,0.9896983684405192,-28.665815825174747,9.81878751525799,0.035,0.7677007174405654,-22.219194105546023,13.082732152730738,0.0175,0.25567579783109223,-33.02711849672819,16.84908092984504,0.0475
0.4059868272238057,-24.55858217180385,13.73089763375382,0.0125,0.9461563964650269,-32.60508591616481,9.239001396119638,0.02,0.10446429297972176,-27.616349999435325,13.191755042118526,0.0075,-0.0235227190196445,-43.04727729775399,18.60413327605244,0.0325
0.8786457383979491,-25.340414079936153,12.067159414417185,0.0125,0.9629592675555122,-29.175806173096156,7.92735640259183,0.0175,0.759822922418341,-29.57593848323338,12.79222832514722,0.005,0.8931394330337431,-50.47482878375108,20.77003841003856,0.025
0.8911314542698691,-26.418711861545013,13.619756813899063,0.0125,0.9660497344661656,-32.02266607238918,9.164615887688637,0.0175,0.8520038285178415,-30.544485937730013,13.87660656325742,0.01,0.7951330585966746,-41.02171417378169,16.832588442458963,0.0275
0.8193338576117546,-24.61651496604309,12.886998978993168,0.015,0.9325467061056772,-29.27692644485422,9.329084407116046,0.02,0.7356194412057139,-28.218975319757316,13.724695402848337,0.005,0.5070119865070754,-48.42498800267175,18.693211229922998,0.0275
0.5877560640581121,-20.403545193630386,13.432017090069062,0.0125,0.9627965799844359,-36.3957591729124,10.42173245139103,0.035,0.312159181697393,-22.765399032251846,13.371866993918278,0.02,0.575599029270006,-32.53842385849853,16.98610881662502,0.055
0.21321299160663,-26.719939221843127,13.390665826180287,0.0075,0.5547566855220327,-38.79601158025802,10.268088322819017,0.02,0.0855256327965037,-29.294432390646268,13.140295480859258,0.01,0.0823651771553163,-38.27684116754846,16.4638702856204,0.025
0.5377537609556147,-24.528143239895424,15.355404264153533,0.005,0.8912172486941283,-47.6852928630384,11.539052908587124,0.0275,0.5114237534154321,-26.318910939901055,14.471618000591821,0.015,0.40380688150853883,-36.19932185294056,18.33801816014755,0.0375
0.567357946155583,-24.53507348738924,14.414891281508408,0.0125,0.9450174633356236,-28.77049732932674,9.222540543068288,0.0175,0.1663216558800472,-31.401664395292805,15.63173753342495,0.015,-0.000816943342079,-35.542803408834224,17.553031019092565,0.0325
0.4766787985507788,-15.895801193898375,12.194367049082468,0.0325,0.8775645541928729,-19.323438692630766,8.755884244568925,0.04,0.1599685870623363,-21.505481769344943,13.097096107376132,0.0225,0.249105891642035,-33.727047543267304,18.250300385593405,0.065
0.7582546936435253,-20.351652484261805,11.945072234012152,0.0225,0.890071913318156,-24.065000055492078,8.827207424479951,0.025,0.5168965339765377,-25.719364874185644,13.035849319841837,0.01,0.3700990318778068,-41.851666845602864,16.864535744373597,0.0425
0.757115112163055,-18.230521806241548,12.38319299889159,0.025,0.9734698248112792,-22.76593450173914,8.437247862924494,0.0375,0.5800375582059253,-21.92839389326615,12.923199173889438,0.0125,0.309175672720867,-37.51124612696447,16.61910307992329,0.0575
0.8106061790618331,-21.78528219430413,13.841309709792686,0.02,0.935406242408831,-26.27341790970395,9.252063346121474,0.025,0.70326706872365,-26.586422197780323,12.999772272373512,0.015,0.6566528411906202,-35.46064456552148,18.14374288929605,0.045
0.7597020921850139,-21.23377926232385,13.9228780845518,0.02,0.8317962971527977,-24.99165495142405,9.066746514969193,0.0275,0.7408829546200763,-25.616807088225176,13.775375436965245,0.0175,0.6524026481151851,-34.15154038124879,17.822112939024795,0.045
0.8970221906298386,-17.094534380532142,13.452501705717616,0.02,0.9857388821384192,-26.96290336915547,8.99984267853522,0.05,0.8347543787197185,-20.871080445636125,13.747053152014324,0.035,0.8998482741141733,-26.22751236559824,15.323104380228738,0.07625
0.8207198538905411,-20.96275743958332,13.874632262850987,0.015,0.97506418284557,-26.5306309048899,8.075721786178805,0.025,0.7299810313474144,-26.16947108447294,14.025793745746562,0.0225,0.6824684914082496,-32.19490459022217,17.303531109932578,0.0425
0.8118059625815427,-20.006954330601733,13.855741540380912,0.02,0.9500452538730548,-25.189629733430756,9.754860160212257,0.0325,0.747740464764655,-22.572528333403184,12.62524968569934,0.015,0.7740192817682335,-32.58971073576512,14.92424245668934,0.0525
0.8655707810125073,-25.648334631057097,13.811802981542215,0.01,0.9951385438321996,-31.388413861653284,8.52659087945629,0.01,0.9104672861967934,-36.992845586413154,14.880115655001212,0.02,0.812969965916865,-34.98619496036366,16.770962596521265,0.035
0.9455856219936584,-21.768687528024746,13.22696283786999,0.02,0.9838768261690853,-22.465896441187468,8.493362730005359,0.0175,0.8818528117224609,-29.05098673766597,13.523941783316275,0.015,0.8648302432527928,-38.02200354807347,19.204934551411707,0.04
0.9284542525525921,-23.705965813951764,14.131331592321201,0.015,0.9689422340006522,-26.018989082607686,8.523176880230839,0.01,0.9628864256416553,-34.65318646835334,13.859109571917383,0.0225,0.8646466823779861,-38.507657363784375,21.670368689217753,0.04
0.8917658257279222,-24.15618221482891,13.26800147244386,0.015,0.9620210525532856,-27.56236277113969,8.954844075765816,0.015,0.8229471151593265,-31.55006416865437,13.816734347355943,0.015,0.8704795233165341,-37.13952833040858,18.247831485498523,0.03
0.7507794437901197,-26.899529281782787,11.290905622121256,0.005,0.8534952411662754,-42.366659995818445,8.08103354385149,0.015,0.6019546291719983,-31.012905509357243,12.246698596414795,0.005,0.4235119835193614,-46.69642328483347,14.666960903599914,0.0225
0.41126166295234057,-22.741040680231603,12.854518958679318,0.0125,0.6897715549427528,-28.737963554045404,9.810730683504305,0.0225,0.00170081247214945,-26.27357482877798,12.798181965042776,0.01,0.29397909882253986,-41.58855502311485,17.16842845063698,0.035
0.8061185385915106,-25.748157704679556,12.437091491240862,0.01,0.9440228154891831,-33.88700017457321,8.492081503743163,0.02,0.7472932425506811,-29.629290466346404,13.425029494483908,0.0075,0.7730089312020338,-44.94382255674046,16.778248289189243,0.025
0.748973531647158,-22.426088701108423,11.5315507735767,0.01,0.9506901374305603,-32.150682467822605,7.9512255679558415,0.0225,0.5657458250885127,-25.115463346749994,11.911197402130526,0.005,0.5267297684621151,-51.88129245721363,19.709333578638965,0.03
0.9686821418188496,-17.36133929690196,11.676434839898128,0.025,0.9981733684448644,-22.031104481600263,8.504364490465727,0.0325,0.9426440001945496,-22.66932758856037,12.334236241904788,0.0175,0.9681486773238048,-35.93702875807696,18.58850879396951,0.055
0.9491103208878652,-16.880039127126157,12.367352844766874,0.025,0.9965213678746248,-22.14731726074519,8.370728809533105,0.045,0.9207104627765624,-20.91126780507333,13.609198268857536,0.015,0.9205721982923728,-37.724575409582926,18.587413892353645,0.06
0.8554327150081975,-22.011109267203928,14.272244119427482,0.0075,0.969173481951019,-35.20919004775653,8.188369470736163,0.0325,0.8453109928134496,-25.16375227950224,13.986605097562906,0.0225,0.7846920553322174,-32.73852859276032,17.628623791282386,0.0475
0.772475715973302,-24.541513164505282,13.529869073478068,0.015,0.8670751265943528,-30.374281293113242,10.187130450489397,0.02,0.6922669423896568,-27.664776140556086,13.53309693250814,0.01,0.6921802082898485,-40.09538079023199,16.71303725925822,0.03
0.8590395961299049,-19.598023457270727,13.13529770399928,0.0175,0.9854741010213778,-26.116185521903652,9.551887852903267,0.035,0.7965195291456173,-22.47290780783796,12.816919992112496,0.015,0.7619893700280278,-37.05539734071325,17.18764552482589,0.05
0.5753284547909441,-22.282577621430026,13.300055006292704,0.0175,0.8724021512168425,-26.959531891775526,9.225074986908728,0.0225,0.5919855084098483,-26.88873921046532,13.21687460831872,0.015,0.1764370938896025,-33.941436549115565,15.6559635694622,0.0425
