0.9764633750048158,-24.764330890927976,13.463344050711877,0.015,0.9964893924666706,-26.749734205677274,8.531414199129763,0.015,0.9599692676123271,-34.1846358425071,16.685351147599647,0.01,0.8437630609089928,-48.90001189532751,24.240756004485824,0.03
0.9801795849623274,-15.894204468053749,12.446645809830498,0.0325,0.9905128993228548,-19.75080304910213,7.707541215656328,0.03,0.977163721209658,-26.03485956820365,15.789368757396646,0.025,0.9248755387333604,-34.5368862535467,21.21061787447651,0.0725
0.9883857009027857,-24.22068798861538,14.085407981931851,0.015,0.9987495623939424,-28.63735608369523,8.44171824716898,0.02,0.9915190669466745,-31.293019301959227,16.3853678853807,0.015,0.9425955860448259,-43.30765491417987,23.167688039453196,0.0325
0.9650119623148478,-20.46646840651785,13.116325254522042,0.02,0.989395676723538,-23.670229556659773,8.378969481588374,0.0225,0.9864961901587836,-28.165783048374717,15.055515006432827,0.02,0.864266697264151,-35.09120751626811,19.353605856476783,0.045
0.923669690482862,-26.78339970823986,15.73728805286499,0.01,0.9809599693759756,-35.88019944991993,10.013679392793923,0.015,0.9374501000792724,-33.59898188547519,15.891499884884675,0.0175,0.8932748175247393,-37.45856139827329,19.506444631735825,0.03
0.9280575051160669,-23.84749995719239,13.961336742230419,0.015,0.9869556824394199,-27.03600354054199,8.8884891940757,0.015,0.9770182304285853,-33.4705829848113,16.98069699922172,0.0175,0.6325957757864202,-39.724841692425116,22.009887221159843,0.0325
0.9913186407760475,-24.955112565308937,14.935554323716852,0.0125,0.9988441228044488,-29.0878924745857,8.597230549151542,0.0225,0.9935284857477377,-30.28988185993934,16.593790135356535,0.015,0.9701399789248183,-40.4489973394828,22.701728257399687,0.035
0.9649344529866791,-13.455627615895684,10.543011569665524,0.055,0.9943097921363997,-14.37142189881019,8.956273456555603,0.035,0.9624315586835677,-23.484044717134093,14.059135159849596,0.0175,-0.42602373517094205,-37.26973328105063,20.69039625533845,0.0775
0.9820907741931,-20.192209756893917,12.059758467859478,0.02,0.9950184007398934,-22.032616987235222,8.237041670629303,0.02,0.9895298184686242,-28.705192512526395,15.490254880359394,0.0125,0.8100655675398544,-44.39862329575424,22.363437249842004,0.04
0.965093662315991,-22.665872505288974,13.191843668399349,0.0175,0.9965845606706792,-26.29908085126431,7.930614684632886,0.0175,0.9811394626253468,-31.50088076090101,16.580999192766882,0.0125,0.3749412962643742,-42.13717287979512,20.61622595805363,0.0375
0.9287137254297675,-26.373299441969785,16.28125727484629,0.015,0.9924765176756234,-28.11821518407833,10.590262639967396,0.02,0.9226420921054643,-32.20942160850655,17.212209144741493,0.015,0.306632855956227,-45.93399457129311,26.15046693333735,0.0325
0.7370279592389303,-19.858486494258464,13.666831949691886,0.0175,0.9201784321398824,-29.540995947244788,10.891959548864415,0.04,0.8098647739182634,-22.869149924098924,13.389813786704549,0.025,-0.1076000402074842,-31.157946066070146,18.063937944402376,0.055
0.7582675886789108,-29.298557404419373,15.848440992919048,0.0075,0.8972411451603237,-37.705300120858816,11.18286331466502,0.015,0.8098587141820638,-35.283169431778745,16.649175948483308,0.0125,0.5920888094100247,-41.03171653702167,21.12774618154857,0.025
0.8496719363625751,-27.983486947583472,14.040816387143167,0.0125,0.9274928202338049,-32.31838821237598,10.380173671631159,0.0125,0.8289569184595682,-35.200997391285,14.35202698956692,0.01,0.7582128908200503,-41.5769792687574,19.205445670814644,0.025
0.9082192278256842,-23.474376572538237,14.118454700538393,0.015,0.983411161761768,-27.90394810005796,9.317856901157194,0.015,0.9212808206734997,-32.16476165345054,15.191812368450242,0.0225,0.7051159602337416,-34.15908743022814,19.031578249346857,0.04
0.9459439869914184,-23.79868543193139,16.23118096510384,0.01,0.996247601852718,-35.80012735022359,12.289492861076262,0.025,0.9768605745123876,-28.72759184354887,14.98802572822868,0.0275,0.8871968754272683,-30.95711897604201,18.94956622655608,0.0475
0.908354063070806,-27.919541740633157,14.773204789853235,0.01,0.9530893776560116,-37.670195212591494,11.304727234378941,0.015,0.9848009365698792,-35.35071244045693,14.893627375921437,0.015,0.9289054104619694,-37.86443497460742,19.132225683184153,0.0275
0.930253694227988,-25.2277096409076,15.125712185686421,0.01,0.9875090760325407,-34.65111554773415,11.928364907178382,0.0175,0.9730433012709367,-30.96429860396535,14.315687566692443,0.0225,0.8758614196142678,-33.82111559414974,18.744872178060216,0.0375
0.7970551525743734,-28.7338257437777,14.983947621704656,0.01,0.9888804397028944,-36.04567425152296,9.69973749972346,0.0125,0.8135798125391646,-37.046678083822485,16.402753752586122,0.015,0.5705930551852029,-36.61931598840216,18.159553923323045,0.025
0.8960968322389441,-23.90817453172714,16.120965149934168,0.0125,0.9744517713502632,-30.23674068804673,11.020382478331218,0.02,0.8948753026583344,-31.08479706399034,16.712659858335865,0.0275,0.8273047881892049,-34.200287919921784,21.73482077820565,0.0425
0.95963107821788,-20.16537915398954,13.97470224769116,0.02,0.988503715755134,-26.047017002341946,9.196438883191078,0.035,0.9832789669829178,-25.3312259851402,13.984748487159626,0.02,0.6423415216471732,-33.42694683207907,17.387870303563226,0.0525
0.9471703991518694,-21.950140470980205,13.97070607446474,0.0225,0.9993618343236153,-23.41459016237068,9.083327176863694,0.015,0.995043432209437,-34.59075468617337,16.296378092323557,0.02,0.7093711703966614,-35.12128293183583,19.47799747345753,0.0425
0.7821848511550842,-27.556615870348253,16.623554667531025,0.01,0.9141110892754952,-37.93169425658479,11.302357548124078,0.02,0.7136098857644659,-31.03441083487724,15.617475735154262,0.02,0.6961643495672108,-36.08004830465526,18.68479032567565,0.035
0.9178682396883318,-23.862545227795636,13.044901200112037,0.0125,0.9919135584914206,-29.450670546647462,8.520872307395031,0.02,0.8976192835374197,-32.16208945638928,15.476435948996459,0.015,0.7398813169993357,-36.82177281704956,17.511116337639464,0.035
0.9740539630026688,-24.553282570161713,12.667722528793703,0.0175,0.992536427084385,-25.495840263698774,8.953817748904859,0.0175,0.9234866078773685,-33.879364895784455,15.061689525749728,0.0075,0.8207381197021139,-46.6350816035742,19.15899112018679,0.0325
0.5982203299613946,-21.72662668788572,14.45322454090924,0.0225,0.7126055713811524,-25.672153106110827,10.005925326640106,0.025,0.6231269536677424,-28.88880999398048,14.042691931831712,0.025,0.3843310784088528,-32.45166592972921,17.876720642688753,0.0475
0.8937492777210811,-26.01370973121584,13.82860414334839,0.01,0.821388080880172,-33.52312632623105,9.113848827604668,0.015,0.909673804710913,-32.22996880466937,13.510842884899354,0.0125,0.8139882673817316,-38.09324747558296,17.5958918479669,0.0275
0.9861907896986106,-19.253203057613355,11.318503554097664,0.0275,0.9901780834341048,-20.81843140837281,7.672095159259914,0.02,0.9894568968122905,-29.788828198163966,14.272165623354677,0.0125,0.939867070337935,-36.98929624762887,16.96390361728931,0.045
0.9604337818464032,-19.834072866720746,11.787751183183744,0.025,0.9801177088968731,-21.562377178454895,8.240552925899962,0.0175,0.9628167968870152,-31.801423785989233,15.334932818966543,0.0175,0.7981710175190463,-34.992362193375214,18.23196122934109,0.045
0.993537280713544,-21.45937652363322,13.070346416310883,0.0225,0.998632573101557,-22.542795046684937,8.005023691307656,0.0175,0.9937117871149352,-32.5928787472201,14.959108103099478,0.02,0.9785054878325316,-32.26976247747792,17.151455892176756,0.0425
0.9162123928797391,-17.86277046182194,12.374399555805546,0.0325,0.9662206308282502,-19.174658300833556,8.352459911104138,0.03,0.8342651824708919,-25.04313763931794,13.002425656939586,0.015,0.666921002609514,-35.28695757534577,17.767413031522864,0.06
0.9206008318127684,-28.33811853415021,14.873842918022513,0.0125,0.9131831156864088,-31.849155321272324,10.262449081295632,0.01,0.8939949637856155,-38.45660748179608,16.41810815350415,0.0125,0.9558974137530987,-39.13605105366146,18.348010828037168,0.025
0.9914562827253302,-25.00446342375005,14.198289776135317,0.0175,0.999648419713832,-25.62155066036884,8.547991234453042,0.0175,0.997004825436664,-38.14244984880504,20.181941899471852,0.015,0.9523717460623676,-43.3566188836944,22.186603563460235,0.035
0.8895426090823144,-23.714940993988474,12.818834760759412,0.025,0.8841015396748827,-27.14396895644422,10.943871150134402,0.015,0.9859874452244719,-32.54490491251583,15.023603990496538,0.01,0.9998781936722552,-44.868413979328935,19.98485146667804,0.04
0.9810808570805113,-24.13965277995647,15.930557666931552,0.015,0.9984547368380365,-27.703394234298578,9.050920886234001,0.0125,0.9679968595809284,-38.88689186941845,19.032612875094216,0.0375,0.8850817762246117,-44.4722166499118,26.333356273428613,0.0525
0.840159636942128,-26.48631038654845,14.44585875214834,0.0125,0.9421301992126748,-32.58257837231055,9.87954910885212,0.0175,0.8213034229737024,-35.50866206880199,16.71123101513175,0.015,0.21114542999481034,-40.70211637082336,20.418451709842856,0.035
0.7555173731099369,-23.769969943392347,13.403843884507651,0.015,0.9547090402145821,-27.074456892195677,9.601266006915736,0.025,0.6787413708284857,-28.345184453556868,14.931112731264388,0.01,-0.26147356935432553,-40.267864131390205,17.19410454704171,0.0325
0.817142129594859,-19.3068787122425,13.806558406968918,0.02,0.854499791887263,-26.37161384691385,9.002762534681121,0.035,0.9016726073925464,-26.938728029376016,16.11185462601979,0.0225,0.4032676340562872,-32.06316165993103,17.66821325292097,0.065
0.9810808570805113,-24.13965277995647,15.930557666931552,0.015,0.9984547368380365,-27.703394234298578,9.050920886234001,0.0125,0.9679968595809284,-38.88689186941845,19.032612875094216,0.0375,0.8850817762246117,-44.4722166499118,26.333356273428613,0.0525
0.9163213396045979,-21.173311962730963,13.240378549780257,0.025,0.9959535981368883,-26.107946377699303,10.035624891358205,0.0225,0.886095551648381,-27.319473722463528,13.233555196330428,0.0225,0.5892800974194794,-35.709176031038886,17.31265094828699,0.05
0.840159636942128,-26.48631038654845,14.44585875214834,0.0125,0.9421301992126748,-32.58257837231055,9.87954910885212,0.0175,0.8213034229737024,-35.50866206880199,16.71123101513175,0.015,0.21114542999481034,-40.70211637082336,20.418451709842856,0.035
0.8837714474435415,-22.102084006979645,13.084280128166954,0.0225,0.9602096807841322,-26.265746837422654,9.211063043749853,0.025,0.7260931694378414,-29.384758642329636,15.395922539482456,0.01,0.1822482934717864,-39.53198355982484,18.062193177807572,0.0475
0.6859358520174978,-21.477749428331897,14.736156504584244,0.015,0.9869013417984052,-30.066800907475923,10.072711501690485,0.03,0.7883254653679421,-27.54678075161571,14.909684980314687,0.025,-0.12055183557926416,-30.424770540169774,17.70672309191336,0.0525
0.8923540343112224,-25.38140644820308,12.287268114015106,0.015,0.960924477435957,-27.01323765282025,9.142558539497587,0.015,0.7958727026290837,-34.04559352730951,14.0132212721754,0.005,0.7502592601041128,-49.410579106768566,18.862361215475303,0.025
0.9445960819895514,-24.06329612304721,13.716600754175465,0.015,0.9896380701487524,-31.01996916198531,9.681482077641531,0.02,0.9568287673315476,-31.7315561972101,15.15909683984752,0.015,0.8731480994877798,-37.41316793433976,18.05711182585913,0.035
0.9514609056023514,-21.92965662543696,13.012783712899273,0.015,0.982931065467838,-30.084709221961337,9.196327403339335,0.0225,0.9452637742996504,-27.66184745174716,13.575051000168902,0.02,0.9614975831224256,-37.68120037981206,19.45187362340929,0.0425
0.9676134952676908,-19.932728442511905,11.340602089525618,0.025,0.9903598380998788,-22.022541779129085,8.405901628212867,0.02,0.9209582577170364,-30.45010569102782,14.25597333361288,0.01,0.8632366609710704,-39.61299966550329,18.18225258974205,0.0425
0.9603869805237815,-20.99325455765812,11.370750660111604,0.0225,0.9920206127863336,-22.339698647943067,7.89451043827998,0.015,0.8699982873002705,-31.686311153696245,13.715552767248422,0.01,0.7749143630969834,-38.62014751893286,16.09121686864967,0.0325
0.8669753271559965,-26.159826530450452,13.295252820857748,0.0125,0.9033985347006384,-32.29931899479661,9.66509809548438,0.015,0.7949885740277157,-31.692242773490324,14.21498398278316,0.01,0.7538321164993445,-38.90625930051549,16.974712606610662,0.0275
0.9043536425938474,-23.98849469045631,13.754800920908105,0.015,0.98596931677582,-28.77996573404763,9.455474450654371,0.02,0.9435055597400464,-30.521381545046733,14.877283914927895,0.0175,0.7628452664918938,-33.947206814191645,17.335072138377853,0.0375
0.8067211623178454,-20.032408582364212,13.49116469798009,0.025,0.9324842793728745,-26.358984241044524,10.469795090652237,0.025,0.6828399600268114,-27.251858847724954,14.48697936700664,0.0275,0.762521563661472,-29.92511261525891,17.35929411021384,0.0575
0.8066592507155883,-26.2406449975634,15.6068652785323,0.01,0.9737538375101076,-31.671767837880793,9.44939037806347,0.0125,0.7724510952792407,-37.78886188892804,18.425789831866197,0.025,0.6117798208753679,-34.72961571632204,19.526768019421805,0.0375
0.770197318906747,-24.042202077982978,13.302060529595218,0.01,0.901681849526399,-34.22474896711761,10.339286354453492,0.0175,0.8781951274132731,-29.595697411446572,13.146753411785625,0.0175,0.11808565729895304,-35.04016911710477,16.313986726638134,0.0325
0.9119619077182903,-16.03331064486722,11.620269411188799,0.03,0.9401418356430176,-19.88669634939392,8.114817904390033,0.035,0.9284096416072731,-23.78953808590159,13.833900324603903,0.0275,0.7770700599367659,-29.914848834634938,17.27887536433165,0.0725
0.8281931960744029,-13.479932702607185,10.816790808196291,0.045,0.9121695798418227,-16.49783623395159,7.51775957064427,0.045,0.7393880133113753,-20.963648052355648,13.647668871940562,0.03,0.24345087745518715,-28.181906176068345,16.998928630992495,0.0825
0.8419033599910837,-24.201852684649506,13.572919276240093,0.015,0.9681109112972197,-28.530608294325035,10.044184450229753,0.025,0.7692616339397667,-27.733356217042548,13.96551887107939,0.01,0.644360081903463,-39.43221949474965,17.310698394729933,0.035
0.8986057128468258,-25.17437841783625,14.90809864313941,0.015,0.928486206772242,-30.238430136947795,10.082940695575864,0.025,0.8730687059957942,-29.010128553169743,15.11446755590527,0.01,0.8368728845816438,-43.705067314467584,19.00708439661881,0.035
0.9187574580750518,-26.12530089051667,13.2480726997679,0.015,0.9903128696719808,-29.12340990972037,9.078969728960937,0.01,0.7489007626303789,-38.57486970539258,16.026559625221797,0.0125,0.6931870860887925,-36.97366518956564,17.414184043987476,0.025
0.9695506928189124,-21.163475506695427,12.689860928583073,0.0225,0.9971342560678882,-23.419696870850306,8.697914172407685,0.025,0.9516326589068054,-28.98626097797413,15.131598755157416,0.015,0.7952143587297238,-37.6771595563272,18.648631657207844,0.0425
0.9602185220552798,-17.78862315277015,11.867163511409293,0.0275,0.9893935758153264,-21.61558487227997,8.272664579041258,0.0325,0.9744212443041552,-22.547308684672977,12.286766792329285,0.01,0.09482264004957974,-38.823396633369995,17.40585740756412,0.055
0.8368558198745365,-17.78835374261398,12.683546777994092,0.03,0.9845499544849128,-20.45667642023977,9.080588499044154,0.03,0.8271975548153834,-26.159281374267668,15.317548982010878,0.03,0.0334210711905287,-27.661739020465493,16.21604018214788,0.06
0.7637840053777696,-18.96611779528121,13.101206938404603,0.025,0.9837468010542032,-21.716333737381703,9.207633167281852,0.025,0.8374248227456995,-27.21662534691153,15.014838337939024,0.03,0.0506189580256647,-27.603511030317875,16.37334701966936,0.0525
0.9404093253988024,-19.48824161048959,12.97159046815031,0.025,0.987301103027908,-22.039195803683537,9.45523686664517,0.0275,0.9782250009794596,-26.517901334273255,15.06348846366823,0.015,0.283429890336017,-38.58755462423626,19.17871995818338,0.0475
0.9957988426667697,-27.00114467071752,12.596504398168285,0.01,0.9993687021655486,-32.516470433024665,9.50313596662367,0.015,0.9971518387841782,-31.30325329805536,13.22018747943623,0.01,0.9799210545368504,-43.267872693198655,18.89235369371594,0.0225
0.925114147262371,-21.95281485537719,14.782954780274007,0.0175,0.9913097062310252,-25.474855232473526,8.677699388259462,0.025,0.8837814685627221,-28.203333591544546,15.198693009507108,0.0275,0.8257808493633142,-32.509850430155595,19.466719610942967,0.0475
0.9457327317372193,-22.55875343921103,13.934661376883987,0.02,0.9838635422357419,-24.71050999319906,9.267240975218897,0.0225,0.9177025955636524,-30.76553534951903,14.84325736621254,0.02,0.8747247086715151,-39.386017697964796,20.900094425399935,0.0425
0.9117248231353952,-20.99258199914854,12.865609103049591,0.02,0.977141606843201,-23.422762369769146,8.773399498052946,0.0225,0.8380512681694124,-27.85518528184469,13.629411647898284,0.02,0.8137936035364401,-32.65724574837974,16.082436558154093,0.0425
0.9801922720322892,-22.344369739223,11.440442227130504,0.02,0.995996170752717,-23.464328916872574,8.301567393772821,0.01,0.971804369802144,-37.19123587658265,13.941427499797406,0.015,0.8580794558014008,-38.57006842573079,17.864522154808334,0.03
0.9087631464073994,-24.36101801071717,15.03238813867846,0.0125,0.9925702525709772,-28.914292342276823,9.502362839141998,0.0125,0.9519767478880876,-34.09814970779208,14.151543040287477,0.025,0.7717605188564777,-36.136142910468905,20.26378793883491,0.04
0.9086453146197564,-21.261218031785106,12.536951339043616,0.025,0.9831649253050752,-23.58098164927343,9.727712016381409,0.0225,0.8730856754754216,-27.681780634435786,13.405184281196776,0.015,0.4970974448110196,-37.39379196222603,17.06127160793872,0.0425
0.9136115710242703,-18.40510547577849,10.816714049950361,0.03,0.9623576305054433,-21.487692402674462,9.147560672492935,0.025,0.901597324014086,-26.127829406007635,13.10150929522052,0.015,0.5846921422860718,-34.700642332838164,15.90926155381814,0.0475
0.8863545852833186,-19.380495035180587,13.789173835686903,0.0175,0.9726286157272648,-27.398283431536107,9.795456022868416,0.035,0.9394039464999043,-25.310286535841282,13.455443159188775,0.025,0.48678766187815453,-31.15663512235396,17.94487040196784,0.06
0.8886837440439861,-19.551283708774548,13.055381091613338,0.015,0.966893265583805,-27.528176613230855,9.423733797270817,0.03,0.9238878120711311,-24.010019353398846,12.261496991935207,0.02,0.5781748718862818,-34.11699833504525,18.56711951740455,0.0525
0.8598133225950878,-20.83586489720812,13.580844913906592,0.0175,0.9691152902471664,-27.061355825449915,9.67511871876942,0.025,0.916060295953844,-27.4283229427791,13.598891882324317,0.02,0.4293424242623571,-34.458027537142854,18.7496293880636,0.05
0.8553507190749623,-22.922825988126686,13.230430473406393,0.015,0.9571083745405136,-27.38860728148525,10.132177095629878,0.02,0.8394668933369889,-29.589261999205565,13.952166074485099,0.015,0.7633304834902861,-35.06506399677771,15.822801918296257,0.0375
0.9098984443108007,-26.619576815767623,14.336565158956226,0.0075,0.9800634273430898,-37.847488343127026,9.70693790877052,0.015,0.8671499733333194,-33.95711546866193,14.857462276810196,0.015,0.7683636923705919,-37.81161781139953,18.29509391349923,0.0275
0.9406958902217546,-24.17902957535922,14.281950412306031,0.015,0.9359655997131782,-28.242311133081255,9.955340407172603,0.0175,0.9635060685534496,-32.77087045084062,15.41056123245454,0.0175,0.929825373108859,-35.2529025085867,18.433670881861364,0.035
0.9709113809066765,-17.249164733305847,12.276476863496384,0.04,0.9827181946738913,-18.507714390550795,9.543360186556487,0.035,0.9882806290086452,-25.686739617381576,14.829882875299658,0.025,0.8943209675562367,-35.9456216149714,20.87489843995936,0.0625
0.9949454043300747,-23.63803838907984,13.97940008672039,0.0175,0.9998743076589767,-27.219975545079272,9.645172757403898,0.02,0.999515477858925,-36.48385815633837,15.206412886703497,0.015,0.9208954805959978,-47.34588723055584,21.004814073991938,0.04
0.9790949046836508,-21.46462365305294,14.062317040779153,0.02,0.9933652247958074,-24.37520464727847,8.723015872647025,0.03,0.9889674255269132,-30.013860190818487,16.437733594292688,0.02,0.9346604750640486,-41.04741033496769,21.85748674805871,0.05
0.9838385854728848,-23.476925601682986,12.4508049387536,0.0175,0.9918762718763274,-25.057126440256027,7.595611898731484,0.0125,0.9019767476893712,-34.38893066238479,15.446252785917467,0.0125,0.9665754966061304,-48.081687562449176,25.67764098087253,0.0325
0.9551303328006776,-14.952901540333354,9.180808097086068,0.045,0.9806637677374452,-15.579559089835936,6.832945211368723,0.01,0.8703665595486271,-36.23378287203332,13.85344443343617,0.015,0.8646095299365721,-35.12253239481812,16.405530230659892,0.0575
0.965256843962327,-17.44734488474741,9.226236056805025,0.035,0.9845515321194633,-17.936604983702683,7.156734867368111,0.01,0.7973012141980478,-37.501352855251326,14.168489994303881,0.0125,0.6831544375649372,-37.52022077784119,16.230991598007044,0.045
0.9924889961393266,-14.423421384766357,10.278162425823934,0.055,0.9975260265960462,-15.396068139907475,7.589679806581202,0.0175,0.9571970482755168,-31.284172169321693,15.405554837161796,0.0225,0.9318259253493836,-34.321817464181045,19.677390348709466,0.075
0.9671502145422786,-18.60095133183553,12.040224461771352,0.035,0.9977306838708981,-19.533372622067688,9.585659950142242,0.0225,0.9123732977965566,-27.91347370962864,13.784605107885735,0.015,0.6353899946286392,-36.12459601957197,17.12090206872609,0.05
0.947741266690586,-20.400300552613693,12.600334990197428,0.0275,0.9984642561796444,-21.77130697067716,9.235094703519504,0.0175,0.9865949092911654,-31.138519055274116,14.562260994051435,0.0175,0.544790731156418,-35.258065339022444,17.66789926127074,0.0425
0.958500076922194,-24.178028156326,14.193441939876834,0.0175,0.9941354589943292,-26.81324428521297,8.199594852842282,0.025,0.9398291351764984,-31.671091682371056,17.18298986034695,0.0125,0.7888395589695836,-40.92714309935549,19.71412194117784,0.0375
0.9754270994687655,-23.5440293854537,12.066465988587439,0.015,0.9945980307322113,-25.351305579735573,7.333113290212149,0.01,0.9585154084097602,-35.12718521255849,12.29358510963488,0.015,0.9755447052941035,-33.22789153364768,15.509893057203922,0.0275
0.9598251106975836,-20.015387816694723,11.88572578068511,0.0275,0.9926014391236668,-21.27080705081983,8.894173343126127,0.015,0.9708128454962414,-33.780229314669285,14.915826918969127,0.015,-0.1702755539684615,-43.77724639869403,21.90412010372978,0.0475
0.8471015257416876,-26.69788035785077,14.116552731999228,0.01,0.8109159490754043,-33.39361346228968,9.871660178449861,0.015,0.9196191206308004,-32.86273840438287,14.601586365925947,0.015,0.7651911251327584,-36.59989853049301,17.326587950236586,0.0275
0.9651965230210395,-21.224300784229047,11.838434370103846,0.0225,0.9877943140471555,-23.215067458610132,8.532784887835895,0.02,0.9803014125765726,-31.44856526191408,14.594053100129525,0.01,0.6658727664619515,-38.59510153610739,17.152039260985553,0.0375
0.9593264823936332,-21.349781470868088,11.695968595216435,0.025,0.9772901102984812,-22.625702776406058,9.308041228586184,0.0125,0.930696504795806,-33.531597519951106,13.283644319907303,0.015,0.8958529834626011,-42.214191037923115,19.67696671625999,0.0375
0.9015756450489503,-19.83685292971226,13.31174342803407,0.015,0.9597656665613146,-27.789751216309398,9.686113266445076,0.0325,0.8951909294452527,-23.839459835260627,13.417773181341703,0.0225,0.8589035054961527,-32.33413448337792,17.465192507754445,0.0525
0.955707811336344,-20.477045423442902,13.34492744591478,0.0175,0.9941871933279222,-25.936093230020795,9.055777613686628,0.0275,0.93792717826874,-25.493690296450808,13.511760969962433,0.02,0.8947776869804468,-34.90752256676324,18.04198796443364,0.05
0.3946491736748849,-26.15261394419196,10.3936056082098,0.01,0.440326397917507,-30.637538998260055,8.499746216108827,0.0125,0.308396142101791,-32.31457816685351,11.813275221970555,0.005,0.18239968345053964,-53.30173871903435,18.966720271109253,0.02
0.9825659355694149,-20.648670296311717,12.858880712275855,0.02,0.9998501870598488,-24.923876128462545,8.05837695455795,0.025,0.98064628783952,-28.10151730123696,14.75906162724077,0.0175,0.9113987182461868,-33.70646006696371,16.707326180936555,0.05
0.9147819035297248,-21.8647081136732,12.27771922007314,0.02,0.9427492154615918,-25.004930625553264,8.958897006494457,0.0225,0.8246941172404317,-28.853522149312663,14.066698052799282,0.01,0.870108277428094,-44.97347800108489,19.33627684929557,0.04
0.9263989621895456,-25.22606177102541,11.731032841996983,0.015,0.9884127943730144,-26.8083215619864,8.53285366087897,0.0125,0.9456262577114866,-34.27714416301992,14.638290766215787,0.005,-0.108109194259895,-45.39438725091452,17.882801653576365,0.025
0.9577352529537588,-24.422265005072003,16.673753908523388,0.0075,0.9817414731278288,-37.601755811236096,11.684404015725963,0.0275,0.9805048872849688,-28.241432141421985,15.728781150614768,0.03,0.912585699597232,-34.51422337609183,21.30763019198039,0.045
0.9624598770100806,-24.36692569620923,13.372322143745059,0.0125,0.9717783082296911,-30.211491918057575,9.136983840576823,0.0175,0.9704950526247225,-33.05806094678394,16.446267850643046,0.015,0.9597455644408956,-38.24501009964362,17.76375659776086,0.0325
0.922399382591198,-26.07179359952909,12.380250272988299,0.01,0.944287549938972,-32.184882371719894,9.136790082094386,0.015,0.9274947217938894,-34.00379821970452,14.281722380590413,0.01,0.9425271526044139,-44.12952966680403,18.258510692628192,0.025
0.9813061894766316,-18.04485165711916,11.91563014972415,0.03,0.9964356862038648,-19.18217118298752,7.534409598821188,0.02,0.9879549408372508,-30.789770651026075,15.443070682211374,0.02,0.9334029790266036,-30.91442521381157,16.38385538942914,0.05
0.7636433806662777,-15.971410734531503,11.272539967913865,0.03,0.9807801110068204,-19.971524904014757,8.505408763701103,0.04,0.46838186965318906,-20.717905502810368,11.977535029185589,0.0175,0.5370855923336029,-35.49403169156898,17.22027742789262,0.07
0.9634083633904632,-20.639815268939962,11.63120076262473,0.0225,0.9757684161245705,-21.30623980797645,6.929952468913708,0.0175,0.9563338272996573,-32.58822865498926,15.969888642695924,0.015,0.887967941112376,-41.97547397685244,22.39312908311231,0.0375
0.9171674264372653,-21.14124485269828,14.320396848940945,0.015,0.9922223689771682,-27.372371067465632,8.771333222605858,0.0325,0.9369687205008127,-25.242767612898405,14.07932817381802,0.0225,0.6291824892534719,-34.36415977648024,19.947425984730515,0.0475
0.9005352331339556,-23.79458153880612,14.914839955048304,0.015,0.9458867834218956,-30.40010186203553,10.583587623890852,0.02,0.8616340016538829,-29.11016885459192,13.445352899673235,0.03,0.8532598887469832,-31.36026776612014,17.983163288211674,0.0425
0.9316152746670632,-25.52278765309822,14.000104601793803,0.015,0.996419737916708,-28.209488920388743,8.628855349701197,0.015,0.974628800348124,-33.20400057040175,15.596303453920436,0.0125,0.8649727620106697,-44.327149252553,21.385579255111477,0.03
0.863576606989322,-32.16934897184815,16.003904908568146,0.005,0.8846564008179608,-35.761287834714025,9.540722798830943,0.01,0.889715056153368,-39.54399977832771,16.662781674189084,0.01,0.8946660588868285,-42.89773353766556,21.234811268320037,0.0175
0.8715854184580689,-32.18660850479314,15.957802150886696,0.005,0.8849278378270302,-35.83968118531161,9.573637931033424,0.01,0.8927153386748727,-39.61225807537607,16.668932667813795,0.01,0.9316641545183169,-42.96652186503708,21.298035402759048,0.0175
0.7571010576583678,-24.62135954320424,14.054602867853966,0.01,0.7844870194255613,-32.80692393053116,9.598375320907302,0.0225,0.8314186402489662,-28.636245742052967,13.003025381143893,0.015,0.5350908443173013,-36.07441452244211,17.964087349500463,0.0325
0.9134407163189691,-25.159843265503234,12.411207149536732,0.015,0.9794329998176539,-28.665645530981266,8.548269758128017,0.015,0.8837672139668371,-34.33554952883752,14.286719964219763,0.01,0.15227124197263164,-44.52402343921956,19.300060994953046,0.0275
0.975942785313626,-26.05882870360596,14.693352171755723,0.015,0.9933384496776873,-28.773792776631037,9.92732269179091,0.015,0.985538278625092,-34.40250832322076,15.015151755668542,0.015,0.9448061034655176,-52.55104869747738,26.287680541022617,0.0375
0.8781563583681011,-23.24221679296826,13.875196527901245,0.0175,0.9287761491258576,-27.38268701717159,9.592496046528705,0.02,0.8700633884658662,-29.622213728345933,14.197911481007628,0.0175,0.6848748965709874,-35.345818371825466,17.361464889148262,0.0375
0.820180727564192,-26.01211139396107,13.690288578623887,0.01,0.8124023724489662,-37.678624237901175,10.121046866768218,0.0175,0.764860876648915,-30.03496640064846,13.39807815263185,0.01,0.6501725444511717,-39.85307735630604,17.61190852093788,0.0275
0.8201366167662216,-21.934688919750165,13.746081387589886,0.01,0.9473055236716481,-33.12508466825313,9.77441055774967,0.0275,0.7762753990219382,-26.487908185986196,13.777407448410774,0.02,0.4862019086172049,-32.68095489941287,16.89487674186394,0.045
0.7951948498854784,-18.38520742385132,12.131132215897496,0.0175,0.8664432041456309,-25.480435727845574,9.910173724695312,0.035,0.7463451954217908,-23.417970239748072,13.601217242080722,0.015,0.5344153673406555,-35.11368743060282,18.047869868422307,0.0625
0.9769469892062981,-18.415696860823825,11.045411351651442,0.0325,0.9908652507250288,-20.437033987202824,8.547169964787361,0.0125,0.9719368814948806,-32.92165895447744,12.9891134632635,0.0175,0.9644753580386692,-33.78638711029367,16.825548202140606,0.0475
0.9327055750028707,-20.404771322946335,13.474220668496995,0.02,0.99203070807931,-26.348193731934828,9.455416293974885,0.02,0.9104857601972041,-30.21926719161661,15.282313324010188,0.03,0.8322569594111796,-31.824724542209008,18.429192654999788,0.0525
0.8265775032821328,-26.2534864800455,13.517337417199633,0.0125,0.9562696761331068,-31.559049164327075,9.615031352698722,0.015,0.7309140674032665,-32.77018165838324,14.401877721843274,0.01,0.6071941819811171,-40.60168489526528,17.549792173353303,0.0275
0.8942172262438797,-22.53176584984843,13.996829787528306,0.02,0.9949104653155172,-29.227541693916965,10.019670582630676,0.0175,0.98438245160552,-30.48286441669434,13.363106046058224,0.025,0.6869054361953988,-31.118328729611292,16.946464468293353,0.0425
0.9426064284056843,-21.47509598638002,13.035339949609021,0.0225,0.9834617130110375,-23.157033156764584,9.341929118778566,0.02,0.8860640920255238,-30.423777953691925,14.875334177848327,0.015,0.7996362788186798,-36.59173332112553,17.01976533577323,0.0375
0.9564228841923297,-22.764695765047808,13.688806348690806,0.0225,0.992622599345852,-28.151295869890596,11.12234370576142,0.02,0.9289938499138342,-30.034326427722466,14.973582798294306,0.015,0.8449413991569701,-37.85871589840848,18.251341614216265,0.04
0.9705714173246878,-12.951403030026764,11.144624041037488,0.045,0.9822824501684476,-16.283581238006665,8.315566096721827,0.0625,0.9676049856456164,-19.93557138618559,14.36747208024854,0.035,0.9254643874500412,-29.1887494687078,18.146338798935417,0.0975
0.9082158601133443,-18.154538823788577,13.286690895772457,0.0275,0.9800993892241847,-22.062384013503326,9.364348686307657,0.035,0.9653227821845243,-24.26491476216277,13.239891638045384,0.025,0.5692151320358172,-30.756341557275633,16.519551346646647,0.06
0.941598093822141,-14.12454026540592,11.785792179063035,0.0375,0.9876519390440062,-18.02666629533628,8.859969843405066,0.0525,0.9156114760975108,-19.336698818767054,13.17422624963726,0.0325,0.830390022302707,-27.6959753892876,16.606447375347845,0.0875
0.9761644980970872,-16.57091330783081,12.332255412563397,0.0425,0.9963513994451572,-18.542400476791435,9.904669042289616,0.035,0.9637449639230804,-22.27918290417781,12.275641887446415,0.0175,0.7232861264467786,-33.78179594987744,17.54771604238466,0.065
0.9671761358909944,-14.727001973437057,11.143677350001752,0.0575,0.9911771797840903,-15.629996713156384,10.028758576029306,0.03,0.8840945307020696,-23.9946253267231,12.265939004687972,0.01,0.3416116185884832,-41.20107142800863,19.050799893777615,0.075
0.5795281869366057,-22.746880000818493,13.508311641865795,0.0125,0.7546669286719281,-29.318935005584347,10.322755373356475,0.025,0.6908525030709498,-26.950958222609948,12.80782701545173,0.0175,0.2926415040917944,-35.42948358232814,17.17841031280044,0.04
0.6951285770785869,-27.18044935514685,12.869391863398944,0.01,0.8800149913763283,-31.626978162496773,9.909433763932007,0.015,0.4351780612898367,-33.933920847362444,14.426884596557253,0.005,0.0983780075985156,-43.93215639519436,16.91860913259783,0.0225
0.9356885996583396,-19.343974736249436,10.902232426973608,0.025,0.9881411074194737,-21.929083102399183,8.976172015165307,0.0225,0.9476137550173243,-27.484748228154714,12.934674142068795,0.005,0.7285904836568354,-44.42457040880633,16.90910635681484,0.04
0.9651741193832486,-20.5003993724376,10.831868786382472,0.025,0.9908090856746392,-22.015919338753164,9.15806611458882,0.0175,0.9364330372632128,-29.54125525014456,12.788839444008431,0.005,0.7306782986285463,-47.061762006405736,16.937597048962488,0.035
0.7880010248886705,-27.44227468583136,13.388955037308254,0.01,0.9683371104445092,-33.29701276034711,8.410911200749348,0.0175,0.7750697986945809,-30.497366617865325,12.970983261299663,0.01,0.3472760770539786,-42.56657800391143,17.64162022541964,0.0225
0.9347546413268437,-20.181293821591943,13.142755520512523,0.0225,0.9841553183958921,-25.988462614641808,10.262475018542698,0.03,0.9036740860919712,-25.08206227387161,13.098001167211034,0.015,0.8561438599216435,-36.556545167502975,18.46250968116821,0.0525
0.9708216402067862,-17.738568051238992,13.080121309927785,0.03,0.9743220878834253,-24.45837209873502,10.771080693445217,0.04,0.9787466988507532,-21.576323878713612,12.632364337852076,0.02,0.9186973680387323,-34.55352373291174,19.296715934711404,0.0675
0.929596156698212,-20.880049363060593,12.667909397197754,0.0225,0.9965559655213052,-24.226200929654773,9.926223379498932,0.025,0.8691582182286837,-26.640378209489583,13.004747304485413,0.01,0.6921671939991904,-42.96124204374341,19.774114803161186,0.04
0.7722256698327429,-24.157854777081607,13.076516279984148,0.015,0.9290403681297464,-27.13634069710892,9.358329620978926,0.02,0.6462219056122404,-28.512428174557737,12.759788248666167,0.01,0.7835587164214137,-39.8149085556977,16.401688047629953,0.03
0.8466816679523843,-22.036298755223243,12.165823688605736,0.0175,0.982984568050264,-29.65979013928582,9.339294208447727,0.0225,0.7802927779009625,-28.255993219444377,12.923795828052366,0.01,0.6868162759051222,-37.64757640538707,15.732998207189507,0.04
0.9122703581596576,-23.99279581478889,13.53017622593564,0.0125,0.9935633075292853,-29.8220495338079,9.302189432247479,0.02,0.8669687896632525,-28.527403459396844,13.114584489388715,0.015,0.8242283241525936,-35.52053704354771,16.44858656681995,0.0325
0.9141735797020528,-24.75801410555228,13.17733749952095,0.0175,0.9644327332283896,-28.813956161195637,9.896901832462852,0.015,0.8238352033738235,-31.94410815935262,13.508385755554116,0.01,0.8388840363550298,-39.01009987404166,16.87792579627702,0.03
0.7851784363759977,-26.95729325177518,13.621054765290205,0.01,0.9544605912031567,-37.04126922575083,9.60630274316401,0.0175,0.6132923501172054,-30.48511462303044,12.74442679024321,0.01,0.7909698741801738,-39.95040970436433,16.034530011329576,0.025
0.9013817629486256,-23.20792200196516,14.055565220266086,0.015,0.9800654531001042,-28.40601907809648,11.040458858521962,0.0225,0.8942032591056022,-28.47767969235079,14.264448210936578,0.015,0.5790152376652521,-35.58736225343817,17.930913193286916,0.0375
0.8203281584719503,-21.480867660948725,12.858835070972157,0.0225,0.8251209747943022,-25.134839013295675,10.214390805864337,0.025,0.8329216414607346,-26.925073178363107,13.619834433150878,0.01,0.5719512929375067,-38.63116400956119,17.431464655595526,0.04
0.9270516472485081,-21.44766479867223,13.109230362232635,0.025,0.9809022176382871,-23.99385417258994,9.065493608013686,0.02,0.888615244295537,-28.2605738825807,13.022836298932045,0.015,0.5800665615429895,-36.994456748264355,17.805987940917092,0.0425
0.9239922021129081,-16.680555773113078,12.69733194864661,0.035,0.997559405887809,-21.867663389982773,10.17431911921708,0.04,0.9636677384073276,-23.12690345137203,13.001184073415827,0.025,0.0397297134350848,-31.8251196188209,19.177601051312145,0.0775
0.910465061022398,-17.390733198517474,10.82099750663646,0.02,0.9649079958730824,-28.41835643074316,11.403117193535486,0.035,0.9384830659690814,-21.12802931975225,10.59293191581395,0.01,0.5161000484450999,-42.80910442724048,19.05558400826136,0.0475
0.9790037687989108,-23.74186162092113,13.172782505477649,0.02,0.9989105176408126,-26.428500186509257,9.861483240040348,0.015,0.9970745175646588,-33.73970070108706,14.09154247949136,0.0125,0.7822879671248905,-39.44514261116456,18.78712282338181,0.035
0.8211009225996264,-18.899307516785655,13.399069181840666,0.0275,0.9783011900758087,-22.524097267368887,9.507602388419556,0.0225,0.8729604482065483,-28.11922613393949,13.960296452695488,0.025,0.3870679921423904,-28.521733628115314,15.878426396294266,0.0575
0.9654948267734962,-26.49396355183661,13.960517921434228,0.0125,0.9227135503976035,-31.48847581391036,9.668544697315351,0.0225,0.99268418970978,-33.191438065454975,16.50143102509796,0.01,0.9421453306409926,-42.93026195075727,21.46256649754519,0.0325
0.6585947039040039,-21.586721613384434,12.548798621721769,0.0175,0.6531982206827275,-24.935965560031917,9.074451793806443,0.025,0.6773511504931597,-26.96422637670828,13.409293969534115,0.0125,0.7228679307221593,-37.66768326794413,17.084368349196303,0.0375
0.7729019411756081,-21.765770640675047,13.703679993305984,0.02,0.9214042668329968,-24.849688630928025,9.357051084046644,0.0175,0.4366289496596467,-32.63182575740292,16.0158934780695,0.02,0.4691525212999075,-30.460398280925745,16.22816334689158,0.0425
0.9684333107841173,-28.89811361558872,13.97940008672039,0.01,0.987547181797844,-34.051592730339884,10.691499110148591,0.015,0.9907413680681694,-33.85853188753616,13.97940008672039,0.0075,0.8084598442106121,-44.52637181528992,16.861642395246403,0.0225
0.7114533756100749,-27.466395494803717,14.591961021609968,0.01,0.9014008248711788,-36.77964585038511,10.751286104304109,0.015,0.7251710786716595,-32.34691145751777,13.848481480877185,0.015,0.2986983496153902,-37.256717412020734,18.353855251344,0.03
0.8730122857145092,-15.264955635663938,12.740480071715972,0.04,0.9733371544178622,-20.394449112742528,10.39833663841448,0.0525,0.9163227619729618,-19.538672768691725,13.20291368362233,0.0325,0.4501862080897889,-26.513632486564,16.05136891308244,0.0875
0.8703586246906847,-18.686410937870225,12.949604075159856,0.0225,0.9946985473844572,-24.653030841256168,9.7921314174394,0.04,0.9206136544610344,-22.580133549862843,13.306648382588328,0.02,0.3317849582956108,-33.56672488161747,17.49295396877037,0.06
0.9642393775851366,-17.888590631315203,13.249939169388835,0.0225,0.9944688091191812,-25.32022665519832,9.67940997854085,0.04,0.9816164392309147,-22.622573813257052,13.566950603304619,0.03,0.8644039014584969,-29.537166227105892,17.34788525223967,0.065
0.9291168158815548,-19.64881824928465,13.59216887194177,0.025,0.9443684637569086,-24.38508204989306,9.800158392420164,0.035,0.9304750356548082,-24.027603106775324,13.150832838636845,0.0225,0.8695461323337875,-31.208598987078634,17.57368589559372,0.0575
0.9144751354259155,-20.03132411364345,13.381406441287602,0.0225,0.9930345987519116,-25.851344592129333,11.249091886775199,0.035,0.8693565940732517,-24.270649024848144,13.483853676295043,0.02,0.8098355785200657,-32.21991123914242,16.818000308529335,0.05
0.9592583654637448,-22.38871802467081,11.753758443322488,0.0175,0.9948263291441154,-25.74704202627169,8.57905771378421,0.01,0.9949742239714148,-35.42741094938108,13.77661675071355,0.015,0.5340483659071941,-38.40454262931726,18.37908507491645,0.0325
0.9531962055189134,-22.48427482272777,12.04760108590487,0.0175,0.990695028089122,-24.324206573921977,8.478986459078811,0.015,0.8670997120241872,-31.719254473940097,13.89464082316698,0.01,0.6487895768045442,-43.350499636325935,20.4492550357464,0.0325
0.9902283761572447,-22.409272151481893,11.579643681550511,0.02,0.9987091730608408,-23.40212601655637,8.255062577703484,0.015,0.9812650684881581,-30.76489467809536,12.904775754673928,0.01,0.9590272465647731,-41.51224447477257,17.15439137437336,0.03
0.8514696151370441,-28.010110384942664,11.051067109319838,0.01,0.9602397448122154,-32.262131170823785,8.78057872880677,0.01,0.7697424913990497,-40.05257064025827,14.366879010503515,0.005,0.7692317328952507,-49.70207486957271,16.76874740941098,0.015
0.9815661473663934,-19.197128661969,10.958805302170322,0.0275,0.9959810015487164,-19.94368156141992,7.726161220721945,0.02,0.9811814039902884,-28.004367974483458,13.102845300160766,0.01,0.785043860806708,-39.84412775465544,16.845137624246014,0.04
0.9704930212690474,-26.407620538490917,12.668382624482819,0.015,0.9995956739159704,-31.46849653876223,8.618748177948937,0.01,0.841158926504181,-35.632198537357816,13.309183989544836,0.01,0.8638787809659998,-41.68272678095164,16.748495094916866,0.0275
0.8711247209865535,-26.530429023977288,12.764249965924126,0.01,0.9935133785180953,-29.849605887083317,8.23919332765563,0.0125,0.4876438510916683,-33.38673106508083,13.538055789787762,0.01,0.7813179688522807,-42.44106646144041,16.941275812301107,0.0225
0.9210783477206697,-22.54068635773437,12.847881838547384,0.0175,0.9991438437669335,-26.185641485254823,9.320331167708892,0.0225,0.7629706492471994,-28.2996092956316,13.278318717018715,0.01,0.909695320989692,-39.03701462113807,16.051932202577873,0.04
0.9038944197451082,-17.633572715756703,12.298143299020488,0.0275,0.9578682258260993,-22.17167933163208,8.783892322062783,0.035,0.8560872120886167,-26.017270020964723,13.405734711408796,0.0225,0.7268296209725498,-33.07269993424187,17.474293649395456,0.0625
0.9741018128929206,-21.759276517278646,13.38522833207059,0.0175,0.983030670382171,-27.27514144581892,9.767492842722609,0.02,0.9816764637654788,-28.79616682838381,14.33236998081798,0.02,0.9594629506371032,-35.23555844353373,18.5029818406219,0.0425
0.7756025099452131,-27.414473303411096,16.596881564294602,0.005,0.8089104058366325,-36.69452603337552,11.129820316078272,0.0175,0.8315390139086323,-40.009560235643455,19.65237398350177,0.0275,0.6049537058315319,-41.21845696072198,22.864128520233045,0.0525
0.9868411146735326,-21.324662963223084,12.634633053448283,0.025,0.9999999994155423,-23.354260037250803,8.01805593030753,0.0225,0.9996229098159439,-30.163535255053333,13.379090565894463,0.015,0.7825898497029693,-37.572370358909154,18.86315554395842,0.0425
0.9676712264076012,-22.62589679501199,13.466148828075482,0.0225,0.9999832052958706,-24.915577159347887,8.951696088070044,0.015,0.9938359034723642,-32.61220225666787,14.61281451150495,0.02,0.8003764318669268,-35.133690123722154,19.05484844375321,0.0425
0.8596749455956776,-24.012263394457875,13.44940639264875,0.015,0.9727476298943729,-26.649521624282972,8.642271623453349,0.015,0.9739783157184045,-31.92474148066526,13.621197966189655,0.015,0.5954846518866124,-36.36053819852894,18.232028790897026,0.0325
0.9674049969478808,-24.790215111347912,12.71124533686517,0.0175,0.9910769473371688,-29.50119550972928,9.713678586028447,0.0175,0.9737232542130095,-33.08018317490352,14.184335807199897,0.01,0.8138171479937204,-41.30908112520544,17.14007773262952,0.035
0.8544361116234263,-22.621930416444236,13.7298287146113,0.02,0.9741275095334772,-35.00073976354227,10.717093519749774,0.0175,0.8333477547983976,-29.934957568417836,13.617200834987967,0.0175,0.5046663082595031,-34.31894620048412,17.82691935255513,0.0425
0.5171068394937439,-25.38953234227082,10.913113836468202,0.0175,0.48048654313810124,-26.296750460870637,8.46170587795646,0.01,0.7281683020105274,-41.33059159066802,15.950630269305314,0.005,0.49079258092144695,-51.92520848596074,20.78029486759824,0.0225
0.4008770391188953,-24.968632361092755,10.453325140055341,0.015,0.37236970325043633,-26.435100996563065,8.164683377628762,0.01,0.63727986279017,-36.11028766632006,14.821187192845482,0.005,0.6071777610891891,-54.76089005382323,18.411425874762138,0.0225
0.6470893114124566,-26.114260726243973,10.981004664519912,0.0175,0.6844472765166525,-27.308233094260377,8.403524599930522,0.01,0.7408251227027094,-37.05610341090804,14.331455667638371,0.005,0.4786153331651203,-55.65501302417001,17.57926508368778,0.0225
0.8968531567840404,-20.04464669783558,13.638620279413834,0.0225,0.9209279331606248,-27.5450101364864,9.854488742182898,0.0275,0.8844451078129341,-26.29507904612285,13.74770694949199,0.0225,0.7315086932515298,-30.71388952108096,16.96961435833252,0.0525
0.8905553892167424,-24.611120386953427,13.086757368256134,0.0125,0.9949291433491669,-27.596276702892723,7.7777996217219325,0.015,0.8579663583682169,-32.01527396956262,14.13734048930415,0.0125,0.634488488529775,-37.44997166742185,17.23831103409656,0.03
0.9513369926981118,-14.267213541559702,11.695848675043962,0.045,0.9849258859221444,-16.356005464073554,9.022712434558642,0.04,0.8996867484140992,-22.267405497524575,13.257569519981654,0.025,0.8560243803662353,-30.977166640037677,17.23058497619985,0.0775
0.9163635617989148,-18.248711856671576,11.694388962501584,0.0375,0.9323352100903636,-19.311202044893783,10.181154230582251,0.0225,0.9005182680824697,-27.6169296710472,13.303948082589002,0.0125,0.8002642219066759,-39.766624699774844,19.104883222372585,0.05
0.8539579325789648,-18.35509498068411,13.98607502366666,0.0175,0.9646873023405876,-28.81917876506905,10.10257292363394,0.0425,0.8726908791729636,-22.522906001721065,13.1515262672254,0.03,0.5417214455943884,-27.918759326875783,16.613080843985795,0.07
0.9588828541616465,-23.61687587933032,12.816631186996437,0.0175,0.9916839601351461,-28.345773463185196,9.621942584059763,0.015,0.96165588441877,-29.90819340330539,13.13362565976827,0.0125,0.7091485834202941,-40.75344294166364,18.416010531793837,0.03
0.9563973139411595,-23.081558097878244,13.650659105930881,0.0175,0.9907725624830196,-30.453517123184817,10.509762302881681,0.0175,0.9524782631876456,-31.04524615292161,13.161417328699704,0.02,0.8881685437318863,-34.51632475824169,16.740788443504858,0.0375
0.9554131616798859,-20.69764908308847,13.24830360557279,0.0175,0.9913991074333082,-29.00583991435618,10.280363205004228,0.0275,0.9495045333657003,-25.818796125394066,13.040116559781122,0.0225,0.9042850079219344,-31.434852669581506,16.21984553819621,0.0475
0.9473207338293886,-22.230891746160296,13.314935237309022,0.0125,0.9896933293931712,-32.782811576162096,10.241779227670602,0.0225,0.947218147908467,-27.70125781929849,13.072107938411222,0.0225,0.8976175428166053,-33.29809910826967,16.373552216251056,0.0425
0.9239189380948662,-21.12416540163272,11.708539502599052,0.02,0.9911220414066062,-24.227627919211002,7.997188236496164,0.015,0.9734935393506752,-31.941072845424806,13.487673241818392,0.015,0.8669498067509862,-35.406420702160354,16.306194406421834,0.04
0.905192778014323,-23.28791036017158,11.937229910511213,0.0125,0.9303484074499231,-28.85038411127522,9.013735507367029,0.02,0.9415703389250536,-27.929521179987336,12.678246215176998,0.01,0.6921572013322528,-42.88149058167595,18.022311600491236,0.03
0.9210569618625783,-22.680523590445784,12.2767913622952,0.0225,0.9792477804546672,-22.979734687235368,9.094555078717672,0.01,0.8287843961226515,-36.78496442110051,13.66273630191247,0.01,-0.0375827522682774,-41.29601591871422,18.883245044224942,0.0325
0.9749712840667684,-21.73339350401282,14.471160554178086,0.04,0.9973371697046086,-21.742992717049688,10.959041163628504,0.015,0.9082305616307692,-36.72464014316821,18.596820539440287,0.02,0.5273514272482801,-40.04107416377204,22.859139140512667,0.05
0.8068248441802753,-24.58904224399274,13.626737701001051,0.0125,0.9679117857111076,-29.199080258640578,8.11011730280936,0.015,0.5439774022990433,-34.822187014777164,16.357072936912196,0.02,0.5657619368396166,-34.90199051650751,16.663953938743692,0.035
0.7723930230225694,-18.668868486344092,10.861148722910274,0.0275,0.9470880632127676,-19.56042186818339,7.695712560617979,0.015,-0.01858769791857625,-33.58876001293717,14.267237349691122,0.02,-0.1124511625852465,-34.07925011686417,16.311719359977456,0.045
0.7668530537035005,-19.2943250486994,14.487964883285157,0.015,0.9990028213368872,-24.26568273563296,7.971265587367696,0.015,0.7673048580922311,-31.308865015956027,13.369884612697415,0.04,0.4790006448748143,-29.4040965269063,20.81859346667517,0.0625
0.6188992242044351,-26.9374515484721,14.101340031175678,0.0125,0.9728032642809172,-29.99598541542122,9.699871776551367,0.01,0.7996706208722195,-37.36749098825936,14.123411104479,0.0125,0.3137529023334196,-36.99136685641457,17.102685448460665,0.025
0.9467105080431896,-18.840677452328,11.380490426907691,0.025,0.9943778456297366,-19.91861430139229,7.809770138849218,0.02,0.954297203471219,-27.89242733908715,12.598977275921168,0.02,0.5517724018552745,-33.125542482846384,17.263663959704267,0.045
0.7274275608910094,-28.303563020541148,12.362417822403511,0.01,0.8667770018351747,-30.017123876142183,8.026101766273044,0.005,0.3890793519225612,-44.03144113258258,17.09630147430626,0.01,-0.0652548533674995,-45.03736263206592,20.835484806028624,0.02
0.9871216311495163,-16.520157587339057,11.873467179471053,0.0375,0.9999043516351982,-18.119576010535084,7.9884269607493295,0.01,0.9971465124288955,-35.11354302111805,14.715282631869918,0.0275,0.9520896501296068,-30.82154629486461,17.421665025109114,0.065
0.8946908357022111,-22.45088251466653,12.974366051086506,0.02,0.9972627311565307,-23.957438609425083,7.598389138168567,0.015,0.9549548081879676,-34.37016890888832,15.154560053804623,0.02,0.6643070812672349,-32.04083721741371,16.576045140204535,0.0375
0.993286700136433,-22.40946430810307,12.286838803403688,0.02,0.9994699429369146,-24.51448860606376,9.55955037618422,0.015,0.998311914034778,-32.239736847304,14.653678196414129,0.01,0.8599749410991316,-40.68819426772748,18.98145290568319,0.035
0.9548672346547464,-23.62299709522409,12.355432047929485,0.0175,0.985622994759264,-25.78093467252505,9.93503896869985,0.0175,0.9715456047172446,-30.549434372262525,13.513083267909682,0.01,0.7086490268124165,-39.50238905483264,17.73387002665921,0.03
0.9675167351226897,-21.723774800180863,11.887474167886213,0.0225,0.9973520124111432,-25.349064267585398,10.437280186960358,0.0225,0.9657702055884893,-28.720162508237088,13.15725320587766,0.01,-0.0451603323005203,-46.553554214147695,20.22797763649575,0.035
0.9702823271284536,-18.1714304803546,12.439932099343892,0.0225,0.9975973857559679,-24.910973057034973,10.15397185816396,0.0425,0.9897698719370873,-22.162179437864303,12.961110965261891,0.0225,0.6776500727000047,-32.375714140894715,18.27342754261236,0.0625
0.9840807190392716,-19.920314800920305,13.5652466111547,0.0225,0.999993995834348,-21.673187464276005,8.26371900179005,0.01,0.9982826606926426,-38.083469465967866,15.472177275263917,0.0225,0.97496781462302,-30.345232317782266,17.272525565791273,0.0475
0.9395939756973836,-18.90506361299728,10.799204588879096,0.0325,0.992769776533874,-20.710089602512337,6.8001220978473,0.02,0.9567476016974956,-30.858108722913396,14.40313772501004,0.015,0.5726422807020947,-34.99977634834654,17.54155331609438,0.045
0.994617623556256,-22.40596686910351,13.61643156928836,0.015,0.993197963339052,-28.861207043805507,9.019676488267024,0.015,0.9964873881798194,-29.94583482589683,12.706081769959363,0.025,0.9932844992861606,-31.18115936775669,17.167755169738403,0.04
0.9893567122865607,-19.404093852382058,13.72691701197233,0.03,0.9999997925487516,-27.29491997302548,9.797757510662919,0.0175,0.9995483797049909,-33.5828776458278,16.179646131694128,0.03,0.9570171692980194,-29.8959987249253,18.51206570383485,0.06
0.8822801131167397,-26.747977480012647,13.922292500698823,0.0125,0.9618360794547967,-30.091250625631403,9.210341881729065,0.0125,0.8158942072665967,-32.828990189137954,13.02369522401293,0.01,0.784048325369024,-38.151900082302696,17.32531033438221,0.025
0.8917927281338878,-17.858502606301567,9.22642223762768,0.03,0.948411202151361,-18.582899247074153,7.451836491150209,0.01,0.5860637070769783,-38.681787746436825,15.461668254450696,0.01,0.5926338242026168,-42.818382779099416,16.788864395312846,0.0375
0.9475217280679407,-22.04145055028844,11.251172364616965,0.0225,0.9667286187298674,-23.082996394964624,8.653965296510464,0.01,0.9433679230260184,-37.65116293293942,13.261468790124688,0.01,0.8732670434954852,-42.51148760395694,18.43722309735673,0.03
0.9459933563072904,-21.71871111987684,11.2076570294236,0.02,0.9554895290275284,-22.827843040950583,8.21750078702637,0.0075,0.9759195073112894,-39.91274464905767,14.14521645545426,0.0125,0.9007060745600863,-38.01743925280608,17.682650638072616,0.0325
0.9478887585894803,-17.91088278829112,12.054921473485171,0.0325,0.9972310297925768,-18.65898644190547,8.081698862355204,0.02,0.9054286884443674,-28.18457532613873,14.296774020774597,0.015,0.7497606989197376,-34.52821898103747,16.777810543065186,0.05
0.951148790399851,-21.33982124188376,12.858102426011984,0.0225,0.9967029756934103,-23.766062870754652,8.241526702041227,0.02,0.9284653467898761,-29.671023330971085,14.534689990723235,0.015,0.7971320160324731,-35.31281773344315,16.8853787508028,0.0425
0.9668720509883968,-23.11138530699512,12.290307362529202,0.02,0.9900596861527304,-25.85261221753123,8.725877322553917,0.015,0.9773064829128874,-33.01510700593397,14.017969593991149,0.015,0.8338504319978282,-36.12181589376043,15.726026365794574,0.035
0.9286167341232708,-24.839713246767428,14.353690100423815,0.01,0.9863370405103746,-31.868282427400885,9.064951669833793,0.0125,0.8434039978069636,-33.87611706938792,13.942512827720876,0.0175,0.8540598083226922,-35.10162319291338,17.912866605981023,0.035
0.9656863702903608,-21.030682023336876,13.063040286039584,0.0175,0.9816144812010978,-26.86551567095676,9.611278293751052,0.03,0.972748358243332,-25.390539264448297,13.942719193183962,0.015,0.922575894793532,-36.18989717033222,17.011716229515024,0.045
0.9607144318167432,-26.981848981492,14.820985850170677,0.0125,0.9937826594788842,-35.801904691156324,10.765303978908562,0.015,0.9633287822387129,-32.00047060393761,13.992240207666043,0.01,0.8153279482124591,-42.473146975508456,20.895751393219616,0.0275
0.9390596574836174,-22.5002686442996,14.528228452567198,0.02,0.9979572567835181,-29.354978794537377,10.56486654383113,0.0225,0.9640982190059414,-28.850131899563372,13.977620961528668,0.0175,0.7371583363920919,-37.24533852963978,21.7441499133414,0.0425
0.970126289587231,-21.946288730689712,14.163025846184604,0.0225,0.9959303042801124,-26.25273216306108,11.771691242920614,0.0225,0.9467341609772818,-29.18761273997903,14.05796285144556,0.0125,0.8328639503166773,-39.45164346221239,19.957991112788697,0.045
0.8553230178829656,-28.014508891522645,14.48633288854679,0.01,0.9958698456404764,-35.621461601737394,10.639309529342718,0.0125,0.9076719436075572,-36.74581734695245,16.25242089668657,0.01,0.0641990919661185,-43.5019701953869,19.05136260394307,0.025
0.8692172916837264,-25.90778933475665,14.931410184928437,0.0075,0.8431702603755314,-34.15627600424786,10.33731618439883,0.0175,0.96568008438987,-32.13030942256998,14.48966025988544,0.0175,0.8572706199740975,-32.944805534688456,16.432895455907026,0.0325
0.991202133733545,-29.66290043523178,13.579097580025575,0.01,0.9942886675648912,-36.933948889727574,10.47162085049628,0.01,0.9974375077194761,-36.3963339730459,14.85531859392286,0.005,0.988222887669906,-46.3805892566827,18.50916241473584,0.0175
0.9773622988017794,-25.328689615021272,12.402519059970153,0.02,0.9971339867692073,-27.132483478323003,9.990530247412819,0.01,0.9649532887256109,-35.2074527306915,13.745691812950202,0.01,0.877863028723459,-43.55037171065458,17.93731346192155,0.0275
0.933701923511432,-30.0121444941731,15.927689807724086,0.0075,0.971214249481372,-35.69880884880109,10.033225187680756,0.01,0.9742382825669504,-37.90061659588117,14.790270472243147,0.015,0.8917781792482053,-39.00373962307489,19.74637289035744,0.0225
0.8919825457588939,-23.59788488554603,13.828481683680444,0.02,0.940331522816972,-26.43341407796062,9.856522583255561,0.0125,0.80466960628768,-34.66536973514766,14.992471046483788,0.015,0.7131755617206119,-40.62191888467838,21.090939255446543,0.035
0.6324688664422563,-27.612641332631696,14.605548941781514,0.01,0.9376370176408342,-34.14500860859278,10.025042015314092,0.0175,0.8515968718542658,-32.00149230957382,13.440253123043298,0.015,0.1524171504857207,-36.90364146929797,17.475324158798873,0.0275
0.9739329791496844,-26.25545764390635,13.97940008672039,0.0175,0.989448745628253,-27.904121752023507,12.972851504635145,0.01,0.9097796709797504,-41.94674066674987,13.97940008672039,0.01,0.8890726907649065,-41.0333892419639,13.97940008672039,0.03
0.8875609450232234,-21.376702364742645,13.026310404942507,0.02,0.966922552035876,-25.712524097560575,8.943289246793944,0.0275,0.8765918358252128,-26.656065644517884,13.97940008672039,0.015,0.5939157852222017,-36.248829288942495,16.509051808342754,0.0425
0.963848629964771,-24.754162502835356,12.022124491927485,0.015,0.9861487605521164,-27.40682564155751,8.408702239611797,0.01,0.9477777044214366,-36.302426799665014,13.579688771201354,0.0125,0.8969703176806281,-37.28423179075372,16.91647815462094,0.0275
0.913662812958468,-15.932324333117114,12.029085371733952,0.0375,0.982696211729076,-19.075262208075035,8.694376022952335,0.02,0.8791493089969,-29.22174639333996,13.868971643706828,0.04,0.8772493878503395,-24.779176865988816,15.766474896044173,0.0725
0.9826734092768553,-23.976297956164228,12.254723162810386,0.0125,0.997407022804877,-30.784377711060152,8.641876208024112,0.02,0.9858865248812712,-30.461111766154055,13.52261635952788,0.01,0.9084296531629881,-39.43276268440846,16.65533707023433,0.0325
0.9700137332420902,-19.12044270400456,14.25263299298818,0.02,0.9958674860368196,-24.28180000516636,9.29779503323625,0.0325,0.9757838345646976,-23.965152391790685,13.778820211229707,0.0325,0.9551338373261788,-26.73689224642632,16.69914293931179,0.06
0.9657488350510708,-17.666942197029933,12.67330444858318,0.03,0.9965162701315722,-21.40489274302145,8.31533095353153,0.0325,0.9269570156059457,-24.58901875661614,13.354350478718118,0.0275,0.9643455702222596,-28.48307266229525,15.645785011380283,0.0625
0.9906545943790988,-14.35464806353826,10.996366869707822,0.0525,0.9960344071129753,-15.82957921411424,8.602328301611276,0.025,0.9751302383840283,-26.52797539103342,14.128913704052607,0.025,0.9606681855982546,-34.83867818293109,20.831873052614178,0.075
0.9085587583554008,-21.63040338702508,13.300015071816588,0.02,0.9705330344497932,-25.013148199469896,9.371659846793564,0.0225,0.9003920716146384,-29.505156861423565,14.27919676596127,0.0175,0.7829516820289728,-33.312554842230405,16.71190997691164,0.04
0.8696537576210968,-18.1792216903414,11.414581454777572,0.0325,0.8776368303821226,-18.768251388232997,7.840299549017981,0.015,0.7932620406649048,-34.2729284449067,14.77775136277323,0.02,0.9408191038342903,-34.488315847234844,16.890106725148566,0.0475
0.7737773189971144,-21.04228384042227,11.96075493833262,0.0175,0.9563698328009312,-23.89657988395609,7.414206967210559,0.0175,0.6338633840598354,-30.755921799864268,13.93234975229066,0.0175,0.510561144556101,-32.36995728366797,15.84640095015126,0.0375
0.8873799375426802,-17.513294439457955,12.33370573138577,0.0325,0.948333581491665,-20.508172863879675,9.05074177220862,0.0325,0.8522855483442624,-25.86507477230141,14.20504983712075,0.025,0.8286668902444299,-29.64607009937284,16.488493594456674,0.065
0.9849884664582252,-21.783654708874167,13.932522648421763,0.0225,0.9990149239536812,-25.01897288637177,10.94959102590704,0.02,0.9701374597834934,-29.15899890064876,14.710070885605841,0.0175,0.948458172090515,-38.11282776204264,19.509403435354876,0.0425
0.946833903685112,-25.17437841783625,12.825650455905777,0.015,0.992349790492498,-27.822043381609426,9.151842124912466,0.015,0.884384876000871,-33.137636465393065,14.632798923787576,0.01,0.8770871673232782,-39.40212968213796,17.60934435458664,0.0275
0.9508365149849759,-14.542097727027745,9.74312492549047,0.05,0.9853862405587988,-15.210738934645876,6.936692012567185,0.015,0.864857073581307,-31.595582315063226,13.939274641919567,0.02,0.2985539621015443,-32.317672952538985,16.311959564760123,0.0675
0.485125440297779,-27.03832396773112,16.268191112976233,0.01,0.7591915983855639,-37.28324170933253,10.354488474755527,0.015,0.7647689917113129,-35.84211385879296,14.300851004734106,0.015,0.3276207630945209,-36.70802334484512,18.44619903812448,0.035
0.4836182858025888,-22.843474452685907,15.914783336599111,0.0125,0.9495026597774988,-30.519787549955574,10.111396506742391,0.015,0.876741505090924,-32.220163987775045,14.299009664867942,0.025,0.3782671701515097,-30.446462066121104,17.52750896672081,0.0475
0.5919764980604906,-26.945225934875424,15.806596688211336,0.0075,0.833567721993113,-36.11556945250382,9.638500844423952,0.0125,0.8246649399142378,-34.35986158226584,13.802016980432777,0.0175,0.4225540740143239,-34.46977181219636,17.95547527176307,0.0325
0.9475343067422912,-20.34678398183992,13.382193855331447,0.015,0.970019394303444,-28.577340057783687,9.059871760845386,0.03,0.949783846750441,-24.311371441567964,13.633523028351483,0.0225,0.9021793394222628,-29.171536296777983,15.287209234576055,0.0475
0.8749101591268542,-14.51949981262002,11.368751119457364,0.0375,0.9983752474692889,-17.902419549902298,8.667631896382947,0.055,0.7508492319505559,-19.59943303362402,13.17140816540909,0.0175,0.45219210792411535,-33.81494272715991,16.17038471320229,0.08
0.9909033247601512,-19.60944262431649,14.030388930900727,0.0275,0.9991042613737914,-24.088190556691224,10.484228131848187,0.0375,0.9930700249030264,-24.30707806805212,14.361433689133865,0.015,0.8365167113111054,-39.55170149388296,20.172055897645656,0.0575
0.987765814885397,-23.527658795318555,13.132800027925768,0.0175,0.9992243795498889,-28.026903129973707,10.370724301441344,0.0225,0.9972549120126842,-27.048562736307137,12.641757907045571,0.01,0.9399651735323912,-37.5490825346848,15.066000347579532,0.0325
0.9708228769650248,-23.26961410331895,12.853846875878943,0.015,0.9964371428720872,-25.31816280249896,9.052940980812632,0.0175,0.9558575979776202,-29.886107183770257,13.621655384274034,0.0125,0.855068763343167,-37.2534472007897,16.90077405687479,0.03
0.9761612465827918,-25.14225095153077,13.328893576966934,0.0125,0.9999326065666452,-28.74504103371133,9.681903123944734,0.0175,0.9589122109272435,-30.57660668198909,13.800388056108957,0.01,0.9093979175486745,-37.4792154082068,16.198366227140205,0.0275
0.9098155697047776,-25.73801850610085,13.179666788712863,0.01,0.9804533273115446,-31.385799154964133,10.363385918457904,0.02,0.884235667354937,-28.50148457314227,13.008356491918285,0.01,0.7838983923764054,-39.04122011915305,15.651669097932281,0.0275
0.9459426922277382,-23.205350452437223,12.887812812515657,0.0175,0.9929952147611726,-31.24803052784451,9.026835365718313,0.02,0.9011934253955934,-29.992875198922007,13.73747302930702,0.015,0.8544978312249978,-35.277879752176034,16.619450506440575,0.0375
0.9683393944216176,-19.615787552848282,13.379778013274068,0.0225,0.9678582501632792,-27.32560609080285,10.48454394457072,0.035,0.9814274025826171,-23.676489844355117,13.550154373895158,0.02,0.9729880423237326,-31.61685115200549,16.174346665553955,0.055
0.9333538947232665,-27.22159148066048,13.446833283762942,0.015,0.9983477399697818,-33.30256198732981,10.155751086301787,0.015,0.8896243143257188,-32.68044644133003,13.543892570940312,0.01,0.7321422846996171,-39.072303839044864,16.325396733716726,0.025
0.9332893296080579,-19.340945193282167,12.043121632582139,0.03,0.9929837071395294,-22.548071345397965,8.586873424629301,0.025,0.8333678166291598,-26.98127117706357,13.119532784570204,0.015,0.6162017313436414,-35.269161516685934,16.728363539747612,0.0475
0.949814149525105,-26.8409400349333,12.559491053830795,0.0125,0.994972256234077,-29.771295052352226,9.887430696505024,0.0125,0.9271321117203186,-33.15643110029157,12.514919151110945,0.0075,0.7752076469598681,-43.03912514995248,16.95255525943518,0.0225
0.9585226437943768,-19.106081902213404,12.658614980917978,0.025,0.9941488851066018,-21.619085626037663,7.4130245831201265,0.025,0.8927909506464987,-27.03522421862477,14.254042049350325,0.0225,0.8806840062727248,-32.095661691185335,17.160747379779416,0.05
0.9293082924881286,-21.48598409832872,13.120970570884326,0.015,0.9994183113255692,-31.74184476610573,9.512377972565478,0.03,0.9084043540604374,-25.168699418663735,13.320333388680432,0.015,0.8518147219837008,-33.37905163825391,15.726789445565437,0.0425
0.9935734205092179,-18.860861659183804,11.549465372020498,0.035,0.9996396593950498,-20.730883891063204,9.549223470399834,0.02,0.9776091725151348,-30.296205800208075,14.035818025253153,0.015,0.9717576565818923,-36.45894154805781,16.507836608476822,0.05
0.9592708158963927,-21.51445572901369,11.653865498075739,0.025,0.9994969846613235,-24.32347489979297,8.931451312487043,0.0175,0.8072584882903888,-31.700297292754904,14.387975075954273,0.0075,0.7830873170279851,-43.50174132876606,17.435455126721166,0.035
0.9143872881949404,-17.30673541032293,12.207040008663968,0.035,0.9739476222624056,-20.11435087775232,9.249425399537948,0.035,0.8020182100976574,-24.881225204513857,13.97940008672039,0.0225,0.692225191719259,-31.99257507112168,16.72058645121803,0.0675
0.8672861165195506,-22.482404867368537,14.144468059471912,0.0175,0.9927521594633794,-28.471656082193533,9.625371839341376,0.025,0.783396347188457,-26.63557595904816,13.580201303207716,0.02,0.8707093947036623,-33.20891626008804,17.660410493527102,0.0425
0.9133454182964912,-22.058741060008384,11.72296576684624,0.025,0.9458589124993249,-23.36979474265366,8.52907316680291,0.0125,0.7685158389411835,-32.717815261726805,13.434672017513002,0.01,0.8106694744710881,-43.97466589697862,18.468620309826992,0.0375
0.8815237516582493,-16.017374522403735,11.532503788457817,0.0375,0.9430165738249856,-18.228675208482606,8.519912065605396,0.035,0.9052105457188134,-24.243740015283223,13.024686530323647,0.025,0.5780888838137301,-30.372031737635417,16.08836129650937,0.0675
0.9803024608044939,-20.604510812896944,13.37836975598026,0.025,0.9960841151687916,-23.440214642212904,9.573000119032208,0.0225,0.9798205061032073,-27.478987189104934,13.271051645048752,0.02,0.9705851181839142,-32.24599100021242,16.265314233963046,0.045
0.932802873444462,-16.94500901522112,12.465669314690802,0.03,0.9950210748738904,-21.025017949731517,8.31121451201047,0.04,0.878013503356433,-21.874634679602785,13.018944915507504,0.0225,0.8718868556780938,-30.034901817438016,16.0227142518075,0.065
0.8784809105932441,-18.79504076632729,13.39676334626012,0.025,0.9970678103082773,-24.80561701479617,9.970327056919631,0.0325,0.8088117322127668,-23.703247089965476,13.488825856529129,0.025,0.6851380198650685,-31.236012743196127,16.788285426844038,0.06
0.8688466430173961,-17.339846813543907,13.18541282584195,0.02,0.9561897412898605,-26.77604169089751,9.543906538031855,0.045,0.8378860674708898,-21.47754581129441,13.424388435049655,0.0375,0.8064411678997544,-26.520261763751915,15.776821592068911,0.0725
0.7497353374638258,-22.09260501820986,13.77198013176324,0.015,0.9915069881478232,-28.9271864222963,9.137346274338055,0.025,0.6477786267232142,-26.472346613823994,13.390568459154569,0.02,0.5281710271465301,-32.97574777836964,17.717889440417046,0.0425
0.6624390280874211,-18.823743339063892,12.51408912464968,0.025,0.9879475776368565,-25.08319134543879,9.352042271026868,0.0375,0.3685851742297416,-22.96020585811503,13.296144545180114,0.0175,0.4137202944459353,-35.13233244701324,17.319227092616238,0.055
0.9812391854274236,-17.910444493364995,11.780714271923848,0.03,0.9931815589570608,-21.101835768386024,8.243036584687466,0.02,0.9470083151000834,-28.62144709381664,12.09439281567352,0.0275,0.9522081385400109,-34.864024311910306,19.402923658609552,0.055
0.951618444124598,-19.1492357346961,12.849250979936784,0.01,0.9934542494198852,-31.86566209433419,8.87771010353542,0.035,0.9302396436354812,-22.83321541231269,12.947006639111232,0.0225,0.921501979019035,-33.3545908380382,17.04253856246415,0.0525
0.9739511098605436,-17.70960031041608,11.535952256010077,0.04,0.9975076930476282,-18.77837514467874,9.219299392033637,0.02,0.9085592300999262,-27.84319057347941,12.897476802161517,0.01,0.7572654998222884,-40.71447754842269,18.32890871973304,0.055
0.936896543535054,-20.753554652485466,14.150332398520046,0.015,0.987039770992133,-31.021885456440636,10.754915653459884,0.0325,0.9358142264828776,-23.9791338653923,12.832355069055414,0.0225,0.8769424538100283,-31.2508303453097,16.89928968417047,0.05
0.8591918021578608,-19.26586110445971,12.76388468394568,0.02,0.9799241756387237,-27.17002307315918,8.88197508714704,0.0375,0.8451014583163888,-22.55875281766253,12.801985978881628,0.015,0.5771440844439719,-36.13723208591985,17.136044144138147,0.05
0.8822485778949684,-22.85443988148245,12.848823015284829,0.0175,0.966819456931003,-28.05539330177444,8.810515959387333,0.0175,0.8510065431943434,-32.21959501335582,14.1458260984398,0.015,0.8489361703738357,-38.976882138737984,17.711150375167023,0.0375
0.83907030523127,-25.66500732486645,13.683703773973036,0.0125,0.9899611217361799,-31.578470544307443,9.013879324554022,0.02,0.6673948678597128,-30.938034132885754,14.03601827828314,0.0125,0.7640907835990495,-37.3450310370129,16.709600230170317,0.03
0.8721531363300459,-22.95123543547519,13.306359414315805,0.0175,0.9967505303266841,-25.799230809963966,8.943012023242582,0.0225,0.6902508147392076,-27.946451196537957,13.83176675874162,0.015,0.6147262476069169,-36.64401589396252,16.70827484235747,0.035
0.9449076282283944,-19.660440726178564,12.46255874355267,0.02,0.9979071748785244,-23.43185685297466,8.587219182222366,0.0275,0.9353371751554724,-26.74283586264955,13.858865186109885,0.015,0.7971403396980979,-35.17458522883049,17.134815139257043,0.0475
0.5799514473692996,-23.39272975006326,12.946161874846567,0.02,0.8845521650387577,-28.810654232544543,9.243049598204053,0.0125,0.7556926942059079,-32.30044865645,12.8447839976702,0.015,-0.22441676036882546,-33.815728427906976,15.901924934207067,0.035
0.7354974157505997,-24.791297050022067,13.456206512643478,0.015,0.9258212880627134,-29.232471865937235,9.468036640862586,0.015,0.754907507894759,-32.44181000795898,12.696191234701775,0.015,0.3351169647365203,-35.41751070282881,16.58346007550569,0.03
0.8637481009566128,-23.43296335505694,13.161836408190716,0.015,0.9963278785107836,-27.089401762647483,7.978788413102633,0.02,0.8784361002896535,-29.6261712848277,13.846739148938134,0.0125,0.2049476507008804,-34.57356683465536,15.896625717643932,0.0325
0.9576748019770556,-18.143427279888684,11.774502700575706,0.0275,0.9592128541302062,-23.016844856621475,8.121941553948915,0.03,0.9508648073072826,-23.92388692381636,12.584754479773444,0.0175,0.9759295972266951,-32.01240586652836,15.546724085399184,0.05
0.93706326938433,-21.16726635792477,12.723563831274449,0.015,0.98811063861444,-27.5727551475564,8.90957855000573,0.025,0.9415446028860208,-27.082319838646235,14.39186828987527,0.0175,0.8064081971655532,-34.544820769077766,17.36560891576247,0.045
0.9833613430504431,-19.756136153187242,10.181491866631143,0.035,0.9957272707957527,-21.217301889101314,8.077159913347765,0.015,0.9859541881085484,-31.858421601527183,14.033401830558498,0.01,0.8445839514322577,-41.33740040127698,17.184227606451714,0.0475
0.8419077713212705,-28.91454926154545,14.208970808910932,0.01,0.8879604565408431,-33.918340729075716,9.7322102107732,0.01,0.9092089970870407,-35.83329325628448,13.465354129940284,0.01,0.8013756357925472,-39.1117232556555,16.45241763525096,0.02
0.8578478829735254,-25.694912426942977,13.97940008672039,0.01,0.91051915494402,-31.964463940976536,10.100633687881048,0.0175,0.9058981926949148,-30.494405290624865,13.805402084840864,0.015,0.5712915894334643,-35.789582793896535,15.891887460643588,0.0275
0.9257493909613084,-21.870424303430745,12.9278974927849,0.015,0.9836023176160652,-26.531006212485405,8.055446016272885,0.0225,0.925446569433908,-28.627300014298065,13.822441695554344,0.015,0.751487362873873,-34.84791416462347,17.272786405751123,0.0375
0.9112397576777838,-24.39824350263377,13.288593193279732,0.015,0.9904999557097234,-29.377672593625054,10.484554840413496,0.0175,0.8355470694915549,-28.6697034154782,13.078410207178123,0.01,0.8325146780149937,-38.27392480464037,16.663739381553,0.0275
0.9714693421971772,-17.461687082294894,13.145665709830746,0.0275,0.9984488472283516,-21.838175418555657,9.56748762442272,0.0375,0.9819510065423748,-21.846649477434852,13.262297434730886,0.025,0.8514813097000892,-28.702625231821465,16.47810721246098,0.0625
0.9085707029167476,-24.887130095797964,13.14498507566395,0.015,0.992495809057537,-29.19684334905943,9.256634546884673,0.0175,0.8573553328415041,-29.254394027156494,13.280586027271688,0.01,0.673953138193006,-39.49418794811191,15.986158686445776,0.0275
0.9359405283256399,-18.586827953880785,11.92090525235848,0.0225,0.9988274717432915,-22.922797654350635,8.363500523759445,0.0275,0.9234380204947792,-24.62556590096534,12.101822547479307,0.02,0.5894408572130981,-31.220788574198494,16.302731204055355,0.05
0.9696374147207844,-22.534698048511057,12.864779254524334,0.0175,0.999174019070114,-26.24415598512872,9.360646797881262,0.02,0.9443697092721096,-27.99427758186564,13.081799483399324,0.015,0.8814417531192263,-35.50548348716805,16.16395732325438,0.0325
0.9064765363097242,-26.643509530549316,14.206431148119155,0.01,0.9806267386979608,-34.17034635934435,9.690145398021752,0.015,0.9173758950504659,-34.09920896294442,14.482984343978245,0.0175,0.8013434263796667,-35.255032322420746,17.098905521066705,0.0275
0.8804678828865988,-22.41914900493587,12.516782294166159,0.0175,0.9881420172307587,-27.08543549892099,8.308259056799399,0.015,0.9149446857824258,-33.059637857708694,14.53169191393889,0.02,0.7257576426263348,-32.57003638543634,16.4297500694432,0.0375
0.9777782797000854,-19.237554943970785,11.385666345326285,0.03,0.9985700756198265,-21.80151628690971,8.227725838663133,0.0225,0.9614231508927749,-27.98743240098525,13.487236202798629,0.01,0.8642153169083708,-44.79390113733167,18.250160657832307,0.045
0.8985531877478047,-20.086043232439295,13.160839762044109,0.02,0.9093038344007336,-27.72560568369898,10.054860084136424,0.0275,0.890985945071995,-25.01344626143574,13.092411355249961,0.0175,0.7623143053943482,-33.26794283098273,15.518836840233275,0.0475
0.9886631671450015,-22.447891617263224,11.956494190709565,0.0225,0.9994949784221872,-23.831892474485546,9.136518646505595,0.015,0.9623540037578178,-31.010157790070814,14.10546431804127,0.01,0.9324221475522002,-41.21419451633136,17.894299864767707,0.035
0.9909187362851397,-20.275655954626828,10.15863812530222,0.0275,0.9992281121930852,-21.064509479104842,8.312569082071507,0.01,0.8668389714428464,-34.96097154996838,14.174897195937582,0.01,0.9557313882943619,-44.49425740748806,18.235517032571295,0.0325
0.9175043874749412,-22.80269006548812,11.789456360058551,0.02,0.9967495871787572,-25.56293770727876,9.515536464560714,0.015,0.6778603313669634,-30.098140889496847,12.662402587140916,0.01,0.3687706516028113,-41.23650833251611,16.10050483464472,0.0325
0.9712119840672977,-26.165569657690693,12.546168889505303,0.015,0.9980321989330541,-33.088731680065194,9.853072567753784,0.01,0.9586616815780842,-35.560355458676206,13.58507402911922,0.01,0.9131350575760255,-37.56089754337656,16.46538680397343,0.0225
0.9150344880574216,-26.31617266485563,12.83802448547321,0.01,0.9849579938147444,-31.93132378152057,9.352468628000658,0.0175,0.8654159433099274,-29.24748747930231,11.97128263124316,0.01,0.834646082663601,-43.12116027120992,16.35112468571564,0.025
0.8620860990170469,-21.89569873066067,11.739011820847985,0.0225,0.9411387275617364,-22.98869962075039,8.51257407405099,0.0175,0.6570783987736725,-29.46245437328701,12.826680262361975,0.005,0.6653822141327177,-43.87546987016848,16.55799915833684,0.0325
0.9839967246575851,-19.489902520671706,13.742969665212929,0.0275,0.9998903499434385,-22.256843775431904,9.402226590294026,0.0275,0.9714170849597416,-27.443434466055024,14.788094652478126,0.025,0.9671505366067158,-30.864590277852884,17.270185454601148,0.0575
0.958667993515662,-16.94221282788188,13.988151982075465,0.0175,0.9955241912089655,-24.940748395391804,9.058955643325977,0.0475,0.977207820616572,-21.862096634690317,14.501089718513736,0.05,0.9305105525249959,-23.289818771451472,16.624545600341612,0.0775
0.979371724012638,-17.289256811525455,13.12956072219748,0.01,0.9763228856008636,-32.678858149137554,10.06164051451868,0.0475,0.9773557780435284,-19.559163334448428,12.791450233175418,0.025,0.9691617949145804,-31.032369868006363,16.14464422916179,0.0675
0.9380844778695168,-17.798634119761605,12.605895127886544,0.03,0.9600437500288104,-21.13443169282175,8.575744339095714,0.025,0.8471986724240683,-26.30864024827214,13.762062383841936,0.03,0.9213215550644411,-28.6563166580181,15.997603589173968,0.0575
0.9267810850809433,-26.066507341005455,14.354235269667178,0.01,0.9241522432837768,-32.37023143699995,10.765469233325572,0.0175,0.9813884319100272,-30.143117532629198,13.911774052595437,0.015,0.8835903950443686,-37.65595894793819,18.275098538334102,0.0275
0.9894794831813906,-20.50701859792826,13.17238141666506,0.025,0.999993227439496,-23.189262075621663,9.739072690357627,0.0175,0.9998124376091728,-29.634458867919264,14.997361412905338,0.025,0.8932490538931768,-34.7563651345909,19.422400956539576,0.05
0.8693835419834791,-17.97528828128411,14.740301622369962,0.0175,0.9666655913623048,-27.96959648734722,9.96684584840692,0.0425,0.9660566742801224,-23.027214478004527,14.813453927274685,0.0475,0.70750230057205,-24.605525237568777,17.251109511743785,0.0775
0.8986179626088097,-23.56379717449732,12.896896703290953,0.015,0.9442643503728542,-26.700359381424494,8.44802085583902,0.015,0.7739149020065922,-31.568570254206904,13.353990712373864,0.015,0.8554631800232176,-35.148407829340805,17.0856446025663,0.0325
0.9216942540534082,-22.154337796152767,12.361578792414921,0.0175,0.9544306745910577,-23.992597601840373,7.6753132220207565,0.015,0.8664887124012305,-31.504889060277517,13.580931126886247,0.015,0.8338103425846839,-34.4823986591132,16.450215927075817,0.0325
0.9012086927486684,-26.737508338206403,13.363560399619589,0.01,0.9699143880198684,-29.749671253582186,8.840333558632492,0.0125,0.8485179438355867,-33.68319756590663,13.346802986296323,0.01,0.7912532163314422,-38.274578279438586,16.746270296284894,0.0225
0.8472600561107408,-18.656369909401626,13.420563793276033,0.0225,0.9814473350881172,-25.565523683057883,8.891996143953193,0.04,0.731534838965292,-22.95835080995153,13.289166417491,0.025,0.7769564382654791,-31.47911667928169,16.68965104848998,0.065
0.857620654209415,-21.880210894793365,13.84463970904772,0.015,0.925058127337811,-28.614556979483403,9.24487849153182,0.025,0.820747173792892,-28.182468379881087,14.69366543069242,0.02,0.8172385452317144,-34.08992394500045,18.570421703562545,0.0475
0.9844430466350436,-17.619453295979724,13.380756638700472,0.0175,0.9949468200277536,-26.073411608737388,10.250883987999902,0.0475,0.9909878263664792,-20.863271588183142,13.461847126314431,0.0325,0.9543777070461218,-28.8564163522308,17.18966132414048,0.07
0.7376065215163817,-14.84497585206747,13.141589638450636,0.0175,0.987864171366784,-25.32068081403232,10.076566599095916,0.06,0.8448570874593666,-18.263427988928715,13.183960131437262,0.0475,0.4022007530205899,-23.11820234203807,15.602018591957876,0.09
0.8748449182596185,-19.52245742840685,13.602248194704302,0.0175,0.9954494086202694,-26.1519534169327,9.529162940507018,0.035,0.8924493674420586,-24.35373427196477,13.955472453250383,0.025,0.6422925103316421,-30.154233744022054,16.889141950421298,0.055
0.97103747651526,-16.60940002172832,11.19027559356069,0.035,0.9971377202806366,-18.801907953951822,8.023776502717604,0.03,0.9466791679963957,-24.699648492277916,13.24311122149018,0.015,0.5233061995419463,-35.16970281541654,18.319695941006696,0.06
0.8536080868517426,-26.613918498409994,14.152594188850294,0.01,0.9857394645688328,-30.506121364871156,9.104034694904406,0.015,0.8279945921383942,-33.55914182556771,14.4295155043481,0.015,0.4374538024579788,-36.38734337049719,17.54359472878513,0.0275
0.8614325987029265,-25.62033692656093,14.54408875373559,0.01,0.9851238529335979,-31.745103805658268,9.228680242538816,0.0175,0.8973658268280519,-31.144499680254114,13.916208412298946,0.0175,0.5321000888130241,-34.32044046669398,17.23035481820593,0.0325
0.9744226007379633,-18.830690199759758,11.941084576248201,0.0225,0.9933898290140736,-22.079362796839053,8.552823313167272,0.0275,0.979546959168202,-26.241158490924626,13.519346609321582,0.02,0.9379038227079786,-34.672357677727426,17.96346582859846,0.0475
0.956641975794926,-22.33631220842652,12.651133421337835,0.02,0.981530699357363,-25.36425226848997,9.269045025997984,0.02,0.9526872611732062,-29.51913041054088,13.544884946258502,0.0125,0.9382241306677296,-36.54556715814407,16.21868664179359,0.035
0.9646093909339684,-18.830206848964306,12.479435564490068,0.0225,0.9963636694654646,-23.052223934235776,8.841779520670453,0.03,0.9527620430932398,-25.86361680778962,13.276113732386612,0.025,0.9195053199114432,-30.727105186332047,16.26767768594324,0.0575
0.9675685031962136,-22.44978658100578,12.990869517653755,0.0175,0.9933519141078657,-27.17804218277336,10.145845735951472,0.02,0.9576679228290254,-28.454240839776283,13.735616951093316,0.01,0.9329031737621039,-39.4983528866707,18.189792227518453,0.035
0.9624579809561522,-23.220801708544254,13.697149836645176,0.0125,0.9966259485838558,-29.501519636330436,10.204648937829568,0.02,0.964059263666655,-29.375858227243707,13.008916205968529,0.015,0.7415406558024878,-36.53421833109077,17.352580373936483,0.035
0.9418780481593715,-19.46494340809836,12.83236949241142,0.015,0.9640386881440692,-34.79844752256082,10.616760920615599,0.03,0.9566073429259716,-24.699737592249413,13.576480283749959,0.0175,0.8779320271715276,-32.54667151238167,16.159130919657485,0.0525
0.9533808750387583,-19.875513009711693,12.03058468431663,0.0225,0.9907439532275056,-22.64784466398588,8.808865945245607,0.025,0.9406537775330202,-27.71539494519902,13.777584521723945,0.015,0.6682904692190963,-36.7922956031839,16.350002927812426,0.0425
0.8762161987776935,-23.021466767704865,13.527486873992704,0.0175,0.98312298404387,-30.43518596173305,9.383583127984988,0.0225,0.7495427072947114,-27.62221675921701,13.49399631179836,0.015,0.8677917803085012,-35.61424158990663,16.634659176685556,0.0375
0.9213029228883955,-16.35221150945176,11.98498669221274,0.03,0.989782880822041,-21.144236760673458,8.24581969773426,0.0325,0.7680783833743865,-23.63537193538047,13.501896797050824,0.0275,0.8194527450926101,-29.32578019636466,16.59192230407565,0.0675
0.9916656830773727,-25.04811935625387,11.143652171055198,0.02,0.995598299037762,-25.88020411527718,8.006468833172423,0.01,0.9831998452689069,-36.925106599871754,14.303315100126042,0.005,0.8860934757306869,-46.61694398530647,17.164748029894604,0.0275
0.9237486229980181,-21.59848166922126,10.723006613611368,0.015,0.9486627754099313,-27.861582340384956,7.960879108865622,0.015,0.8222632860638797,-35.783303314739314,14.925641634615632,0.01,0.8917366214309792,-37.12774441597014,16.540899827892744,0.03
0.947142617687868,-22.172132107395633,8.6015208219615,0.015,0.9819215620962563,-25.993433828768822,7.056299426611357,0.01,0.7394816820856406,-39.11423002869728,14.594034903366886,0.005,0.7538343956708906,-43.28460825259515,16.469090764797212,0.025
0.9799107612421656,-18.1556099654295,10.896997056193138,0.0325,0.9974026491932898,-19.35919564016545,8.544648566528501,0.015,0.9519923449635852,-30.77899750937887,13.26183161153039,0.01,0.2584576350761574,-43.00245837575556,16.948523299458245,0.045
0.9827574133375074,-22.35888893529971,10.451265434093045,0.0225,0.9947465664664723,-23.210790024091473,7.7568910802846,0.01,0.9123822944561271,-36.00025476501928,14.379451064348913,0.0075,0.808324281786923,-44.085788861009576,17.932016212402246,0.03
0.9655356770666008,-18.35509498068411,11.624533663820902,0.0275,0.9981098676821798,-21.483090367582207,7.866184324391067,0.0225,0.8977034878730362,-28.174617060837477,13.439387293229736,0.0175,0.8993026471330395,-34.37851474395015,16.915655820078335,0.05
0.9160816707882256,-16.29838573209627,12.055218341725407,0.03,0.9876652019937344,-21.053588616063543,8.550736279742846,0.0325,0.7570350236932184,-23.602388820316584,13.610218375901836,0.0275,0.8025645422970635,-29.14031025765206,16.561254412950724,0.0675
0.9869228730949495,-21.35343851330193,10.852459238041774,0.025,0.9949341599847177,-22.08206790147902,7.65012415267142,0.0125,0.9778720539896041,-32.90444628533342,13.852115085656134,0.005,0.8572644847461556,-43.91400823601314,18.017067445102974,0.035
0.9379299369970646,-24.045336596205168,13.045192823059182,0.015,0.9822708870559306,-27.803377612406265,9.335650078077283,0.015,0.947172771621144,-31.242024418857003,13.738722897194378,0.0125,0.7952064346790119,-36.824755647957836,17.03654767243109,0.03
0.9445938226884769,-21.1786415430891,11.006881227103397,0.0225,0.9952241336094818,-23.731267216295464,7.618814528597969,0.01,0.6621116658394091,-37.51587771893902,15.075737912753084,0.01,0.7317260774036879,-41.96298910535613,17.9568823932809,0.0375
0.8263582782010815,-17.912528690048795,11.636423312950276,0.03,0.8700808418119625,-20.347536596431578,7.530129078557091,0.0175,0.8596700222357568,-29.649585827840625,13.834678249376203,0.0275,0.6618969140397173,-31.56272553596991,17.852150968580844,0.0525
0.9672593656152182,-24.622506512533235,13.052310585094604,0.0125,0.9988618871182596,-29.21552029703869,8.106443422004105,0.0175,0.9752195446999556,-30.85881840504569,14.25371751143707,0.0125,0.8783282365043039,-36.84218791280176,16.9362772138707,0.0275
0.9094333926592272,-26.379232941230125,13.523554654292564,0.01,0.997954839022556,-31.871189332957496,8.622281996608542,0.0125,0.7739802807076193,-34.06703126858467,14.2901588854025,0.015,0.8140127395957668,-36.36831329142076,16.947993703725015,0.0275
0.9404945932367538,-23.114185949050047,12.794357311639349,0.015,0.9838321920666739,-26.84001181865654,8.251933274502525,0.0175,0.9413527131079524,-30.03478846442949,13.9013934304855,0.015,0.7767521897623805,-34.757561463753454,16.336813994885716,0.0325
0.9825066990068622,-25.31983319166772,13.176967773948892,0.0125,0.9995894403787802,-29.639916241391155,7.73689540499981,0.0175,0.9785532870356589,-31.147676577940587,14.108227944336136,0.015,0.9683998897739321,-36.702476700566024,16.8673471664302,0.03
0.9393296352362848,-22.90614175817232,13.178475987984449,0.015,0.9734757520074638,-27.89313409869805,8.658687433605294,0.02,0.8771453158893314,-30.13281032077024,14.203041175076708,0.0175,0.8710151400080167,-36.83679931670947,17.590830299049856,0.0375
0.955718895091094,-21.569586920618725,12.62156591900649,0.0175,0.9975895681892376,-24.898280206588627,8.30613129608557,0.02,0.8783773359977114,-29.824936415578524,14.256907386358556,0.02,0.9117076597184842,-32.982092962154034,16.18915287862984,0.04
0.9419531027990716,-22.39172611054772,12.52124108601094,0.02,0.9984980499747113,-24.763154933590457,8.45517169947011,0.015,0.8154786760299783,-32.846067366092974,14.653643813569264,0.0175,0.8262922508488575,-33.924493829877235,16.289656333799233,0.0375
0.9806848542900848,-23.22617031000769,13.482352329022511,0.02,0.9991850332490918,-28.97071106839011,9.957888146956403,0.02,0.9465004500427844,-30.18792736256485,13.8475631117886,0.02,0.9590247942151988,-33.81066816020216,16.84390345532163,0.04
0.852274189679358,-21.625607791050694,12.992935355757849,0.02,0.9569706254535855,-24.835531869787808,8.403195713421296,0.02,0.7935259922759592,-30.094521274766937,14.82261215124867,0.02,0.7109161071466995,-31.636367540064985,16.58298933437941,0.0425
0.8609819788882016,-21.98617807582778,12.5287785118073,0.02,0.9474733113447096,-24.866277250829555,8.588605672247553,0.015,0.8487737359567485,-31.030136208588743,13.782922188555272,0.015,0.7801348808148613,-35.43650333945308,16.788648637495655,0.0375
0.9651302757062502,-24.299415813563808,12.444906995192774,0.015,0.9962688376449649,-28.73303866807416,9.07049857907171,0.0175,0.9265058154541121,-30.310531020633867,13.264999860170338,0.01,0.9012922169434222,-39.713276718492786,15.975177461091272,0.0325
0.8487354372557598,-23.46054508275023,12.992789472248464,0.01,0.9670847176942058,-31.64901674168034,9.277048858125701,0.02,0.8639349005110013,-31.541860456901183,15.014089093141276,0.015,0.8225952633856712,-35.821757866850064,17.43642300452786,0.035
0.9239189380948662,-21.12416540163272,11.708539502599052,0.02,0.9911220414066062,-24.227627919211002,7.997188236496164,0.015,0.9734935393506752,-31.941072845424806,13.487673241818392,0.015,0.8669498067509862,-35.406420702160354,16.306194406421834,0.04
0.9815661473663934,-19.197128661969,10.958805302170322,0.0275,0.9959810015487164,-19.94368156141992,7.726161220721945,0.02,0.9811814039902884,-28.004367974483458,13.102845300160766,0.01,0.785043860806708,-39.84412775465544,16.845137624246014,0.04
0.9877672281416592,-16.226396562401774,10.87515105153085,0.0325,0.9994133302075204,-17.426870993741655,7.796896893365211,0.03,0.9837440128129056,-24.232309993168165,12.527480829979682,0.01,0.3744549338737911,-45.76453622545679,20.16150285417196,0.0575
0.9597412698560266,-18.74634266796602,11.6302822042054,0.0275,0.9996341373207978,-20.11345712966733,8.480706120080725,0.02,0.8690412237215375,-28.51043524016949,13.398358167826352,0.015,0.710357600397873,-35.2617513864595,17.125205396432573,0.045
0.5566433228419531,-16.179763946567263,12.764168166796916,0.0275,0.9946030528919072,-19.954303234843792,8.094894045877508,0.0375,0.543232092956527,-24.199957394250667,14.0021587125912,0.04,-0.2599582071404787,-25.475832338290235,16.229315020274946,0.075
0.9238840533126758,-17.645691625516296,12.964494244155684,0.0325,0.964339488630926,-21.33506170450136,9.14703440114111,0.035,0.9148522475786144,-26.342207053783987,14.420127909745212,0.03,0.7944072723011496,-29.536802822076,17.367443306458007,0.065
0.9406622816313164,-22.459478772993787,12.566118555077614,0.015,0.9873895283647078,-26.94132476385249,9.133642495325091,0.0225,0.9518838899512058,-25.9142707137754,11.90310482125439,0.01,0.8052516768969242,-37.25233482817255,16.903643140716518,0.0325
0.9194011875649114,-19.890244916088847,13.566327694470917,0.025,0.9981912512965384,-23.578054346912207,10.461605982074103,0.0225,0.8758162642641131,-28.29641983187591,13.948347865418654,0.025,0.7886361740858869,-30.420521853350962,16.558076899901693,0.0525
0.9724039358929696,-13.94580097125065,10.79730012272315,0.0475,0.9990862163537494,-15.396329309418888,8.221228088077826,0.035,0.9429879201890988,-22.50721412034345,12.888685927508073,0.02,0.8897732652829674,-34.402661809304306,18.446854122953603,0.08
0.9728178078696728,-13.104035854984442,10.52915625308499,0.0525,0.9990020228533344,-14.272670161091419,7.924496466783381,0.0375,0.9443718036034174,-21.827841690105053,13.147165298714988,0.02,0.8946734027663459,-33.04713473888822,18.20708103888265,0.085
0.974302165433875,-18.791392385581435,12.092727815584091,0.035,0.9963320326765154,-19.659808899669635,9.302760027116385,0.0175,0.920591565064363,-32.00892619394126,14.332555743767628,0.0125,0.8453040859138505,-38.64938401427669,18.390261874671317,0.0475
0.9780630986825768,-14.9317988082464,11.819082382014756,0.0475,0.9974255472168415,-16.696957543240217,9.425620977515909,0.0325,0.947855826635585,-25.465173788878893,13.517828690764274,0.02,0.9108860397422041,-32.88274963828316,18.536716481285865,0.08
0.9018199635330815,-20.535164732855545,10.397540555333528,0.03,0.90407697613585,-22.92155804922378,8.374710977146883,0.015,0.9224444399825442,-29.399493022160478,11.185731163453404,0.005,0.7600649072246115,-46.69720518907259,17.45251280130182,0.04
0.9696433642655216,-21.75129315025765,10.616122204596213,0.0125,0.9616505396697216,-28.960735064884705,8.79363473190638,0.02,0.978410127757182,-27.902943869795727,11.231262279966288,0.005,0.99357048216363,-45.73020054732668,17.749839514346746,0.0325
0.8752103103755838,-19.787706302832603,12.777437278778804,0.0175,0.9337039263305178,-28.320015281910635,8.984871160768094,0.02,0.908034305032428,-27.713615688819967,12.486341564506308,0.025,0.6314481493122787,-29.58114730495474,16.29765273935993,0.05
0.9422419593719594,-17.24860967720209,12.330889725968039,0.04,0.9781008588632771,-19.24706502058443,9.438671402780816,0.0225,0.8566744424662085,-27.047537699668617,13.288764882017247,0.0225,0.8180818953958446,-30.630290716689622,16.246378324798545,0.065
0.9854449290611988,-24.08213458484748,11.646905272421517,0.015,0.9963172945882464,-25.746292049297168,7.059234699192231,0.01,0.9798829393229996,-39.30432938636128,15.175117044951516,0.0125,0.9316466079643214,-37.849443107194304,17.33336526034452,0.025
0.9733006823701686,-18.885307422749,12.331660218516022,0.0275,0.9934827377635296,-21.901360579683146,9.414922656595175,0.02,0.9782865443026195,-28.591524929878418,13.585495653198825,0.02,0.887513381613299,-32.595368435673365,16.56539314844092,0.0525
0.9084023763590532,-18.546929302217528,13.912858303595325,0.0225,0.9609423335992261,-24.763074388784503,9.36541029516604,0.0375,0.9916946626942116,-27.300210302936662,16.141262919492085,0.0325,0.732922712213609,-33.43935447797486,20.6452147883861,0.07
0.9808065122012652,-25.4607029439346,14.242238873305176,0.01,0.997444454308708,-31.78223606001478,9.156340853489482,0.015,0.987786892907738,-31.46319831029301,14.63682558916238,0.015,0.9029598908478492,-36.31961271661601,17.30194487595207,0.03
0.9450294301075852,-19.9703625218341,11.708780161739254,0.025,0.9714713881043818,-22.883846370562058,8.043878583674122,0.02,0.9836622582399428,-29.556241674331595,13.89679204536715,0.015,0.5491513796754053,-37.00376208364703,18.357113759249412,0.04
0.9381489102659404,-22.44100479333232,12.560710727573897,0.025,0.9704065484973484,-25.093073346950945,10.00335925313584,0.0175,0.9359677586916828,-30.10749296106052,13.714277054806503,0.01,0.5001732160796251,-39.462478862377935,16.981753527710048,0.035
0.9076037187525682,-24.259497942044725,12.930343578022402,0.0175,0.9135240509648145,-26.918335207737325,9.355119890341426,0.015,0.9429655992191595,-32.06125363403635,13.582517133257362,0.015,0.8590325788940025,-38.49647953062605,17.800216612404057,0.03
0.978707158654994,-19.63228710738123,12.847212292918591,0.0275,0.999648327617763,-22.16352947860956,8.8787986874792,0.02,0.9290405870301142,-29.344942998227488,14.17547427356384,0.025,0.9171104396859839,-33.915007102973476,18.476774234099153,0.05
0.8319929763585686,-17.089792863672685,12.49274327891452,0.0275,0.993882519711584,-20.225130399441348,8.572218064587119,0.04,0.7918155410287153,-22.177005176936788,12.666534914569384,0.015,-0.1738498274243218,-33.10239724019294,16.32173113856644,0.06
0.922399382591198,-26.07179359952909,12.380250272988299,0.01,0.944287549938972,-32.184882371719894,9.136790082094386,0.015,0.9274947217938894,-34.00379821970452,14.281722380590413,0.01,0.9425271526044139,-44.12952966680403,18.258510692628192,0.025
0.8722889545815495,-23.514769225432815,14.074410725982043,0.01,0.9928292413455337,-32.354454995666515,9.030528927626804,0.0275,0.8974078900504003,-26.098921379463867,13.399038382001411,0.015,0.5586601562207629,-34.671749887273876,16.78666087884487,0.0375
0.93191451559648,-26.444378258321084,11.789438592821984,0.0125,0.9962604450085492,-30.003736623157327,8.377469572981633,0.015,0.8868148976381723,-33.30492505058456,13.874882607455078,0.005,0.5010653237746926,-45.15222693257431,17.32144112009471,0.0225
0.9279122137528492,-24.184680621693253,13.623788229716352,0.015,0.9950347889203224,-29.215106645450938,9.30679952233325,0.0225,0.9496107960313752,-28.29161679285484,13.404121735946044,0.015,0.6695321842276137,-34.72273073555483,15.625104801311087,0.0325
0.964709416208225,-24.51039304557387,13.832660291778744,0.01,0.9842306124859072,-33.92723591093293,10.735819731864956,0.0225,0.9616662031045098,-26.85732846996066,12.991083838212305,0.0125,0.917708405960104,-38.60172217295005,16.82283275326526,0.0325
0.9789467835974228,-26.447361122588354,14.600266947047574,0.0125,0.9912477084928937,-32.21135571196788,11.742042091993387,0.02,0.9778482580060598,-29.30773861865798,13.512534115331487,0.01,0.9202435448642476,-42.77997485329179,17.67145050480017,0.0275
0.9323672105939365,-27.3329946866832,14.48078786914027,0.01,0.9931886716737992,-36.67915298916934,10.792278727572175,0.02,0.9340485089674766,-30.026663463679192,13.904522663749434,0.01,0.8160467912756741,-39.063870726213096,17.002734155566984,0.025
0.877772927423286,-29.442650381584876,14.67358094105199,0.005,0.9881391084444223,-40.493115766650945,11.064901278184639,0.015,0.8867791722238403,-32.14170214793566,14.046422116783862,0.01,0.6827522791026001,-40.57940677995271,16.838348697516444,0.02
0.9651845322327254,-20.697362962610978,12.47382169108241,0.0275,0.9999284291940588,-25.32483390445545,10.031020225723822,0.0175,0.9973938191178452,-30.171917350479447,13.499065438777166,0.0175,0.6002039458911158,-34.65356588421105,17.264753058472245,0.0425
0.9209082784127096,-24.90705428447482,11.339938731549239,0.015,0.9707391236808018,-25.86738293627625,8.336733574529752,0.01,0.9104681162995749,-34.06135716796622,13.04395292386166,0.005,0.7294046004916733,-42.98132529553655,16.701684304012723,0.0225
0.9455774148580436,-22.697227001390875,12.6201115493338,0.0175,0.9712166829520535,-24.83173625956412,9.051303644643667,0.0175,0.9452741702701848,-30.162024379118904,13.007775202406744,0.015,0.8360808924549797,-37.82400740192471,17.79065961510281,0.0325
0.5507751149758802,-26.239974285085424,14.557648008635255,0.01,0.9150296070779262,-36.29226072934262,11.158856369313334,0.015,0.5482457548604728,-31.359337592756834,13.70551144833943,0.015,0.3117386389928196,-37.25954509372694,16.64194785746715,0.03
0.453572650692195,-20.47336318751104,14.096465883689019,0.02,0.9190593079903069,-29.511157677463196,11.708611305721845,0.0325,0.39882525846796135,-24.238360965771975,13.916683086306936,0.02,0.20899388023837617,-32.507492257104275,16.27808597840536,0.0525
0.9280008483493465,-25.456381384728935,12.60542667252121,0.015,0.9501442392246282,-30.044920623538495,9.59962133793631,0.0175,0.9264161945865619,-30.567367079204324,13.809343017783327,0.005,0.853737574513532,-45.09465037768875,16.865905021248814,0.0275
0.9784973725470524,-16.784274363928127,12.149797740157029,0.0275,0.9847624081786596,-22.08428135439887,9.596955680579178,0.045,0.9921833024512908,-19.76330752751004,12.21227919733519,0.01,0.9220855574485372,-39.70531596278288,17.52897589516951,0.06
0.9844355105208368,-16.378376299802216,12.145494116042244,0.0325,0.9961613249118704,-19.24520376367788,8.625803575592268,0.0375,0.966277025771708,-22.114391306181584,13.089858287559844,0.025,0.9770768706440064,-29.77796870601281,16.21096558522086,0.0675
0.7692649580654662,-17.159967176864093,12.644992009152457,0.0325,0.9520917274095888,-22.321137755245765,9.902580902328449,0.045,0.8074018609595626,-20.51443346517828,12.761030612797814,0.0125,-0.3418951669996379,-37.08741962962228,16.122305221117934,0.0625
0.9237545594642412,-23.8235051548778,12.076699129703389,0.0175,0.9901138435323925,-25.379264214547586,7.89726052527525,0.01,0.935228877828725,-35.12487006937492,14.17026075372243,0.015,0.6930662886206674,-38.480542758095694,18.173671914462048,0.03
0.9178500492446025,-25.5940035648778,13.891059758277995,0.015,0.9691461290948438,-27.48250464851308,9.943250801605297,0.0125,0.9101636413228812,-34.25196013794124,13.97940008672039,0.01,0.7795704403343278,-41.871877155881776,15.362257186453178,0.0275
0.8394743870329523,-25.978626310897248,12.014876341700562,0.01,0.9725141692491385,-31.51707899358773,8.424534928244242,0.01,0.9111769911153239,-38.01554396759062,14.131335381390516,0.0125,0.7552866872779422,-36.73585861674131,16.136784036774223,0.0225
0.976004182405346,-22.773935479778984,13.196792078812129,0.0225,0.9956957935894029,-26.32597321162288,9.493804874607452,0.015,0.9488392933448118,-33.803476210118376,14.750749114665256,0.015,0.8652337680894953,-38.56167233572207,19.135295119995206,0.0375
0.8559303305016442,-17.615737420355245,11.822174143565068,0.02,0.9646604390922184,-25.360510930251458,8.828487173691203,0.0425,0.768529476231104,-20.592956687565533,12.383482683104909,0.0275,0.9026269905731292,-29.973346004067352,17.520107788103466,0.055
0.8621222346134942,-17.505336910327095,12.78199787805452,0.0225,0.9126479580853909,-25.642917820200637,9.06184523764591,0.0425,0.8763298731595334,-22.688924279789077,14.055260913244839,0.0275,0.7619022412675542,-28.86337908585832,15.89752548067531,0.0725
0.9380463456399244,-15.863881312508004,11.804063236818244,0.035,0.9969589747096042,-19.44658350472197,9.29556932382075,0.0325,0.9083636701521512,-23.414682571652293,13.123379975980018,0.025,0.6969923812876793,-31.831854718040407,17.42173476478285,0.0675
0.9459598291285194,-26.9022971327155,14.044203784942322,0.0125,0.995934685457692,-36.16374815847537,11.519242231502268,0.015,0.9213428686876124,-32.796183228220926,14.264763680581426,0.01,0.9132867427165647,-39.18294039795588,17.435953671488527,0.0275
0.9683336989061364,-24.37373358028166,13.445888517037034,0.0175,0.9986192480858864,-27.598058865703287,9.544787474012438,0.015,0.9189739383754276,-32.23027818345325,14.259639851996248,0.015,0.9412391357418676,-35.11751184170493,17.087718335881945,0.0325
0.9484768220845147,-21.233462042702563,12.192390177281439,0.0225,0.9921950481259908,-22.4928442760636,8.188883736982838,0.015,0.8170723010907758,-30.701829423442568,13.58094033272857,0.015,0.8107908963518258,-33.572294852053346,15.97451492012004,0.0375
0.9836776042397193,-27.66235299662512,13.272695687666289,0.015,0.9991665593023686,-30.97637648092646,9.584330136656613,0.01,0.9484600437421546,-38.546858030016054,14.735645528101536,0.01,0.9230607264316021,-41.05497094371469,17.51683067359352,0.0225
0.9387862706954493,-22.23972467228801,12.858052359733996,0.02,0.9922004671644025,-27.015138092407362,9.953288110279074,0.02,0.8831398459887454,-30.279736542731364,14.633304747917954,0.015,0.7537590568350937,-37.33991633946589,17.754403192438318,0.0375
0.9917714619857476,-19.159681784828354,11.689123267691096,0.0275,0.9988643195809144,-21.075612851955444,8.142792258050118,0.0175,0.9744583299199808,-29.931659922901908,14.658130942743233,0.015,0.976904594721525,-33.864714827396554,17.20196521327552,0.045
0.969425567289115,-22.045793367924094,12.076734758279272,0.02,0.9974779369164914,-24.208018379629944,7.961426278530205,0.015,0.8710392690734305,-32.422951257166034,14.347272347450623,0.015,0.8977180467253242,-37.65251063417371,17.604466421127853,0.035
0.9809075748902762,-22.07102039784784,11.391622993156847,0.0225,0.9908765904280924,-23.1137953093935,8.040592781180852,0.015,0.9646473544182733,-33.14118559666149,14.28538659348201,0.01,0.9103761358042968,-41.84326308559982,19.100870214458645,0.0325
0.977592225295039,-18.72247462408925,11.427653450187368,0.04,0.9847369330267736,-21.446935727835733,10.274831564523405,0.0225,0.9697061348431624,-28.024201903134816,13.24954009414353,0.01,0.8597534726589032,-40.56835713661405,16.99947137407142,0.05
0.8300260017400491,-21.588281552455044,13.348874044120098,0.0125,0.9890661163541131,-28.79535603055348,8.921654795062958,0.0275,0.7374894645801675,-25.645510223221777,12.959452689987387,0.02,0.7357123748350305,-32.044425691480086,16.03096006661412,0.0475
0.6881069788380477,-27.561223292830427,15.124376565114584,0.0075,0.9853610768482488,-37.59424449512395,11.351736646699912,0.015,0.6808925208271138,-33.1445419006424,14.13601917382907,0.015,0.5666734145941169,-34.57135115312448,16.62252301095952,0.0275
0.7944322536358818,-24.375574140926638,15.05770492371903,0.01,0.9741261149941958,-32.421377966533186,11.054067590560386,0.0225,0.7212897672162157,-29.708168438546764,15.013236341561445,0.02,0.6218159870026599,-34.72764949658276,18.4366167711968,0.035
0.8044482971353178,-23.607319310669084,14.458085212146129,0.015,0.9789191997627033,-27.789818713287644,10.358714517304112,0.02,0.6849799551165754,-29.841960075009982,15.394191219761574,0.015,0.5567752128868614,-36.78760456446047,19.595792035578636,0.0325
0.83214078221332,-20.405262215263193,12.045389900537426,0.0225,0.9925690134732172,-24.599253852235286,8.540619138869843,0.025,0.5699002554763193,-26.088084351302314,13.069937819644013,0.015,0.8003135506017057,-36.240228337808716,17.075966542083357,0.0425
0.7378643299419575,-21.98617807582778,13.336432140888864,0.0175,0.9528761785135508,-26.626913601246724,9.207974723247364,0.0275,0.6225907394448251,-26.144220326592347,13.271145997666322,0.015,0.5197124376801499,-34.25689554134707,16.32578130565382,0.0425
0.9139159676619325,-26.10262830266972,13.432566883296003,0.005,0.9548126743924905,-41.111036793684754,10.21551437675551,0.015,0.8109093516436099,-31.7981080621526,13.662501800247995,0.01,0.9068586265790786,-39.16671278950366,16.738055713119387,0.03
0.9642257880633252,-20.349311356817807,13.016542624219683,0.0225,0.9958351909502707,-22.262916832736316,8.75976723808725,0.02,0.930929473106356,-28.214186269081026,13.373073580033406,0.0175,0.8434687997976755,-39.44846442840584,20.861023190251252,0.045
0.9409845007283388,-19.620427503864896,13.57681676339878,0.025,0.9918161385495493,-23.12697978778673,9.35180835288897,0.0275,0.9533657200920838,-26.18654576147241,13.353501627161716,0.025,0.7187769473128254,-33.42610768082716,18.662163337701003,0.0525
0.7707380793971828,-26.29095922279433,12.716224475516327,0.015,0.9259458296644826,-29.014475551986777,8.574850464710767,0.015,0.6698188243026414,-32.9304569194979,14.445286094460894,0.01,0.6380562772408109,-42.684911056481695,16.503337195834057,0.025
0.922769705274427,-22.07997185643561,12.59583928662287,0.02,0.9785047567077636,-23.99426155251348,8.544057772199714,0.02,0.7933473435812297,-31.013839797402465,14.968393925839656,0.0125,0.8143878468931947,-38.77057674125608,17.504955012675076,0.0375
0.914663399078535,-19.01932129761925,12.82095324851605,0.03,0.9812815265355574,-21.72057796584219,8.877855376137354,0.0225,0.9263213375050566,-29.023153971371443,14.605239302608677,0.0225,0.5067450854440954,-31.50328005660872,17.18450558765975,0.055
0.9012191731649908,-24.811399953523487,13.919104337516236,0.0125,0.9823155461895776,-30.96946494338081,9.400881938067483,0.02,0.955315570998822,-29.743753562108893,14.308559548989038,0.015,0.5007852856694247,-35.316782444115226,16.895735601913447,0.0325
0.9950579713394324,-16.519269913382153,10.08739144596266,0.04,0.9994784912754882,-17.457801013159425,7.367728153709622,0.0125,0.9882041725060349,-33.749336050973184,13.670736160968733,0.0175,0.975125713629341,-36.56771478006566,17.928851372388802,0.0525
0.9871255002167454,-22.198659243838097,12.223592741822284,0.025,0.9971133452061003,-24.3368822247294,8.647033730835522,0.0125,0.9784270710286873,-35.038134490311315,13.963201499402114,0.015,0.9650202031843014,-38.67506187686722,18.068085330007932,0.0375
0.9495917229601764,-22.909846552273294,13.542316482305557,0.0225,0.9839092571559171,-28.04468579678511,10.585805415212713,0.015,0.9456134991995012,-29.470123549397165,13.330536734745753,0.0175,0.8425243933087361,-35.43521412294672,17.795810504416686,0.0375
0.8973224211342066,-23.081190068419847,11.167188494843067,0.0175,0.9692153287853192,-24.803668363695223,7.908519185400124,0.015,0.8244304313763143,-31.1977056933452,13.003279454034976,0.0075,0.9109685546478782,-44.34021188113424,16.883600781176717,0.03
0.8891853278180798,-22.87855749622988,10.590095952980576,0.02,0.9699668092994774,-24.678638097808506,7.961308660551449,0.015,0.8157476525619397,-30.35414106255484,12.684630393773675,0.005,0.7819858149961032,-48.818608607408734,16.89769863212122,0.0275
0.37900778643727784,-20.08069065803221,11.850686173003297,0.0175,0.6602370975027412,-24.78490002590629,8.44011790681998,0.0225,0.7519585392962496,-26.209373943804508,12.731208351457727,0.01,0.4844591551812164,-40.44436521491999,16.66531440012008,0.0375
0.9483811155560753,-20.668502504112254,14.275431391498469,0.015,0.9813982022821581,-29.866363155152555,9.274037034501639,0.0325,0.9865376886551306,-24.76664119400082,13.624977685385023,0.0275,0.8233862771567109,-31.57058580610367,18.554318832708972,0.055
0.9682935018930452,-22.70373130975821,14.295836709384028,0.0125,0.992894522838006,-34.18662839240082,9.95474028762768,0.0175,0.9739447135378247,-32.89119927205225,14.82178356008729,0.0275,0.9283037451400332,-32.17928219707019,19.01604525338996,0.0425
0.9510556500550414,-21.811365966573018,12.417118490959004,0.02,0.9940019041930372,-23.81567273518229,8.290097347713624,0.015,0.8924761002506411,-31.550451298940573,13.50879476174254,0.015,0.6495457375201937,-38.909487396294935,18.79402470013028,0.04
0.9120639441296584,-21.2848877349538,13.69819226487358,0.02,0.9749912244971436,-24.95658406613516,8.876022515989744,0.0275,0.8813984706332424,-26.329818756847395,14.03490723240073,0.02,0.8096344270563277,-32.51718245877567,16.44901363877581,0.045
0.9595061352695997,-21.046076479293767,14.23082516041491,0.02,0.9920806112665461,-26.50436452283708,9.194901951694114,0.025,0.9837445176725982,-28.320482432197466,15.223954782986407,0.025,0.9070804868976377,-30.987532832822133,18.153671035744985,0.0475
0.9216190345777986,-20.690185252756947,14.377797179435888,0.0175,0.9574030514950254,-28.08445081280567,10.571389618938504,0.0325,0.9712943370750151,-24.652650095764226,13.950652637882028,0.025,0.8154212709911762,-31.692031085513854,17.727860160768802,0.05
0.8891631026837189,-29.8934889353232,13.97940008672039,0.01,0.9812068841465144,-36.31638410227089,12.075164354843734,0.0125,0.8578072567555435,-35.5162359483215,13.97940008672039,0.01,0.436523343927883,-43.60885238368563,16.38941126977066,0.0225
0.8909422149958511,-24.203431692790485,14.661952523015678,0.01,0.9665654401493248,-34.597635408819364,10.549858492433865,0.025,0.9143098006522452,-27.74884432427339,14.326969061691448,0.0225,0.7483455427365683,-34.31739201989748,17.77511551890195,0.04
0.987619685050116,-25.62516364251237,12.552775195759375,0.0125,0.999841533083845,-27.779829795932333,7.51324147770752,0.01,0.9457624522486078,-35.825834801095205,14.806900282719504,0.01,0.9705939304948324,-39.6996149812524,17.584579711084796,0.025
0.9988584000084826,-23.38994187066708,11.255098105758497,0.02,0.9999764068171146,-24.835878516807277,8.731404580607078,0.01,0.9997276692825121,-34.884427429976526,13.874198831669428,0.01,0.965422562329253,-41.096527873978886,17.953975139010524,0.0275
0.9924773539794496,-24.528439396137244,13.49902690916642,0.0125,0.9938013902877316,-30.12342922011714,9.644804764961378,0.0225,0.9951946831162937,-28.164284951410032,13.97940008672039,0.01,0.9476029300842916,-42.44649243169394,17.4660354662175,0.0325
0.8739431385009686,-24.522353335296277,16.147757137336974,0.01125,0.9745441985321145,-30.212082247549734,8.921965787013068,0.025,0.7848304168616344,-31.75606860577826,17.850423443024823,0.0225,0.7664715571642617,-33.765109631706636,19.156797087449604,0.0425
0.9602813138854744,-27.7354958933088,14.404187379369924,0.0075,0.9939263978834136,-34.526013620959205,9.584100827450415,0.015,0.9609399683228422,-34.27492521148527,14.804915705940324,0.015,0.937265145764142,-35.70553230901127,16.380568006101846,0.025
0.9617060108708952,-24.58799303186243,11.054235557380018,0.0175,0.9848661455941132,-25.963588346735126,7.484079466813259,0.01,0.9262903582435489,-35.7394015625037,13.832929625980608,0.01,0.8169023488337996,-43.48533205877526,17.475209250399246,0.025
0.8751081844250428,-30.721763201254237,13.97940008672039,0.0075,0.9505161531954841,-37.55731277901526,11.477008207353876,0.01,0.9732489483902134,-37.77145049534124,13.97940008672039,0.01,0.4321842855888743,-41.666067368312596,15.608574124246852,0.02
0.9837478462794268,-23.676404346595707,14.594998057588594,0.005,0.9918524803048662,-37.93318159206696,9.912874714765522,0.0275,0.9961177346724772,-27.008788859300243,14.008105533733684,0.02,0.937879000939545,-33.49342143645058,17.29455534406162,0.035
0.9873216624526551,-19.93082881767465,12.497193763868413,0.0175,0.9925068976317888,-25.5275020618569,7.90906624042956,0.025,0.989887874752925,-28.052179760128517,14.050439822460362,0.0175,0.9876947389826172,-32.98751637792888,16.238791141410154,0.0475
0.9836229030301912,-20.370405737730056,12.96462696688073,0.0175,0.993161720563592,-25.71444292410311,7.916272369714921,0.0225,0.9908954190122454,-28.43785596490504,14.572782612369616,0.02,0.9784733263745528,-32.92917137986938,16.662101455763523,0.045
0.9008040200758818,-19.71590283542625,13.344370893060228,0.0225,0.9969906640880742,-24.9642087239122,9.049202784367672,0.03,0.858064022332368,-26.228808297783925,14.775421804051136,0.02,0.6413149584724519,-31.578280077339805,16.21017417181576,0.0525
0.9957050003846406,-21.867781835896103,10.331915044378858,0.0225,0.9997544824120724,-23.27301905463528,8.121489848373429,0.01,0.9837699764543574,-31.907870192088325,11.193747606366632,0.005,0.8367450694529854,-45.4886588231447,16.462898597384136,0.03
0.9764996944430272,-16.662486325838216,11.618974792174852,0.0325,0.9995071663244434,-19.507206102663694,8.372664076150368,0.0225,0.9728357259690256,-32.10479156574258,15.960887801325123,0.025,0.8604100276482209,-31.72629849277775,17.26873310845954,0.0625
0.9929393227582188,-17.215843606203865,11.594914240973864,0.03,0.9998683279742164,-20.249513034719303,8.13579286590343,0.0225,0.9863596349741204,-32.09963731100476,15.402898826478667,0.0225,0.9457517201685296,-32.090441432565136,17.12458202703971,0.0575
0.9637812465999692,-19.581951158745778,12.35671224155503,0.0225,0.996508109362652,-23.8642981302136,8.49938885541235,0.02,0.9925313442318202,-29.438742172829745,14.128608841809555,0.025,0.8925777509275786,-34.19185104203192,18.07361921187364,0.045
0.9772988687953993,-16.786105092070233,12.244527215332353,0.0325,0.9990834140055616,-19.29758914963024,8.383692980608014,0.03,0.9808652542641273,-25.065310802680013,13.466769458209908,0.0325,0.9010037404231318,-29.44328010653306,17.849254844554636,0.0675
0.956040435535526,-26.44275642875296,13.6340654928897,0.01,0.977194425680022,-32.72067172676626,9.592576728426964,0.015,0.9920197949458888,-31.52950281225189,14.029288532264092,0.01,0.7208676899504554,-41.34054605634492,18.080980330082514,0.0275
0.9577950172158464,-23.820084917924248,12.502528155074176,0.015,0.9569502124825452,-29.22302134733317,10.246877382206062,0.0175,0.9807483784719876,-29.45518520069524,12.519388741432016,0.01,0.8505568519526763,-47.29466070809865,20.539340906638067,0.03
0.7821848511550842,-27.556615870348253,16.623554667531025,0.01,0.9141110892754952,-37.93169425658479,11.302357548124078,0.02,0.7136098857644659,-31.03441083487724,15.617475735154262,0.02,0.6961643495672108,-36.08004830465526,18.68479032567565,0.035
0.7403872979752046,-24.431365488658777,15.584577321918358,0.01,0.9136463172330834,-36.615131957932654,11.232818430901972,0.0225,0.6804630038314896,-28.537225799634594,14.999634987146592,0.025,0.670841652130614,-31.45702811901213,17.20728127269,0.04
0.8343638633492241,-26.08493465527505,13.948059610539378,0.01,0.9669784411575256,-38.129657264704335,10.084864474083009,0.025,0.8118623878760869,-27.674564906907452,13.36396783544561,0.01,0.7448084084875171,-40.799948682222364,16.82880310233647,0.0325
0.6830891000105783,-28.70833901250311,15.600208852711003,0.0075,0.7170331252624895,-36.45435153487166,10.208499993710122,0.0125,0.544541381765874,-34.252896419791526,15.003276232847288,0.01,0.6926073873914886,-38.17812198021285,17.92879476200097,0.0225
0.6117381295989812,-25.586381708710874,15.088905659916636,0.0125,0.6606146537055405,-30.525312207238027,10.849707525574114,0.0175,0.5752465070442967,-31.272793760882703,14.806697772686018,0.015,0.6636454654492516,-34.87951982619227,17.213354010554482,0.0325
0.7578824331492693,-24.92092080759502,13.758433252829054,0.0075,0.9904245976155196,-34.87053663977952,9.080626186246281,0.02,0.6624030329276116,-28.41304426997349,13.498390226135765,0.015,0.5730556887582834,-35.496852969221806,16.27769865063796,0.03
0.7998215537507475,-25.940128319741106,13.974859737845303,0.01,0.9832215351614143,-31.563647781210427,9.516956193561938,0.015,0.7516691097894529,-29.975136304075065,13.38924525306365,0.015,0.6579457037602053,-35.126556331698325,15.94992612164124,0.025
0.7702466036942471,-24.881155963011235,12.99345954894935,0.01,0.9281427329411048,-30.733018009527086,8.968689443867977,0.02,0.6965713905549094,-27.858316902270438,12.511099791849727,0.01,0.7455275795348055,-37.270658388652784,15.231943536475015,0.03
0.7071718500167322,-24.00506837787724,13.384362256337734,0.0125,0.78329097857572,-32.44149958359038,10.36979660671035,0.0175,0.5950327691186829,-30.23591975390356,13.635179718714184,0.0175,0.5944233341474041,-34.05105819665834,16.098959656821428,0.0325
0.7312151282863423,-26.17742906747129,14.41530263541488,0.0075,0.9734256956472592,-38.01563969201683,11.623369799005932,0.02,0.6835199249493755,-29.74612659255788,13.922632699187773,0.015,0.6050779058246806,-32.94257854190804,15.394323046191662,0.0275
0.6350619867568518,-16.098189905232143,12.215563826050687,0.04,0.6756582548231785,-18.115985974236054,8.504247918940393,0.0225,0.811617325956409,-27.69385501036549,14.431992909895069,0.0325,0.4418769070576666,-26.811436492955558,17.553376510906972,0.0675
0.9391705789106459,-18.103095789396413,12.112851918702908,0.03,0.9973088467311138,-21.941498330737048,8.69809713651232,0.0175,0.7542418789701788,-30.068387486421887,14.708089597342692,0.03,0.7181939166783844,-29.168837502332085,16.17129870572624,0.0575
0.9358998689269795,-16.71291777565203,11.26591708926935,0.0375,0.9895139549648322,-18.812881703191742,7.603437197390279,0.015,0.7693931500606057,-32.89409377166968,15.296543961681854,0.0325,0.7334899139682,-27.920015791052137,16.628825091208036,0.06
0.9206460621585044,-16.62196653056507,11.650302786738802,0.035,0.9885118014237751,-19.091670407751707,7.409278634713416,0.0175,0.7813181285983828,-31.21903749999689,15.06721182336246,0.035,0.7382482016668463,-26.85356548568065,16.713562774427103,0.06
0.6764434855419732,-16.959652341959522,11.036041548866208,0.0375,0.7678939906264995,-18.46156692979253,7.78759842664531,0.02,0.3660199846725406,-29.229666060014324,13.708971222936697,0.02,0.5308216569738143,-32.298315393407805,16.529929033847964,0.06
0.9525484366508601,-17.33047967977943,11.665008943172102,0.0325,0.9974073585458592,-20.98152750122855,8.579483995464523,0.02,0.7794980492987705,-28.765000117103057,14.57005974527633,0.0275,0.6964376913301676,-29.379038179830786,15.824571084424004,0.06
0.7723226579180044,-17.73611279385603,12.289273444259933,0.0325,0.8622996878736755,-19.234988376744543,8.79846267822988,0.0175,0.7868569394026916,-30.08022522096332,14.214114220821296,0.03,0.6591346595928058,-27.941121686415734,16.54144224017002,0.055
0.975080014271338,-20.67058219837079,12.799681448830912,0.02,0.9783141037044156,-23.702733576707463,8.526538511340712,0.03,0.9834151140865768,-24.85180989323638,13.666219519022569,0.01,0.8438603192528252,-42.08406702806165,21.36194968537518,0.0425
0.8930950204596599,-28.657420392102345,13.804433475279978,0.01,0.9899180433347038,-31.028813094926928,9.051570439405534,0.01,0.968864258831379,-36.75225270540858,14.240937605043271,0.01,0.1314436527346626,-42.62813228722795,20.645480520323694,0.0225
0.9749901146324064,-26.72657919338855,12.417698120126104,0.015,0.9926352905639264,-28.66633980439513,9.418444358575483,0.01,0.9527801996113676,-33.79814134253298,13.043971906757555,0.01,0.8387057136027465,-41.9689941865426,16.371374788977228,0.0225
0.9640558109403454,-23.109518601539566,12.230842982218917,0.02,0.9712946305200272,-24.92244870230789,9.610288021286447,0.015,0.9745078556114708,-30.6474518374307,12.87548107659854,0.01,0.9080816551211452,-40.88401627470569,17.69908363415329,0.03
0.9149642974110864,-24.24582084008483,11.49225111132915,0.02,0.9518937256866672,-24.828671081521385,8.446401107659936,0.015,0.8790663644454504,-33.046674632830786,13.85541322303269,0.005,0.7669416455378362,-44.022986920785726,16.224647395664597,0.0275
0.9573269086685848,-27.308139697914648,13.026388245776616,0.01,0.999393341458202,-32.18728896309581,10.301500822306092,0.01,0.9874674768043148,-34.3010893799046,13.112161130730293,0.01,0.686734473680468,-41.86027943706197,16.889375761560494,0.0225
0.9712119840672977,-26.165569657690693,12.546168889505303,0.015,0.9980321989330541,-33.088731680065194,9.853072567753784,0.01,0.9586616815780842,-35.560355458676206,13.58507402911922,0.01,0.9131350575760255,-37.56089754337656,16.46538680397343,0.0225
0.9394490486197786,-25.550106439147797,13.537918529448811,0.0125,0.9958040359901958,-29.263183790912144,8.741931734063105,0.0175,0.9689762594010599,-30.245641619928058,13.686858901517926,0.01,0.6646913578170623,-37.93482145738125,17.016282409064406,0.0275
0.940805147218408,-21.694600941928712,13.97940008672039,0.025,0.9895734733690066,-26.36331240867197,10.295401272383382,0.0225,0.9121432807320018,-29.136221368243064,13.97940008672039,0.02,0.8196330629267515,-33.59713340404781,17.87554132344146,0.0475
0.9938801987056032,-22.82503431576642,14.90593776058607,0.015,0.9997187302268165,-33.12963811005914,9.879859910690822,0.025,0.9967209219783661,-29.7478207278974,15.948058925972532,0.02,0.9745909702674549,-34.882019628184054,19.76372682074793,0.05
0.9622202147606926,-19.511735907845242,12.66221446239328,0.025,0.9950053586977591,-25.85290543860593,9.44443736233698,0.0275,0.960449184468491,-24.27842013249665,12.863188057479078,0.02,0.8682783131861339,-31.455115617982877,17.09573367706768,0.0525
0.9920169206794854,-14.505816420145749,9.633851208505009,0.0425,0.998703635217733,-14.872186921709304,6.112741768478083,0.0175,0.9841635956142328,-32.04630553583843,14.632352687741417,0.0275,0.9061616447940184,-31.724772842429203,18.77518198552624,0.06
0.9944534814797288,-14.700499087704124,10.25259623697874,0.0475,0.9986568310539528,-16.168654954885902,7.842768678178498,0.025,0.9913130702453128,-25.64184317413515,13.50804820674134,0.0225,0.9120643298492346,-34.15485722981029,19.018041695615917,0.0675
0.9885280668154188,-17.798605158357148,11.427213150495842,0.0325,0.9981114589776894,-19.594293370361157,8.194979679883893,0.02,0.9889041620768537,-28.069411277519546,13.484938534221687,0.0225,0.9101187538458204,-31.75227041757259,17.05270063173054,0.055
0.9847224372264114,-16.79239134112877,12.64943264394228,0.0325,0.9979554827793503,-20.032794316173113,8.619464218011974,0.0325,0.9908914372193904,-23.996030944684072,13.467748308570929,0.03,0.9183034387548774,-27.825082455282633,16.50484039793683,0.0675
0.8311188954603186,-33.30796439886032,16.550067962604107,0.005,0.932871159393814,-42.20688124357152,10.311825391587824,0.01,0.8029492200587517,-38.68777648447746,17.30987589437916,0.01,0.7636274679120926,-43.714834005004064,19.198936530505364,0.0175
0.9904592398711252,-21.51751177907836,10.080902826333055,0.0225,0.9990268258844408,-21.920934384735506,6.912985437231426,0.015,0.9727453426667134,-32.7440723359783,13.594266376066674,0.01,0.8745931404858338,-43.106210341552185,17.548049545517888,0.0325
0.9402992634240515,-18.5333320208764,11.835741546072374,0.015,0.9979572623975728,-27.448728860459674,8.751633296654955,0.0275,0.8873655312672948,-26.102048275889782,13.635484832374768,0.015,0.4920612604280551,-39.783874303365465,19.873043205582917,0.0525
0.8725840206159983,-22.409975039053073,13.51538114396618,0.0125,0.987662286941906,-30.85939963052184,10.09671528448797,0.0275,0.866478325004541,-25.516322487455444,13.323041389367813,0.0175,0.7990997897754512,-32.299419812158746,15.171795063937617,0.0375
0.9279306099630307,-24.97289105925119,13.789614395183902,0.01,0.995748371267096,-28.735696174356946,7.4594756592411535,0.0125,0.8916599869430789,-34.435720714569555,13.841703314756458,0.0175,0.8157116514469711,-34.25053330352788,17.316020903960556,0.03
0.9870815277501276,-20.80866216088793,13.589316307819203,0.0175,0.999305926523793,-25.81351570421233,7.867688838892736,0.025,0.9999817194691726,-27.88115117985913,13.89028582130556,0.03,0.9632016144186326,-29.90516147679816,17.640584285260097,0.0475
0.9896939475319604,-24.11543178829467,12.724752108219915,0.015,0.9954082241454008,-28.288678431417775,8.482470264802583,0.0175,0.995259763679438,-30.40766111317521,13.366808694498847,0.01,0.9194514303477882,-42.647331427207455,19.806148021628914,0.0325
0.9895130684222824,-22.80304393484758,12.238241689638327,0.02,0.9946400496026891,-24.519911756380807,8.70523078404884,0.015,0.9919901274584962,-32.49007103652004,13.03776586547288,0.01,0.9606207500536682,-42.40177873178847,19.657267448998116,0.035
0.9375001653810693,-22.763358227273677,13.237336935218906,0.0175,0.9927973165069042,-27.4951394686749,8.284977497294397,0.02,0.9162545747231179,-28.71743514239475,13.758521063299153,0.0175,0.8511271164000498,-34.096582775624015,16.77208088025274,0.035
0.8397274272947384,-21.999515337009644,14.047703633756628,0.0125,0.9731067036246857,-31.013891341884698,9.70986352677085,0.03,0.8088362745413863,-26.13841320381925,13.995315578689652,0.0225,0.6843046646289833,-32.65012647584199,17.423766696420056,0.045
0.9637258180231771,-23.843956695760617,14.05605400250424,0.0125,0.9914701537657744,-31.760968323025175,9.931953288609655,0.025,0.9561465691801505,-29.028320440446137,14.3245696444531,0.015,0.9260622179069236,-39.099298781814255,19.236055476079184,0.0375
0.8648299371671916,-21.978738339316934,12.922865836107723,0.015,0.9748590680154887,-28.331978870680636,8.97564027571945,0.0275,0.8313129201963327,-23.914662828517084,12.137791595740296,0.0125,0.7532525026452794,-35.528951299104826,15.776933476720476,0.0375
0.8667518302259428,-25.16983564797572,14.93712094728514,0.01,0.9726680701066724,-35.6746105073512,10.2800250673836,0.0275,0.8380849681079159,-27.52077425891409,13.898630404417318,0.015,0.7229435071578326,-34.679454955558334,17.01531488683007,0.04
0.9839817820200618,-17.881318129561294,10.96339396245114,0.03,0.9886764371189904,-21.71334107423196,8.49067516367117,0.035,0.9801529199844864,-26.18632968611477,14.317952944319911,0.0075,0.84784688499385,-49.06803084605806,21.679603331289822,0.0575
0.9915238135608473,-14.568295174471327,10.714691575926114,0.0425,0.9946216637320197,-17.727024147948534,9.322831923470623,0.0475,0.9899125730064392,-19.824543915785487,11.974981847339928,0.01,0.7966335264306359,-43.27613383092287,18.94737616029724,0.07
0.9860222377669372,-14.456963075895027,11.179057092795247,0.05,0.994847976461175,-16.792740373901832,8.814963892896344,0.0425,0.9824207369824276,-22.430529362921607,13.786357581119528,0.02,0.7873605367090918,-34.96273671174812,18.16637961367552,0.0775
0.9782047868026361,-17.977388097476638,9.760344522664479,0.03,0.9965708941593907,-18.827908139932834,6.7732754130095945,0.015,0.9471427927280146,-32.94324530007835,13.744389482092451,0.01,0.6373578218470662,-38.86256352951011,17.09918488429912,0.04
0.9854248417464302,-15.844812491092128,9.68673821047972,0.0425,0.9955887501135744,-16.401116832716106,8.07140848540626,0.0125,0.9226703613293412,-33.9290851904518,14.052432999997244,0.01,0.723703922225925,-43.82464738866169,19.549126366896164,0.0525
0.8985082369375706,-20.341410004653742,12.983186749881435,0.02,0.9896886826862097,-24.854686371426688,8.286703425471249,0.03,0.8178289761758579,-28.707943669329012,15.053111261228533,0.0225,0.8419404989712731,-33.524225317896395,18.699638825150952,0.0525
0.9549464775950212,-23.35264466383706,13.045004774278647,0.0175,0.9846807376601393,-26.237164463767755,8.76540339371287,0.015,0.9189815878987495,-32.80710175248202,14.154697212066193,0.015,0.8758925857267421,-36.449698557389,18.401477019493214,0.035
0.9223622332575644,-23.415606949099693,12.482094936695166,0.015,0.9299410530803413,-25.806618514152547,9.096857695242637,0.015,0.9549025915804592,-33.168398389492204,14.99768555451324,0.01,0.7826647212415092,-39.79266715513828,17.966509377475433,0.0325
0.8471092789858402,-26.550667549122828,15.154761819663165,0.01,0.9825123814604736,-35.82339472508751,8.494200779228047,0.0125,0.7612012768008728,-37.8673771485514,18.205960946375452,0.02,0.7152913261878264,-35.63793272082611,18.924767417628438,0.0325
0.85342025971138,-24.921698299706478,14.598902524142613,0.015,0.9337798822176613,-31.929569076536776,9.522747256319345,0.015,0.7758567123218777,-32.895632599712755,15.367372322452951,0.02,0.7387023684995242,-33.53776091595774,17.179558007005973,0.035
0.9348543249918784,-23.721533268949663,13.952179890267171,0.015,0.9805719066862935,-27.66594801071887,8.960721892775908,0.0175,0.9343096655908215,-33.33711400088076,15.614079535846164,0.0175,0.7657903965878399,-34.97582196647307,17.88459329442172,0.0375
0.9571326912208168,-27.111641757343023,14.304807857096195,0.0075,0.9780933643518148,-36.02446850253498,9.18241984918836,0.02,0.9795366002328002,-31.983183298195875,15.675119454035048,0.01,0.9145272642318728,-41.028304416914814,17.74384502089594,0.0275
0.9659375396288736,-18.525650888273407,13.216143148029529,0.0225,0.9970487591602628,-23.8881168347027,7.935027789270962,0.0275,0.9505271857793904,-27.570565284366964,15.022381045144195,0.035,0.941821150877886,-28.022189925033704,16.933904547790323,0.06
0.95150033786521,-21.33487230109276,14.321395091926044,0.01,0.9622483749936692,-31.98484951009891,8.921824085893519,0.0375,0.9650381105920935,-24.6511952294604,14.514039417941907,0.02,0.8607917765052386,-32.96072373888704,16.602495398229003,0.0525
0.6704620033623909,-25.20405851364619,14.308762881245833,0.0125,0.9375776217279868,-32.08054628279119,10.116116690912921,0.015,0.8888428664270934,-38.46290891614608,17.781600183715945,0.02,0.09363562145413451,-36.06057318398413,19.669076245416726,0.0375
0.9844939594220703,-15.494929023978386,11.38057512631363,0.035,0.9956477659848579,-19.926906159038104,9.641611020182644,0.0475,0.9805545278599208,-19.889619043607784,12.313453023689569,0.005,0.49802313400664205,-45.84984727885899,17.08375250659334,0.07
0.9595332800686498,-21.35616756085344,12.708744657918022,0.02,0.992891082845367,-24.62223816569828,9.72175848175155,0.02,0.967973125848884,-31.950338597917167,14.590245714230011,0.015,0.1869960098474934,-49.29666148687482,23.647841023367583,0.0425
0.8821028117799897,-20.1303281781937,11.934586833178546,0.0225,0.9827084112138259,-22.25245929554294,7.219871619083502,0.0175,0.8932354644462737,-32.81322401444757,15.354220266894504,0.0175,-0.0247987381070352,-40.300347089127925,20.318255783628636,0.045
0.9492901341639883,-25.835486348674944,13.623995310711269,0.0125,0.9889597587058994,-29.059749609094602,10.312352536404179,0.015,0.9266392784122122,-35.02975188890176,15.333703320112651,0.0125,0.8225598311269021,-40.61318669789837,18.958764375368894,0.0275
0.9658559848339712,-24.2517634672146,12.093076719256754,0.0175,0.9820449086404176,-25.61635330263949,7.892829017426093,0.01,0.9393143429959337,-37.48270860370097,15.488038855788018,0.01,0.765261629674183,-43.23487990534517,18.17616919800451,0.025
0.9342763639406316,-25.285735756541555,13.062522247987488,0.0125,0.9658997510410886,-29.81049140149456,9.361586594241167,0.0175,0.9157726064503476,-29.242382947766057,13.503791581604949,0.01,0.8517977204578981,-42.09462371715419,17.27058051683392,0.0275
0.9494297715541088,-24.834938456198195,13.076560792352556,0.01,0.997005056488436,-32.997886006444176,9.088256297625977,0.02,0.8850029256651217,-28.42720373789583,13.384700056015834,0.01,0.9265179380239704,-45.13334915339997,20.10815730247286,0.0275
0.9204585198019716,-22.376737778343525,12.54843427019292,0.0175,0.9920732699933908,-24.956824059995117,8.356633778518116,0.02,0.8854969045073177,-28.804170605526625,13.94487784564755,0.0125,0.6662425370758555,-36.54640620753884,17.32436408621477,0.0325
0.9630865573282531,-23.438735829641566,12.767684783606086,0.015,0.9934020925620146,-27.42028641574484,8.277567060564625,0.0175,0.9565285274077004,-32.17485301115373,15.192962289658398,0.015,0.7504905185462465,-38.42298943866447,18.346416696843495,0.035
0.8421144578095747,-27.471356800689914,12.935821610731644,0.01,0.977770886775228,-33.38799272444736,8.295683075869306,0.0125,0.6390858999254291,-34.58477762390821,14.661096864000374,0.01,0.6862002702360978,-40.98688901442246,17.395617521879544,0.02
0.7988036254896225,-23.22248242109962,13.887654387602023,0.015,0.9264022626885643,-30.53074191509215,11.340011231380654,0.025,0.7504015287849009,-27.086822094516673,13.675424545443459,0.0175,0.5566736773410619,-34.88354808694457,17.806492696557847,0.0375
0.8067750198369438,-20.839415402397165,13.834728680707952,0.02,0.938382570609749,-27.4272018649679,11.338929712513227,0.0325,0.7684862089489745,-23.76724655815412,13.203863319323638,0.02,0.59058393889325,-31.39396246308894,16.53618147950813,0.0475
0.7976326112629193,-20.804672375918912,13.794069475569437,0.0175,0.9266590823186953,-28.900374477991313,11.659099099836267,0.035,0.7681802047052866,-23.609518081389574,13.300710758247904,0.02,0.6288953361590939,-31.438023333842875,16.213766184056375,0.05
0.9035786384731036,-21.492486406994747,10.739573535822725,0.02,0.9977089962587409,-21.86623209807621,5.836804408911744,0.01,0.4208694725860537,-37.519794434338074,14.811984992838745,0.015,0.3884886055429936,-33.90505532684428,15.267973560104739,0.03
0.9812834979851384,-22.206066740430536,10.900437970444392,0.0175,0.9982731530189218,-23.97264181860333,6.804468721001104,0.0125,0.9437236134713284,-34.336822035404026,14.294819682654875,0.01,0.8506664208658493,-41.98656207546375,17.835510165910467,0.03
0.9580459957281137,-24.30003205952583,15.477734984075362,0.01,0.9824831722242033,-29.89909240740028,9.247298217127264,0.025,0.9647878833336665,-31.87356900643698,18.28063976605111,0.0125,0.7828094064290184,-39.55733118334878,19.674036860536596,0.0425
0.9500129310114578,-20.209360900239812,13.543545909777167,0.0225,0.9925042611231356,-22.945591930763843,7.656103471372003,0.025,0.9811104525376222,-28.36603348064283,15.161506228590952,0.0225,0.8553931247577057,-31.772215144315822,17.24073562511569,0.05
0.9796702369317479,-22.56832467354709,14.355917468289404,0.015,0.9901285558569468,-26.903579999646844,10.579088795156697,0.02,0.9888914481792798,-29.1449454687264,14.73266381566778,0.025,0.9806978382529056,-31.648505065927424,18.22681160936867,0.045
0.7209623537507366,-23.081998212149028,13.855241266418382,0.015,0.5315858620045485,-26.446844074511848,8.664995658518599,0.015,0.9571048765106414,-31.963408890432397,14.521175621290366,0.02,0.9508882598955446,-31.901060922490487,18.03220487759728,0.0375
0.9848635169909824,-15.96474530324576,14.118416146248615,0.0275,0.9971162743507522,-20.642703417165528,8.625479834068544,0.05,0.9896995872817533,-21.433067274818896,14.877944374321764,0.04,0.9472931614668849,-24.491391455614732,16.24072085288083,0.08
0.9235825874147746,-28.12098503081185,14.419457521744956,0.01,0.9483835424499976,-32.18046877944561,9.424722595686665,0.0125,0.9505588090811328,-36.923782944945415,15.187284532080803,0.0125,0.8482229985858485,-39.34688391809941,18.33095582400568,0.025
0.9211957078280985,-28.57532804362129,14.312305090998088,0.0075,0.987750729661002,-38.96972433092475,11.211292369869229,0.015,0.8672958138933784,-33.365389814937885,14.759815563644814,0.01,0.7005888064295264,-42.33481403319981,17.762817151582553,0.0225
0.962223676335962,-26.37331549624075,13.759492283836822,0.015,0.9935959085246876,-30.265188218041512,9.973135328589144,0.015,0.8794725183043458,-34.0506677627063,14.340695803032837,0.01,0.8070965443936787,-41.80196975275855,17.60884571715069,0.025
0.9905642739870661,-24.250281937404417,12.84566390048872,0.01,0.9962598157036893,-33.53828570166212,10.409730929050792,0.02,0.9873709763766721,-30.94392024719071,14.059364116108906,0.01,0.9588021568005416,-43.35938503880746,19.251090408600454,0.03
0.96522155707441,-16.04422946828112,11.690292376116506,0.0225,0.978283864869074,-25.11704551240709,9.908992897393066,0.0425,0.9642542164887792,-21.88291327452638,13.298081619437724,0.0275,0.9917353422141364,-30.81620397089488,17.442333600917337,0.0675
0.9289457867303927,-20.20250670444264,12.739520957761005,0.02,0.9636526386603184,-25.088862468175847,8.583102596032333,0.025,0.9318257188992047,-26.874792077878862,13.231941373497627,0.0225,0.8593903542806259,-33.241582185231294,17.539703609672664,0.055
0.7915043859984723,-22.600448403091747,12.400261182576674,0.0175,0.9144482628630736,-26.17494433396244,8.240318282008186,0.0175,0.8092396718507323,-31.09171067977285,13.868613542170111,0.015,0.7074788107186846,-35.242130135558526,16.560638354776998,0.035
0.8356669607018464,-19.6360991232191,12.182304177752885,0.02,0.9755052034242848,-22.7858496058028,7.928884406174744,0.0225,0.7649102306215659,-27.37638994603049,13.437110464152742,0.02,0.5401448165921892,-33.30266435261045,17.536343717317898,0.045
0.9376072848982956,-19.57782984776376,12.446198112889627,0.02,0.9787493952021784,-24.53199458837298,8.48170238336808,0.015,0.9510004421636198,-31.461458617647565,13.719936799511252,0.0225,0.9621166827427746,-33.05073691038336,18.1003838134907,0.0525
0.9339967649204922,-18.514209051238264,11.4962595828605,0.0275,0.981368543463916,-21.764787622308667,8.484756955271882,0.0175,0.9266180824396232,-29.939407130552997,13.712539603772974,0.02,0.8395340350710704,-33.517271498664144,16.77362032769573,0.0525
0.9391047431701012,-17.843679663860232,11.99902384099564,0.0325,0.9896552490740906,-20.136348223179187,8.677236318820421,0.02,0.818243876747596,-30.04647144241108,14.800929310903356,0.03,0.8098347945654831,-29.60748886682093,16.10276537894361,0.055
0.9435582085064552,-21.023323258980497,12.457639746017133,0.025,0.9710729066380904,-22.82655677457996,9.150268626454428,0.0175,0.8806373900740767,-31.61877963179248,15.007860350882872,0.015,0.7789645949699947,-37.8490115718707,17.110786531696895,0.04
0.9626455476119569,-18.089003417809863,10.168805163155461,0.025,0.9888182764145426,-18.68987949930966,6.31071521086492,0.015,0.9037924298293383,-31.825625084033042,13.607822043977654,0.015,0.7467763969236376,-36.151885773186294,16.996826180063767,0.04
0.9502447607058762,-19.008424788701298,11.378890340521533,0.025,0.9841090741939371,-21.167888072710603,7.2407855190657315,0.02,0.8344218376330842,-32.185417904392,15.501107228438192,0.015,0.6378148461894011,-33.778768575674185,15.924660287063512,0.0475
0.9706383524196698,-18.20731528054981,12.807699628750033,0.0275,0.9930170786847076,-21.78679184107336,9.103749814307289,0.0325,0.9797862348274512,-24.82627104863197,13.78494141356547,0.0275,0.905078606798134,-28.09782788126096,15.50969503417624,0.065
0.9166530900042072,-22.673954749424723,11.904866990220638,0.02,0.9710979554550452,-23.60657671692593,8.633504972987284,0.01,0.9025922080688462,-34.151872559421854,13.489796310487218,0.0125,0.7155782345388966,-37.63567976620648,17.277088258110673,0.03
0.9421405701211745,-20.977309357830926,12.124848057902707,0.0225,0.9835781958925427,-22.22910087918148,8.630310312003253,0.015,0.9673112083072539,-31.506561972616122,12.382452681170596,0.02,0.7592852230977353,-36.40935479602902,19.14498822631679,0.0375
0.8582888361398329,-20.21049592308962,10.84795174766252,0.0275,0.9022694552564317,-21.702056770202883,9.214880822763234,0.01,0.8636889564832247,-33.681478819055464,13.138234319992424,0.01,0.7209504074913791,-42.22223545394073,19.8068664182327,0.04
0.822731486194104,-21.331374428258133,13.648052136762937,0.015,0.8557128022746321,-25.419485202311268,7.470424386666547,0.015,0.8547506486928313,-35.76885287546807,18.240990407531264,0.025,0.7605316588916433,-36.52641047926868,22.116237477944157,0.055
0.7760670240983427,-23.100803650856868,13.226457787460236,0.0125,0.7825505919753885,-28.79291488832588,7.787445915478354,0.0125,0.8014451543290713,-36.30202864160347,16.99633629397662,0.018750000000000003,0.7320518026128437,-34.94395461248485,18.766052965193126,0.045
0.9060678290676292,-19.85258255498382,10.839608896921924,0.0275,0.9545784852581848,-21.78762161456028,8.901619283459786,0.0125,0.8194154129633043,-34.488599328732484,15.516405443375817,0.01,0.6913241317844082,-43.59272781377796,18.85008278146788,0.045
0.9442717978779168,-20.011454842843847,13.287591205014175,0.0325,0.989275740203622,-23.276924881840323,11.084145259711596,0.0225,0.9549772068238672,-32.42706971117997,16.691604518895186,0.0225,0.7364328479850634,-35.75055344629234,18.891206933526867,0.0575
0.901297569227178,-20.37799315797248,12.872486856363045,0.0175,0.9935724973182516,-23.94760638784149,8.267307030079042,0.015,0.9137139300296462,-29.08088192791405,12.564398540410767,0.025,0.8173187779507153,-29.1600043533752,16.546319260371586,0.0425
0.9168306008093485,-22.84489538425042,12.496551162596905,0.015,0.978182471473386,-27.990046502458988,8.759894258022376,0.0225,0.9426460487205348,-28.670395994609844,13.80421335236079,0.01,0.7931807637993206,-37.952870622164525,17.437567696463077,0.035
0.8907186129314593,-24.35099615309146,11.886585514748777,0.015,0.9710887350379371,-27.013014074349126,7.415933317930183,0.0125,0.731884085516614,-33.62933636569487,14.6309096415116,0.01,0.6270319881566324,-40.445853285817165,17.895298634862527,0.0275
0.8749490773013734,-24.195233226080155,14.165709078790059,0.0125,0.9779016693467248,-29.31533838068423,9.102513444290434,0.015,0.9109174747619492,-32.62919523838202,15.327235830194702,0.02,0.7730392253227514,-33.52078895160735,17.74659906174285,0.035
0.8623642641963907,-25.695167373840512,13.962599968290636,0.01,0.9431177082168358,-33.39487401987465,9.433887315519616,0.01,0.9141114844156448,-37.7042173025737,15.774229006669856,0.02,0.8116091876172854,-33.932457846699165,17.23637032478597,0.03
0.7609720708872649,-27.901078221474158,14.171391167229613,0.005,0.802156026252865,-39.88614711799583,10.201413618855263,0.015,0.8608103272091533,-33.345924156501155,14.142690223241388,0.0125,0.735995303236085,-37.60820825649375,17.164049756918764,0.0225
0.89285313681236,-21.646408347584646,13.442455548156055,0.0125,0.9969682658937368,-28.90494776448143,8.540936096748585,0.025,0.9115865764559882,-27.719263239084047,14.571761611078962,0.02,0.7468749678334246,-33.3388080401286,17.84869466184611,0.0525
0.6688515808730311,-22.675113492145798,15.533824336074982,0.015,0.952090463531216,-31.396120820357964,10.813485427708512,0.0175,0.8669661343721276,-31.02356151715067,14.878199533958917,0.035,0.4436768510740306,-28.43400981208308,18.088213550569037,0.0475
0.9295313796265883,-24.48029642969141,13.027438734539334,0.0175,0.995816861697581,-27.921483690803957,9.210504157065737,0.01,0.9798074635650853,-36.56079777950046,14.524925996741928,0.0175,0.7188144542383689,-34.82378093465334,16.56930516488688,0.03
0.9383056276480944,-22.686697084997345,12.693101065257077,0.02,0.9927360284008324,-26.425048116123055,9.6291163224068,0.02,0.9840151354671598,-29.78594216653525,13.2487623499802,0.015,0.1632743513891144,-36.92817866238873,17.050334262341924,0.035
0.9042266265174683,-25.518968734974635,14.051865960065637,0.0125,0.9588787602293571,-32.839442568154084,10.645400251192457,0.0125,0.9536144628348266,-36.53418083839154,15.522688219958475,0.02,0.9112809131616026,-35.96766114644299,18.8682254466551,0.03
0.669650489867988,-25.967649970543285,14.16792922676068,0.01,0.9699063586474002,-32.86081661848873,9.526378524029855,0.015,0.9735548489524172,-32.61282953946481,14.068054418278866,0.015,-0.2700905804908375,-34.99335988460463,17.172700295116023,0.03
0.9520569887203978,-20.176192587864307,14.75458477079283,0.0175,0.9937947417961814,-27.629212869485848,9.455897589760012,0.0325,0.9860454751685764,-25.123118399679733,14.1943591336012,0.03,0.9089294460200854,-31.02290905632548,18.47799677608731,0.0575
0.9732542105952224,-25.807984776433383,13.150893284594098,0.01,0.9761513328519684,-35.72536675482825,9.512512701501644,0.02,0.988797540998607,-28.38923058005853,13.199454207227394,0.01,0.8323514033740954,-38.99761912057939,15.963435158914978,0.0275
0.959941949859898,-25.774054308677098,14.679884662144202,0.01,0.9792505351881976,-35.020806878430434,10.10323500110103,0.0225,0.9775408154683864,-29.486039437008603,14.89421883761253,0.015,0.9324018695197184,-35.759160563288845,17.900330609715624,0.0325
0.866783478619988,-28.10074568295014,17.424794707945097,0.01,0.9779273434776548,-36.2789015416043,9.508539514538025,0.015,0.9037592133932502,-34.39512861823023,15.240886260332312,0.025,0.7882748278421307,-41.91869663567517,23.91872727918064,0.035
0.9643551390835744,-15.613002107417415,11.480625354554377,0.0475,0.9916565452434536,-18.028554544839608,8.49066635510109,0.0325,0.977439746145599,-24.10559988154707,13.396634194646682,0.0275,0.7751630707194854,-29.872814557864324,17.378902575802172,0.0775
0.8935586857150242,-20.94816280457818,12.573373447837161,0.02,0.9881276841571389,-23.713220653890666,7.75198302994671,0.0225,0.820292736822397,-28.093215102626097,14.217617851851497,0.0175,0.5164431188700797,-37.50514699477879,19.665397531312358,0.04
0.9368280404420206,-14.622359738751392,11.83970823004095,0.0375,0.9989881763047732,-18.802913803680923,9.42277302381038,0.045,0.875149379480312,-20.626899836117538,12.964953463945742,0.0325,0.8040521888755464,-27.068702084355024,16.540306780175413,0.075
0.8483659670698872,-20.3565857035686,10.796566753891984,0.025,0.8997548466290053,-21.916302879531692,7.5920396310187845,0.015,0.8121120234925832,-32.02559281985211,13.384252756332128,0.01,0.8562865274783182,-41.54509313187728,17.53273692772519,0.035
0.8505810984783182,-20.375939914176,10.964233905823578,0.025,0.8998826966096249,-21.681468710217477,7.570450654133976,0.015,0.81279764124585,-31.999326992145356,13.500996187911454,0.01,0.8551597089344911,-41.42319063713718,17.48316020492785,0.035
0.8503028808064734,-17.549203083500654,13.427176062052736,0.01,0.8897309301838509,-33.439854823131085,10.637663123579635,0.055,0.8604187076485459,-19.378988635053712,13.278511059755882,0.025,0.5289419617024577,-29.80850524111323,16.823170962134213,0.0675
0.9101917966147866,-23.134647774667187,12.918245691692626,0.015,0.9982112292326644,-28.00659419609422,8.457712765389008,0.0175,0.7855795340074355,-30.385331734203863,13.237011365164385,0.02,0.8250387214679298,-34.65095065849178,18.1826673334514,0.035
0.8480551664181987,-20.138404319768625,13.78113597594792,0.02,0.9973912665311306,-25.252813807294405,8.074859833246949,0.025,0.7691790501128801,-28.074515906020245,14.227410867993736,0.0275,0.4975060798165693,-30.526664393623356,17.602898957358,0.055
0.8613536437080361,-23.444766895599404,12.728450875328747,0.02,0.9550119232454166,-24.23148189897544,8.791034109036314,0.0125,0.5417314443638781,-33.84365193663312,13.665220830157924,0.0125,0.6108855734543672,-36.786719436136664,17.197773782025102,0.03
0.8693246941344949,-24.28595993289313,12.950532924168968,0.0175,0.9508358799384642,-25.65878005921946,8.832072146597195,0.0125,0.5032561248133903,-33.926924548137535,13.321646058851906,0.0125,0.6980936066199909,-37.42901891136596,17.461584630485646,0.03
0.968705478966376,-20.04464669783558,12.052271707775525,0.025,0.9993070854688229,-22.69124121755753,8.312991500088707,0.02,0.9103685417345388,-28.78116430536216,12.774963401634118,0.015,0.9206073582525323,-36.07441907675544,17.667144037921474,0.0425
0.987067036997708,-14.592440299277046,10.983077054788891,0.04,0.9997550082438612,-16.64325553473008,8.417275471312106,0.035,0.9561443809739212,-23.485612447933978,13.806210616673871,0.025,0.9455101849249892,-31.68687783182569,17.369326236914524,0.07
0.9398797976604563,-25.611064152632956,15.196510392754966,0.01,0.996382858944848,-31.823754227892017,9.660646146429286,0.015,0.9755320335141429,-34.42564306201476,15.043521590117948,0.025,0.8938964290772644,-33.18871588579563,18.1275726783007,0.035
0.8958743381369753,-24.539542687198708,13.335625061017176,0.005,0.9750876649646469,-40.65858378337418,9.850323592162592,0.0175,0.8478008315416299,-30.49630973273905,13.550301274820796,0.0175,0.8174157281393817,-33.453128742939796,15.969503635567364,0.035
0.8831664567353755,-22.621930416444236,13.473364658240378,0.0125,0.9980819617329262,-30.943975972294076,9.384678270183779,0.02,0.7682752215023416,-29.396122165079813,14.114453779954957,0.0175,0.7656153823210542,-34.53655610939559,16.98622293815538,0.04
0.7204523321800315,-22.40946430810307,12.813760543534976,0.0075,0.6708714596049774,-34.525372931040955,8.7532493122009,0.025,0.6890673580043524,-25.77068506134891,12.735138380535597,0.015,0.7154967070041431,-33.93705561251451,15.452326644612317,0.04
0.947197310947324,-17.902112704104493,12.713413971942042,0.0325,0.9759086211010172,-21.20633829823726,8.253850525724623,0.0275,0.9015174134108792,-25.792118345355824,14.09393652523002,0.0225,0.9163858311330044,-30.650219216294584,17.43366860111162,0.0575
0.918881133525904,-22.76473116164649,12.892612186540898,0.0175,0.9937736981491064,-27.42092597669277,9.153892002408925,0.0225,0.8522447977982818,-27.35340589443496,13.370151585256101,0.0125,0.7877175101456309,-37.19894973257604,16.32094669184334,0.035
0.925560225830411,-18.07878095666123,12.56573975726024,0.0275,0.9573482283030154,-21.978497467838757,8.383223406783024,0.0325,0.8713866988602078,-24.12529344413086,13.898788462347127,0.025,0.9248121419888846,-30.854879169551666,17.145312113362674,0.06
0.9913470282178962,-18.286287544052065,10.88353178500035,0.04,0.9986206123427837,-18.75626052079329,8.316576505768532,0.0175,0.9580084102168553,-30.066753067065193,13.674676888685251,0.015,0.8493521242403391,-36.46765793394027,16.159556015682973,0.055
0.9828689001077032,-15.097533620306471,11.108159402145148,0.0375,0.9990325554048144,-16.39064266751232,7.499725208006319,0.0275,0.9492862185664146,-25.56866299520637,13.378839150024769,0.03,0.9422286118480926,-27.863671354669265,16.263183486353803,0.0675
0.9683896994231311,-20.53354381761731,11.314563622749795,0.0225,0.974222286028193,-22.20050992894171,7.7330863256195626,0.015,0.8990842659299894,-35.60213644395962,16.30659605749799,0.015,0.9251851414334769,-36.86784887626111,17.605077589866205,0.035
0.969038715825842,-25.715237975629655,12.348111182880393,0.01,0.9817072065525736,-31.759573137421008,8.948935571185999,0.015,0.9634978461604453,-30.206946185194163,12.738400147218172,0.01,0.914341322949669,-42.94087914343888,17.094136590090166,0.0225
0.9310964987185704,-21.70078160640284,13.582897178829192,0.0175,0.9939466769151396,-24.709879050688887,8.527382418834843,0.02,0.8678648101377022,-28.6907652949166,13.282164642397092,0.02,0.8149913643446101,-33.48498115124407,17.918067447032968,0.0425
0.9701906636097921,-24.472744949851972,13.79788346133252,0.0175,0.9912503654191933,-25.823828315461633,8.555745834273377,0.0125,0.9442692029361042,-34.994152875454304,14.117674434660884,0.015,0.8883015276255748,-39.26149602655385,19.326132275518674,0.0325
0.8920019758314648,-20.448207381282167,13.816926146385494,0.015,0.9946851394835118,-27.59194979147616,9.10439628791808,0.0325,0.8530166546232731,-24.125992979792176,12.935431706526689,0.02,0.7830019804764616,-31.469129341530127,17.12905604864587,0.0475
0.967503776483863,-24.124915105786204,12.171098306021586,0.015,0.9945912982199676,-26.909204765648568,9.390307181363212,0.0125,0.9668754613095584,-32.731163926927366,13.047572349438578,0.01,0.8318818918572293,-41.947813948192746,18.16971925698499,0.0275
0.9128420229951644,-22.039385268904947,12.272781691727983,0.01,0.9730625625622076,-29.322916338246102,8.54764409600324,0.0225,0.9131711582876187,-26.65809681420242,12.563854441549925,0.015,0.8627574460571723,-36.12237732430098,17.445175090197697,0.0375
0.9711810765718484,-18.089411100734413,11.537505420629216,0.03,0.9900287697594998,-20.505571112628036,8.78474246171293,0.0225,0.9589319359701636,-30.340073868561216,15.450808395225724,0.025,0.9066009452657502,-36.39034271132869,19.76140662725492,0.06
0.8424151503110108,-26.608639631948563,13.252011679854224,0.015,0.84498231139461,-28.36966831856228,9.627996792920015,0.0125,0.9225519325652588,-35.39365508883394,15.18766257480921,0.01,0.840660179613665,-43.17273891520585,19.031487759973118,0.025
0.974641807239933,-18.492329018407396,11.62020147610088,0.0325,0.9895679589247958,-20.012319564010767,8.77111956592665,0.0225,0.9589860516300298,-29.222940055750893,15.15162883990106,0.0225,0.9198936010236703,-40.00012284566022,21.484382607279198,0.0575
0.976004182405346,-22.773935479778984,13.196792078812129,0.0225,0.9956957935894029,-26.32597321162288,9.493804874607452,0.015,0.9488392933448118,-33.803476210118376,14.750749114665256,0.015,0.8652337680894953,-38.56167233572207,19.135295119995206,0.0375
0.9133908224449188,-27.17434314568215,13.570660968514552,0.01,0.9697964062000012,-33.12541427292744,9.799027407345996,0.015,0.9225043182180822,-34.427294424684625,15.57333874631804,0.01,0.7476948055358904,-40.74391261132166,18.656998424544376,0.025
0.9133908224449188,-27.17434314568215,13.570660968514552,0.01,0.9697962921381682,-33.12541427289792,9.799035282367278,0.015,0.9225042483009932,-34.42729442468506,15.573338744648431,0.01,0.7476948055358901,-40.74391261132166,18.65699842454437,0.025
0.861271989511945,-22.300862416781094,10.60714721220813,0.015,0.9399670797004427,-28.63296353002722,9.244964575078884,0.0125,0.9337097226772701,-35.34518647559773,15.451183625922654,0.0075,0.7578480005681622,-45.43270182305781,18.656178849984357,0.03
0.8839309699960286,-24.26238012550637,13.907153767704294,0.0125,0.966168559119502,-30.545653416791737,9.42716887110502,0.02,0.9092470367025288,-30.98358809010045,15.494931620497582,0.0175,0.4817999865702372,-35.15860946133179,17.681035675431374,0.0375
0.5490305178045023,-16.739291655708715,12.10149557849598,0.035,0.9280138814076654,-21.346011590441933,9.101267433882153,0.03,0.0492126425190899,-23.794716882888128,12.543176305139447,0.025,-0.3408049764822235,-33.44782394892146,18.91321768621018,0.065
0.8847280382204008,-23.050185279004232,14.185822320137177,0.015,0.8960470535264764,-26.792023213293987,8.17740911572479,0.02,0.9623604033084882,-29.85427388291638,14.274308084136926,0.0225,0.8236705483109209,-32.603450417609466,17.932774827737497,0.0375
0.913648082302436,-18.98517217927971,11.209646657707571,0.025,0.9786729771701996,-20.46281504263756,7.429769614027426,0.0175,0.9479569456140984,-27.90097392201251,12.111860867901544,0.0175,-0.2844901061415451,-37.719380562259104,20.572386051789977,0.045
0.9500899982292248,-27.236931694319612,12.32634772929081,0.01,0.9756324154536685,-32.93183504728021,9.277286071327357,0.01,0.9450916792458017,-37.396713296734745,14.100623054281101,0.01,0.9523678283538577,-41.35437790056443,19.209880159326882,0.0225
0.8087175738478356,-21.347245365347533,13.359853664427309,0.02,0.8429582004210681,-25.559587516278704,9.04231894466838,0.03,0.80470686214021,-25.868104031242858,13.447594975283552,0.0175,0.9278722734533512,-35.05693367524014,18.270217418245352,0.0475
0.8159807259080287,-21.72364537053099,13.127171955921217,0.0225,0.8497589724551294,-25.31591775702117,9.01290702542502,0.025,0.8709554310159418,-28.35063512584677,14.3343934885264,0.015,0.8956288376442136,-35.178785791832084,18.32607989954856,0.0425
0.9792435634911782,-15.85714285384665,12.82588294260783,0.045,0.9962508416927228,-17.997652712042637,9.207380442639534,0.0375,0.9687472030760031,-22.287785539406542,12.651914101052375,0.0225,0.9544016922010885,-37.46642984112592,23.17840671739555,0.075
0.9321558281854945,-22.84157188741929,13.852963303596876,0.02,0.9679485281539748,-26.52560579407465,9.039024649095877,0.02,0.8488122669708165,-31.544785632470386,15.046130969796604,0.0125,0.8708129425500035,-38.957170103670585,19.217578186298894,0.045
0.9237104512753136,-16.48736885673499,11.756369472965138,0.035,0.9781838889368544,-18.26700297034944,8.136839473730106,0.0375,0.8812516322527637,-23.69821573203698,13.765396538924229,0.01,0.8729220143868789,-40.75054682973624,17.523286663769618,0.0625
0.908560118294604,-23.4526524064797,15.356586469164617,0.02,0.933114087646594,-27.001748553011893,10.77756229821344,0.0225,0.904232471217008,-29.660194230297208,14.770707906164514,0.015,0.8652516770170128,-40.71630299332661,20.77707636664389,0.0475
0.9695808081507178,-18.977892081533252,12.88656967206016,0.04,0.9855917795296596,-20.17964443587908,8.241795313722964,0.02,0.8942435907083158,-31.05103471111781,16.041000236622722,0.02,0.8760058438192975,-37.924036370253205,21.941746301663485,0.0575
0.9744937755252892,-20.8934411567053,14.46877870532305,0.03,0.999685990651457,-23.284489847277527,9.92435387041121,0.0225,0.9529254841342192,-31.634986324993285,16.31207916642288,0.03,0.838256398273928,-42.06168476961229,27.40311129134595,0.0525
0.8785666735666092,-25.54920870707569,13.68666951693915,0.015,0.967615129837463,-28.42259611709465,8.464551563744699,0.01,0.7770519192774302,-37.46753671295373,15.237729702029966,0.015,0.7847023170391008,-36.15856578227495,17.390903451818822,0.0275
0.9894243846293164,-21.89338630822305,11.825971207975872,0.0225,0.9965019243495756,-22.827795684066167,6.95183995641311,0.01,0.946193163385492,-36.03308852817581,15.239495099959974,0.015,0.9784826013945792,-40.37734521487691,20.23412840643836,0.0375
0.9796040780807636,-23.68450307877971,15.930156221336476,0.02,0.9772721255419666,-27.30483150189487,11.684734713671569,0.015,0.9534838055179752,-33.16136920021751,15.430528538589773,0.0175,0.9904049913592008,-36.55721082338488,20.678926207335717,0.0425
0.9914631829367271,-18.724763396115367,12.197641113419001,0.035,0.9994935355900988,-20.874305898276752,8.110867011596419,0.0225,0.968661492330808,-27.7302798205559,13.677005248373227,0.015,0.9858710673147526,-37.70556942092496,19.28789890959845,0.0525
0.9581774697614508,-16.78702064911358,12.83097613395434,0.035,0.9988269614309262,-19.520167332706663,7.992767986199101,0.02,0.9527256433393287,-28.03738554260214,13.181230570275488,0.035,0.9493845741373517,-28.235362433845065,17.918133063410487,0.0675
0.9306369094204817,-20.50842385431296,14.056599269260541,0.02,0.9684794983472532,-23.216776541136692,8.894094095143414,0.0225,0.9514181471147192,-27.01353792233682,13.319977177230122,0.03,0.863593720768385,-35.32858631722809,22.095773958678116,0.05
0.8320734087136794,-26.90376439129521,15.352182436021558,0.0125,0.7860505160804052,-31.21970494291808,9.801952365380018,0.015,0.8401588582926625,-38.4296711611307,17.96511290650865,0.01,0.8870904392839988,-41.151609775774006,20.014400200089923,0.0275
0.9898004705089334,-21.982846957996703,14.882473595823065,0.02,0.9987519351926568,-25.765230692850825,9.997542368659364,0.0225,0.9725910613523572,-30.42763494907109,15.366369493004829,0.0225,0.9962332895844188,-35.29093643947469,20.59879136340953,0.045
0.9795696247738899,-23.403485228176436,14.632497359316195,0.0175,0.9972439494793093,-25.678074053717673,9.815527287962677,0.0175,0.930099348312562,-32.66217599764446,15.415782134950378,0.0175,0.9518515783555279,-38.16283141322316,20.19590991119953,0.0475
0.9900372486508896,-17.873014219141005,12.272873665667548,0.025,0.9997330432846384,-21.554386166011707,6.792494937899857,0.03,0.9919602458692286,-27.680994820702235,15.31312562793465,0.025,0.9877424484907268,-33.28883812066489,19.920976040457408,0.055
0.9711988944719185,-19.90239096033661,13.944061938299644,0.025,0.9996041044996121,-25.805314294661923,12.457235607010531,0.0425,0.9771122139688369,-24.663227067242747,15.43044039443533,0.02,0.9294765396921283,-33.595804434806354,18.682562615004535,0.0575
0.959804491379568,-18.930890399536786,11.52570563399369,0.0275,0.9768281983435072,-20.83338053012732,8.054020973151648,0.02,0.91462222810652,-28.146160187296186,13.273077821511391,0.015,0.947798665287638,-38.20548609678494,17.233378472432474,0.0475
0.9958610078790752,-19.03226032590346,12.87894171917924,0.025,0.9989670638319132,-22.735854830587563,8.265116927380738,0.03,0.9967954576746524,-26.010206725796643,14.088582864376214,0.0225,0.9950938530125648,-34.70940373632049,19.868571319293867,0.0525
0.9801748169079152,-25.969854551972418,14.755738928609295,0.015,0.9932037081486826,-30.187532267781435,10.480905850312425,0.01,0.9479871416368282,-37.275109548699234,14.990214922160328,0.0125,0.9725599944431028,-50.068623502405465,25.71528903499174,0.0325
0.9453038884697714,-21.533406775981373,15.31846588908946,0.0225,0.9905354893200478,-25.235461093701204,9.61229605792868,0.02,0.8546105300622152,-30.718193398938894,15.225629698820777,0.025,0.8660277175839519,-32.61756078428535,19.98520031508629,0.05
0.9021138272719501,-23.75951137340567,14.069787718225705,0.0125,0.9941774750369767,-29.86543195358658,9.123714846632996,0.025,0.9269703243354852,-25.823991366076307,11.863015372127434,0.015,0.9418985385933851,-39.74588955866655,21.23297377860861,0.035
0.994645393530758,-21.3379639151628,14.301689233071142,0.0125,0.9999874686687448,-28.79449433187776,9.31652958993852,0.03,0.999451791889806,-25.159782730196984,14.664208429378988,0.0225,0.9559520238683972,-32.50459511398613,17.53584196010468,0.0475
0.9844891666285756,-15.890109549522393,10.663807216643596,0.03,0.9839176337794948,-23.061933178690335,8.467881798162455,0.0375,0.9968015683030388,-21.354627509647912,13.021359187567203,0.0125,0.9225797441880929,-41.84321691567132,20.24394226901461,0.0575
0.9578860855206308,-21.62748456855323,9.34980865974914,0.02,0.9449470969702076,-23.6913996777027,7.350783017501588,0.01,0.9924246728923248,-38.60789183071314,14.533433476606607,0.005,0.9580850523116792,-47.14537031806549,17.286912866652017,0.0275
0.9619852927631556,-21.115119169634944,9.840443377744378,0.02,0.953581510764852,-22.443322261299823,7.601291069494756,0.01,0.995662612502844,-35.59409355297085,14.167264334987902,0.005,0.9719506093563488,-47.11395722253185,18.14360254545644,0.0275
0.9910148017520807,-13.419133333663396,9.342406461800609,0.025,0.9987789057964136,-21.227553609414414,6.536006437851872,0.05,0.9894868962161985,-20.038682726480232,13.521736382943724,0.045,0.9738755005194978,-23.842404400071338,16.070387420851247,0.0675
0.9808347014045128,-19.22864698862645,12.1784252317556,0.0275,0.987640817990607,-20.350281767304686,8.373392622304404,0.02,0.9845296412806954,-27.845242080971538,13.529619409531392,0.0125,0.9490699159640872,-44.51353498698764,24.666252897682057,0.045
0.9738315506048851,-23.215307620099782,13.320652237144513,0.0175,0.9889853639151029,-25.63485230830444,9.855013247374915,0.0175,0.9877052053977572,-29.03693603125891,13.546516303906515,0.015,0.7915623530434519,-39.971601257924206,20.835769736568167,0.0325
0.9809231289924109,-19.699616759229816,11.219475533735851,0.025,0.9900502062209104,-21.66742125875704,8.729100237183548,0.02,0.9914472975486274,-27.103346181370487,12.367275091100936,0.01,0.8224786850414401,-39.496757787452005,18.03239482625903,0.04
0.9528994854738171,-23.93703399788981,13.993461891537574,0.01,0.9899704092115087,-31.66850291265711,9.673915306387787,0.0275,0.9904065404849887,-25.308439912659374,12.934399749989183,0.015,0.6957451692839375,-35.350333391805705,16.146631265772555,0.035
0.9887664680625594,-16.49049802970365,12.247178638244954,0.0175,0.9995694195798885,-24.713521419851745,8.280054507380845,0.05,0.9952565823655077,-22.202882506042563,14.661264198029889,0.0425,0.9689788026005908,-25.084153282090842,16.641609990256914,0.065
0.9584094164699704,-18.050144445996033,11.725493384885063,0.025,0.9624062970174951,-20.681512433789685,7.779613757771921,0.03,0.9733045060314871,-26.46791046445974,14.78300718797848,0.015,0.899157915882738,-42.90149589469687,21.762288520672975,0.0525
0.8912422513058313,-22.072914899533597,11.423425730564873,0.02,0.9055082104161158,-23.2296994950622,8.023729322622154,0.015,0.9284311100643465,-32.71857520448516,14.720019175407597,0.01,0.8983654124125924,-43.64075299247969,17.84983191591787,0.03
0.876325283293971,-22.188419799922052,13.422940911412674,0.0225,0.9991214138128772,-24.652730662624307,9.782891006653196,0.015,0.9784666240554216,-29.905006477123585,12.944918425962127,0.015,-0.3959719825849095,-35.0515863008406,16.323086097330204,0.0375
0.8965123816559755,-22.45349466784601,10.489338440988188,0.02,0.8938400953775725,-24.241594904214832,9.045455914023801,0.01,0.9320046847342423,-34.39815146248951,12.573043817596304,0.005,0.7249554729366281,-49.92510692951127,18.43125664458369,0.0275
0.897565573108505,-21.932633689480433,10.720256583218928,0.0225,0.8985272008797682,-23.20055885595591,8.966126962015291,0.01,0.9353144258440229,-33.174228398663644,12.143678438163175,0.005,0.774526296237452,-48.925877030353874,18.573979952216412,0.03
0.9853009026361697,-13.39587785313971,11.711817834736085,0.045,0.9960299518430883,-15.532742542225645,7.606838865554085,0.04,0.9937398487945286,-23.03717538301884,14.80533994016726,0.045,0.9404122325572172,-25.783502701628386,17.90578048710058,0.0925
0.9920197581781616,-15.716797769945734,11.67999533796666,0.045,0.9978860942380733,-18.594507308686417,10.075092004478659,0.03,0.9922090897239653,-24.560026092313066,13.294244813126268,0.0225,0.8341082692414147,-36.23932416254248,20.1604436533553,0.065
0.9226992685341531,-14.71882046204167,10.869598924441163,0.025,0.9878797578150227,-21.763466540764632,8.340142810279014,0.05,0.967369761128963,-21.803634858824346,14.083190054565652,0.045,0.802288494360058,-26.312309715389233,17.961640043549117,0.0675
0.9760083553898826,-22.17792981435073,10.342120293552838,0.0225,0.9774012901929556,-23.504211460096947,8.774484384384948,0.0125,0.9821348284568373,-32.164184232095025,11.890592431621538,0.005,0.935661892288354,-57.99164622678824,19.12634963249592,0.03
0.8235504990118614,-23.276937250811777,15.73575532601454,0.01,0.9915631325130546,-33.4619970524255,10.125599134138568,0.0225,0.9598608015068884,-26.82665715956221,13.211473583505144,0.0325,0.6868613428167271,-27.47550213568769,16.819685507953576,0.0425
0.896254657139359,-20.585584767349523,13.948450665856084,0.02,0.9661147552018793,-24.202853318980694,9.567914135842738,0.02,0.9293217752083454,-28.496870104278095,13.925969200669297,0.0275,0.8300290657064098,-30.650773170224667,18.368386829197497,0.05
0.8749524440055413,-20.844523491535764,13.649028148119148,0.02,0.980120709546309,-24.22043571058715,9.109966238250037,0.0225,0.9161461422959024,-26.659234645291903,13.353118476810984,0.0275,0.6494882641451659,-31.758606143265105,19.4069427437748,0.0475
0.8823866444981725,-18.1556099654295,14.335483070747975,0.0225,0.9887647665718302,-22.955586362301915,9.628545582021438,0.0275,0.9217761951033929,-25.202053972914303,13.912501493953567,0.0375,0.660968942973144,-27.327398915213667,18.11954403341293,0.07
0.9586608609126693,-18.091642681319712,12.10239512624729,0.0325,0.9718025396408707,-19.606410639687304,9.448835435062428,0.02,0.971408191497783,-27.25896325537376,12.335279116038105,0.015,0.9368630143089551,-34.227005106684956,17.15461525365818,0.05
0.8984938138545003,-14.476589045338075,12.905939226408323,0.0425,0.9724784112748308,-16.338909738972305,8.175845888419177,0.03,0.81676495308504,-25.46596158350616,14.3641957513243,0.0425,0.7445646649391279,-24.24392747526425,16.633239756923917,0.085
0.9450709129392412,-14.71635110906234,12.077702300857144,0.0325,0.9802718223049443,-18.377323121266528,8.331462527774649,0.0175,0.9478454305832961,-29.00886209220169,14.273573249846171,0.05,0.9183969700726615,-20.38896972519084,14.082056879596601,0.0775
0.9541625119297585,-17.711636861588936,11.772501042651697,0.025,0.9735614833652494,-21.527365461325502,7.82268808185964,0.0275,0.9446131100598154,-27.174802457141393,14.541433493630386,0.015,0.9285391308776969,-38.149911656277084,19.503269024966343,0.06
0.9763580154663648,-13.964965872691915,11.820056159767816,0.045,0.9882343345727128,-17.970618020952795,8.516158482495607,0.0575,0.9768400257304328,-19.39144154604257,13.99643665060956,0.02,0.8661776924108884,-35.86907514832883,20.169481376200455,0.08
0.9677042021648716,-23.834180338654708,11.973550282280344,0.015,0.9727560633504502,-26.38817215349373,7.606673159673408,0.015,0.9805835854808924,-30.82184279243208,13.360120707760306,0.01,0.9683772254743476,-48.14679153785946,21.74847327767226,0.0275
0.9930418096789801,-22.69037547329289,14.86137630322623,0.0125,0.9985057942389924,-27.332646294745203,8.629392207664578,0.0175,0.9965471068993508,-31.13949302156435,15.328981937735065,0.03,0.9912997214855879,-28.35129839326326,17.246521281839797,0.0425
0.9035012122067076,-21.757655108861982,11.32941110347403,0.025,0.9221866225377524,-22.22628556394268,8.765735151611047,0.015,0.8790607961483659,-31.20151827169179,12.550672831627356,0.01,0.8378706310205981,-42.502320560127316,18.070082642768448,0.0325
0.9512908207374314,-21.61444189169339,12.410608649860674,0.02,0.9838446192795136,-25.03620949560604,8.353892460107497,0.02,0.9722770455968526,-27.43521293313377,12.662891943889491,0.015,0.6625596858152941,-37.26372307467673,19.020992352201453,0.04
0.9360371389645685,-25.414640783919957,16.987347065337538,0.015,0.9964729715605257,-26.372522381155974,8.058402189563589,0.0225,0.9337868804571502,-31.34901001995351,17.433367466509345,0.02,0.8283840285187549,-37.374162250640865,20.06549298471834,0.04
0.9237783316423914,-25.60969585676469,13.133510316438342,0.015,0.9819351212523144,-27.695104495259667,8.955925846318628,0.0125,0.8654816891172945,-33.337796820023875,14.442037414778056,0.01,0.6385378632679196,-42.89613956855626,20.512167645609217,0.0275
0.8445971093261035,-24.20298021834075,13.723898464289976,0.015,0.9584880642296546,-29.355332086941004,9.191011994672785,0.0225,0.8415320815933571,-29.96319108025734,14.860559338108978,0.0175,0.7004057590864907,-36.9130985367706,18.808760405307343,0.0375
0.9766321205090958,-19.849526507153744,11.693330661332352,0.0225,0.9983478673466484,-21.56442672578801,8.085722520498994,0.02,0.9484970457327608,-30.077601531044785,14.771509906285305,0.02,0.8627815961740242,-36.208062519516936,18.75394713959824,0.045
0.9642656504183328,-19.75384252074907,12.771241065604537,0.0225,0.9979893167471894,-22.218039458228898,7.976650220824327,0.02,0.9471319929386964,-29.906126575869443,14.716215636156962,0.025,0.8691294078011365,-32.697785656604175,18.692557279760944,0.0475
0.977257697454085,-23.619474058061037,12.784326897086594,0.015,0.9910270454078924,-28.435921711152886,8.736963191304003,0.0225,0.9878462104421064,-29.127252904221955,13.61726991368812,0.0125,0.9095695060826849,-34.55974840222072,16.141582857859582,0.0325
0.8317788728193206,-25.96010317909536,16.504793439789147,0.01,0.9768950646918012,-32.31114190550895,9.193447262888087,0.0225,0.9503671052608405,-31.78862259524825,16.567530003018895,0.025,0.5070330706349739,-34.83198853602911,20.84482434156857,0.0375
0.8548044777426789,-17.641649796854217,12.342806691344734,0.025,0.9629502386190032,-21.79099164593641,8.799101532525235,0.0325,0.900332743627077,-22.200578619403416,10.78090158751894,0.04,0.5028971972905626,-27.14519970129496,17.03241175434583,0.065
0.923981177978306,-22.19448725609133,12.912153211252948,0.02,0.9754962367621838,-25.676544517413603,8.673427425994646,0.0225,0.8288435688937648,-29.9201070693435,14.463034145187954,0.015,0.9114407641199596,-33.2575385699012,16.13570433494897,0.0425
0.8405476516394085,-25.584988670856124,14.929397831167238,0.015,0.9897664478876934,-29.998582271159123,9.744605958962449,0.0175,0.9202996122063346,-33.00082877060306,15.736197509944049,0.015,0.3261639941892436,-33.79876230477352,17.35460754117021,0.035
0.9359381815742416,-17.778085761141305,13.257733913162483,0.025,0.9890714216694426,-21.528669299862877,8.646483411543533,0.0325,0.9675686595088702,-24.311060465265243,12.927388079606768,0.03,0.7994895241330027,-28.96533187957844,17.577885119451185,0.065
0.928986754236802,-15.968910558383415,12.588213187865511,0.0325,0.9727973833814346,-18.83089713346348,8.314799762831944,0.0475,0.9066292066241788,-21.781261121108315,13.894019387700975,0.015,0.6953585030327415,-35.33758023919487,17.349377839522404,0.075
0.9696669781542984,-15.100549030730114,12.564532071943898,0.0475,0.9891571253477844,-16.780340184229484,9.335888093085645,0.04,0.9705338207578604,-25.695301394319426,15.961691893505698,0.03,0.8187152814475822,-29.898020544987848,18.471566093605887,0.08
0.9044119622439903,-18.353998415896307,13.700923269984349,0.03,0.9897613490470278,-22.149217284854924,9.496250588771517,0.03,0.8760908777637223,-25.952916475792016,14.497129705417493,0.03,0.5539088975547565,-29.023467372025273,18.448519197737127,0.0675
0.8952672751673021,-21.07068558757202,12.894463103941794,0.0175,0.962272869600248,-25.90804156128918,8.84836410376576,0.0225,0.8920131364671788,-26.425910252551063,12.351247043996395,0.02,0.7429401249409099,-30.690845277820713,15.933003500915088,0.0425
0.918121487935282,-23.99797570566715,14.815511285907226,0.015,0.9891022556734772,-28.261436032820164,9.378478664050675,0.02,0.9271862687909664,-31.25216451950623,15.923208947842156,0.0225,0.7003212429563637,-35.124904447738324,19.951280868615143,0.0375
0.9479763489523333,-19.099077171756342,13.580106808321354,0.03,0.985868704204222,-21.59880123589762,10.156897337958465,0.0325,0.908157326559708,-25.068454337753188,14.318237665399295,0.0225,0.7990792413328192,-33.454788467356465,18.45896649000231,0.055
0.9542807700771909,-20.28516160468284,13.290632899849836,0.0225,0.9907486676378068,-23.62537308774133,9.230419708894203,0.03,0.9730245971873326,-25.952081596860808,14.630809205203672,0.0175,0.7243175984063144,-34.065188053773255,17.458120025677964,0.05
0.9871252490719892,-20.782512471870724,14.428388085500785,0.0275,0.9948446940013288,-24.942719958438285,10.410772730011328,0.03,0.9895404204088674,-30.19111476856264,17.13119999106266,0.015,0.9551042036646276,-40.41711716374988,21.012364764182387,0.0625
0.8906176363630735,-23.186568785065777,13.620862404468024,0.015,0.9859529951068964,-28.481311385812713,9.820303758991406,0.0225,0.8937345426199421,-28.941683795211304,14.054868630144075,0.015,0.643605033385748,-35.32535980158063,16.222126771202007,0.0375
0.9592663113552393,-21.860489328282284,11.047657345445586,0.02,0.9954387627460488,-22.711660145660225,8.272345478268672,0.0125,0.8448118742063845,-33.859852612019054,13.749829977711814,0.01,0.7037965936560117,-38.281236587715846,16.272563738834684,0.03
0.9246578472452336,-23.755120569719608,13.673447477129042,0.02,0.9890403545660198,-27.72488798255168,10.56168290931656,0.0225,0.8624705825023488,-28.38948459762378,13.714409442314306,0.01,0.6911469481801494,-40.6567984938151,17.851588847843495,0.035
0.8947232085635083,-20.16267789766609,14.063689659144789,0.025,0.9855136158273786,-24.51508486468993,10.896918920530824,0.0325,0.8171990510644823,-24.268786383446734,13.648889815494734,0.02,0.753802358230064,-32.441344706611886,17.18534787173608,0.055
0.8389650309913386,-17.01052083043272,14.025597440272016,0.0275,0.9869953103929102,-24.6327171317541,11.050294602251268,0.055,0.7866425178954043,-20.66336766484794,14.17865708505104,0.0325,0.756877990350493,-28.498200555732733,17.964491903807776,0.075
0.9356511183742443,-22.61808132103837,13.73621672300964,0.0275,0.9721008838438749,-24.314385252762186,10.570499161897343,0.02,0.8847257585847832,-29.80905054251356,14.998500905592483,0.01,0.7135736790481992,-41.36304977529288,19.283364104167283,0.04
0.904018540088366,-20.98648129083037,15.42547340388344,0.0175,0.9221014825030168,-28.714181396852474,10.65721629028506,0.04,0.9160405267577958,-26.61242710390212,16.93336640000671,0.0225,0.8874180905592557,-34.8525599464338,20.16496975115017,0.0625
0.7608494095151781,-19.39790855451306,15.01082817118204,0.0175,0.9621879740701152,-27.5529799624136,9.997589213144678,0.04,0.8698010917232106,-25.562910492587434,15.75870485311568,0.0425,0.4171970174570583,-26.91468418515945,17.65870378968461,0.0725
0.913885219366669,-20.530454760495576,13.200640297526045,0.025,0.9879032747772488,-24.790084214790863,9.9131758106413,0.0275,0.898554197916394,-26.17352612921536,13.604817870406082,0.02,0.5634450101238054,-32.58488376270508,17.202749176924726,0.05
0.9768196091601944,-16.920537024576767,11.630551630530977,0.0375,0.9956276776686347,-20.144658642673388,9.569107681164237,0.0375,0.9520315834986761,-23.461596951100887,13.725008594098295,0.0175,0.8683669830430054,-33.511092927221064,16.521690697253177,0.0625
0.9739618553222193,-19.94266903065592,12.842141821041377,0.0275,0.9896449661898168,-22.644794943657473,9.716589037347788,0.025,0.9635588819592908,-26.564886912665468,13.653865159848923,0.015,0.9347760551112866,-35.17173526690051,17.410308606397088,0.0475
0.8424907228029811,-21.70343225945116,14.467929632173629,0.015,0.9802816598807548,-28.590792430573053,9.340837938380083,0.0325,0.8122389631288403,-25.82551469162695,14.65282223410862,0.0225,0.6930917107297493,-30.752452792336417,16.718971840280076,0.0475
0.9408941180416299,-24.599838195772875,14.517168993214565,0.0125,0.9745168370632196,-33.31908709809349,11.29373518025284,0.025,0.9467281549203527,-28.65945291087297,14.186697928842552,0.0175,0.8504014416339611,-35.2139126020699,17.536407308960605,0.0375
0.8375398769661737,-22.62072536730028,12.124802509075591,0.015,0.7712973130390193,-27.28231293434773,9.710555301057155,0.0225,0.8653127099537812,-28.319057321222918,12.784148722641962,0.0125,0.9098036286349264,-41.13460091162997,19.748422018157125,0.035
0.9427295890611778,-20.849992866496443,11.603872496236848,0.025,0.9700597050670393,-23.017167585736996,8.537079277906567,0.02,0.8946134425454436,-28.17494812466876,12.905143982549681,0.01,0.8850486744167447,-40.901352053533785,18.028505738811006,0.0375
0.9808879404751568,-28.889867728038165,15.235250269212916,0.0175,0.9961461451240866,-30.833223446718037,12.002516981551867,0.01,0.968465324301596,-39.07620924238089,16.704884024692035,0.01,0.9005912051896294,-42.35995789080544,18.002252788574502,0.0275
0.9876486450053312,-19.11201243837332,10.008038316253351,0.03,0.9871374111883784,-20.673850514683927,7.535906316901038,0.015,0.9872956874350685,-30.964619743325883,12.681345095670679,0.01,0.9608558069914133,-49.47252904359057,23.549308749620096,0.04
0.9696701139177756,-17.80184822961378,9.416798767634436,0.035,0.978357093487822,-20.41097595876839,8.105007130681795,0.02,0.9436730831669934,-27.38775653405332,12.454942070816644,0.005,0.822118360137707,-52.07756845279641,16.537879914250148,0.04
0.9730533748227024,-29.168736720010493,11.961384796699392,0.0125,0.9811171949214724,-30.52141080013005,9.312128705845492,0.0075,0.9697486071582624,-42.24977341303032,15.440561225368809,0.005,0.8537712646853369,-58.89411765943498,22.004403648417203,0.0175
0.8648666695234504,-21.285213212440784,11.995750692826215,0.025,0.818130172914685,-23.431567186965754,8.80209441675883,0.0175,0.9089919898591396,-29.647804525908743,12.909411266692878,0.015,0.8297491390742244,-43.602081157180045,21.326502821427415,0.035
0.945093567212646,-28.644099682094023,13.328341938215472,0.01,0.9894294026603464,-31.125042646793947,9.13111256844288,0.01,0.8953225697011961,-38.12348046923388,14.675126082825386,0.01,0.784438074050862,-41.78785407409136,17.80830991851483,0.0175
0.990577745282124,-23.310248924639843,10.720564773157683,0.0175,0.9905725510061224,-25.742625251618247,8.680894805707512,0.015,0.9886726049048188,-34.10508649878323,15.209578168242746,0.005,0.8941416162797884,-71.14970447599693,27.461383495251333,0.0275
0.9890189328855769,-23.86584484703389,9.88535147734581,0.02,0.9951563254409836,-24.45201392818141,8.371769658795614,0.005,0.9622539883526128,-46.23036811477698,15.601571495952552,0.005,0.8300985070014748,-62.59568113353173,23.46104965362668,0.0225
0.9712773616727568,-20.506147524620378,10.834129306941202,0.0225,0.9831424894236658,-20.872492610260313,6.269071234054495,0.015,0.9708552611839106,-34.37752656773063,16.327775059661413,0.01,0.9242679505903538,-43.54439120394167,20.951368833136435,0.035
0.972696970675883,-16.74575598275674,12.429667842416189,0.025,0.9897184955852698,-25.549147147554848,8.791166767150298,0.0475,0.977620366269816,-20.774849763010245,13.255599116189616,0.02,0.9254354141996498,-31.818563957491182,15.999734906275275,0.0675
0.9135234926625682,-20.663492817015737,13.477858957526095,0.03,0.9571819093791925,-23.28910105472698,10.600891058185612,0.025,0.8727307459460845,-27.415417888266205,13.97940008672039,0.0125,0.6016704105147558,-38.318312227831456,15.555496492319625,0.0475
0.9698582662585797,-19.24860106044715,12.273293260559912,0.02,0.9958021613953798,-24.202769115115593,8.849291929764599,0.0325,0.9490796065419695,-22.71515481142079,12.772419474390533,0.01,0.9880064484754411,-39.02979549200154,16.19614276363236,0.045
0.9704921169666963,-22.607603172555663,11.745269126290012,0.0225,0.9764906860431504,-24.202005462199303,8.861038622956439,0.0175,0.9807461225734856,-32.046193274213415,15.1829701282404,0.01,0.9084654842752836,-42.875980916540506,19.297961582699603,0.035
0.9090450455780398,-26.38984886466348,12.808659676837827,0.01,0.9651069259662202,-32.975303276990815,9.936079769919331,0.0175,0.8670223385166353,-30.57120712179249,14.212935333854542,0.005,0.8950038038104438,-48.2638370162005,18.4647195322407,0.025
0.9577205805035875,-25.39874534291136,14.21963134351662,0.01,0.9619434304762805,-32.14839800619413,11.088940469500969,0.02,0.9649746500413574,-30.623482355835506,15.346821789997367,0.015,0.9518103707949834,-38.86375482636928,18.91725748523339,0.0325
0.9714760651809637,-17.977346055629553,10.722516424487047,0.0325,0.989453962139818,-18.920444827937757,7.587725650035317,0.02,0.8596555516570031,-29.897516759757387,14.158842773380265,0.015,0.887963487897661,-36.11150741195123,17.91631164766678,0.0475
0.9197729298885335,-14.730786939913266,12.186359128028736,0.04,0.9300818228073624,-17.509939593547507,9.125903101927276,0.055,0.9492686155031812,-20.46115649460046,15.068957314666125,0.01,0.8198007676734025,-38.115901735036545,16.998637654361815,0.08
0.9560842366530692,-23.290432797058408,12.29381333305207,0.015,0.9712417236601116,-28.6626967625932,9.469987104264796,0.02,0.9584564535411446,-28.372735238465307,13.516332626003756,0.01,0.8511625900217841,-42.492244080647694,18.8589132180534,0.0325
0.9676058960104624,-19.5186971224741,11.378379358404185,0.035,0.9855603999930465,-21.190622476992772,8.542265089918251,0.0175,0.9804361078190755,-29.424205140457268,12.76527328611521,0.015,0.8464202898849054,-35.86947301710975,17.222043713097925,0.05
0.9736556604982274,-16.213980613380937,13.015671979612424,0.0225,0.9953750359372292,-23.9945425616941,9.913220101890674,0.045,0.9656557479245697,-20.884368745452846,13.499566226613911,0.0325,0.9336332565580664,-27.9202973928456,16.711587876038188,0.075
0.9745418548349736,-21.896683286679057,13.029548722869654,0.02,0.9836192136957962,-24.83990346398114,8.86439482892031,0.0225,0.962802460239156,-28.057442598579684,13.678074957458874,0.015,0.9947807706280664,-33.51801389365389,15.796924837213648,0.04
0.8638023943328771,-17.647713245364372,13.170342147258063,0.0275,0.9547457402334114,-20.94691214372211,8.430374624938448,0.035,0.9678060756667554,-26.59981787391637,16.09453181593878,0.0275,-0.0078875201018364,-33.9364626931011,21.417321143404425,0.075
0.9650055163125095,-17.914742706744523,11.968506508439074,0.0275,0.9927050520935969,-21.979297535413835,9.656860079130372,0.04,0.9510904382858085,-22.101407687634723,13.024895367426472,0.0225,0.8841704835932187,-35.99468846003248,19.367816097047314,0.0575
0.961724841182199,-19.68197540753316,12.625140719779965,0.0225,0.9926292995887454,-23.33832378733717,8.686388544118303,0.03,0.991088900535491,-24.40180225469978,13.457851231726423,0.02,0.7210497564108531,-32.19316838646836,15.972592921491671,0.05
0.963233123646801,-14.437382363096614,12.585660859804179,0.0375,0.9792274551447194,-17.688739547394906,8.032978036545098,0.055,0.9775324856193333,-19.95753886382954,14.248819452277878,0.03,0.7434968089148877,-30.862199437076754,18.945317773899177,0.0875
0.928680291800534,-20.01103429893277,12.516420884180132,0.0225,0.9425990651054987,-22.95105493646892,8.570268374873457,0.0275,0.9690976133867201,-25.250303239260305,13.500540533580011,0.015,0.8186492387725706,-40.993104500606506,22.400890155075018,0.0475
0.9313506736878401,-18.21152328814164,11.582586354058245,0.0275,0.9887098078211941,-21.4957536381661,8.837405497348739,0.03,0.8694487444268433,-24.382036628112758,12.714625896193182,0.015,0.711313834181254,-39.87629330274723,19.247793617943135,0.0525
0.991321908749433,-22.36232482044568,15.428835425785303,0.0125,0.9978020552244032,-32.07984445067685,11.53987141643023,0.03,0.9961881698744834,-26.999112329574288,15.943376801180069,0.0225,0.9174797516266904,-38.61791078485137,23.18206476245812,0.05
0.9866133962725184,-24.70165124554167,13.662117742433072,0.0175,0.997357881055804,-27.43240599768392,9.944341585096828,0.015,0.988067827487985,-32.76079527536104,14.934855449915007,0.0125,0.9204067930801836,-41.17850154074056,20.676456313118504,0.0325
0.992596999784561,-23.383384636630502,13.784322299363225,0.02,0.9980265094705154,-25.6421473155715,10.110211071504303,0.0175,0.9905453435409528,-31.203545018732882,15.139538823300189,0.015,0.9355610970266302,-40.636200430166554,21.14984651056448,0.035
0.9721376649739282,-17.528238394920162,14.809379007132819,0.0175,0.9831802318314576,-26.754666819701974,10.363761407178316,0.0475,0.9812643510605861,-20.771333022495668,13.903899614722423,0.0375,0.9789945497498433,-27.665076464593398,19.340305866192736,0.0725
0.968754225106284,-29.709156137308288,13.97940008672039,0.025,0.980999967627342,-30.598258228694394,13.97940008672039,0.0125,0.9692216618724359,-38.044329025244124,13.97940008672039,0.005,0.7327370549899543,-52.84494765496001,13.97940008672039,0.0325
0.9457541000103848,-20.374564823125453,9.187190454231144,0.0225,0.9812563192531484,-20.94193858085097,6.060795915687251,0.01,0.9515210426213936,-39.48509688140475,15.43028322641182,0.01,0.7462271615428038,-53.6445748997966,25.812979407226045,0.03
0.8892034792617565,-21.002978506871138,11.834945804561308,0.0275,0.941648315482803,-21.77772959160145,8.905103059354088,0.0175,0.8284176033876745,-32.03049358170458,14.682649088649024,0.015,0.7736054632996014,-37.639668901060276,20.083365887239232,0.0425
0.9022382694369356,-23.062854756543526,13.071368075630076,0.0175,0.9494096976857797,-25.086722162680072,8.55725323962241,0.015,0.840661862286661,-34.07510936117902,15.235795495500128,0.015,0.719978853151469,-35.39241999789109,18.178673632553863,0.035
0.8428393548490706,-22.334851469459096,13.3670967662862,0.0175,0.9523278859902,-26.971783019808942,8.477067605515092,0.0175,0.8597204750192626,-31.11972486512112,15.236975056861672,0.0275,0.7791684807297582,-32.28023860488659,17.363460697186,0.045
0.9389336301746424,-19.39296355600884,13.60747743880101,0.015,0.9834873600929877,-27.207410681285925,8.919467770308948,0.03,0.9493303093123474,-25.1273935725478,13.48540899495747,0.0375,0.9292467142087236,-23.843524612499916,14.405320634681816,0.055
0.9180112090341801,-20.872900191320937,12.707388983612088,0.02,0.9726727852695605,-22.820526070531916,7.289363974804726,0.02,0.8575712607011359,-30.84199629602055,15.579759635317043,0.015,0.7454384921717392,-36.35450873944648,18.810104564691866,0.04
0.9746082887290535,-25.358127762610323,13.254968236903943,0.015,0.990574230594147,-26.522091537928283,8.442463126097877,0.0125,0.9649247795431117,-37.222408859102615,15.769986634259023,0.015,0.9034131476047528,-40.2855353074285,20.89430468659416,0.03
0.9022736365466684,-29.95137874289273,12.204732457129708,0.01,0.9403394668612162,-31.922491639585285,9.14179934837962,0.01,0.8448200624356412,-38.80623628931682,13.472333495958246,0.005,0.3056235193034129,-48.05295194834018,16.408248881045104,0.015
0.9785215454586365,-20.6537502167036,10.582528632022315,0.025,0.999919824257283,-21.07838563227902,7.933569240497035,0.01,0.9462167916432014,-37.698424652729926,15.420798808198487,0.0125,0.4716177014318512,-49.95012180316547,23.77361044681846,0.035
0.6600145303981544,-24.584361618623294,14.90650050651182,0.0125,0.5154971375507541,-29.029148716453147,8.88538427193241,0.0175,0.7572302030145625,-32.44881548275247,15.36236734110032,0.02,0.6447305684716277,-33.81696461642693,18.688244139130013,0.0375
0.957451363956638,-17.841945068434516,13.388797148976767,0.0275,0.9493651778035818,-23.44429375373988,10.961174055735455,0.04,0.973215154564002,-23.410579527066066,15.182815255092486,0.015,0.9002730832797644,-35.82571934933383,18.3282965617191,0.0575
0.6694213310018295,-19.804397509151386,12.442989663274535,0.0125,0.7284051056482981,-27.89746310495871,7.385899510948127,0.04,0.679556317272239,-21.127022960263673,12.330578220912244,0.01,0.5953801561981682,-39.24872206275043,14.5604447833216,0.045
0.8468710434770501,-22.111557507612268,11.788247967107,0.02,0.9107647885951468,-25.412318114999145,8.68790265168663,0.0225,0.8583212246313238,-27.612752619440386,13.4225947254922,0.01,0.4792144404665129,-41.3549722424346,16.794024118492196,0.0325
0.975706271830397,-22.470637690310223,12.105946490799932,0.02,0.988141240438882,-24.959403532188347,8.293022994119887,0.02,0.9855617138321378,-29.751213354910597,15.240584049937098,0.01,0.7747698134881966,-41.830254911608236,19.20793234143362,0.0375
0.9335765697976602,-23.215307620099782,15.992418501986982,0.0175,0.9777108762835424,-25.886780265977368,8.365624978549077,0.015,0.9113433483330072,-35.972803873413575,17.12932939455325,0.03,0.897394182311328,-32.175484351678946,20.304988171167995,0.045
0.8431914294452668,-22.09391686539125,12.249265343145144,0.015,0.9438563079593788,-27.29749747323936,8.881343314797519,0.02,0.7893461241680377,-27.141989931589872,12.291518366853763,0.0125,0.7069102538888938,-36.753002742433246,17.104841770319133,0.035
0.9382799894013296,-22.828703893356128,14.202913621955815,0.015,0.9721303005073976,-26.372289642958737,8.349810287593563,0.0225,0.9082682245707931,-30.150848789865847,16.22559412254986,0.02,0.8909496905504847,-34.79742290340343,19.37090881706292,0.04
0.9647665964744844,-21.57589725624863,13.97834405856658,0.015,0.9879506376077845,-28.217920593417062,9.795818295593367,0.03,0.9696526192309876,-25.498471877800807,13.58223452903907,0.025,0.9428739910918038,-29.12560435895685,15.7447258014556,0.045
0.9235867434881584,-19.995737582554852,10.572098718301746,0.0275,0.9550331552610885,-21.184570592664944,8.976333328764458,0.015,0.7957265276691092,-29.713242403328877,11.612597764603901,0.005,0.29802234316508375,-45.540617836533215,16.827124603642766,0.0375
0.9207669920813235,-19.44240206729928,10.656121194473071,0.03,0.9545951995172479,-20.840925854167278,9.289745496448832,0.015,0.7843526883663559,-28.89709235234775,11.791989425747753,0.0075,0.3014169315641614,-45.428533480727495,16.93151873421418,0.04
0.9058787974535405,-19.905471787728107,10.765375046280923,0.0275,0.9489683784161834,-21.623880977141035,9.086130125177455,0.015,0.8113270330378393,-29.38130708761478,12.216756000749744,0.01,0.26947037830598464,-42.12594093288752,18.484392489848794,0.0375
0.9086156072117708,-21.477703193698257,12.361577756056114,0.0225,0.955314707301448,-23.364772909117196,7.488277981269372,0.01,0.9363030183366748,-34.680635809814625,12.975219437299046,0.02,0.8213706780182004,-31.70755116023665,16.760195418681988,0.04
0.946255834458381,-21.694316996700657,13.088601047335263,0.0175,0.9937567478849458,-24.106618783025194,8.945130418581225,0.0175,0.8254736766971366,-29.015543028115296,12.94203983790547,0.02,0.9195484551094906,-31.844089335947338,16.375035248253067,0.04
0.9724049930501595,-22.224379952872635,13.375539917063533,0.02,0.9956032427268532,-24.544757351224572,8.818473258551915,0.0175,0.8921764784210662,-31.848289818619133,14.085562241942906,0.0225,0.9496068806946723,-31.55925901872874,16.539521265005355,0.04
0.945919184397093,-20.16793805893937,14.624789467642106,0.0175,0.9857193180401684,-26.32239605905341,9.685868185292684,0.0325,0.9510308593279564,-24.046629524276778,13.680311889975066,0.03,0.9035577539754727,-26.785431078596098,16.036159413358813,0.0525
0.6248381212512781,-20.477785203211887,12.001140563797328,0.025,0.7074281540369577,-22.158705712124252,8.497851163755936,0.0225,0.5767472016748454,-27.42254546909195,12.877072089764315,0.0125,0.560728111520699,-37.25093834540843,16.974939054513317,0.0425
0.9435147888517728,-20.094820071129146,12.140348999074266,0.0275,0.9942999196358064,-22.828348703415475,8.987394248549435,0.025,0.8777523330256306,-26.71366233160833,13.421460188714534,0.015,0.7031504048594747,-35.804966624025724,17.74269621231342,0.0475
0.9158740393486784,-16.042548599453802,12.334882676177983,0.035,0.9742289938260856,-17.998482499025606,8.720820803261434,0.0275,0.9219187635013996,-25.061656322027343,13.581076473095536,0.035,0.623057361620459,-29.14980524941041,19.4793892029671,0.0675
0.8798911363196411,-17.17649659311831,13.406207166065577,0.0275,0.9413770015386452,-20.867347113989407,8.055750256642332,0.0325,0.8812177503196249,-27.37410690183318,16.415445394703283,0.0325,0.5999529495118221,-31.169803045000812,20.30567688901352,0.0675
0.8717597011415926,-22.412963155940137,12.683396210772091,0.02,0.9349813094462652,-24.31814681629121,8.746432218319892,0.0175,0.7322312583968918,-32.90265015985711,16.471845921627136,0.0125,0.4819722458256457,-38.62026632368496,18.964779605000835,0.0375
0.6938090255609857,-23.864577564060074,14.173128145586304,0.015,0.7290260283415919,-26.514819861732178,8.488874739179721,0.015,0.36292645547307734,-32.15867939783297,15.29215791391032,0.02,0.5719515618923158,-33.920486912080136,18.652408985281546,0.0325
0.919260988870328,-23.350288566177163,13.500797423840828,0.0175,0.9532130113303632,-25.728319077592232,8.435090483700804,0.0125,0.9475215089678216,-33.291595755017184,13.88976459378675,0.02,0.9057990597270972,-33.49373729086381,17.929028292620345,0.0325
0.891305264425214,-19.68453120853382,14.840386602003496,0.025,0.9620034925437556,-22.639788553496828,9.264818177461116,0.0225,0.8876933405531096,-27.606628940353207,14.527228683562347,0.0225,0.5367667060926662,-31.30234376619876,19.182250741927863,0.0525
0.957521646556735,-15.641842940682649,12.347061640372935,0.05,0.988280171520552,-16.85753398341334,10.897367463187036,0.0225,0.9325085788736832,-27.702581761324065,13.717766407530709,0.025,0.5621749387555167,-31.754427098275983,17.384573798738877,0.07
0.8943553456685271,-21.965124885488493,13.763786050454168,0.0175,0.9569010787529203,-26.125767031340107,8.226631681643767,0.0225,0.8212610275215595,-28.340067307417904,14.806418859493952,0.015,0.60479563727224,-35.4702855910366,17.446279635863682,0.04
0.9015119256137876,-18.669252062168344,11.36336115401668,0.0325,0.9812425429502116,-19.189242483478694,7.678413105653292,0.015,0.7695377017469326,-32.861771395681394,14.637120441310367,0.02,0.6932468037516848,-32.00167582486829,16.475628089846698,0.05
0.9453722246188032,-15.100549030730114,11.993088816086782,0.0375,0.9580846823926596,-17.75714223213872,8.126282123776447,0.035,0.8947731458598258,-24.75082697270448,14.734555057364735,0.0275,0.94365995030642,-29.0477164109964,17.121200982598374,0.075
0.7070952875245884,-22.83211039321305,14.493045429910088,0.0125,0.906366811022054,-30.268490524408563,9.870747735470488,0.03,0.7262331349920901,-26.050461738442724,13.97940008672039,0.0225,0.3042936723943817,-30.470734095377477,16.081743053953424,0.045
0.7675195735056056,-22.55719572460925,15.083053900299351,0.015,0.9647749101717504,-28.90508846400538,9.511506371178957,0.0275,0.8163372274253013,-26.82549950494506,14.289267301748225,0.025,0.3691477796150351,-30.732344542131564,17.553938622024198,0.045
0.6091985261421977,-22.678021595706326,15.27265055672234,0.015,0.8510976562802122,-28.404506615949863,9.601261882467476,0.025,0.6123479880902559,-26.51200523289353,14.038723297085513,0.025,0.2206004916307891,-30.224106704001485,17.765217207966174,0.0425
0.9603650994657188,-21.452532911628715,13.22388096760145,0.0175,0.9821230538631684,-26.525773721437208,7.250673121907148,0.02,0.9822129010913796,-28.4588618239951,14.397487290829838,0.02,0.844332239970225,-32.364697759499734,17.188448605312345,0.045
0.8636074245670163,-21.52122291622777,12.0698854440839,0.0225,0.9015452542827054,-22.699146513232265,8.526478262072597,0.015,0.8042516980775861,-32.615964682033805,14.291291518715042,0.015,0.6190974507392466,-38.33392258773598,20.640053042452287,0.035
0.8667252674633584,-20.92492763961848,11.910426480458494,0.0225,0.8924559520193418,-22.51090317213714,8.430003309090509,0.015,0.8099702058238665,-32.62807132131556,14.690003999135367,0.0175,0.67878362536057,-37.15360567048637,20.51040317379495,0.035
0.8835150086655997,-23.00708228376333,11.660056011462434,0.02,0.9368277980067468,-24.89794249137956,9.130631185141974,0.015,0.8602166829745934,-32.76768877512068,14.150355436428384,0.0075,0.6535099878652524,-45.5246862031053,19.89755133844739,0.03
0.9662518125072512,-25.87480316968725,13.81182279726998,0.0175,0.9682410584870133,-31.372072635155682,11.462856880461135,0.0175,0.971724430990796,-31.050199916544976,11.794109025143644,0.0125,0.9038914403147565,-38.3084019528886,17.870659059296045,0.0325
0.825351126641849,-25.16649758117976,14.542919942509425,0.005,0.8120367155546163,-36.78760331919258,7.71561910335145,0.0225,0.8366781240380298,-27.671512346077552,13.388389068574137,0.015,0.6179765299307443,-37.63823478983406,19.059709487105053,0.035
0.8641928554223318,-20.302235778135532,12.761057896667936,0.025,0.9435919693387408,-23.05602118376082,8.516243563102856,0.02,0.8606197890666389,-28.103511130715898,12.120127291441392,0.021249999999999998,0.6999491378701624,-32.543409052690855,17.311002714772272,0.045
0.9627622239126826,-22.515882388262774,13.921881977860671,0.015,0.9803392401316866,-28.158040396983367,7.874555995199764,0.025,0.9800334756211678,-28.291256248523908,15.174980791219603,0.02,0.8886143970898615,-35.11367904301843,18.338930066147558,0.0425
0.9130524733875992,-20.905971988376606,12.02364314791922,0.0225,0.9777719867884068,-24.05946872766378,9.385363991598169,0.0225,0.8411946248185537,-26.98188641865785,13.15831980129217,0.01,0.8599194819310333,-39.43191218111605,17.074813321932417,0.04
0.8641865569571849,-22.84340083364444,12.907907947531665,0.0125,0.956915841129999,-31.217516307763916,9.844120569169736,0.025,0.8603879248202121,-26.478493586546143,13.160057175818073,0.01,0.8851844704989081,-41.830134562207476,19.681658146913822,0.035
0.9621750700932028,-21.158209903439648,12.298480824887076,0.0225,0.9812372626927668,-23.39782970244211,8.82881853672224,0.025,0.9365467430635172,-28.403998794370075,15.228002220268603,0.01,0.8706364046246271,-45.083493589891134,20.671837651868135,0.0375
0.8490592232774803,-23.73484328197394,13.66381663925265,0.015,0.9339025876511571,-26.449874259733633,7.7689401529277955,0.015,0.7641040753533676,-32.112993974824306,14.955503445494024,0.0175,0.692820584438281,-34.608432846474614,18.9849000960497,0.035
0.8568300350871735,-23.69260936927762,14.161852004186438,0.015,0.9370917242538244,-27.843977757104067,9.05261309944368,0.0225,0.7953395161942283,-29.716847142769485,15.3073819858193,0.0175,0.8541310421080778,-34.48127188458312,18.469628189503617,0.0375
0.9316377095493591,-19.081230285979245,13.572701467246675,0.0225,0.9736305400790325,-22.336077274075357,8.761632300593106,0.04,0.93876448411758,-25.191397117061058,16.734235439365825,0.025,0.6968053071552849,-33.084725977041174,19.25466307846923,0.0575
0.940025055251925,-19.435086053009464,13.552571916838652,0.0275,0.9818012374607764,-21.271963240908363,9.150290428716948,0.0225,0.9005167196086056,-28.120979202524403,14.930363197459144,0.025,0.7966347642402544,-32.80064304528533,19.160489763686027,0.05
0.8334168318050789,-19.392698638599644,12.73697389614926,0.03,0.8547889637205042,-20.316212471123286,8.531288758794616,0.0175,0.8611535000661146,-31.13623818296865,14.191166449583156,0.025,0.8047759840233513,-30.397531731398203,17.075076352750834,0.05
0.8105089235922219,-26.06608187300036,15.697146689643542,0.005,0.9112662708959952,-39.22235248739228,7.974317661776482,0.02,0.8222821277897853,-28.77512879758852,13.582742336182374,0.0175,0.5011251358944856,-36.478950336589726,18.84852366796404,0.035
0.8136989951349578,-15.4301848243685,12.107932164156542,0.0425,0.7985501719477685,-17.506176697409508,9.15033375371074,0.035,0.8999170189648145,-24.55994402243398,14.008366879338574,0.025,0.4710079283157448,-32.7954984973515,18.9594666002577,0.0725
0.7560851956893158,-20.87907831076713,14.00610168169791,0.0125,0.9068612955627666,-28.784920287938956,8.961790519213336,0.0275,0.6121945182257831,-26.02945025090044,13.567203101237453,0.0275,0.6927059218982223,-28.57367178566864,16.194931197960283,0.0475
0.7008494897437995,-24.31885709869259,12.681636257199717,0.0075,0.6621051394629084,-36.17017989765661,9.441975087044064,0.02,0.6974261184635386,-27.2104338312283,13.347091721831266,0.0075,0.45370426713966305,-40.461022910643024,14.925150312254086,0.025
0.8527551569374175,-24.574485175345288,15.94543809990353,0.01,0.9734215266036095,-31.548743580604203,8.710606164422254,0.0175,0.8775687982070504,-30.438279753701806,15.344146059421497,0.0225,0.7076807547745465,-32.41358106309916,18.43615041231792,0.0375
0.895197131628758,-16.264697558996303,14.563341416597398,0.0325,0.9689613133200078,-18.575116796779888,7.955431723849056,0.0275,0.8909140930109167,-25.882262117989207,14.53018390941254,0.0525,0.7794833137491353,-25.888646067743572,20.339563622350568,0.075
0.935301968156056,-24.858912627978818,12.502940274943917,0.0175,0.97884710335217,-27.29249642874825,8.582773230900854,0.01,0.928617268619621,-36.50644286223032,14.692061218552594,0.015,0.8761947594486781,-38.53530455728373,18.615565317548125,0.03
0.9454755589495374,-19.1492357346961,11.82134540875194,0.025,0.9837411186610378,-21.350989071641997,8.48320662734359,0.02,0.9598629037037856,-27.788195612817912,13.062859601551736,0.0175,0.4368575586326047,-35.88891514697033,20.002376005168195,0.0475
0.6688957210221804,-25.38730061989262,12.76205310832431,0.0075,0.6563879244393189,-36.233730351605885,8.701095656106151,0.02,0.6227867101855299,-29.22315669035281,13.190905807526672,0.01,0.3717276262560098,-38.34101366648993,16.344685936625517,0.03
0.8648761641047744,-22.533865197801738,12.654351162366648,0.02,0.9790714623105095,-25.31633637919755,9.844367802729856,0.0175,0.8664123193412117,-30.132829370773376,13.443127212621281,0.015,0.3456573219058189,-35.888477060837516,16.824115667784888,0.035
0.876068842418623,-23.974132503372147,13.0805669745829,0.0175,0.9796046783681784,-26.756082667575026,9.581899213136474,0.015,0.882905694472065,-31.85661468554382,13.820170471152409,0.015,0.5014040615117511,-36.17504167114559,17.10746273586568,0.0325
0.8558349591896088,-24.129635143473877,13.03457164389635,0.0175,0.975002672100294,-28.4226893454262,9.560488756065284,0.015,0.884348020098392,-31.549896476445426,13.416131795916368,0.015,0.5449694934523499,-35.59796872624315,16.908433439543074,0.0325
0.8645369725394215,-19.839273611421696,15.403122659213963,0.0175,0.8504652230459375,-25.13840104817791,9.17140373818937,0.0525,0.8936437323542745,-26.486188416187233,19.077638655435987,0.0375,0.8406015710897352,-31.9184459230243,20.83078031165315,0.065
0.8147461425682746,-24.245931099202544,14.071037976928945,0.01,0.9476316755290239,-29.877360340392055,8.178171654198874,0.015,0.8457934306570327,-32.80246124848084,15.641878046374885,0.025,0.7041715180491122,-29.279942494337703,15.805261253152828,0.035
0.8346942021860699,-19.08219987001633,14.165889426535305,0.01,0.9121065150321376,-35.39624494034991,9.34806654616045,0.035,0.7648420729616691,-24.158516204352797,14.298714130423582,0.0375,0.7300930522534805,-26.912643222515435,16.90474571189953,0.0625
0.777566023362841,-25.06600131902556,14.534347893207803,0.005,0.9125233281986337,-38.10739877809353,9.889882560828799,0.02,0.8276206287681549,-28.853225033230004,14.489764673716738,0.0175,0.6192594612600553,-32.26795313265278,16.1584820917942,0.0325
0.9056526746138647,-14.296718929863175,10.955023431635798,0.0425,0.9531220878200672,-15.924266913791413,8.066512994434667,0.0375,0.9134355291423908,-22.353405419039383,13.1873374209605,0.02,0.5026079044696985,-33.47570939177557,16.77856272445066,0.075
0.4925054798103879,-20.45658425833052,11.163791380390185,0.025,0.33055765538161574,-22.21989034261886,9.312638068402523,0.02,0.4993994809308756,-28.99588903766106,12.73650991865272,0.005,0.43592820678550004,-47.212989894739344,17.818492665950643,0.0375
0.9634083633904632,-20.639815268939962,11.63120076262473,0.0225,0.9757684161245705,-21.30623980797645,6.929952468913708,0.0175,0.9563338272996573,-32.58822865498926,15.969888642695924,0.015,0.887967941112376,-41.97547397685244,22.39312908311231,0.0375
0.9120639441296584,-21.2848877349538,13.69819226487358,0.02,0.9749912244971436,-24.95658406613516,8.876022515989744,0.0275,0.8813984706332424,-26.329818756847395,14.03490723240073,0.02,0.8096344270563277,-32.51718245877567,16.44901363877581,0.045
0.9387175361584588,-23.732989126526427,13.49188475427639,0.0175,0.9557238248789722,-25.81928178136883,7.944746041467846,0.015,0.8368067299514648,-35.700611366571586,17.1732674928353,0.015,0.9670155947169576,-35.87979881001046,18.54582163469969,0.04
0.994524668573308,-17.906277599719207,11.728846826514328,0.0325,0.9971602463992651,-22.15876729784587,8.43673968739607,0.0275,0.9964848404079674,-25.962555553603814,13.2101928312007,0.0125,0.9907435753090756,-37.11304967946839,16.386923970600975,0.0575
0.8188507906185645,-26.732071672524306,13.74992848491674,0.0075,0.9664975099115688,-40.00914681601342,9.672305138599793,0.0175,0.766088828069607,-30.292519232005187,13.38599347777725,0.015,0.763515628857095,-34.99770467143267,15.400739276729354,0.0275
0.8682654437720851,-23.081009034282204,13.321415214786256,0.02,0.9792151721837008,-25.63159923935881,9.95853704869375,0.02,0.6957813855172083,-27.858964254332815,12.957582953897564,0.0125,0.6952343553703619,-37.38755831551112,16.29085121115683,0.0375
0.9360545358813296,-23.121124967581014,13.5911514310714,0.015,0.9991836446275458,-27.352687520676863,9.83873590767741,0.0225,0.9067257802698964,-26.568596713026057,12.907944480615049,0.015,0.8952506884197289,-34.938251417197975,16.535585724056567,0.0375
0.7909472252129479,-23.602671368611848,13.583459588419533,0.0125,0.9737919221107685,-29.611852597074382,9.570892698341908,0.0225,0.6851102666844606,-27.37307595899476,12.898953307388808,0.015,0.7912542000240514,-35.93345195611727,16.39650279667528,0.035
0.806529904034988,-22.054180897044688,12.757002016969658,0.015,0.9602581667887384,-30.596832378650657,9.767029800814822,0.025,0.6979737107693945,-25.29023005047332,12.663982565599484,0.0125,0.6561342708122476,-38.50832863594304,16.179834813926966,0.0375
0.7640397261629885,-29.69501829735192,12.50831580436329,0.01,0.9573864699788717,-37.093671357683036,8.767632759799845,0.015,0.6840465232469262,-33.091770647185115,12.985744450947593,0.005,0.4486100699812925,-44.86146157850743,13.97940008672039,0.0175
0.8084765640359121,-25.233774604093256,12.673179084323902,0.01,0.9968417801269036,-32.82095777348848,9.039362868598012,0.02,0.6895500407322179,-28.943735664332763,12.786071098521594,0.01,0.4611325620807475,-40.17711657331204,15.061509306076337,0.0275
0.7540896381966736,-26.39767925699825,12.990758788765444,0.0075,0.9837958362773068,-38.51574182950535,8.716821642758449,0.02,0.6686590951542807,-28.479383023451984,12.531446343699209,0.01,0.5739429025547369,-39.40419336816639,14.543453156397405,0.025
0.7432934232598406,-26.645603743294032,14.754151217214313,0.005,0.8482549599705442,-40.20215712542138,10.993624872741783,0.0175,0.650662627367092,-29.93993504294658,13.818929868075374,0.015,0.7424574803145583,-35.00670707600338,16.963674834210337,0.03
0.8638981579186046,-23.055527665370366,12.93022820624125,0.0175,0.9888812291607854,-28.55130128849452,9.224755195294334,0.025,0.7983429605193398,-27.08766717806164,12.570102660378955,0.01,0.8014847755614478,-39.26885886097487,16.267008596598533,0.035
0.8759920880716987,-23.87195816018965,13.108838384917398,0.0125,0.9584986526413974,-30.278896417843505,9.02115238226899,0.02,0.8059669691196868,-30.6551512780553,13.650238275835504,0.015,0.8524683013802477,-37.61762836823861,16.927197449248943,0.035
0.9734814568486663,-21.731025415205494,12.63798520670197,0.0225,0.9933096147506106,-24.45376611973186,9.687754668392564,0.0225,0.9587218861463718,-28.30148947467027,13.208035820040443,0.01,0.9460665401699211,-38.79702346193583,17.800300800135574,0.04
0.9023993107409751,-19.823673712230253,12.098202471277602,0.02,0.9861829858848887,-23.93955731715411,9.113465675584456,0.0275,0.8328379212684658,-25.51791085548073,12.990841309529824,0.015,0.8776395369401346,-35.996603492285004,16.935509839958144,0.045
0.8697300850510992,-23.31770882912542,13.428938897410582,0.0175,0.9843686233283552,-28.6338649750692,8.775448167820537,0.02,0.7778412202798235,-29.349695801869373,13.85950637942289,0.0175,0.6989309323236488,-34.924266908839016,17.634696156584944,0.0375
0.85287185134813,-21.290762510945406,13.734734643080905,0.0175,0.9645094566235237,-25.948441066648307,9.765818161354748,0.025,0.7882152174505224,-27.11706022352992,14.003233963968832,0.0225,0.7696270643431732,-31.597279881895517,16.78885600835904,0.045
0.9130219025553195,-22.497368930573817,13.158272712471902,0.0175,0.990847409598521,-29.369731552241333,9.149056313585032,0.025,0.8571007189324438,-26.66467078163553,12.980289785515371,0.015,0.8239452801661753,-34.39426904476397,15.970672553344915,0.04
0.9199049808150104,-22.873208251676584,13.638427113196077,0.0125,0.9959665231222308,-27.934574376041617,8.942220196417331,0.02,0.9413950807478468,-27.762838654376942,13.494530721786155,0.0175,0.7840820407378468,-32.46395023811684,16.30193880264233,0.0375
0.8168086258032831,-24.52639534229857,13.919632634826474,0.01,0.9893148193833682,-32.22939810005637,10.170594940417013,0.0225,0.7224028341688452,-29.142620416357857,14.069260374971382,0.015,0.7770357202639318,-35.20761504140756,16.426693644389402,0.0325
0.9007414354273489,-25.496367796870413,13.295912811376223,0.015,0.9503938633449269,-29.192236188655855,8.141436919566909,0.015,0.8283156965608183,-32.840006718528414,14.295474916501597,0.01,0.7663721397309793,-37.41622611432864,15.886068130465702,0.0275
0.9233711901795324,-20.50701859792826,11.830849919256902,0.0225,0.9869403100447998,-23.359509713199493,8.632350153507533,0.015,0.8266713666822699,-33.158538159079846,14.816693878840304,0.0175,0.6503598909251743,-31.486996761306504,15.28787033616571,0.0425
0.966022960646734,-19.689645067756054,13.154854309874768,0.02,0.9982284986661268,-27.191648294832845,8.804589403048027,0.03,0.9306097594114292,-25.18150189893708,13.790995691407694,0.0225,0.9094657352561696,-30.869735798917034,16.727663429660826,0.0525
0.8562069386582554,-21.163838690141837,13.048893918531748,0.0175,0.9628278381337494,-25.027725616812184,8.692602346088053,0.03,0.7932560976687112,-25.091461910683574,13.351160286513288,0.0125,0.7172364040239587,-36.67145578371313,16.203315404773925,0.045
0.957646595354607,-22.17792981435073,11.68245505298206,0.02,0.997274621202698,-23.581131597069174,8.597388536790127,0.015,0.7488714917985158,-31.45385816368627,13.751379795506628,0.01,0.8852900996376026,-38.911682984298935,16.865403729250385,0.0325
0.8928819508254018,-19.570258245100888,12.675882714925152,0.0225,0.9907609747198274,-24.802084989934706,10.160817285225978,0.035,0.8132347532662754,-22.44530650078666,12.311290754686611,0.0125,0.8476355319827593,-36.76000129348993,16.45260056475208,0.0475
0.9009432600609432,-23.457303130499923,13.036312089688568,0.02,0.9959616439121908,-27.98345760194551,10.145043821825997,0.02,0.763288600660727,-28.27938983256848,12.180986755263527,0.01,0.7406922488105657,-38.05240878022063,15.82907486225518,0.035
0.9731543037663387,-17.62046152439604,11.482705983121292,0.03,0.9872500778917886,-19.20332131620126,7.582554431231771,0.025,0.9469807153916268,-26.45286487335505,12.993883197913716,0.015,0.9505779512778196,-35.45270850511565,16.52141112485163,0.05
0.9735081803166388,-22.668657847696988,11.71226280555068,0.025,0.9961777468533798,-23.635832073214456,8.539125371201646,0.015,0.899025763360312,-31.851325926030963,13.084854204487126,0.01,0.9420926705115696,-42.03945362446743,16.73398392543933,0.0325
0.8884885616111472,-22.44034361351713,12.404023137572793,0.0175,0.9897854161607855,-26.11334586809931,8.029623159363545,0.025,0.8042075153760813,-26.229207781312862,12.092618549208737,0.01,0.7550006552099353,-39.16222822770241,15.34690539255609,0.0375
0.8200919175503492,-25.770816160524937,13.05990380023338,0.0125,0.9810497470437397,-30.033078848287886,8.714168723006807,0.0125,0.829038020531012,-35.396191319587885,14.579586106552629,0.0125,-0.24156855606336197,-37.482857957305555,16.76895224187812,0.0275
0.9970531492025939,-18.444595892199164,8.197490151948715,0.0325,0.9997729003947319,-18.294926057897804,5.911943464397222,0.01,0.8466021204721765,-40.10364579118361,14.333534499934778,0.005,0.5881839349740046,-46.84289762959205,14.795680767204065,0.0375
0.9476729309544774,-18.140606592048684,10.732919514039189,0.025,0.991405173803755,-18.78326269335924,6.173803545865259,0.025,0.914101333133265,-28.972854092689147,14.244643454220345,0.015,0.5860218208345294,-37.476427643027385,17.214203388158452,0.0425
0.8992863308510237,-22.56056862923665,10.542974890700952,0.0175,0.9853558019813122,-24.519659485179943,7.246304570949491,0.01,0.7522960137983509,-40.60652257972674,14.277339038260536,0.015,-0.0089172770164467,-38.426509822191534,16.976957691146147,0.03
0.9977980486327793,-17.021803041782356,7.906894727628987,0.025,0.9999096796358585,-17.06394413975326,3.6816616622072997,0.0075,0.9592020394738806,-39.900522484553974,13.696600363292685,0.01,0.9698140014332668,-38.416615066307344,18.518350507909545,0.0325
0.9998789543855664,-15.00391745556919,6.5394342964316685,0.0325,0.9999559832077032,-15.199869310757578,4.323310984718701,0.0075,0.9972569592879084,-41.25903585608224,15.516814283446283,0.005,0.9999990738893764,-43.55531139568244,18.010526748937266,0.0375
0.9987985363639207,-14.646825723736317,5.8844585434072005,0.0375,0.999820561647905,-14.825753035506404,4.198821401549658,0.01,0.9225673288170404,-39.68165065529893,13.608812152999057,0.005,0.8332230401219992,-58.54046556168869,18.407102508122836,0.0425
0.9913336832184122,-19.45447911365008,8.098457338804176,0.025,0.995348819456967,-19.474549729700165,5.753087078126249,0.005,0.8291600181699955,-41.45759374974163,12.267809086338865,0.005,0.8352958073260668,-51.49696228710823,16.16534813924315,0.0275
0.9946271006405568,-15.675612062621632,7.795406097701544,0.03,0.99924391474573,-15.693694357364818,4.642603788630629,0.015,0.9469205629925233,-32.00684630842414,12.568243261354706,0.01,0.9646037578708496,-41.48695620756543,16.355292063883354,0.04
0.9915532003380702,-13.84370470192895,7.299688510402779,0.035,0.9956778675305776,-13.76148987334494,4.250752386306168,0.005,0.8553335700478469,-45.398841162544905,17.44599958799231,0.01,0.5229381001318789,-48.794450951512765,21.94001804510453,0.0425
0.9991219503530868,-13.357372125949874,5.9102457804214765,0.04,0.9998026524251912,-13.373685301183134,4.411738442681822,0.005,0.9509822318461488,-42.47554498284485,14.539517486557642,0.005,0.7983518536612311,-51.61761177148442,18.46722869032319,0.045
0.9986446595650418,-18.49541495114658,7.6569807850799645,0.0325,0.9996163516965377,-18.21198589031846,5.826351632588289,0.005,0.9184560539207912,-42.1963906516056,14.728508746016704,0.005,0.5967356129573658,-48.561104911972954,13.964391362276807,0.0375
0.993875728824737,-21.32850686130464,9.62312795203796,0.0275,0.997041436975028,-22.2113350129742,7.74885168583284,0.0075,0.9256195877899632,-39.83939567165422,13.471012731182974,0.005,0.9451396307037738,-47.88187112225661,16.3897167371315,0.0325
0.9931369210735059,-11.937384368614387,6.972644968053363,0.0475,0.9988853575810654,-11.880663384709345,4.700502726065724,0.01,0.9878989308612881,-36.69868763291881,15.33793220085553,0.01,0.6469966465808757,-40.094328281284874,17.864856601130167,0.055
0.9054978636160964,-23.83851138727128,13.47284834502173,0.0125,0.991146399051925,-28.53437725700963,8.648070142029976,0.02,0.8022910184423545,-28.26297413564544,12.925002409048355,0.0125,0.8181377127741658,-36.11354884322988,16.033962663499384,0.0325
0.9546546622757536,-15.24346729550599,10.588143161125862,0.04,0.9820782053065616,-17.027728355725234,8.551243110060696,0.025,0.8553775042530182,-24.59390306309491,11.999273529332092,0.015,0.8807305446142145,-33.68087538030476,15.740652306315996,0.06
0.7410902954691021,-20.29241724499073,12.691577619356474,0.02,0.8655357870427197,-26.034754669914797,8.396638305880598,0.03,0.6206791127958563,-24.39382024960188,12.724590544920673,0.0125,0.6442371356673067,-35.78132483193011,15.715405752795775,0.045
0.9055136875395665,-25.965763303968096,12.876634580214766,0.0125,0.9860899965824055,-30.713751155659992,8.617985203362933,0.015,0.8139759824154158,-31.984213226138444,12.289751674613395,0.01,0.7531028938468858,-40.12002376775342,17.215151434143166,0.0275
0.8196716593067225,-23.920506926515152,12.520546384817235,0.0175,0.9164390965372968,-27.98040828481147,8.25315522556965,0.0175,0.7416696465399035,-29.609310715862804,12.676460561401242,0.0125,0.7062003663703413,-36.48500155917706,15.913665163721875,0.0325
0.3522708723647349,-27.485206714083613,12.789019344162275,0.01,0.0815448105178817,-30.07823483839737,8.01630900663335,0.01,0.5745985754486395,-35.093840266755066,12.817056067083657,0.01,0.8129386025481612,-41.478940424472334,17.480378551985858,0.02
0.8835087549881708,-22.49715767580552,12.716667376129134,0.0175,0.9812579662332581,-29.60589369279812,8.667210618592613,0.0225,0.7794174648532036,-26.81561639938225,12.797064492972222,0.0125,0.7432369623397495,-35.512534306174345,15.51409046364688,0.0375
0.9228890214310175,-21.276043373434657,11.319009958666864,0.0225,0.9927245713281668,-23.26799915450423,7.631462421147562,0.0175,0.7346028739376702,-30.448536230208127,13.048680907703204,0.0125,0.6536133172096292,-36.43049929451095,15.978533385642471,0.0375
0.9553803724079294,-24.511435431950545,13.499080588874424,0.015,0.9933694556530244,-28.757672614525482,9.463497923446841,0.015,0.9278309533100539,-31.37136505678874,13.45373353701266,0.015,0.8959507210618649,-35.68178888099741,17.32184796096836,0.0325
0.8429134552669865,-20.15171274845057,12.568256253894756,0.0175,0.9609880004602893,-25.3013107304472,8.427125480884234,0.03,0.78450500296704,-23.53613898276661,12.504417244509238,0.0125,0.6033135554926957,-35.167387707137536,15.34208565609844,0.0425
0.8594311163818322,-23.271346461110586,12.588665225614296,0.015,0.9375502267869664,-27.78300883493632,9.105994467565496,0.02,0.8100176262312582,-27.065603704877606,12.06941760549268,0.01,0.7575724696877457,-39.28777816803137,15.184831930684876,0.0325
0.9001797431501317,-23.937251274462284,12.626035598690805,0.015,0.9463972486562156,-29.296154322471498,9.453568110967804,0.02,0.8378660730205767,-29.634290488431425,13.184525791614906,0.01,0.8014315930319489,-40.11932789316348,15.888952506562624,0.035
0.9926591420743955,-20.85959764757848,10.028561627448155,0.025,0.9965497167405271,-21.30287807666986,8.209940482243864,0.0075,0.9864905129305068,-41.386008855163034,14.201146449885373,0.01,0.8704791892588611,-44.06828582593957,18.34890915636226,0.03
0.9824451949515683,-15.468643898869924,10.39949720198392,0.0425,0.9851427071939316,-16.796854038836408,8.274083724445653,0.02,0.9752214748814619,-30.3429932576232,14.182230977598085,0.02,0.9730835052741772,-34.30901885701659,16.61072586194819,0.065
0.9851896429406812,-24.254939089400334,11.276670237720763,0.02,0.993912311091446,-25.096782791980043,8.509147653863156,0.01,0.9699060035433098,-39.17883296181677,14.109263365838672,0.01,0.8995116994186377,-42.523518030660846,16.682294357274284,0.0275
0.713583117195433,-22.21986487630336,11.490331763513163,0.0125,0.8226475997350855,-31.935555181156573,8.386000708786082,0.025,0.7035702013480426,-24.90231774795445,11.199019647065668,0.01,0.3790110576325856,-39.162002306652674,14.49488649381211,0.0325
0.8019817456385381,-24.38631873952485,13.37122302863472,0.01,0.952560924110045,-32.006570774667054,8.172912127426981,0.02,0.7380136047911541,-27.586858026570575,12.644901311374603,0.0125,0.6476032265184587,-36.20522207197926,15.446256201344315,0.0325
0.9194805113686194,-22.52890411736853,13.762564175933743,0.0175,0.9993845760926738,-28.24619051125741,9.82562656529242,0.02,0.8340250198603393,-28.454871318258313,13.34935199254901,0.02,0.8196496426386722,-32.25899797270025,15.924629147812333,0.04
0.9273294432519276,-22.29037989174693,12.763122207268406,0.015,0.9968542437538301,-30.008794534273363,8.823235732050955,0.02,0.791273674286981,-28.509075803287626,13.31781764853896,0.0175,0.8442920447100086,-34.381677800430424,16.422371184610995,0.04
0.9328706369515696,-22.30602656884189,13.092550872802104,0.015,0.9993452159935992,-26.970954141841517,8.200329293615711,0.02,0.8468490116488869,-28.35295971529827,13.455771723877032,0.02,0.892620479391158,-32.53933085151661,16.237636366278814,0.04
0.924352635516312,-21.26935641742392,13.134417991277031,0.02,0.9995644220558062,-26.157436955116072,8.969285133748357,0.025,0.8969197249248214,-26.854445124229915,13.89196629891065,0.0175,0.6376809524117393,-33.764896391130605,16.752246707449903,0.045
0.878495664325315,-28.361250058843545,13.994302374576232,0.005,0.9690565861807774,-48.72451684122146,10.397909159626742,0.0175,0.8697126936092513,-30.78761562084552,13.83942389608011,0.01,0.7942685690935479,-40.3691458314081,16.695610197012424,0.0225
0.9414316753640743,-29.61926350807635,12.957384292790161,0.01,0.9985685758226279,-32.352993225044386,8.619449078253185,0.01,0.8589225770317064,-34.83082675524324,13.346060854848623,0.005,0.8996212755858843,-50.53273715873459,16.656105820239123,0.0175
0.8805547295746277,-24.48374469639991,12.490752307027265,0.015,0.9970987632367164,-25.282513023840664,7.7852174269201235,0.0125,0.5625659066395434,-32.66887162609639,12.745975646205297,0.01,0.5009222726533118,-39.12725071941762,16.631230705788138,0.0275
0.9199130572982116,-21.479882221849575,12.043072788203705,0.0175,0.9968248452812021,-24.781998145445996,8.884286959962704,0.02,0.7869348710113149,-27.321158055809008,11.999684630179612,0.01,0.7995907498175036,-40.16917827059428,17.177449332604905,0.035
0.9250576791124032,-19.95091085517877,10.960630726696968,0.02,0.997343527375546,-21.31462665018198,6.899288162811944,0.0225,0.7604178876846843,-26.741339845003957,11.84756306432738,0.0075,0.7551023715116484,-43.89339284190368,17.147596515159584,0.0375
0.9661241412664952,-22.980274144385536,13.626581572724971,0.0125,0.998360225372838,-27.70885490711793,8.887932161980864,0.025,0.9497937122427582,-27.10735191998903,13.024114592922707,0.015,0.90856981945355,-35.206317859060206,16.87087685287004,0.0375
0.9197456698501106,-23.67504471597357,12.326167356378384,0.0175,0.9871838766767915,-25.307251406450703,8.473152194283848,0.015,0.8918069562249658,-32.61172511613415,14.33901069301643,0.01,0.707465087411195,-39.088076926470436,17.002192982240334,0.03
0.7810243114768859,-24.270662363267128,13.35123076125762,0.0175,0.9708623581782584,-27.552678003239883,9.865487996838269,0.015,0.6329052872634977,-31.397260442438508,13.768557958591083,0.015,0.5030310723953713,-35.01850185350235,16.659345228459497,0.03
0.7617561748923148,-25.14104261728418,14.792390504309548,0.01,0.9567133880538996,-35.35586705050892,11.055384514531294,0.0225,0.7230175465757948,-28.659321493872906,13.339028571900226,0.02,0.6912678694182012,-32.89951359194722,16.553390923336167,0.035
0.9034778264538308,-26.19009168614022,14.891609382945223,0.01,0.9843905043462311,-31.692177226349678,9.429723650861677,0.015,0.927566614662851,-34.623509245119095,14.815836975402531,0.0175,0.8707441895963626,-34.54507740202743,17.85492877810376,0.03
0.8957850876613734,-19.98622716485287,11.75524122986209,0.025,0.9698213807263816,-21.827435079694872,8.19807564019167,0.02,0.8702642949331901,-29.198282901972487,13.29898672508763,0.015,0.8731517530713957,-34.90260763902178,16.02082122248826,0.0425
0.9682026707800269,-27.023582205602818,12.21671051990041,0.01,0.9783260341229476,-28.55779433884573,7.044191025311106,0.0075,0.9539986668552856,-43.59688554798427,16.502798322807877,0.01,0.9033561666996448,-43.40999816771121,18.334104111180686,0.02
0.8851861391482064,-22.247994867773883,12.195593233635282,0.0175,0.969410867936388,-26.756688028543955,6.8751660510095345,0.0225,0.7019862846994354,-28.52717974422179,14.189052334611212,0.005,0.5097262810184526,-50.42563260112929,17.791873994880437,0.0375
0.9772563094648974,-18.195895323868157,11.698294603153412,0.025,0.9977690370728028,-23.99436929337394,8.762839062268743,0.0325,0.9590638973363036,-22.735964563100246,12.44953483658373,0.005,0.5034525593143954,-46.46705629346773,17.976281259566456,0.055
0.8465119836823514,-24.0385921772062,11.54360572572049,0.015,0.9926787159316881,-26.94513090236449,7.332147195266136,0.015,0.7694993200782692,-31.89464110839065,12.99659755724329,0.01,-0.2329842950766998,-37.79647317277977,16.19056950339583,0.0275
0.9383711145288673,-14.053404661869958,10.802368577492427,0.0475,0.9496444867995819,-15.255347369466236,7.932166684869594,0.0325,0.9783431553495958,-25.721838621890385,14.057211867145437,0.015,0.36055699443613687,-34.08876990328838,16.1364566807775,0.075
0.8645511154435113,-19.782213151397475,13.192888789071574,0.0175,0.985387101374196,-28.242226332037244,9.889810497006344,0.035,0.8093727733464271,-22.542309599225344,12.609072329509088,0.015,0.6751151819029168,-36.15660023571704,16.833068802384012,0.05
0.9588358390906566,-20.708859840051343,13.123273153176642,0.0175,0.995314989445217,-25.249807113385454,9.237745414742363,0.03,0.9271297699217989,-25.156570542671485,13.04191783600457,0.015,0.8816802804923847,-35.806119922133945,16.35223012658824,0.045
0.8315597985977142,-20.611618044786304,13.118068933601975,0.015,0.9546616925106846,-28.095951368177843,9.1010634293713,0.03,0.7543326001426655,-24.50942060965657,13.243574757196566,0.015,0.6682051451453889,-35.140425894598515,16.200664359245803,0.045
0.947795118384245,-23.40544636834028,13.877713142504009,0.0125,0.994944476534997,-30.8360071465794,9.68766646831411,0.0225,0.9072344077932404,-28.047088578483788,13.567412789301034,0.015,0.8845050890800698,-35.65712656751564,16.35194850556345,0.0375
0.8629271975664747,-22.320716764461466,13.263464345946389,0.015,0.9697244517258334,-28.77640251637522,9.787749146317346,0.0275,0.7884097460541817,-25.84742694729092,13.312326335105768,0.01,0.5525215411840645,-41.076783185676085,17.838443030539235,0.0375
0.8409919179260337,-24.059481141004657,12.586995391992946,0.0125,0.9943622021955805,-28.732774406744788,9.1864901118293,0.0175,0.6420822769955695,-28.73090816020865,12.84562515162262,0.01,0.860222298757304,-37.450415608414005,17.195786973002672,0.0275
0.8971690660579613,-22.291334388227103,12.576190690074643,0.02,0.9860999584236566,-25.28400263963876,9.020504561551876,0.0225,0.8118436633736269,-27.431928182241485,13.46658573856962,0.01,0.5915537779606834,-40.463016755832,16.37897302611265,0.035
0.9050454536721594,-25.09351717025636,12.821445312139891,0.015,0.9685775383158304,-29.891432473445096,9.595254106010316,0.015,0.8791234814605254,-31.74337284088199,13.478277702554248,0.01,0.598508124754946,-40.54390230933125,16.945110689685706,0.0275
0.7217996092224652,-17.279562519983564,13.278367438296645,0.0275,0.9837369848593474,-21.63566582591887,8.92226829508677,0.0275,0.7446262202400463,-24.85049131578777,12.753193252554503,0.03,0.35764747552587883,-27.866551713058062,16.313443142966598,0.0675
0.8553557035224287,-21.994616495988847,13.35624644248519,0.015,0.9872789129559316,-28.60066993405317,10.015184039005568,0.0275,0.7703383404620322,-24.60931345638849,12.475992967837696,0.01,0.7559983679951245,-37.79748146588002,16.719234200235356,0.04
0.8771882360639687,-19.76929732799444,13.47648583367946,0.02,0.9894509849442592,-26.537445058611848,9.07636170924614,0.035,0.8088400535558689,-23.065225504527547,13.028805929923754,0.0175,0.8380946238602733,-33.374445718731664,16.358303344836028,0.0525
0.8817121841304195,-19.130029779633567,13.275287106024216,0.02,0.9731598384122112,-26.107569225806092,9.245917027747309,0.035,0.8598263864595403,-22.841849090427463,12.83413523685072,0.02,0.6510060271798793,-31.14559310639667,16.21719391619013,0.0525
0.996970571401057,-20.823901134095983,12.678729671888261,0.035,0.9997989263989291,-23.475700711634964,12.556467936636489,0.01,0.9958839689180456,-36.056041466894726,13.576581960884738,0.01,0.9976216733663881,-41.78403221304457,18.275342627755546,0.04
0.8470087496720444,-18.453254203943732,12.533418978277957,0.0225,0.9425384397425234,-23.22566452550273,8.219904929015044,0.0325,0.7400687650767517,-23.198776597215115,12.736039125253694,0.02,0.7627858881364238,-32.12070817944313,16.106524626828584,0.0575
0.4073871649707008,-26.45715600285751,9.709354435490722,0.0125,0.37089141486501753,-28.335042275323374,7.8211239652989075,0.01,0.3549800758181916,-35.07802624824834,11.874232714262611,0.005,0.1608776822012096,-51.675412817472235,17.64531082500066,0.02
0.9945968614145184,-20.457981377473672,13.226264774183907,0.015,0.9967316056728632,-28.51846469429866,10.002825998663539,0.035,0.9974120612603344,-23.631611020259122,13.66265162764525,0.015,0.9739801157708525,-36.12460675374092,18.11221760606911,0.05
0.9893426206920156,-23.23021130196341,13.013951304098528,0.02,0.9970464539046424,-25.987254139716285,9.28553175008339,0.02,0.9903584209683,-28.588516552471823,12.383187591447925,0.01,0.9635928822929916,-42.33312309086621,18.708642891873687,0.035
0.9657593595209794,-18.013162860066007,11.458341432521385,0.0275,0.9778666342860416,-21.40216595379128,8.835621408122492,0.03,0.96404226832401,-24.83479228221919,13.115131037070304,0.0125,0.897432227981091,-38.11949303391347,16.750881909918334,0.0525
0.9259295879744937,-14.956977338187649,11.434887080713644,0.04,0.9398464634102286,-17.872354908292884,8.230614443489369,0.045,0.9249182391583798,-21.03905332513052,13.31433756231852,0.02,0.7930471812008952,-32.27033526570481,16.248178655315165,0.0725
0.8652175786893339,-22.96836164068332,12.983553018613906,0.02,0.9423070898529848,-29.877362474119472,9.870226955229782,0.02,0.7027761344964154,-28.299019732868405,13.273960139785773,0.01,0.757370047383485,-37.12535084043347,16.470786235009584,0.0375
0.8342296593010735,-26.4995400373007,13.648235171402433,0.01,0.995461996519561,-33.875075132369005,10.212626538308278,0.02,0.773514220496776,-29.382822977508418,13.255514660687417,0.01,0.7901106256295944,-38.727964497588644,15.706313681771299,0.0275
0.8786030596722936,-24.35347290872776,13.053229844655661,0.0125,0.9807838767714406,-27.700941088634693,8.207157502675397,0.02,0.7898660985492845,-29.475780600653184,13.633586203487368,0.01,0.7717310901764463,-37.60972462275731,16.497767856097383,0.03
0.9722860679569381,-23.967070465399008,13.450809872879297,0.015,0.9970809666489611,-27.187760681600317,8.534110818162246,0.015,0.928571380518123,-32.702717047703445,13.983130767216716,0.015,0.9434642881018629,-38.02548009548071,17.827698013077523,0.035
0.9030261806246588,-23.296286534015263,13.765774294952264,0.0125,0.9788596738731652,-32.66842599107871,9.98695642148258,0.02,0.8523013123478004,-28.98271271390908,13.628009183196342,0.015,0.6673016680413703,-34.621157173968385,17.188518480467966,0.035
0.7617630629538291,-22.787067169998533,14.433965961413104,0.015,0.9720371194017003,-30.198907340441966,8.876067820872418,0.015,0.7678589121819187,-34.37900838003539,14.65946467071143,0.0275,0.591003466145951,-30.503530906699755,17.76280191529368,0.04
0.9635602324356788,-20.149184202800527,12.402684747790786,0.025,0.9987256025058012,-21.344690583557774,8.60267107713838,0.02,0.8396315493229785,-29.493087220024485,13.90282080261375,0.015,0.8633333114032407,-35.417797332483346,16.876904808543213,0.0425
0.9333538947232665,-27.22159148066048,13.446833283762942,0.015,0.9983477399697818,-33.30256198732981,10.155751086301787,0.015,0.8896243143257188,-32.68044644133003,13.543892570940312,0.01,0.7321422846996171,-39.072303839044864,16.325396733716726,0.025
0.8679155339127853,-22.57188811549987,12.418013830676607,0.015,0.9919114707401167,-28.28521807443088,9.51285204819527,0.0225,0.7560235221003834,-27.657218439426423,13.479030324126265,0.0125,0.5693841797673249,-36.642418053039485,16.193260794707093,0.035
0.8780629565252603,-21.2060082755978,12.995202380709575,0.015,0.9935801436311515,-29.517776850346365,9.468005256276342,0.0275,0.8027407817692006,-25.675455880873827,13.100043135950393,0.0175,0.6921656265306123,-33.158452850714724,15.743176009444326,0.045
0.8428528015102852,-22.164580840646423,13.953276355435973,0.015,0.9803659032125803,-28.851209459703504,10.893606674911652,0.025,0.8218657191331699,-26.8910528190381,13.473508850554317,0.0225,0.6473147296397405,-31.143462401077507,16.88799345436793,0.0425
0.8677339490704111,-22.564762692919743,14.029807801746212,0.015,0.9835649788567236,-29.408061478633268,10.840683431108316,0.025,0.8254782932334246,-26.38450210391632,13.47122799634404,0.02,0.7033235124548063,-32.20841376471279,17.14862211789188,0.0425
0.8237067058936995,-23.47743381094764,13.627833001408433,0.0125,0.9918336545184164,-27.73676405008871,8.649386060739879,0.0175,0.6697945771421399,-30.43441193004788,14.07553853044609,0.02,0.627806028204178,-31.272530741891007,16.535842622322363,0.035
0.9749274762090124,-25.2176849144691,13.426587831975812,0.0175,0.9939420442233908,-27.253737463612467,9.202129363447114,0.015,0.9163586230958138,-33.72802048975304,14.040847333221294,0.0125,0.9246199231800498,-39.18971369047747,18.026421145137885,0.03
0.8693686206689111,-28.437609514971,14.190426441144409,0.0125,0.946676297046012,-35.84807411798064,10.98411828745592,0.0125,0.8559396489326242,-35.085843774607305,13.977967048278076,0.01,0.6818799909597919,-40.53691775475563,17.66754784880733,0.025
0.8550604456730142,-26.457649632463443,14.071384649059482,0.01,0.9859390014279718,-34.58753767744916,9.884285418993954,0.015,0.8003575532739198,-30.52757930937693,12.84235109085794,0.015,0.7328641125186607,-36.14017647699639,16.58136819082996,0.025
0.9154056210119071,-18.188356892376568,13.029576250332829,0.025,0.9809793373375972,-24.18817813006712,9.367051127232608,0.035,0.8597353600671219,-23.026475656865436,12.93740555892516,0.0275,0.8393633310171643,-28.28744165395477,15.799927562455414,0.06
0.8612874857440085,-21.86870017898909,13.238911494584906,0.0175,0.9894386752664096,-25.216515699590335,8.561732395650058,0.025,0.7292055360829486,-27.817102167268658,14.28328965692325,0.015,0.5254544360940328,-36.004590339883535,17.536716134553558,0.04
0.9049371247282714,-27.120144374503266,14.561410210961444,0.005,0.9674768620122944,-37.61863856013322,9.879863024952162,0.015,0.9422408569744568,-33.71993046816361,14.186459606827372,0.015,0.7409009528472931,-35.6386417858166,17.50159484797367,0.0275
0.9258439689080971,-22.256893860796065,13.345196593872013,0.0175,0.9871621970503898,-28.21207423303903,9.10230710014319,0.02,0.9479768792890026,-28.7106477134295,13.494290676706582,0.015,0.6960972017736755,-34.68954298882271,17.50019765168913,0.0375
0.7877396293625676,-21.743062419536766,12.788789966476672,0.015,0.9636865270819746,-29.724316795192763,9.624300205257388,0.025,0.795713872177713,-27.51063769594336,13.296317757675318,0.015,0.2128507083592947,-36.547676575784834,17.567789372487724,0.0475
0.9065128179081884,-15.931494656007125,11.696753485470488,0.035,0.9928228840161726,-18.481252099056846,7.843566152640416,0.025,0.9162185597340909,-25.53203032375413,12.874048814233344,0.025,0.4634757671203189,-31.17576665919212,16.7554938985444,0.07
0.9300884342932496,-18.977892081533252,13.215805161848154,0.0175,0.973262926424744,-26.25451608194366,9.098447328568358,0.03,0.9665835340664534,-24.58536806237076,13.831354098151772,0.025,0.7854545949277217,-30.02354934123182,16.894922043649018,0.0575
0.8563344134617451,-18.992042325724004,13.444785363972333,0.0225,0.9482140036327577,-26.912840241619755,9.296639387897976,0.035,0.622741966947802,-23.614999158735078,13.77773811542529,0.02,0.9334705056212632,-34.28805109555832,18.44426866340936,0.0575
0.9133454182964912,-22.058741060008384,11.72296576684624,0.025,0.9458589124993249,-23.36979474265366,8.52907316680291,0.0125,0.7685158389411835,-32.717815261726805,13.434672017513002,0.01,0.8106694744710881,-43.97466589697862,18.468620309826992,0.0375
0.9590621762858869,-17.59329398852132,12.172328232330592,0.0325,0.9879203061296783,-23.5690373791731,8.540172643093372,0.0375,0.9175588365883304,-24.05760700917262,13.564622697045548,0.0225,0.849093519610463,-31.04396648601714,16.46453195644232,0.06
0.9076291128011797,-17.16118810401847,12.935425143015607,0.0275,0.9928365447940581,-21.38523008967625,8.602005863554698,0.035,0.8001299818744274,-23.040160040698943,13.347828029567054,0.03,0.821578349134294,-27.675173291613525,15.90537634186525,0.065
0.967904463553385,-18.984964322096097,12.511316288179138,0.035,0.9983353034306712,-21.883204091329105,9.542096234723108,0.015,0.391033187661705,-33.357721235092214,15.034365920137404,0.01,0.3704467554505257,-40.767383314691294,17.21574617372664,0.055
0.8927553311116297,-19.433844324675334,12.22942449537565,0.0225,0.9918834073082421,-24.04317554238409,8.250748263911813,0.025,0.7496184800575031,-26.13571315976128,13.240399868720903,0.0225,0.7986632216196462,-31.06408193772709,15.649658839386543,0.055
0.9363927139455648,-18.63369133349436,12.013173666025295,0.03,0.9950454022356438,-20.121456527514813,8.012918664838397,0.025,0.7681078461343981,-27.064373136128737,13.388292484442925,0.0175,0.7609164616868181,-32.74886625723579,16.23085226427525,0.05
0.9862309001399177,-22.955480316207854,13.002035456382615,0.015,0.9886277331004358,-30.606790596944982,9.526127217522077,0.02,0.9972994627531253,-29.17346935159842,13.633180665018692,0.015,0.9574648957010752,-38.24497005563573,18.39122928169224,0.0375
0.9893921071591176,-19.52622244365699,13.434715985954607,0.02,0.9961689602843786,-28.93347492293956,10.367533498856544,0.0325,0.9896205204040007,-23.73356295371456,12.62032198899039,0.02,0.9756924503272049,-33.694424357326575,17.3143539534593,0.0575
0.8994424297166854,-16.771470059731612,12.748378356845873,0.0325,0.9898123052802268,-21.99643901314042,9.751237781043763,0.0375,0.86964842743289,-22.758264136210144,13.193694498519388,0.0275,0.5994369526340442,-29.404344626053117,17.25803373388137,0.07
0.8804331594797786,-21.46488333502281,12.151006919886932,0.0225,0.9430181885261516,-24.01240006859664,9.363190806491584,0.02,0.7856245928066833,-27.245733240447,12.283250480967936,0.01,0.6392426402469567,-40.4251166045841,18.8443144303534,0.0375
0.8481817188073145,-18.00639756019336,11.967883529917124,0.025,0.9965826363727986,-20.52445632254357,7.559036344025883,0.0325,0.7252270531864737,-24.32165849809185,13.36911966076396,0.02,0.5094320855009866,-34.15901011278923,17.079647328646637,0.055
0.9310147003271754,-17.12553144606612,11.40594291152647,0.0325,0.995721357277426,-19.58038071070189,8.13779136617346,0.03,0.7878247196517417,-25.01473330009167,13.679070514219358,0.0175,0.5919825750923388,-35.59999540849283,17.282785080089788,0.0575
0.9327040778169372,-17.95300800577929,11.317967338728142,0.03,0.9916009112866754,-20.5982985042549,8.962171001451434,0.025,0.8199459063949688,-25.948167359289585,13.185143997757518,0.015,0.7536088744053853,-36.620673319726585,16.882157740038767,0.0525
0.9626522838072704,-17.98228177759118,11.185516554725435,0.03,0.995614698370036,-19.271191291285355,8.681634974543247,0.02,0.8749551219573549,-28.30555949954368,13.890491804049322,0.01,0.7755598752391225,-39.9416698414526,18.47244281465652,0.05
0.8800083751722301,-26.327678465496376,14.42146495160008,0.0125,0.91476697291346,-38.15462060811386,9.42697492931356,0.02,0.7606237345641516,-36.25420242814275,17.079980725332668,0.005,0.2293531498025243,-56.17351537649793,24.1247041518855,0.03
0.8279955015023164,-24.67016003037786,13.97940008672039,0.015,0.9405089934867141,-28.559204758479737,10.748985417391694,0.0225,0.7638124110650659,-31.49686783780258,14.574125497694135,0.02,0.5790635021540055,-36.70185125229608,18.525103145127144,0.04
0.8401503915366927,-25.717778761691754,15.145209529430451,0.0125,0.9770106628308508,-31.712796785557728,9.900262386928908,0.0175,0.8443411508201627,-30.99912160252429,13.889742191293418,0.015,0.6833124081553581,-36.29470063011527,18.86329817357864,0.03
0.7755229145833149,-30.8725815206883,14.086328886543125,0.0075,0.8854947252262616,-36.049507265031494,9.649376058446828,0.01,0.6794237635882603,-37.34346459078996,13.861866486024738,0.01,0.7143091368169441,-42.09528385363268,17.355530768262476,0.015
0.9143198471126801,-23.182209897034657,12.296746478349942,0.02,0.9791056097859214,-25.88400996635309,8.365231509721637,0.015,0.8373624052779612,-32.913787106217555,14.312307510329678,0.015,0.6889178933470792,-35.412096221459535,15.99757555232105,0.0325
0.9885359146716647,-18.870166309523018,12.731884093732976,0.03,0.999184439780632,-21.455892925406474,9.335283660726393,0.025,0.968745780417121,-26.907358931418262,14.181652724003957,0.0225,0.9551545521033564,-35.43772798764414,18.79481262820039,0.055
0.9124837781042678,-25.356897763326582,14.660128326401185,0.01,0.9905005413677717,-33.21723169341469,9.283100995063972,0.025,0.9086846557606479,-28.046553283451324,14.230154936076666,0.01,0.7874422884074113,-40.26615886122241,18.052901481247055,0.035
0.9821469577301689,-22.274092010737068,12.604544852975419,0.02,0.9987966289502956,-29.8079695993805,9.216624339171616,0.02,0.9970017426044,-28.164525097132326,13.081441200325626,0.015,0.7533160207234393,-37.846893027812946,17.624912371730943,0.04
0.9266088820780018,-24.855925059924388,13.808330734596531,0.015,0.9987577002782934,-30.535217561547768,10.31083951425239,0.02,0.8723517188233698,-29.14695397976255,13.57079173884448,0.0125,0.8549169945632382,-37.90933267518302,17.261487951320856,0.03
0.9322826861772369,-23.59581913394326,12.690887471037616,0.015,0.9941461155801813,-26.23077941594081,9.5433508978602,0.02,0.8696779197444718,-28.33515789656836,13.023667533844566,0.01,0.8242744807674391,-38.740404869283275,16.61088141957265,0.03
0.5786758433774883,-26.493297316433686,13.197439443505427,0.01,0.49946330238334224,-30.694629686045097,8.960032111407724,0.015,0.6654522576627303,-32.48877374173847,14.511474752033882,0.01,0.8798634079536629,-42.75881681119819,18.65151513079859,0.0225
0.923871917584492,-26.346858721726324,14.043179278384716,0.01,0.996313442677853,-36.74896628260769,9.659957727045738,0.015,0.8782946926894256,-32.05669444933107,14.120060371177448,0.0125,0.87163922755119,-38.277225749085794,17.898697644021222,0.0275
0.9037682887133445,-24.918474746565018,13.733850656192534,0.015,0.9885094602600325,-28.839137359563267,10.037860459017502,0.0175,0.8172918191255802,-30.352751157779565,13.806700309443443,0.0125,0.8300549161051753,-37.368723873419576,16.975952866931944,0.0275
0.9720319331600826,-18.530125844394057,13.043448953905344,0.0225,0.9996118086563353,-23.099530415758327,8.788890409439874,0.04,0.9687350169979636,-22.17981528424544,12.914416674924448,0.025,0.9381278225744788,-31.36740773145354,16.98547345188557,0.0625
0.9621908363472018,-19.990456300583027,13.011871616675059,0.02,0.9984826578792908,-24.838184433596872,8.86192092481247,0.035,0.9645343647903951,-23.995400826650588,13.03670640124508,0.02,0.8903303959760636,-33.05521166058041,17.0316048406372,0.05
0.9918621333172926,-16.818205503201717,12.52394648486538,0.03,0.9995889957608479,-21.43147274294587,8.499717645219112,0.04,0.9846993582218726,-21.278416403600616,12.729105748614328,0.025,0.9840612955115058,-32.08545185882619,17.245344117996996,0.065
0.9581780653454616,-18.510006672680205,13.012267102927476,0.025,0.9960605668369772,-22.536919530501383,8.639524268482816,0.035,0.9403954075061546,-23.63529541901369,13.201352761846252,0.025,0.9174840702890478,-30.64271033067349,16.966837707065025,0.0575
0.9611362395366623,-25.985430078023406,13.693487879238418,0.01,0.9967686930727686,-30.48918995268569,8.712038789061992,0.0175,0.9453070444043967,-29.836105180135636,13.479803248174868,0.0125,0.9459591117437397,-37.9748350277077,16.784077046412186,0.0275
0.9085707029167476,-24.887130095797964,13.14498507566395,0.015,0.992495809057537,-29.19684334905943,9.256634546884673,0.0175,0.8573553328415041,-29.254394027156494,13.280586027271688,0.01,0.673953138193006,-39.49418794811191,15.986158686445776,0.0275
0.9713200212493651,-25.152851445578683,14.892020878545889,0.01,0.9991992234798885,-35.64857722383173,10.216522156157069,0.0225,0.9628264465913963,-28.32542164412932,13.515222893390849,0.0175,0.9542936269043356,-34.5808992059162,17.81370291375677,0.0325
0.9703310027598202,-20.801387322760267,11.945596599531335,0.0225,0.9976771710918659,-22.20857251524258,8.27382830696876,0.015,0.9294217694159321,-31.304861640262274,13.51296804908285,0.015,0.8540047339780888,-35.490240052191616,17.473883999308228,0.0375
0.9336264545817905,-26.45181115712456,12.659632227747199,0.015,0.9876500796687853,-30.168410142479047,9.20355635191677,0.01,0.8551074663923189,-37.39773179914657,14.526792049312578,0.0075,0.5337408338353498,-43.877249018268365,16.973375217393826,0.025
0.9359405283256399,-18.586827953880785,11.92090525235848,0.0225,0.9988274717432915,-22.922797654350635,8.363500523759445,0.0275,0.9234380204947792,-24.62556590096534,12.101822547479307,0.02,0.5894408572130981,-31.220788574198494,16.302731204055355,0.05
0.9585244458494668,-23.847027796034496,13.230160587793332,0.015,0.9979550922278876,-28.00444706121631,8.530704841039206,0.0175,0.9444249664412314,-30.650047990841784,14.673815116830571,0.015,0.8832685334307895,-36.61478171138585,17.615366467049355,0.03
0.9617762153208482,-24.30473782732233,12.98500089823528,0.015,0.9946639463199844,-27.25014277949839,8.050499628662896,0.015,0.94361774109979,-31.8824222240744,14.74949696624576,0.015,0.8782603796236926,-37.144191218019486,17.985503577425167,0.03
0.9720911761653688,-24.4284968172879,13.526049650191352,0.015,0.9995385093311326,-27.406526666224195,9.488102005511976,0.02,0.94265111816339,-29.647154780760587,13.385989473085424,0.01,0.8903258088010291,-39.29749730653226,16.68278413331348,0.03
0.97906838744041,-22.916665114691057,12.896946015885083,0.0175,0.9982045456742455,-26.10174735186789,9.672554306445496,0.0175,0.974440107740014,-29.35314481817181,13.420480119075568,0.015,0.8537062245906012,-36.34632540197467,16.43719225976575,0.0325
0.9737719427679018,-22.9223243337268,12.890201889488168,0.0175,0.9973363048077074,-26.254316603161058,9.863323529353435,0.0175,0.9714820932499288,-29.357182918653628,13.597199020435275,0.015,0.806929873313539,-36.13036825595391,16.03610978072501,0.0325
0.9786445526741585,-23.411268255388755,11.417418618612496,0.0175,0.9991640817763566,-24.053307829439966,7.873993063327833,0.0125,0.8447102949899187,-35.39704672917584,13.875741924777287,0.0075,0.7948142965658735,-45.36691699197847,18.440704201967403,0.0275
0.9696374147207844,-22.534698048511057,12.864779254524334,0.0175,0.999174019070114,-26.24415598512872,9.360646797881262,0.02,0.9443697092721096,-27.99427758186564,13.081799483399324,0.015,0.8814417531192263,-35.50548348716805,16.16395732325438,0.0325
0.9288617661966188,-24.05014564104572,13.36784104961198,0.015,0.9947751882734018,-28.1931026900593,9.2752378381366,0.0175,0.9133503598373396,-28.898708248978743,13.102133051453984,0.0125,0.6986972815586312,-37.1571391560076,16.529669301330657,0.03
0.8899643003805053,-24.25064611780264,13.03194192783724,0.02,0.9952991494946998,-27.666176229073024,8.902092460752241,0.015,0.8302494153285419,-32.84757148107144,14.945671369494654,0.0125,0.4194113596918351,-37.87716035073655,17.305202024314035,0.03
0.9654784447995162,-24.871901216702213,13.120137514874791,0.015,0.9959991299575848,-28.333889378459148,9.22761845601346,0.015,0.9403487116811334,-31.99359164135329,14.335299806886766,0.01,0.8749787408413053,-37.96090322380411,17.177882796324063,0.0275
0.9174249179310521,-27.760453583348085,13.428253551658397,0.0125,0.9776330515484822,-31.189756123586918,9.259780512282841,0.01,0.9094305265330114,-35.16101069756513,14.20943020866995,0.01,0.7949038405999318,-41.27658150661077,17.570572517270456,0.0225
0.9175360063432527,-24.052956341590505,13.361363739122144,0.0175,0.9771840529363759,-27.541714534134528,9.242533097332966,0.0175,0.908747398102929,-31.528629163382902,14.124341408637946,0.015,0.7945231928654111,-37.591700544507425,17.765219726351937,0.035
0.9603727755086616,-26.96729615848641,13.123707190007948,0.0125,0.9949711731938844,-31.25508485638726,9.701340796542688,0.0125,0.9327708662196292,-34.31669508697728,13.946762496367754,0.01,0.8902733454437347,-40.36070908779911,17.87726872498071,0.025
0.9339661931893254,-23.303329293007486,12.592645213687444,0.015,0.9959992655582622,-26.1780502556256,8.871294369013654,0.02,0.8685611112870221,-29.307104442330377,13.672424402469344,0.01,0.7162871620943424,-38.05928761982324,17.18644670361588,0.03
0.801859171496015,-15.334387577224469,12.5177586437498,0.0375,0.9477310269745506,-20.10711917589201,9.701669991571245,0.05,0.7506923117565293,-20.625903119769752,13.8150172978486,0.035,0.42895284481308166,-26.43391897745932,15.819520641745179,0.0775
0.8814316162834069,-17.262750514448953,13.51285733692467,0.03,0.9788420890069188,-21.44038894670068,9.830468740017473,0.035,0.8670112393659075,-23.105413310312,13.45116146544612,0.03,0.6839312368799182,-28.214130826317948,17.258725553701712,0.0675
0.7401664050405818,-18.666969842482384,13.61601481121142,0.015,0.9454021055742406,-26.615146537074367,9.273687149221123,0.0425,0.6633577927552766,-20.99972094679151,12.83950839122632,0.025,0.606526581867398,-28.96133803940851,15.780326730178883,0.06
0.9137608979234784,-24.517219648342422,13.273843508421464,0.015,0.9488469093542784,-28.075206980137413,9.465947735805411,0.015,0.8929841836297028,-32.58782714240623,14.170346682421728,0.015,0.8372198007608969,-37.32109050906288,17.68438849294429,0.0325
0.9908040176155285,-20.035326460497377,13.63944713495511,0.0275,0.9990939093903517,-22.269772960033507,9.450814579549668,0.025,0.9913100019124875,-26.773687678274122,14.170112765004877,0.02,0.9855619439849461,-38.096425512465515,20.254090875495603,0.05
0.9888742152582777,-14.933277886988147,10.924764920320982,0.0475,0.9956820697065796,-16.03246138642356,8.148570480409017,0.0225,0.9818340037053939,-29.18156403646381,13.435985130169524,0.015,0.8431153950796555,-39.65684036546659,20.062162190348594,0.0725
0.906718784097218,-17.883395348186063,12.256191148135905,0.04,0.9841637836327497,-19.11389145542346,9.046886009408318,0.015,0.9499428062977584,-31.71768860747596,13.241402613374023,0.0225,0.05981164004723015,-32.002839883192244,17.288316405519932,0.06
0.7283994724088318,-18.18896421795029,12.502807030833065,0.0275,0.729646845688235,-21.194575082205706,8.56328646464815,0.025,0.5841488147022413,-26.2811913532789,13.624058561614287,0.03,0.8135117467958516,-30.057602501946207,18.34491667450283,0.0575
0.9922698667364914,-20.2141459737606,13.12189948059142,0.0275,0.9999179995507378,-22.15450224919424,9.401055605755763,0.02,0.9626157424240636,-32.02399520926864,15.727236305006045,0.0225,0.9765490413624276,-34.10560800072008,18.189514212712663,0.05
0.9952713316762736,-20.660102860829053,12.937471121782774,0.03,0.9999152201669194,-21.922340618568104,9.54072727742223,0.0175,0.963809409525498,-34.91742237533848,16.346820479611715,0.02,0.9773762853356248,-36.89065738430256,18.794273730917418,0.0475
0.8302168864915671,-19.12551111362904,13.311235906588182,0.0275,0.976451202141164,-21.49413575118757,8.64420998213725,0.0175,0.8889099849665011,-31.886384389421988,15.654742966340915,0.03,0.2665145798575523,-31.372442377112705,18.720680035384547,0.055
0.8959229019444224,-20.18701950062555,12.532725939440164,0.025,0.9638811493671388,-22.10236005698276,7.952543532263212,0.0175,0.9199493423453656,-32.11881521579964,14.254607862926406,0.02,0.5064412614136446,-33.40356540141387,18.025349463620493,0.045
0.9560412602119148,-21.06403439209441,14.09497981451764,0.0225,0.9952866072432406,-26.959481154640116,9.68549516073394,0.0275,0.9142188683402568,-27.64998419623741,14.610838789779734,0.02,0.9639287031783752,-34.81287927151803,17.85615818437143,0.0525
0.8944146533391092,-17.034649921025245,11.84052027670571,0.035,0.9878407345393364,-17.967158887874653,7.836148171286155,0.02,0.8930927484171155,-28.595363760683767,13.00609601140786,0.0225,0.1551312524788627,-30.42197013557255,16.289330342659596,0.0575
0.9902102494227207,-19.17089365226027,12.602527718954516,0.025,0.9988614671324472,-21.515439697247892,9.126509153181493,0.025,0.963108958916875,-28.20742457038507,14.308317403560109,0.0175,0.988296058325431,-36.015869570655276,18.74163830556858,0.0525
0.9922365861115688,-19.202272139289025,12.890797729463651,0.025,0.9986639247902708,-22.104101505023426,9.483224359689077,0.0275,0.9728394407567744,-28.4404002082206,14.585614974379409,0.0225,0.9773953023294242,-34.03117249867814,18.581801623807777,0.055
0.9886502867930972,-16.43445972072142,12.277388854279842,0.035,0.9942778032759764,-17.898168986448987,8.833027432003703,0.0225,0.980310559010586,-30.787491021797344,14.800654393207084,0.0275,0.9615924021568468,-38.22928240896368,20.48942519862695,0.0675
0.7548649299750413,-18.588511051454844,11.940789159726801,0.025,0.8086947740611564,-21.638292618773207,8.631242319483171,0.0275,0.5348481887875807,-24.782846390217372,12.77580702442285,0.0175,0.9210089067817682,-34.43799538984622,18.01937959639188,0.0525
0.9907656124302853,-17.84297897983543,12.675400491717692,0.03,0.9989773788041869,-21.17727847910891,9.01888096399708,0.0275,0.9910267916153953,-27.20649821458879,14.13341071877959,0.025,0.9557611955855085,-33.14068486253724,18.71884454252416,0.0675
0.9418593964539371,-15.648265189017467,12.616858618360379,0.035,0.9934501065940854,-19.60588343109648,10.111722649936453,0.045,0.8790483639251045,-21.797386477033818,13.792872786747902,0.035,0.8409867265173281,-28.832806988598854,17.87099770302671,0.08
0.948509702584354,-16.559316836202015,12.81684700306997,0.0325,0.9947188733584726,-20.21004013797777,10.086907563146926,0.0375,0.891253152978212,-23.345795669958918,13.923237316346544,0.0325,0.8501406195690755,-30.315360678866135,18.16379923512753,0.0725
0.9881766129790276,-20.05264352789689,12.782524930461472,0.025,0.9987265780212992,-22.399046037670107,9.14003461759672,0.02,0.9511728912113367,-29.81555547284192,14.490653208417855,0.0175,0.9434904353601978,-36.62504215504614,18.87498560400489,0.0475
0.992100204027595,-22.122173492090823,13.119948804356664,0.0225,0.9985325302993551,-24.218846426418672,9.70424916074666,0.0175,0.9775332204161501,-31.888698472761465,14.777683026871237,0.015,0.9653739618604935,-38.457002908606825,18.863157219669198,0.0375
0.9949549659583612,-17.511303860868274,11.519216085679684,0.035,0.9985864065457968,-18.569195022008117,8.294662255875098,0.025,0.9834028752790636,-31.153583951548267,15.610569091580722,0.0125,0.9940779251791756,-43.48617804343072,20.02789510469828,0.055
0.9814498528402764,-18.110710497474404,12.796012059807513,0.0325,0.9930290400282388,-21.892853903080088,9.503421072264471,0.025,0.9704073603940456,-27.302113833430628,13.865376359267795,0.02,0.904052843928128,-35.251097579836696,18.85910911758285,0.0625
0.9440826373185064,-16.981414564417058,11.442441367809298,0.03,0.9842029780787208,-19.558414913531543,7.38067193912711,0.0325,0.9086796200610844,-26.11189664582236,14.156421689348486,0.0275,0.8883452144987865,-30.81599668891056,17.697295825643025,0.0625
0.948079847079474,-17.1468619890665,13.653177204842889,0.015,0.9951573669284824,-26.80399009704521,8.843855205991487,0.05,0.9722342673483734,-22.64454348424301,14.662968218153418,0.0475,0.902935097673824,-23.758027299830022,16.152452724579344,0.0775
0.9882944576914217,-16.70773033907644,11.994424840452476,0.035,0.99763429597236,-19.134771831571335,8.586320884122976,0.0325,0.9636194977722323,-24.598506019363057,13.903948048423647,0.0175,0.9876757819629025,-36.41980441275842,18.239927258570084,0.065
0.9214087374676224,-25.44847099223847,15.158305718942728,0.01,0.9861544861140674,-32.92140092836868,10.961067056963971,0.0225,0.93846271680487,-28.94384448645728,14.29565549300814,0.0125,0.7020419857379508,-40.21996258376255,19.826925863098964,0.0325
0.9628488406546953,-22.338046957728206,12.507657083959927,0.0175,0.9851660122332213,-25.39081375154285,9.410358442417511,0.0175,0.9425800586159454,-32.01433992791286,13.955773500939806,0.0125,0.8342784541991588,-40.31235069334544,19.07154607835181,0.0375
0.8505300586369534,-25.497296544495853,13.078782328718376,0.0125,0.9722336546317212,-30.16159326316348,9.232937117293588,0.0175,0.8570188904608267,-32.73101413458985,14.233105590564126,0.0125,0.6338297057056822,-37.56343135439898,16.786867422382876,0.03
0.7585620558401508,-27.177623803219287,13.94849062984035,0.01,0.9242906506832794,-32.47249836562288,9.63852484992077,0.015,0.7964421507030929,-34.13169079349382,14.54397172665564,0.01,0.3012065003418249,-41.122451797633126,18.260649487969204,0.0275
0.979346795975764,-16.351342664022003,11.530667698227703,0.035,0.9893374232669203,-19.86494492716154,8.190937757363756,0.03,0.9811395511300138,-26.273815431786847,13.738665345827375,0.0275,0.9542046201550951,-29.40797641353481,16.2080512917955,0.0675
0.9713679981353952,-20.68014612914826,11.71146690780049,0.0225,0.986774416566482,-22.72611513203301,9.210686747086822,0.02,0.9615457671776052,-30.09224767251807,14.269548664056613,0.0125,0.8310567120973424,-37.98209510331718,17.35457420284883,0.0375
0.9065661577188898,-19.298317053235444,12.299064521034627,0.0225,0.9950133309324825,-22.045336567061298,8.121171519443994,0.0275,0.8191326804113621,-26.277520461542288,13.674324335338273,0.0125,0.6820706584643228,-37.89244221147386,17.69609520518486,0.05
0.9661299280777176,-19.67686606053991,13.635683161358422,0.02,0.9970780820937786,-24.22928881978026,8.650556597810716,0.0325,0.9684270504059532,-26.919806384110945,15.237237709711597,0.0225,0.8228182092697959,-33.17810483896004,18.633467285206617,0.055
0.9301456912813733,-25.472630728025493,13.123036002440765,0.0125,0.9363369766526684,-29.42784039814072,9.363502681237511,0.015,0.977893465422345,-31.387408656929075,13.451672525952231,0.0125,0.8623063108984136,-37.93594227964864,17.32799535889209,0.025
0.9708657981346328,-16.457347632599824,11.935770847520288,0.03,0.9939931829502485,-19.814917984462994,8.384823403280441,0.0425,0.9611118254456128,-20.23508995098542,12.172313196899033,0.01,0.7342910883414991,-37.781881388369385,16.162076023982305,0.06
0.9155218170537568,-17.375044073207665,10.190907335278895,0.035,0.9812518106802604,-18.290506301230185,8.235203856550363,0.0175,0.7448990589091327,-30.17199716157461,13.74028154117982,0.005,0.5776310644607204,-48.47029459919892,17.43403824417505,0.0475
0.9725660942168992,-21.12718290718263,10.232847127038127,0.025,0.9916711924276818,-21.96101063763479,7.158249707441396,0.0075,0.6164123950707605,-42.0874976796464,16.359030117257596,0.01,0.8855473504366527,-44.53282114891503,20.534548442840727,0.0375
0.9580067448978536,-22.32937736603173,13.115632402231435,0.02,0.9854264201864256,-26.732870013701135,9.29494696051069,0.0125,0.9674791583327912,-34.556905894480586,15.074875704690893,0.02,0.9024873821748416,-32.717868252206344,17.222978240496637,0.04
0.9912310617486155,-20.48036409847836,13.656444743176163,0.02,0.998818639820765,-23.60059358042796,8.392752368130134,0.015,0.99392345081988,-33.66376057843078,15.231900684121051,0.03,0.977600036384743,-31.134193473060172,18.61904149237168,0.0575
0.9641982256530492,-21.48038408684788,12.975635544521692,0.015,0.9982640905169691,-27.73904760513944,8.691247432884417,0.0275,0.9483040278927658,-25.403320843944204,12.977896825874875,0.015,0.9258911757443973,-33.82043997599024,16.376453897960886,0.0425
0.9089890958875012,-25.934156116667225,13.774685074970808,0.01,0.9849381577716312,-31.9536023032876,9.877639704527606,0.0175,0.8580717462928448,-30.814000912028398,13.386836770022713,0.015,0.8178942762963481,-37.37486209954591,16.748469048352785,0.0275
0.9181026409335572,-25.948532771236074,13.776488956864888,0.01,0.9485262268140198,-34.46547011487394,10.815318314308794,0.0175,0.9227421032376544,-28.654409327845627,12.811252554885815,0.01,0.8782695628348589,-39.74882742308897,17.733581104238482,0.025
0.8900929080408863,-24.139384652849024,14.615217444859747,0.01,0.8948535126583632,-30.888404769699825,9.485386931877066,0.0225,0.899876620599266,-27.718235214434863,13.481780430005525,0.015,0.8795827243658636,-35.45645254000508,17.849574785179655,0.0375
0.9384989001165004,-24.258051249444645,13.964258319818612,0.015,0.9952539194023288,-27.45973725903383,9.612877215926428,0.0175,0.8948007704947878,-31.183892461425017,14.256620759960036,0.015,0.8192785975655238,-36.01575734500124,17.63410278512692,0.035
0.80532439968717,-25.299801685628957,12.012793182977248,0.015,0.9129085287283956,-30.0253774687233,8.60956157226188,0.01,0.7046584622274767,-36.20709065503229,13.65020006551152,0.01,0.4062210993185605,-38.28329659450527,16.181893885874306,0.025
0.6663874363588127,-23.708844681739173,14.820570602977186,0.01,-0.0166358161304175,-28.40407150645487,9.36083630321594,0.01,0.9349286450947776,-36.33296937968058,14.899614092354687,0.03,0.9626246951833478,-31.93703554300331,19.67785849822233,0.04
0.8319920569680987,-18.985190604533223,12.627152012128091,0.0175,0.8275604363661232,-28.007216570867755,8.861864254399634,0.0325,0.8577459229535638,-24.155636953777684,13.418432876440235,0.0225,0.6188899988785214,-31.170915260517443,16.975524031535034,0.06
0.8562926267659628,-19.52998745890713,12.72263983166214,0.0225,0.9996834754785275,-23.730080421284054,9.116528613276898,0.0275,0.9459237378450681,-25.829570586187742,13.225562251205892,0.0225,-0.016403335756613402,-31.821250387267295,16.71392238308576,0.0525
0.9591865005184348,-21.68876737755166,12.0451401375642,0.0175,0.9897434320685384,-24.426278741283905,7.414487131044947,0.015,0.9781253741528548,-31.64964988694065,13.639009807169096,0.015,0.8848404090686406,-35.14312453708892,15.797055054409045,0.035
0.9223479491476774,-23.425706466008563,13.300744231239737,0.0175,0.944139111940405,-28.50154034541434,9.16384286784325,0.0175,0.8803814647320523,-29.716822563102703,13.4871279634183,0.015,0.8732511184529202,-34.327904830071006,15.572201296689526,0.035
0.9667922080877344,-16.839364757727413,12.911900118270916,0.0325,0.9751835020548718,-21.985393726181965,10.494927279723935,0.0475,0.971331054988495,-21.574934512355256,13.89695585230098,0.0225,0.9552930105535656,-32.968257865573484,18.006621872355787,0.075
0.9817972115722936,-33.09026628519248,14.027605465427063,0.01,0.9921494077376556,-35.74843650445301,11.468718965397812,0.005,0.9909492402293956,-44.44005758837663,14.048736275958849,0.005,0.908125593590644,-50.98369838547883,21.63404579906104,0.0125
0.961240207226254,-27.298644388958884,13.995359328209863,0.005,0.9866135360839214,-38.75460227645357,10.89902792142414,0.015,0.9910878253514404,-31.84261805480437,13.969963970281562,0.015,0.884659042375048,-36.17801920671489,16.038002645106854,0.0275
0.9087196631760042,-18.60672806415179,11.975918594661355,0.0225,0.928146936812957,-22.00233461282995,7.529883992637872,0.0075,0.8567516279470775,-39.21894053535995,14.846931280537921,0.03,0.9357060548268314,-32.19803445097109,18.6718809685432,0.0575
0.9839517150808712,-28.362654147534773,13.682833190230959,0.015,0.9917623394559187,-30.293680277608786,11.10145587685301,0.01,0.9925518873782332,-36.802292724081695,12.07449042361177,0.005,0.9193094433708666,-46.21319293026221,18.76709747498949,0.0225
0.9927137148517604,-18.72934184513855,10.710276544899392,0.0275,0.9972174563402404,-19.28225253802289,7.332129204070571,0.015,0.9906169523943298,-32.69411986791065,14.081648517289032,0.015,0.9762631343822664,-36.50429675959087,16.502689536872264,0.045
0.8809217880299749,-16.413386156054955,12.80080183352723,0.0225,0.994686208882223,-24.09664988603167,8.993513881955558,0.04,0.9565663186278712,-23.350112498375545,14.198702535070131,0.0425,0.6899600790126633,-26.227969360210988,16.809119873376375,0.075
0.9366751643826723,-26.382326448486495,13.405672844845665,0.0125,0.9701490964211151,-31.27532337803156,9.95049284623816,0.015,0.9332190023001634,-31.901012209356256,14.181392428098828,0.01,0.8394015205371086,-40.02814308408891,18.01135191831974,0.025
0.8488395400904377,-23.985396721325305,13.985839644389404,0.015,0.9916734798489476,-29.09953163370456,9.531461796180302,0.02,0.8357986632106557,-29.10613210629366,13.274052964104188,0.015,0.6160303746493916,-35.01248952368551,16.611396753427197,0.035
0.9560414619027848,-27.132080573285183,13.113485004570489,0.0125,0.9744739102394462,-30.35898576481738,9.799438635485156,0.015,0.9545913698169703,-33.63087750071753,14.074878760557894,0.01,0.812005994056102,-44.35340481150689,19.213702315879097,0.0225
0.915547855765785,-19.722958743434745,12.682122109832616,0.02,0.9745492204631954,-25.19163134665197,9.719500074403374,0.03,0.9107587313478112,-24.08495686255112,13.116186866611216,0.0175,0.7331703880381913,-34.52679719916535,16.906000657520124,0.0525
0.9762808125629387,-25.540914839306513,12.924113378218058,0.01,0.9886298842239161,-32.299791334604336,9.591463618780114,0.02,0.992599364846982,-28.52689584974368,12.750334724331134,0.01,0.706437446653134,-39.87975517904435,16.496053300905558,0.0275
0.973764959024002,-27.14357657592747,13.275705516493865,0.01,0.9939539683287492,-34.03994145859203,10.07018101878353,0.015,0.9930674034909732,-30.92581316021064,13.027266085897075,0.01,0.6827687376670829,-40.21514170025653,17.01710260927913,0.025
0.9069710602071044,-26.90985602604742,12.455302427010825,0.01,0.9857762085605376,-30.929919801247344,9.385963837977634,0.0125,0.8846910914294626,-32.25520219350247,12.794604674650806,0.005,0.717408264317421,-44.242482654927,16.017004616515273,0.02
0.9679379609467512,-23.21147024886968,13.716486064426594,0.01,0.9849920598326926,-32.97359853907702,9.551935936455628,0.0275,0.9908522575852152,-27.08811478182826,13.500727665029975,0.0175,0.854130848165283,-36.26793207057533,17.02660350475599,0.04
0.9831903126078225,-25.143545961644627,13.467477018419363,0.01,0.9867581368227709,-33.82609077148989,9.220470322908092,0.02,0.9897240683988324,-27.98556904003636,13.381054152890378,0.01,0.9750156348167223,-39.10277460205394,16.346750173887017,0.0275
0.9365372387321734,-20.1303281781937,11.87113406290235,0.0275,0.9978616882346938,-22.98661234028668,8.961881811198886,0.02,0.886764769652117,-30.5830197630319,13.542473364364067,0.015,0.5959432229504346,-34.2463218499466,15.96407724779221,0.0475
0.9464932335890055,-15.398490810029402,11.47355124440626,0.0425,0.9976858155693431,-17.822536074772753,7.488841852528672,0.03,0.9440188765326418,-25.311082641775663,13.631089991262757,0.03,0.611922794112117,-28.356526172838727,16.084401043850505,0.07
0.8568166472612468,-23.96418613667389,12.14133774499479,0.015,0.9569552869981796,-27.282875735628775,8.991264942213204,0.015,0.8010826180769431,-32.06721422173475,13.447248156635034,0.01,0.6483327981297468,-41.40166304810464,18.27351047653799,0.0325
0.9032027173249588,-24.041941068986297,12.70458596744126,0.0175,0.9941684504204972,-26.511992217992507,8.418618194750458,0.0125,0.6749842309497245,-34.81264305357668,14.47629016777184,0.015,0.6627900083026789,-37.732077848914265,17.813438732828864,0.0325
0.9666060839269182,-19.991522228640225,13.026719476821576,0.0225,0.9965163061153515,-23.352655220239463,8.138176132808102,0.015,0.8822707546945898,-31.96616864084108,14.380573132452408,0.03,0.8917566397408878,-29.74309673554235,17.810738812444352,0.0525
0.9426025534769822,-23.367542676248693,12.318903866422993,0.015,0.9788487629937759,-26.730897704050072,8.253283517189189,0.01,0.9229165874807639,-35.362373254444904,13.896734078947855,0.0175,0.8211370892527666,-34.7731109956534,16.423635405769076,0.0325
0.9569245064421956,-20.35934795184695,13.166984642436963,0.02,0.9994404773539652,-26.52754778155904,9.261298789063714,0.0225,0.90722583791876,-28.28384359550716,13.928028386437964,0.025,0.8754671494054772,-30.26834609260717,16.476801266430947,0.0475
0.9659887347015524,-21.54764969012448,13.25188591467941,0.0225,0.998562491379566,-24.5995787609187,9.826719740761265,0.02,0.9434315624159924,-27.84174402636989,13.223892612740505,0.0175,0.8597719998849856,-33.205535451284035,16.0776454499784,0.0425
0.9081854594066208,-23.824595899413616,14.11293291001295,0.015,0.9752996493435476,-32.536202399893405,11.483731722344531,0.0225,0.937394236129854,-27.386087518421856,13.364506389920788,0.015,0.6411767299628076,-37.4479919612769,18.274217647500656,0.0375
0.8892354026253876,-25.354398904941505,14.710598447929682,0.005,0.9919883903123511,-40.1723178024904,11.058049730791717,0.02,0.9418140797986557,-29.29966719984248,13.719644442586196,0.015,0.739301015788473,-39.499296305979286,18.040094917464142,0.0325
0.9027672835653372,-16.953404785456634,13.324919105319163,0.025,0.9837766917524202,-24.06342683652473,10.32344596996991,0.045,0.8720528205109768,-20.79838016112962,12.840880463014646,0.03,0.731113231551695,-27.697908184722035,16.418156181235933,0.075
0.8879810992791302,-26.963518310971203,12.37640739647571,0.015,0.9806030927185353,-29.15118365957781,10.653997620672705,0.01,0.961608716253018,-35.49074975825057,12.204359232048791,0.005,0.1635079652846695,-49.53392977987533,17.613200247145365,0.02
0.9918139819194202,-19.39790855451306,11.295030919858306,0.025,0.9986968740729398,-21.535080743543283,8.514941937503572,0.02,0.9776692410648568,-28.6417610664726,13.014602894796974,0.01,0.8935177195431809,-42.83173699803616,18.563763113863864,0.04
0.9711664886039358,-22.96188027867398,12.431162186164684,0.0375,0.9971619742446703,-24.937588760838445,10.168520341376809,0.015,0.876279499421613,-29.910126087629934,11.047040881353709,0.005,0.906676502578299,-50.378075553320954,19.251601421012843,0.045
0.9795694080006369,-21.7755209387669,11.829499729386209,0.025,0.9976667010226342,-24.26618979072901,9.402614026591852,0.015,0.9183575129860394,-32.011828489900424,13.996355682267414,0.01,0.807398700890834,-43.60425272418663,19.69161332076556,0.0375
0.9102191798517772,-19.18723802379053,12.330985773697108,0.0225,0.9790381091262516,-23.11752552509281,8.650903067410422,0.0325,0.8358933877067768,-24.85070873487784,13.39640354510659,0.0125,0.6805956388253473,-40.7392528688797,19.927237465400356,0.0475
0.9257499320656536,-17.33372592529657,12.357725101944942,0.03,0.9917875161713248,-20.45426630910962,8.113720581147456,0.035,0.7592207622221459,-25.06898225338165,13.930007711336136,0.02,0.7945138035045283,-36.83084505773478,19.367135200054022,0.065
0.9688100991094787,-18.469907882624035,12.545921663904426,0.0275,0.9947564884203122,-22.121575504238674,9.15561758442086,0.03,0.9143642262776255,-25.24127135347181,13.444804699389351,0.02,0.870101912167537,-34.018858910437814,17.022277884876292,0.0575
0.9107957137596323,-16.986942129570004,12.363410867925047,0.03,0.9950794611981315,-21.11669656175694,9.825712617873961,0.04,0.8383003938672295,-21.08647710735708,12.075585896169743,0.015,0.7017596445251726,-37.91972653612527,19.251491125950466,0.06
0.9251421886508554,-15.769567025536825,11.083007689755595,0.0375,0.9741513882157478,-16.865691762835468,7.475495842940164,0.0225,0.8854367269620046,-27.06594741784712,12.784326593342849,0.0225,0.5853072625056049,-33.23417961354005,17.82260198388208,0.06
0.8811289482405665,-19.883571751568518,12.486845235189374,0.026250000000000002,0.9708400535372432,-22.81376050980566,8.827229070173775,0.02,0.8611412360338839,-28.1137088515471,13.42643135496876,0.0175,0.4750002069416279,-37.22898005961195,18.510552163327205,0.0475
0.9658977233700243,-14.366418943263303,11.173225900970905,0.045,0.9939055678653033,-17.348882934732075,8.190011315903813,0.04,0.9336660211615113,-21.51739240738351,12.793309431798104,0.0225,0.7755607407765543,-30.890282782428503,16.77125077990872,0.075
0.9874521240127533,-20.1595536523921,12.533542709346552,0.03,0.9976358764105877,-22.814754841972338,9.929898086272672,0.0225,0.9644302657293431,-30.623408809565106,15.56093064909355,0.01,0.7886042664678014,-45.05962655827824,20.211445221238506,0.0525
0.9496887017372848,-19.88885365102228,11.97756542539425,0.025,0.9776614850936121,-23.185830374456053,8.043130453994088,0.0225,0.9161050527678002,-27.9265672638143,13.471452945409911,0.015,0.7399051459017083,-38.79342911866077,17.031957000449108,0.05
0.9384068195245253,-26.696289921158673,13.715094130429254,0.01,0.9888782577966826,-30.41298914362912,9.29704786041966,0.015,0.8803742919828237,-31.9223863777394,13.881890076836525,0.01,0.8912843310412037,-44.46319273612146,19.2573151108583,0.025
0.8979291456117486,-17.979488421423046,12.713724033737062,0.0275,0.9592164928717748,-22.79640786203676,9.008602449572027,0.02,0.9883519444085892,-29.02068424287268,14.947866307302323,0.035,0.7387257898658218,-31.047392437288345,19.746646417924065,0.065
0.8015464638286212,-15.2258561445054,12.709797131434549,0.0425,0.9674253655707645,-16.29609744631601,8.586755035908343,0.0225,0.7897065891705448,-28.13340463100573,14.104696417099465,0.0375,0.34046301855696237,-26.429616214639083,16.799892648624752,0.0775
0.9752943973428108,-21.031138919476213,12.918131829084654,0.0275,0.99030722874671,-25.7921051007871,10.16094129888912,0.0175,0.9620175133478164,-30.994165139336737,13.742000136621442,0.015,0.8621336749493922,-36.40617851624317,17.78653390898667,0.0475
0.8759996668351453,-22.291334388227103,13.515096675087168,0.02,0.9984498426412224,-27.26247766457214,9.1710690528086,0.0175,0.4378942030167524,-31.127939798507562,15.014893469414925,0.015,0.5605647376746395,-36.41224888576103,18.95674663911393,0.045
0.964968785640238,-21.88350287498743,12.313406663023825,0.02,0.9799632146830192,-25.18714951720044,8.20791175197056,0.02,0.9527685280377792,-32.88124997515194,16.191274640406597,0.01,0.9263367709638318,-42.699111417275866,18.34400500225374,0.0375
0.9785450870214016,-27.62242100757497,13.8385055185597,0.01,0.9991528408961832,-35.207358443783946,10.717030335391687,0.01,0.8956375893931122,-36.10037528592607,14.468350631102696,0.01,0.9403745306255517,-38.468136113123656,16.66720932224796,0.0225
0.9673918454821028,-23.205116457691567,12.663426804722912,0.0175,0.9818125646379672,-25.07179047720849,9.66440860472687,0.0125,0.990234559605402,-34.28579703268804,14.908678930356936,0.015,0.754318924732653,-40.73145005671503,18.972532119916444,0.0325
0.9327952938131413,-20.3070148608799,13.045932716471416,0.0275,0.9860307617902395,-23.615177593961715,9.713139800489753,0.02,0.9699949375122978,-29.476173494222287,13.67279685828799,0.02,0.8941448412824085,-34.772110182052415,18.363416019700022,0.05
0.9785450870214016,-27.62242100757497,13.8385055185597,0.01,0.9991528408961832,-35.207358443783946,10.717030335391687,0.01,0.8956375893931122,-36.10037528592607,14.468350631102696,0.01,0.9403745306255517,-38.468136113123656,16.66720932224796,0.0225
0.960058069839575,-25.844229593931846,13.301972225895245,0.015,0.970058720977961,-28.663605002920114,9.820367409976344,0.015,0.9935129564388362,-33.07457820119639,14.144280245307932,0.01,0.7953308413349015,-41.065480099849296,18.387447679990522,0.025
0.9819460689036938,-23.989086269290155,12.873733536091784,0.02,0.9984116828409528,-27.681087278589533,9.503209719048776,0.0125,0.9846463641534932,-38.494053941282175,15.535216667249612,0.015,0.8443749156391722,-41.09881827093989,19.658337690791306,0.03
0.7359991213380483,-19.38802137115967,14.396841005335842,0.0225,0.9637789679582964,-24.083779894771357,9.713564409014992,0.0325,0.9268404118270664,-26.03739115490224,14.247758145033467,0.0275,-0.149873303646048,-28.88713765765587,16.573200234336007,0.06
0.974923565674928,-24.518022522543387,11.906489246266124,0.015,0.9892464679736132,-26.275837613974304,8.391111678427492,0.0125,0.9800340050844404,-34.737107226215365,15.1522843691031,0.01,0.6370596351434406,-44.50586317921368,20.103165336542045,0.025
0.9023136766499011,-20.33176491933668,12.56274978958674,0.0225,0.9788934532775884,-23.651345872372495,8.374788749221475,0.02,0.9308396042286677,-29.18073110709949,14.231926488675665,0.02,0.19681386535412376,-32.49689731609129,16.058634020874095,0.0475
0.8838191495482576,-17.57723502459751,12.065469926239334,0.0375,0.9584873972129786,-19.233717691501216,9.365049559944977,0.025,0.8586658464889539,-27.114453488104683,14.214377591614944,0.0175,0.1534069723256431,-32.256765951007694,16.154826729265665,0.0575
0.9718866207243511,-12.536985621847915,10.978572880864425,0.0575,0.9935274053427522,-16.147878014298083,8.455702547234608,0.035,0.985891328336967,-23.060724785729462,13.619355707581505,0.035,0.9123394728861414,-28.473493040741293,16.713121116099437,0.09
0.9718866207243511,-12.536985621847915,10.978572880864425,0.0575,0.9935274053427522,-16.147878014298083,8.455702547234608,0.035,0.985891328336967,-23.060724785729462,13.619355707581505,0.035,0.9123394728861414,-28.473493040741293,16.713121116099437,0.09
0.8423351414134447,-27.16616390165322,13.362433720787209,0.01,0.9877846957872218,-30.29244081085569,8.561350616921445,0.005,0.7755262430103691,-41.64072535279222,15.485431668232325,0.015,0.7260038435940115,-41.05731163288047,20.83908747151743,0.025
0.9453721783356923,-23.85634446534989,11.993356649041626,0.015,0.979212193385411,-25.551053189553905,8.51501830554879,0.015,0.9868253450857725,-31.835761502312824,12.718515786081158,0.01,0.31835077909996456,-38.12902884503772,16.448205613792524,0.0275
0.9100661136121816,-24.93276062439875,12.821301512014774,0.015,0.9575985805125057,-29.436222318012348,9.178231643831921,0.015,0.9468887236902389,-35.106832671680905,15.305102141903696,0.01,0.39762558503464074,-41.86640492137621,17.51695217201559,0.0275
0.9830341861287653,-21.305563413024416,12.543884583467795,0.0225,0.9881617395702621,-24.17219990447613,8.852550012573278,0.015,0.9923582938417963,-33.08793565290334,14.825327558257273,0.015,0.9751887807994485,-39.29442258420728,19.359392716576604,0.0425
0.9906078822058724,-19.32157565253081,10.718848290429252,0.03,0.9965736909188736,-20.527645829940305,8.177065225474621,0.01,0.987398476748472,-33.23286658127736,12.639618623485816,0.01,0.9525440390119886,-41.48477983035198,18.81438322802417,0.04
0.9390109564822526,-19.006215659798567,12.699080478759877,0.0225,0.9962928868962538,-22.591004982696205,8.813428138197743,0.025,0.8353047061963323,-26.3503157127117,13.207343999458253,0.0175,0.8748998935063366,-33.97224608064186,17.135893110562492,0.05
0.9701381110034568,-22.026251455504827,13.01878119565375,0.0225,0.9955329974363212,-25.786582149647668,10.010695596876008,0.015,0.9505955886693468,-31.76974449718848,14.73697360073942,0.015,0.8543689032760791,-36.03019817552585,18.294518174219824,0.0375
0.9623036265159006,-21.18141259762329,12.330293440190916,0.0225,0.9968138718442208,-23.796148582627595,8.764897748151482,0.015,0.939079687565189,-33.54259691912705,14.577346160605632,0.015,0.8410605578525894,-35.27687888636006,17.519941792345293,0.04
0.9759972339338223,-22.84707895761982,12.146012066189058,0.02,0.9880272429884598,-25.44550150171563,9.796453847622175,0.0125,0.9778195016027648,-33.85321638081695,14.476778245067955,0.01,0.9782924332536054,-41.59202187633163,18.432626991678756,0.03
0.9769841141676966,-18.038504642121307,12.602314987016348,0.035,0.9977087387369228,-19.694464563300965,8.441088046971027,0.015,0.9811277198844052,-33.56787671069716,16.10861228141305,0.02,0.7165242418263079,-33.8570894276656,18.30491720903905,0.06
0.9783377213946296,-19.52245742840685,11.453698275500388,0.0275,0.990057029644842,-21.664980583487317,8.614504475745147,0.0175,0.970137882590599,-29.97231147249205,13.506099281614814,0.01,0.9182613538367752,-39.67949226526661,18.260107545392504,0.0425
0.9847345099525288,-22.02959926423313,11.573503998754136,0.0225,0.9852452970235271,-22.6230907462259,8.311409110507224,0.015,0.9952452032288602,-33.67661676656053,14.827579863799514,0.01,0.9933901510659616,-43.30290844763464,19.215405089861903,0.0325
0.8796043189716716,-20.189728338831834,13.901647822293349,0.02,0.975041235089754,-24.41598092648023,8.994712750699797,0.025,0.9786566513390206,-26.68746574487903,13.867105135644833,0.0225,0.196516243754478,-30.639177321899,16.771082097120576,0.055
0.9725644523537333,-16.324388641526177,11.0435201940873,0.0375,0.983751145857978,-17.99181953736032,8.42983108929984,0.0225,0.9806924724480014,-28.86941681146999,15.524599888677937,0.015,0.6787065745290355,-38.35980271446519,18.725911216104855,0.0575
0.8727549009652855,-21.254874168973775,13.42300872822412,0.02,0.9693702538109004,-26.962450408874624,10.353730128534446,0.0225,0.9722071596280318,-27.462665629514543,13.506428394711232,0.02,0.2760204188394022,-32.13116358976273,16.8615839808114,0.045
0.7049375813481606,-24.25038958873052,13.717789437020146,0.015,0.9579000301556336,-31.514363412975637,11.21249338682604,0.02,0.7588351127810038,-28.950728415129333,12.84437455799558,0.015,-0.1917636647526041,-34.78195501940215,15.772526176635385,0.0325
0.8880082404539091,-18.063920836251746,13.500341009486053,0.0225,0.9709530508825386,-21.86429994907207,8.630626641905954,0.0375,0.8661324153781709,-23.007932768186727,13.514007436417895,0.0275,0.7414320997142014,-29.646622983359066,17.61902835168494,0.06
0.9167629849892831,-26.42359260385581,13.038283145243067,0.0125,0.9953552328313808,-32.330604584381746,9.991508921087416,0.015,0.803113309277135,-31.45015204093165,13.504872557164216,0.005,0.5583597519715122,-44.24583904702315,19.043649377562268,0.025
0.9235938032140072,-26.013262270592985,13.017199317442216,0.0125,0.9902366442716324,-31.897977116584585,9.94440126446959,0.0175,0.8605684347973934,-30.881861694667418,13.242490340493196,0.01,0.7328717960976018,-42.80511767452005,18.426904530129548,0.025
0.9269200673200292,-26.041400748916104,12.728107300629986,0.0125,0.9922629540260912,-32.184438959557255,9.948795684882684,0.0175,0.867661476698809,-31.16127097654637,13.267033896671885,0.01,0.7310138424049957,-43.46483012681831,18.292963999026377,0.025
0.8858103588087813,-19.801928489211143,13.450830165978266,0.03,0.97142626155157,-22.10937860931596,9.050773572248902,0.0325,0.818301398229895,-25.70595611299616,15.16109810020452,0.02,0.496926453125917,-34.05164627148728,17.969231351744742,0.0525
0.981848674617954,-16.68523600199034,11.118541897745445,0.03,0.9943554442731986,-16.888319577056514,5.469897015788783,0.035,0.9561594838085492,-23.931503207500768,14.462653388120295,0.0125,0.9540214929873572,-38.414676471056914,19.037032784948046,0.0525
0.8520432251041604,-18.722350049373787,12.912971701062679,0.03,0.9656324546637792,-22.07525109749055,8.587068863583458,0.0325,0.7968873490419509,-24.051163522620207,13.458612631539205,0.02,0.5882239857436832,-32.263038346187656,16.755223819959845,0.06
0.9839886713153688,-15.118663509950595,10.490318974940468,0.045,0.9898844298645092,-19.44005147407384,9.2464576703811,0.04,0.970925233496356,-21.715286449477446,12.474956194547278,0.01,0.90959225622849,-40.39096818615833,18.510340712423208,0.065
0.969958727735477,-12.423785480929135,7.961305914884947,0.045,0.9979901582873882,-15.433448637394577,6.964271041348413,0.055,0.9616354553172433,-18.587558557772446,12.562885256344153,0.035,0.9474856457358185,-25.104019869414664,15.085603781332093,0.0725
0.8994574912706019,-13.778432572381329,9.752815613756404,0.04,0.9801278287228152,-17.990414548962896,7.395581337862549,0.05,0.8794077882175543,-19.84591513145352,12.8515261411142,0.03,0.5775170611077136,-26.40270021984554,15.35473977517482,0.07
0.9198805240753756,-16.820962442288725,12.103483722627633,0.035,0.9864292051483559,-20.401108179367476,7.83070632431022,0.0375,0.8513051309684585,-22.391252476592896,12.594257895579162,0.025,0.6269979988127321,-28.888642479694578,15.23699086048773,0.0725
0.9503666179132109,-16.26728427047786,9.719811087267791,0.035,0.9961580127977264,-18.76678117130639,6.189482022222464,0.0375,0.9065589131288108,-22.93638231267241,12.93916801255441,0.0275,0.8981435428108883,-28.903448606865737,15.86741682946172,0.0575
0.9658257839206019,-18.76989731688533,12.600023187017886,0.0275,0.9922591386804307,-24.188035647558422,8.909329273021365,0.0325,0.9644941797388783,-25.01332368393802,14.339410741055143,0.02,0.8477906600583569,-32.00966904473644,17.07203604479217,0.055
0.9801987003313497,-14.180651083958423,11.739111998925008,0.0425,0.9940032754341999,-17.05876100022148,8.102944311111258,0.0325,0.9874415624206037,-22.997799044353098,12.885629471652864,0.035,0.958299851455805,-26.812930960908783,17.617124308455967,0.0775
0.9689401679990644,-12.398891747008133,10.344715759226567,0.0425,0.9874660767026417,-16.77121391893526,7.93524628815566,0.065,0.958067675714176,-17.471897132082983,13.461760871748531,0.0475,0.9544850264828251,-23.20888820315529,16.510431015889075,0.085
0.9590776730465098,-19.852047801238243,12.022463862095103,0.025,0.9834946986675557,-22.076650874860285,8.191341252096477,0.0275,0.9240531161132717,-25.553150695602067,13.760721158394595,0.01,0.9590140078268918,-38.63713174223594,17.02027971987526,0.0425
0.8806885469649897,-16.350469803064257,12.72886886049304,0.03,0.9717320764213648,-18.471035400499375,6.7614074958059565,0.0475,0.7946666645414429,-21.483840361402805,14.402721480816746,0.025,0.7507839395286712,-31.36156849409029,18.25372702347028,0.07
0.8308378672135611,-16.501532741606276,11.472117264293637,0.03,0.9355538156194314,-20.06473756158405,7.386806596756908,0.04,0.7299751818717445,-21.381756765107355,12.872844663961807,0.02,0.5681919418169552,-31.78960797349159,16.232527482038975,0.06
0.8144798157038229,-18.963766126561527,13.677057021446956,0.0225,0.9407267869274649,-23.883821960037746,8.505931881173517,0.0325,0.7100338239121388,-22.642701524196504,12.839106181273308,0.025,0.7039755331932933,-31.178580192514094,18.26494187058583,0.0575
0.8818616978230832,-19.179184294712336,12.863455019509711,0.0225,0.9498549616514664,-24.774291424308583,8.11341176665755,0.0325,0.8830062055754452,-24.013347050875907,13.486046505991764,0.0225,0.6425758436455576,-29.87129458922137,15.510549590937869,0.0525
0.8721074170113249,-14.10838672102713,11.161402466556455,0.04,0.9882674154219511,-18.38157078274933,8.638509421799224,0.0575,0.8300616595139584,-18.72452889422341,13.284841394913087,0.0325,0.6665612526856699,-28.464270859626822,17.972003073747473,0.0825
0.9503806420545251,-17.663903401697297,12.400023159093966,0.0225,0.9708794378540309,-25.615822351483956,8.82994405440797,0.03,0.9555609502853593,-23.645167408919107,12.780969717732937,0.0375,0.9354489383294712,-24.19244037716108,15.26843487758698,0.0575
0.9623360272883656,-17.14200339784138,11.345901229266898,0.03,0.967228366552506,-20.77333277906691,8.898482242226114,0.0325,0.9764334645000357,-24.07514729284175,13.2758778137488,0.03,0.9827471088533164,-27.177303763142103,15.348302381326318,0.06
0.9793888358248498,-16.505488288475853,12.481099807624814,0.035,0.9985617554055937,-17.333757019008118,8.21507150428764,0.0325,0.9349084624249275,-26.82803529762046,17.17067886039637,0.015,0.8577527549592598,-34.9688095819529,17.892092718130584,0.06
0.9169815105527004,-15.348379882928938,11.766350537203893,0.035,0.9958594217717505,-18.81902911909487,7.579657331236384,0.0375,0.8779577370716447,-22.438096475305557,13.618316987552376,0.045,0.7826678887000138,-23.11775227648997,15.751209158175858,0.075
0.874195495341456,-19.508676618655205,13.880200194144273,0.02,0.9158658448480074,-27.381833395043827,8.766802613993551,0.035,0.9238350178594784,-24.328391192130454,13.34001774801164,0.0425,0.9348779514961418,-26.47188547804602,16.219639364053776,0.065
0.9676564743734529,-19.19260160879253,12.902626687626498,0.025,0.9926636903526103,-19.91683876900636,6.365963808512355,0.025,0.9936603673462745,-25.38364050936057,12.589964263934277,0.0225,0.8524702379947462,-30.803614078964614,16.94920448032168,0.055
0.954454130453393,-17.992101296438797,12.225156658320447,0.0275,0.9719296239945848,-19.828320503031605,7.554869265672858,0.0325,0.9637588694831591,-24.940244182183946,13.768892283298676,0.0275,0.9950097187425746,-30.765837580996383,18.04259338119183,0.0575
0.9776747738884376,-16.87258749552938,12.022623116834032,0.0225,0.9998481318504804,-24.07984328271824,6.548997429460108,0.04,0.991729596293026,-23.779751648948917,13.42361696986272,0.05,0.9392342379852652,-24.781741420531457,16.729884659215255,0.075
0.9915066509179515,-12.763300851991836,9.319705940315364,0.0425,0.9998549114584228,-15.686984588111653,5.1181852301590265,0.0425,0.9919346694118745,-20.40506831176136,12.03178710595164,0.045,0.9642003015519782,-29.05371298846883,17.838565864449905,0.075
0.9541661359994428,-12.508406975926018,8.522708137493797,0.0425,0.9858791664008332,-14.08174013195725,5.927059296621742,0.04,0.8687227147509202,-22.029847361438023,13.246007442643611,0.025,0.8725909780301944,-35.300698805921094,18.52425440960271,0.0675
0.9700040698448813,-16.47277721052093,11.838644925910032,0.0375,0.9955934059973279,-17.794690912073932,7.926469844012113,0.0325,0.9711437646305789,-23.86193272849247,13.25053471082361,0.0225,0.8440856818184734,-29.703866424505073,15.959346827345886,0.065
0.9416916200784213,-17.019944059863022,12.47082158153858,0.03,0.9628378863464677,-20.93853516799115,9.417471730705111,0.0425,0.9573755702228458,-20.148693604305187,12.600752034168169,0.0175,0.7493217891702294,-34.74478403837083,18.36365639616359,0.0625
0.9665215675548648,-20.28507385865258,14.609621545049809,0.0175,0.999997439437962,-24.917440226854563,8.427903535738729,0.0325,0.995682535226606,-24.204428404860455,13.940436589648185,0.025,0.856149671498416,-27.378365798597777,15.070574370607291,0.0525
0.9636739427588896,-22.600448403091747,13.89210397867137,0.0175,0.9966822260835958,-26.941051269292785,9.887131748836012,0.0275,0.9184439703795374,-26.727579997224343,13.893350231661922,0.015,0.9670256891041124,-35.78530377318566,17.418429421849833,0.04
0.9523908014461049,-22.888159792432944,13.10829000778624,0.015,0.989566577567599,-25.99168803971878,9.579523488035639,0.0225,0.9018644910262841,-28.216318080123365,13.879837923438778,0.0125,0.9643813379953661,-36.200702752110416,16.413829708567512,0.035
0.9046607882368046,-24.71637264697864,14.12297194210553,0.0125,0.9908015229944774,-28.462151914602288,9.009535644820415,0.0175,0.8872037175390041,-31.45313667211009,14.921172177271888,0.015,0.701720164597886,-36.30309654272104,17.662745371500833,0.0325
0.9449410556447614,-13.834950682525683,11.621889696030902,0.05,0.9894403680226164,-15.662621051435725,8.587636327234343,0.0375,0.9946371951319,-23.595405986916592,13.153195556706384,0.035,0.4090822119258175,-29.283163236750113,17.892583362674095,0.085
0.960231606943337,-18.5621420766399,11.20392285728283,0.03,0.9886235630840068,-19.613843676094763,8.208474771903516,0.02,0.9145071489395727,-29.06222351169643,13.37726148371638,0.0125,0.6696891335434303,-38.4503271090108,17.571936336057906,0.0475
0.9294393295948172,-20.644570270285293,13.266113132067826,0.0225,0.9242067266649162,-23.150066629256926,9.057913235837288,0.0225,0.9589020184040444,-29.191783755102563,14.582363784792287,0.0225,0.9589380496228842,-30.890065673954236,16.487677008918837,0.0475
0.9734709073175704,-22.18144475728109,13.6829695751326,0.0175,0.9758850225826552,-30.07184687577551,9.6817006553957,0.0225,0.9690350883695256,-29.56690293778248,14.592211018238938,0.02,0.97898291973908,-32.72843820930507,17.364988866235667,0.0425
0.9485438497604433,-22.47944528652284,13.70434821716627,0.015,0.9942196981659681,-27.323254544220845,9.791663892765998,0.0275,0.9676610377290052,-25.824600092581704,13.266047546019568,0.0125,0.6772721881735837,-36.48067108529994,16.96762469289512,0.0375
0.986319618923556,-23.08208587793515,13.959616127058542,0.015,0.999882505501282,-27.84500478534419,9.863024527313172,0.025,0.9702868562694708,-27.70517217220204,14.363017650047995,0.015,0.9932577253937804,-36.830009380354845,16.744012063991583,0.0375
0.8949426857186764,-24.91213878250951,13.616613505041096,0.0125,0.9876160782174477,-28.546933124204543,9.533981428921514,0.02,0.8629055848148417,-29.793570999005794,14.028112291071857,0.01,0.5808779938645596,-38.26850673334329,17.283738511532547,0.03
0.8959998868342749,-24.968298388360587,14.372470699623513,0.0125,0.9884919076559224,-29.55121495501959,10.502906525040371,0.02,0.8582762720089995,-29.49173371339393,14.391498000398435,0.0125,0.7245798957517479,-37.50762329312496,17.394354696116473,0.0325
0.8564714183283023,-22.86180704870788,13.305273487128504,0.0175,0.9877865100501996,-26.77408102262277,10.093870192433684,0.0225,0.862013136894612,-28.773547260319305,14.37085318550568,0.01,-0.3006360499788448,-40.72081954013455,18.171300416978365,0.0375
0.9453691338156409,-26.145548165851924,12.976691642239055,0.0125,0.9808591764201593,-30.47345462468381,9.412357274179929,0.015,0.9342540761731868,-34.71795906612216,15.585325520364364,0.01,0.8079327033194259,-42.008828235244124,18.460663028614857,0.025
0.949814149525105,-26.8409400349333,12.559491053830795,0.0125,0.994972256234077,-29.771295052352226,9.887430696505024,0.0125,0.9271321117203186,-33.15643110029157,12.514919151110945,0.0075,0.7752076469598681,-43.03912514995248,16.95255525943518,0.0225
0.9622028349456793,-19.708629974407543,12.546263178865392,0.0275,0.9953407863741568,-21.038681629435054,8.381334898590051,0.0225,0.9046958133391076,-29.009792832826392,14.377340458985334,0.0175,0.8210877436313448,-34.7647497346471,17.840923973413304,0.045
0.9424338162859026,-21.50656663543828,13.094414214985889,0.025,0.9655725746393009,-24.686846658462166,10.18765549997336,0.02,0.9729593772557555,-30.698429534183475,14.375938207183026,0.02,0.871679911377571,-33.50166475302568,17.454566035805414,0.0425
0.9496793816874667,-28.00824795828693,14.012677018450063,0.01,0.9851420257820712,-33.31407802539172,10.507259530176235,0.015,0.989592631798712,-34.4868953361618,15.15479436906002,0.0125,0.9587197186688519,-40.703055013149964,18.497664514784326,0.025
0.9770342084496656,-18.070286198391905,12.254344636173474,0.025,0.996773909703122,-23.358436968841204,8.551520716734606,0.0275,0.9407053275547568,-25.89994892871344,12.368557058680992,0.025,0.9373796791480627,-32.91836306537792,18.727747392214678,0.055
0.8641726260211294,-22.40812784008892,14.617789890028616,0.015,0.9938663281165228,-27.87089971924779,10.010998322287776,0.025,0.7862249071158808,-28.285868075739387,14.603298356328246,0.0275,0.7439216250500924,-29.126505327503548,16.340213770095367,0.045
0.845372625348388,-23.238955706932153,14.01358265939268,0.015,0.9942569390040952,-28.047042009925192,8.834102239147724,0.02,0.912689755758755,-30.043660448908202,13.835978106994975,0.02,0.5654499523764427,-30.233846288583628,15.782245694369923,0.0375
0.9030513022892612,-19.80790255258483,12.802243256056979,0.0275,0.9921580377421402,-22.783124761203123,9.181591871456042,0.025,0.8038069904284993,-28.46400705038444,14.295750388008061,0.025,0.6697463810590466,-31.283683614286478,16.95529245979968,0.05
0.9019409104305915,-19.89636102063971,12.920340063599664,0.0275,0.9892673229520454,-23.2348050477759,9.420992028978,0.025,0.7916366818354409,-28.329064303450732,14.176446564633991,0.025,0.7472929039318923,-30.68763208434858,16.51327942342899,0.0525
0.835974442527757,-21.55903851988819,14.14990134961199,0.015,0.9836669704163906,-28.25980518238285,9.501028778473641,0.03,0.8211627053289199,-26.282765275956592,14.254838137542183,0.0225,0.7408968220212198,-30.288000647580034,15.990557873637304,0.0475
0.8944393381787067,-21.45046244820497,13.990325335396175,0.015,0.977455168294839,-27.409336054127422,9.43042693062618,0.03,0.8938399536875936,-24.948946532161965,13.562534063122328,0.025,0.7780375311729254,-32.12734332919688,17.729343159927605,0.045
0.9735213571188648,-24.33342703182246,13.930925197107056,0.0125,0.997074195380512,-30.82080853275672,9.70724607981446,0.02,0.9401713721248826,-29.274368891885064,14.001789674986236,0.0175,0.9880769948169756,-33.53558282795846,16.381874760885744,0.0325
0.9492494932076254,-22.673481963403344,13.300421572483032,0.02,0.98596257782647,-26.85067152444434,10.466676175944002,0.0225,0.9565247949002608,-28.01442992075724,13.509487080317143,0.015,0.885205052361701,-37.90771476718193,17.799604545595184,0.0375
0.9518079458309896,-22.687796681174675,14.807431030246498,0.01,0.9788605166359052,-34.001469434733266,10.181075424521987,0.025,0.9678803807089514,-26.8017949382479,14.047120575885543,0.0225,0.9316695775346856,-32.87086548304002,17.760590458690718,0.0425
0.8254428922852712,-23.6602304404053,13.30841374225929,0.015,0.9807754283782406,-27.517223717440245,9.970402250072663,0.02,0.920131323788804,-29.58888796747962,13.940709886500123,0.01,-0.35858880563646056,-38.33375561452739,17.09306215004446,0.0325
0.9646306990512624,-14.977969470366697,10.792290373785768,0.045,0.9945989113167292,-15.571037490825216,8.894033887439798,0.0325,0.938614350692516,-23.123595142423103,12.141017603689054,0.015,0.1152161816038532,-37.71406863753118,17.663388888389534,0.065
0.976288427637912,-22.311136371939003,12.365200733328296,0.02,0.9944004007375647,-23.93629448480191,8.884878925862687,0.02,0.9625594244297572,-31.47229453490879,13.94448572254808,0.01,0.8553625059892916,-40.14195148392626,17.788728213824463,0.035
0.9817104521994978,-21.47038535005192,12.496026151873103,0.02,0.9908683925138512,-23.281551122769642,9.212124359481017,0.02,0.9689964347469027,-28.381164619313473,13.940753023956777,0.01,0.9813020991772858,-38.12631317491872,17.28802095569197,0.0375
0.9695889108130351,-23.902476137159425,12.736238180995786,0.015,0.9975807988130283,-28.2757192484706,9.635255485197543,0.02,0.9384478607530826,-29.8488209115239,13.714048979640651,0.01,0.9553584498230259,-39.71463392687594,17.139863617524355,0.03
0.9404446342114728,-24.148382918865707,13.46555543015593,0.0125,0.965898371540123,-29.574929989846687,8.612338043220182,0.015,0.8891953388232067,-32.76408684928775,15.047697083324469,0.015,0.8423146520486305,-34.51668546103584,16.858768875872038,0.0325
0.8984674381873528,-27.0395427774482,14.815781008329695,0.01,0.9933849977906454,-33.92838206148205,9.642887766287153,0.0175,0.9007055548831054,-31.20603223678213,14.58492138877978,0.015,0.7618742609828548,-35.804251382076906,17.464123243627665,0.0275
0.9730461866951732,-15.46392530106248,11.317892917636854,0.04,0.9872741202898342,-17.05321233149663,7.901225190257486,0.0225,0.939213881733617,-27.777471281744063,14.411636238772253,0.0275,0.9680687899392638,-29.48796481067732,17.29295861525337,0.07
0.944547486846459,-19.61085645728646,11.685879150556833,0.0275,0.9800866734992176,-21.54461981171581,7.363562605297329,0.0175,0.9782897313264284,-31.32277852295127,14.354961945371285,0.0175,0.6320798002764585,-32.70257230580516,16.321019902365705,0.045
0.9936722779743727,-22.665055238764538,12.198815852894207,0.0225,0.9994042221380322,-25.208331496549004,8.768186723793763,0.015,0.995427959895496,-32.18308143170019,13.902741721105167,0.0125,0.9294980749133395,-38.60641513938815,17.422989374713694,0.035
0.9854169584812624,-17.02086066787137,12.414372362842482,0.0325,0.9890364072795899,-20.50551242807789,8.57596122585388,0.0375,0.9876639857693164,-24.182447774674415,14.065588266546817,0.0275,0.9760941592341069,-29.957509436373492,17.11166156040523,0.07
0.9595904961335152,-19.410283381564305,11.24796918839137,0.025,0.9906118122102008,-21.00767532742013,7.354141040914204,0.02,0.9773200804174768,-30.499116629063767,14.19373297537905,0.015,0.4789042705075514,-38.87687885563796,19.156240876574124,0.0425
0.9650486049344834,-18.343112342165075,11.634721823601826,0.0325,0.9630898115689498,-20.01531828844797,8.511251909329175,0.0175,0.9713393520846508,-30.669283591916265,14.056340001373066,0.0175,0.9423651008834094,-35.65410739036991,16.47354548650577,0.05
0.8844289642639049,-17.307707530040258,13.782966449034895,0.025,0.9932868959185681,-23.006333129927064,9.047477154227925,0.0475,0.8095266795856226,-21.777896572126004,14.150000507582023,0.0325,0.6916935358475114,-28.920749997578174,17.62145587129384,0.075
0.9838818087049983,-17.369168832449766,12.330707281790861,0.0375,0.98804169426723,-19.947909457499176,9.32583778397824,0.0275,0.9876707522744737,-29.41853124072523,15.350772280696717,0.0225,0.9838613404405605,-32.33593828858274,18.140637529055276,0.065
0.989971905671179,-17.73713358216917,13.687312175958066,0.0275,0.9946491468591014,-23.637896114429267,9.564092484860751,0.04,0.9959465844506272,-24.49580190307428,14.712254477009646,0.0375,0.978775914253539,-28.31640214912451,17.977615427457692,0.0775
0.923804728625148,-23.205717580432065,13.435778072121757,0.015,0.9715208146356088,-29.819612483374744,9.184576818333646,0.02,0.8967124261462929,-32.43844625878366,15.019491637615591,0.015,0.7734955293853614,-38.147559428834214,18.02742574859615,0.035
0.9852232028032072,-20.64026944965785,11.93979192006755,0.02,0.9987157143551494,-22.40503673018732,6.0983814086996375,0.02,0.9879095624586344,-30.627611670445997,14.330346069878074,0.02,0.9436677153208802,-32.25379845439748,17.46091828063348,0.04
0.9411421451878486,-25.229081335576566,14.104254449742156,0.0125,0.9910867466027324,-29.019081827078473,10.249070918893338,0.02,0.9206788472638,-31.08446562683426,14.520704109728683,0.01,0.8361672425366418,-36.98154347007561,16.66062370595519,0.03
0.9477457031004454,-28.557713937112705,15.141164281750592,0.01,0.98704987774814,-33.48106679307473,10.31751383056632,0.015,0.954823591314414,-32.78889479244979,14.232025665294682,0.01,0.8667175108029413,-40.09102743594167,17.111358449305314,0.0225
0.9435199288259521,-24.93677856748168,13.255149474929453,0.0125,0.9937672056418102,-27.943928169248327,8.67122134093303,0.015,0.9215871243682439,-32.34450126664953,14.049596750782442,0.0125,0.837554884862086,-38.08416284329428,17.564151616091387,0.0275
0.900130024838301,-25.565667409727865,13.962092216277451,0.0125,0.9239983367814052,-32.307157247436734,9.655065391104458,0.0125,0.9098744125710754,-35.18272837165233,14.722377320878799,0.02,0.8375507951381631,-35.64469256671609,18.524910789333706,0.03
0.8922123941040067,-18.65864102711311,13.032913933263467,0.03,0.9852382331981656,-23.248645196178025,9.547491231388468,0.0375,0.8810117870909507,-23.939145173734527,14.15169211807116,0.02,0.5776236481489829,-34.61232099835125,17.805481982685276,0.06
0.842918039350669,-23.77230249113496,15.211313915456897,0.0125,0.8409068053371878,-33.42074047438798,10.643955160521294,0.025,0.9183427729700676,-27.57463253910296,13.72816259500302,0.02,0.7459962190811539,-32.87241641525235,18.608418180071617,0.04
0.8875470888857215,-19.747384504771276,14.456238935144587,0.0225,0.9556999054013342,-26.2778219350757,9.987067296941266,0.0325,0.901746472934587,-24.45582258740435,13.969454242526464,0.025,0.752738564816843,-30.125535775658854,17.11536759756893,0.055
0.933818908446804,-17.391305414147126,13.02978252568644,0.03,0.9976163276017744,-22.102911158906608,9.12625453643939,0.03,0.9946760529519836,-25.96119154381337,13.191599575587048,0.0375,0.7526340717157388,-27.39011440289325,17.159002484836577,0.065
0.9493269574080598,-20.442626534552325,13.393734801299136,0.025,0.9626051363502676,-25.16100264579996,10.450515097166882,0.025,0.9653514695443522,-28.042092647054627,14.746639814668477,0.0225,0.9373131837323276,-33.179555135202946,18.407804380680105,0.0575
0.960576852640756,-13.781023055442002,11.391324160425718,0.0475,0.9730393488956433,-15.368364806440596,7.758274415434947,0.0375,0.978618928664264,-23.233075213994717,13.95650856564992,0.0325,0.9353205168728884,-28.75646127833487,17.895479414246974,0.085
0.968699467835353,-19.37074723521834,13.718708221137511,0.0225,0.9765770996154706,-23.61987051801031,8.857888385677102,0.035,0.9513423838935282,-24.40820221932306,14.429169770824359,0.02,0.9991919603845141,-31.181033154866288,16.748568399694932,0.055
0.929080797613357,-18.74079929256964,12.730560565818381,0.0275,0.9944756272268014,-21.838235824361217,9.054685665710148,0.03,0.9382162152243271,-25.852640762940286,13.888375463448698,0.02,0.5993124374960856,-33.08996285887331,17.000353065452053,0.0525
0.8672790219631271,-24.627322461614565,13.412186717861848,0.0175,0.9873182669094028,-30.333595677031152,9.934961166464058,0.02,0.6869944458486924,-31.40548439121156,15.494346744247927,0.01,0.3175675693006747,-41.18692641741268,18.08657416021733,0.03
0.9802289975326686,-17.782191351693513,10.70776512663912,0.03,0.9962132698909592,-19.24910279451876,7.778030927419795,0.0275,0.9820315466727524,-27.19661616043752,14.120532554485004,0.01,0.806117397686296,-42.04475353748356,18.295550975545865,0.05
0.9831662630446604,-13.49558747252618,10.348173411925792,0.055,0.998176535608562,-15.11541635023449,7.581028381895679,0.0475,0.9791371292336196,-23.232856111453177,14.595882907190134,0.015,0.7779675227388759,-37.76681483733855,18.846681127294303,0.085
0.8811404119173393,-14.521615627364724,9.574170144852983,0.04,0.9653350345336889,-14.94189423903233,5.5755344992141005,0.01,0.9161814382862412,-38.36789282538632,14.55360808100545,0.025,0.4399155662060466,-33.23865317151074,19.004452714126057,0.06
0.6941862517616084,-19.553875804787708,13.811557964531918,0.02,0.9235029685742442,-25.48872476405121,9.269877418391626,0.02,0.8851177079865514,-29.519574542124715,14.234387606397648,0.035,0.29148699291339364,-27.453467739714515,17.610633079211787,0.055
0.8950673907088582,-18.60655497305805,13.38310857893379,0.025,0.9913586760644212,-23.05651360337532,9.954206238425831,0.035,0.818314677457695,-24.630255788320568,14.104498773790356,0.0275,0.6608422586493043,-29.56869015569273,16.993244658310328,0.06
0.9956905429059959,-21.870342433624188,12.485685959996085,0.0225,0.9994070151737184,-24.82164544012061,9.99051986473958,0.02,0.9989059885231453,-29.756685336013497,13.935051022069581,0.0125,0.8946829249605379,-39.3162175134515,18.564048414190843,0.04
0.9683394072882058,-28.27084339366202,14.360466246953916,0.01,0.9979869344942044,-35.454951882338015,10.60954495774741,0.0125,0.9668719118374736,-35.41517582959323,15.213395428984477,0.01,0.9177419110645202,-37.47341593853074,17.181539185703105,0.0225
0.9677887717687501,-22.35367357666536,13.813610448028612,0.015,0.9927852365859928,-25.46155322765732,8.371444433437848,0.0175,0.9369020093630759,-31.191629473967343,14.839377065232506,0.02,0.9520981099918736,-31.675212074372713,17.195895423787274,0.04
0.9773514033376698,-29.63542848542354,14.684694059165963,0.01,0.9989112911790302,-37.954671247287706,10.762034894242158,0.01,0.9749987268545898,-36.50857358922846,15.243142708217231,0.01,0.96182664452649,-38.67141919974087,17.51169082470434,0.02
0.9453978795570755,-22.19183071284162,14.09464751986273,0.015,0.998849578415505,-25.99824344628212,9.33235159999428,0.025,0.9557504697989054,-27.255574346987476,14.005045152372622,0.02,0.81917155533848,-32.449615558116406,16.769035947888774,0.0425
0.7427023760500715,-25.03893683600811,13.005208663975653,0.02,0.763560783677321,-30.258284615991546,10.15267215504753,0.0125,0.7251605360306569,-36.20340628912275,13.931188133826566,0.01,0.5672567694709852,-41.225338090743904,17.391252808357223,0.03
0.867262481152589,-24.450592707194232,14.958475544744608,0.0125,0.9462237709006412,-28.84524694795333,9.027434990098346,0.02,0.8361871251450401,-30.97230852556612,15.133655681486248,0.02,0.7753933815312914,-31.810677657301603,17.054603078181444,0.0375
0.900471591992564,-23.73936816766496,13.147050828410865,0.015,0.9739004459625447,-26.321099616299886,8.317781310009494,0.0175,0.8445145504460385,-31.61573194707414,14.489895870433624,0.015,0.8200489001799148,-33.927459070548075,16.20839381909768,0.0325
0.9415593842601356,-27.606345671658858,15.459812330748155,0.01,0.97665481738405,-35.59074296463394,10.982047687110285,0.015,0.9596079784704008,-35.26260130357062,14.964012915434528,0.0175,0.9135397807345182,-33.91808114337015,17.310366122568254,0.0275
0.9554173014318144,-22.318985472902146,14.185740854146172,0.0175,0.9768876316033628,-26.300586666136397,9.126401043873472,0.025,0.9575633821537172,-27.029420143961023,13.682327048983888,0.0225,0.9483636935557468,-31.05097892990356,16.425739886209612,0.04
0.8298422277638454,-22.164581506444534,14.062288225704634,0.015,0.9713749596679696,-28.86315171856861,9.40256304431102,0.03,0.895795753368065,-26.027827071530005,14.165694243652414,0.02,0.2599416921815501,-32.38871009444337,16.62630362459314,0.0425
0.8889537733439377,-19.006215659798567,13.52101215256556,0.02,0.9924498082050616,-24.747381007925306,9.65231280119606,0.0375,0.91236850438425,-23.0024756730317,13.380694277982071,0.025,0.6224269504172868,-29.557609891680237,16.40543254935819,0.055
0.8990679299218044,-24.70198483827424,13.966766063201158,0.0125,0.9881746527055288,-29.00528855912269,8.022014947560407,0.0175,0.8795600734588545,-31.57305388430473,14.685189497119897,0.0175,0.8184032851685571,-33.84965454135609,17.398332512857934,0.0325
0.9693053087887198,-22.176492308756906,13.918191624720246,0.0175,0.9822013519708891,-27.55165023034413,10.149738435775966,0.0175,0.9553167122327454,-30.205461104191247,14.41381877476315,0.025,0.9801301087993723,-29.606461806699777,16.58759402039062,0.04
0.9175670599442636,-21.30709718176231,14.284945482190992,0.0175,0.945212361504423,-26.09999034934606,9.78993648892682,0.0225,0.9239200893493684,-27.749028784501192,13.955833798516748,0.03,0.8819705705675271,-27.67386530668184,16.009923388088062,0.045
0.9023111877074568,-30.317423601074147,14.632089529081972,0.005,0.7502301387022046,-42.90882636438483,9.670252660417738,0.01,0.9114966155956508,-35.481064430965745,14.310513619091363,0.01,0.8172086415393289,-39.9518118693734,17.745529135069354,0.0225
0.9775787893186778,-24.76008374064814,13.379923475843558,0.02,0.982137526168946,-28.703068924203837,9.083341732137276,0.015,0.9598753658955828,-31.74772144842098,13.747163699843547,0.01,0.9752833630982524,-39.49745332584597,18.506617319525255,0.0375
0.9957699176091594,-23.79774144496393,12.710227318661849,0.02,0.9986154996792604,-26.98712243306394,9.31229120023867,0.015,0.995248540392596,-33.28878784511103,14.227072895898452,0.0125,0.9796790228257476,-39.8545539532998,18.418740831094038,0.0325
0.7182182869304273,-21.572086152514967,14.025016969984756,0.015,0.5457709863998331,-29.32824939361645,10.036666664845267,0.03,0.6233478701767032,-28.596437636195773,15.667968647160944,0.0225,0.7615218586937312,-35.76880872241205,20.00786819796532,0.0525
0.942752770931266,-25.61055942870955,12.728012355663257,0.0175,0.9544456421243784,-26.975551592171023,9.767972900953438,0.01,0.9219469548624178,-37.51187734499598,14.316595842745455,0.01,0.8292714292466049,-44.82762723945116,18.820618604449965,0.025
0.7054571606144545,-21.516030107924884,15.238725142024832,0.0125,0.8910999457665709,-32.08506356080319,11.294661908772092,0.0325,0.6767297188022846,-27.09083686120846,15.000264700404475,0.0325,0.4994214383679276,-30.252960672838725,18.461157867025054,0.0575
0.9754762443725168,-19.01300947744033,13.068539920007067,0.0275,0.9884732802063548,-26.962157758484423,11.010816313024089,0.0325,0.9843578676365348,-24.885911742242463,13.968354789606828,0.02,0.9332006677415032,-32.23246400736088,16.371995313700587,0.0525
0.8797643226568939,-15.410627850367296,12.088345578671007,0.0475,0.8838714693815352,-18.63982232570273,10.034130130492889,0.035,0.9080343375980112,-22.152242409596493,12.833805445565478,0.025,0.8153873316884301,-31.132820794398754,17.40493023070703,0.0775
0.7882725952884082,-19.827570477694945,13.38523284134621,0.015,0.8475763256995918,-27.74261117555084,9.86726078953254,0.035,0.7027101699845106,-23.643180120973355,13.745788736274946,0.0225,0.8293681058819282,-30.9700147343873,16.786820101000593,0.055
0.7918320034569981,-18.82721538040994,13.42156133819567,0.025,0.9199526165701425,-24.39070121757259,9.284141761779264,0.03,0.5901495240833947,-24.687912450170202,13.415832431462029,0.0275,0.7726527850828078,-30.24867756501719,17.20387955277844,0.055
0.9773597104803282,-18.692780443329013,11.881206385397014,0.03,0.9965046784883473,-20.417085915358406,7.65456221516294,0.025,0.9381326776518524,-27.50395924523822,14.052270957803529,0.02,0.8849210123149626,-33.68499035743791,17.087293572995822,0.05
0.8838191495482576,-17.57723502459751,12.065469926239334,0.0375,0.9584873972129786,-19.233717691501216,9.365049559944977,0.025,0.8586658464889539,-27.114453488104683,14.214377591614944,0.0175,0.1534069723256431,-32.256765951007694,16.154826729265665,0.0575
0.9702182606453613,-19.59552263067935,12.994588970984596,0.0225,0.9888590487107867,-24.089074867046236,9.144447668952036,0.03,0.9900947738652157,-27.738623183898973,15.777009651593236,0.02,0.9682536260771646,-32.901826420553505,17.090058773707888,0.0525
0.959901371982123,-25.14918220349382,12.64414876698866,0.0125,0.994494556850573,-30.356945157738018,8.973298434778894,0.0175,0.9714453578931709,-29.57563100845745,13.47954467174791,0.01,0.5028598088590006,-42.17025803704465,17.921884281332197,0.0275
0.9724250340979338,-15.648265040522766,12.24437563026482,0.035,0.9787254787718448,-19.803746770463867,9.07653099245502,0.035,0.990244371754461,-25.579043219126657,15.330815492076646,0.0325,0.9385962199815124,-30.50691665271824,18.712414166917245,0.08
0.9363968586107152,-24.980937780478815,13.371639612869082,0.0125,0.9899847119007361,-29.352156119014914,8.4739244595127,0.015,0.9393551853184764,-32.046512559727546,14.299453740863083,0.015,0.7930655970072904,-37.46764709649295,17.486564555403028,0.03
0.8796726658969027,-25.6059586290315,13.50408403661906,0.01,0.9948500456659666,-30.237117746341575,8.083091623141154,0.0175,0.9759860472081137,-32.246708539712564,14.194279628967537,0.0125,0.6880158489465131,-35.68069561179544,15.458606863554973,0.0275
0.9279122137528492,-24.184680621693253,13.623788229716352,0.015,0.9950347889203224,-29.215106645450938,9.30679952233325,0.0225,0.9496107960313752,-28.29161679285484,13.404121735946044,0.015,0.6695321842276137,-34.72273073555483,15.625104801311087,0.0325
0.9267708185652708,-22.690309432580317,11.622964616655516,0.0225,0.9597654081574892,-24.06622596054392,9.288080749031256,0.015,0.9020218107980732,-32.24622794582353,13.617143475038285,0.01,0.6671244416745786,-41.319335188247344,16.761173726984786,0.0325
0.9414776283487764,-23.656190491445106,12.309166259715994,0.015,0.9928409401526084,-26.670715743028698,8.461397926032493,0.015,0.917190115575328,-32.273243261349066,13.837869538693337,0.01,0.7127986323660706,-40.76002534237946,18.74697733820416,0.03
0.9386310831996747,-25.63298434075449,12.186665422854823,0.0125,0.9960160405001559,-29.031956594751644,8.212240685932446,0.015,0.9517525036400978,-31.43339837702001,13.341464566582202,0.01,0.4795052177102969,-42.8065532490813,17.72356049476155,0.025
0.9877265985292971,-22.456209289936076,11.68739148743866,0.02,0.9933470471264395,-24.12616938090821,8.946049627958438,0.015,0.978571356620096,-31.443850360468367,13.513586994069316,0.01,0.9293003079747051,-38.81423021815148,17.400853052771517,0.0325
0.9729459880216385,-16.842128519714947,11.428915617217147,0.0375,0.9800943717364234,-18.774548080207445,8.001246525240651,0.025,0.9869875146618698,-27.53892438135667,13.918892159777783,0.0175,0.9820697101808746,-34.01281512629769,17.04471916460923,0.0625
0.8687754547504554,-20.34554548646348,14.21541633402244,0.0225,0.9770394469551914,-24.60818045584963,9.052399734071708,0.03,0.9542499419272448,-25.730354196300382,14.155519236987038,0.0275,0.5409578885491028,-29.166016018103047,16.613985649205205,0.0525
0.938513520430287,-23.43100511971418,12.490575841649832,0.0125,0.9948437278700937,-28.098544621189504,8.692480341546842,0.0225,0.9127601354423057,-26.72571788543044,12.654304197991166,0.0075,0.5789565951848712,-43.68667149392875,17.296819900277633,0.03
0.974670249744717,-26.740816482689645,12.693157240631328,0.01,0.9958415374250504,-33.31894203229644,8.763948565369091,0.015,0.9879045474835731,-34.231249845317954,14.725727386200925,0.0075,0.6637786560907909,-44.74798983500217,18.69926094248527,0.025
0.9141754367193202,-22.479789672365136,11.853167098128257,0.0225,0.963856686989837,-23.985003974377783,9.312040910628555,0.0175,0.7895605717160733,-31.414779314585815,14.347618568604751,0.01,0.3815784613028151,-43.76813923676399,18.70486191608757,0.0325
0.9731927422194512,-20.026567754098117,11.353275079543682,0.025,0.9940538670047404,-22.032430575061856,7.7430513587553556,0.015,0.9204990410448104,-32.923946611592314,13.830137660126963,0.015,0.8673278270994431,-33.9018422829046,16.63427344159018,0.04
0.9352365857392388,-25.261917018829507,13.144675649020222,0.0125,0.9928554526824926,-28.951151388138413,8.044948075412446,0.0175,0.9271306700437572,-32.00101440322253,14.730666126556512,0.01,0.7388391119093052,-38.5873763720834,17.086280436368305,0.0275
0.9117470791320729,-29.05032494030213,14.008267322160265,0.01,0.992698616913833,-33.672172946627555,9.306662755073695,0.0125,0.8986993740476792,-34.967883723153335,14.654916136809994,0.0075,0.5557448877439739,-43.20751777311429,17.37761488186507,0.02
0.9887286527125532,-13.949763512418826,10.665411494202727,0.04,0.9995409077304696,-16.638906048978775,7.275918405771433,0.0375,0.9934514253532198,-22.573850609806513,13.021481375982898,0.025,0.9155438483504329,-29.78804139245529,17.265381529877278,0.0775
0.923804728625148,-23.205717580432065,13.435778072121757,0.015,0.9715208146356088,-29.819612483374744,9.184576818333646,0.02,0.8967124261462929,-32.43844625878366,15.019491637615591,0.015,0.7734955293853614,-38.147559428834214,18.02742574859615,0.035
0.9901547906327789,-20.12360389570689,12.146489253093328,0.025,0.996830073444958,-22.55605762711213,8.58373959325243,0.02,0.9887278085743986,-28.963946616901502,14.28956379344944,0.0175,0.9795949193029152,-35.76554402304501,17.827048695241196,0.0425
0.957141229310636,-21.409376457435464,12.378195314066142,0.015,0.9922272507220998,-25.11795195219642,7.481064747981868,0.02,0.959713951307545,-29.30275172450578,13.564743084858575,0.0175,0.8918410171490625,-33.85255642350288,16.847973277798157,0.0375
0.8892322497585623,-16.664291561143074,10.722378466338316,0.02,0.9315452957503488,-22.979219146683253,8.017712421533563,0.02,0.9080843756406527,-29.98241640238875,13.924462170902853,0.02,0.7612247462786503,-32.312570891491504,15.987085059628118,0.0475
0.9413017052562347,-18.256948290789225,11.888729396990257,0.0325,0.9856774699655022,-19.590383724469753,9.145175238072468,0.0225,0.815657635356454,-29.81222734302416,15.283921050076227,0.015,0.575917973844492,-35.958966256761435,18.107142488142223,0.05
0.9448693684521228,-14.928102873398846,12.460407681650736,0.0425,0.9719472470012982,-18.328250231492746,8.84083665118569,0.0375,0.9177896148628806,-24.264353813625235,14.43183239549883,0.04,0.8768731308882929,-26.03418304504816,17.357011298424993,0.085
0.7918079307123583,-24.85973096740492,12.7418898749445,0.0175,0.83976380427485,-27.806924755459207,9.673973632698058,0.0125,0.7488961826424998,-36.49717500185368,15.386870805193222,0.01,0.6832883225296026,-39.3670325004375,18.27365518038299,0.03
0.9611557352559212,-15.950598182454485,12.355739861850283,0.04,0.97191175176646,-20.109540803991436,9.301960469206314,0.035,0.9559800967690036,-24.86851024665842,14.132495533018638,0.0325,0.9187259437054804,-27.56463358867515,17.39893899227293,0.0775
0.977592225295039,-18.72247462408925,11.427653450187368,0.04,0.9847369330267736,-21.446935727835733,10.274831564523405,0.0225,0.9697061348431624,-28.024201903134816,13.24954009414353,0.01,0.8597534726589032,-40.56835713661405,16.99947137407142,0.05
0.558193092291629,-24.27077928701918,14.51579991863593,0.0125,0.5546113544555288,-28.45550056328885,9.9113075698194,0.0175,0.7076857047258375,-29.936314884958108,13.490707496056768,0.02,0.5441974356398923,-33.8010974048229,17.72579208777083,0.035
0.7477433184374694,-24.84407695006243,13.879522811056074,0.01,0.8362739189577904,-33.1557236449618,10.68937252596045,0.0225,0.8098514788393225,-28.393752251258316,13.827880614475754,0.0125,0.5276583504063106,-37.44854729885493,16.755448033677524,0.0325
0.9407487148513164,-19.52998745890713,13.135468690308716,0.02,0.9867970031880255,-26.248612507529856,9.745851417504063,0.0325,0.9667499440405146,-25.321735273376905,14.421182297917085,0.025,0.7494778090446056,-30.757400071515622,16.791195374485355,0.0575
