0.9764633750048158,13.463344050711877,107.666015625,0.03
0.9801795849623274,12.446645809830498,126.04801829268293,0.0725
0.9883857009027857,14.085407981931851,129.19921875,0.0325
0.9650119623148478,13.116325254522042,132.51201923076923,0.045
0.923669690482862,15.73728805286499,143.5546875,0.03
0.9280575051160669,13.961336742230419,126.04801829268293,0.0325
0.9913186407760475,14.935554323716852,129.19921875,0.035
0.9649344529866791,10.543011569665524,132.51201923076923,0.0775
0.9820907741931,12.059758467859478,129.19921875,0.04
0.965093662315991,13.191843668399349,129.19921875,0.0375
0.9287137254297675,16.28125727484629,129.19921875,0.0325
0.7370279592389303,13.666831949691886,126.04801829268293,0.055
0.7582675886789108,15.848440992919048,123.046875,0.025
0.8496719363625751,14.040816387143167,123.046875,0.025
0.9082192278256842,14.118454700538393,123.046875,0.04
0.9459439869914184,16.23118096510384,123.046875,0.0475
0.908354063070806,14.773204789853235,123.046875,0.0275
0.930253694227988,15.125712185686421,123.046875,0.0375
0.7970551525743734,14.983947621704656,120.0,0.025
0.8960968322389441,16.120965149934168,143.5546875,0.0425
0.95963107821788,13.97470224769116,123.046875,0.0525
0.9471703991518694,13.97070607446474,105.46875,0.0425
0.7821848511550842,16.623554667531025,129.19921875,0.035
0.9178682396883318,13.044901200112037,129.19921875,0.035
0.9740539630026688,12.667722528793703,129.19921875,0.0325
0.5982203299613946,14.45322454090924,123.046875,0.0475
0.8937492777210811,13.82860414334839,117.45383522727272,0.0275
0.9861907896986106,11.318503554097664,126.04801829268293,0.045
0.9604337818464032,11.787751183183744,126.04801829268293,0.045
0.993537280713544,13.070346416310883,123.046875,0.0425
0.9162123928797391,12.374399555805546,123.046875,0.06
0.9206008318127684,14.873842918022513,139.6748310810811,0.025
0.9914562827253302,14.198289776135317,139.6748310810811,0.035
0.8895426090823144,12.818834760759412,129.19921875,0.04
0.9810808570805113,15.930557666931552,126.04801829268293,0.0525
0.840159636942128,14.44585875214834,123.046875,0.035
0.7555173731099369,13.403843884507651,123.046875,0.0325
0.817142129594859,13.806558406968918,126.04801829268293,0.065
0.9810808570805113,15.930557666931552,126.04801829268293,0.0525
0.9163213396045979,13.240378549780257,126.04801829268293,0.05
0.840159636942128,14.44585875214834,123.046875,0.035
0.8837714474435415,13.084280128166954,123.046875,0.0475
0.6859358520174978,14.736156504584244,123.046875,0.0525
0.8923540343112224,12.287268114015106,125.0,0.025
0.9445960819895514,13.716600754175465,129.19921875,0.035
0.9514609056023514,13.012783712899273,126.04801829268293,0.0425
0.9676134952676908,11.340602089525618,126.04801829268293,0.0425
0.9603869805237815,11.370750660111604,126.04801829268293,0.0325
0.8669753271559965,13.295252820857748,126.04801829268293,0.0275
0.9043536425938474,13.754800920908105,126.04801829268293,0.0375
0.8067211623178454,13.49116469798009,125.0,0.0575
0.8066592507155883,15.6068652785323,123.046875,0.0375
0.770197318906747,13.302060529595218,117.45383522727272,0.0325
0.9119619077182903,11.620269411188799,123.046875,0.0725
0.8281931960744029,10.816790808196291,126.04801829268293,0.0825
0.8419033599910837,13.572919276240093,126.04801829268293,0.035
0.8986057128468258,14.90809864313941,123.046875,0.035
0.9187574580750518,13.2480726997679,123.046875,0.025
0.9695506928189124,12.689860928583073,129.19921875,0.0425
0.9602185220552798,11.867163511409293,132.0,0.055
0.8368558198745365,12.683546777994092,135.99917763157896,0.06
0.7637840053777696,13.101206938404603,139.6748310810811,0.0525
0.9404093253988024,12.97159046815031,132.51201923076923,0.0475
0.9957988426667697,12.596504398168285,129.19921875,0.0225
0.925114147262371,14.782954780274007,126.04801829268293,0.0475
0.9457327317372193,13.934661376883987,117.45383522727272,0.0425
0.9117248231353952,12.865609103049591,123.046875,0.0425
0.9801922720322892,11.440442227130504,123.046875,0.03
0.9087631464073994,15.03238813867846,120.18531976744184,0.04
0.9086453146197564,12.536951339043616,126.04801829268293,0.0425
0.9136115710242703,10.816714049950361,126.0,0.0475
0.8863545852833186,13.789173835686903,130.0,0.06
0.8886837440439861,13.055381091613338,129.19921875,0.0525
0.8598133225950878,13.580844913906592,129.19921875,0.05
0.8553507190749623,13.230430473406393,123.046875,0.0375
0.9098984443108007,14.336565158956226,123.046875,0.0275
0.9406958902217546,14.281950412306031,123.046875,0.035
0.9709113809066765,12.276476863496384,135.99917763157896,0.0625
0.9949454043300747,13.97940008672039,143.5546875,0.04
0.9790949046836508,14.062317040779153,139.6748310810811,0.05
0.9838385854728848,12.4508049387536,132.51201923076923,0.0325
0.9551303328006776,9.180808097086068,139.6748310810811,0.0575
0.965256843962327,9.226236056805025,139.6748310810811,0.045
0.9924889961393266,10.278162425823934,135.99917763157896,0.075
0.9671502145422786,12.040224461771352,123.046875,0.05
0.947741266690586,12.600334990197428,120.18531976744184,0.0425
0.958500076922194,14.193441939876834,129.19921875,0.0375
0.9754270994687655,12.066465988587439,123.046875,0.0275
0.9598251106975836,11.88572578068511,126.04801829268293,0.0475
0.8471015257416876,14.116552731999228,123.046875,0.0275
0.9651965230210395,11.838434370103846,123.046875,0.0375
0.9593264823936332,11.695968595216435,132.51201923076923,0.0375
0.9015756450489503,13.31174342803407,139.6748310810811,0.0525
0.955707811336344,13.34492744591478,139.6748310810811,0.05
0.3946491736748849,10.3936056082098,139.6748310810811,0.02
0.9825659355694149,12.858880712275855,139.6748310810811,0.05
0.9147819035297248,12.27771922007314,143.5546875,0.04
0.9263989621895456,11.731032841996983,143.5546875,0.025
0.9577352529537588,16.673753908523388,123.046875,0.045
0.9624598770100806,13.372322143745059,126.04801829268293,0.0325
0.922399382591198,12.380250272988299,126.04801829268293,0.025
0.9813061894766316,11.91563014972415,123.046875,0.05
0.7636433806662777,11.272539967913865,129.19921875,0.07
0.9634083633904632,11.63120076262473,138.0,0.0375
0.4473696382142274,13.16679235587953,143.5546875,0.0375
0.8203283748338914,12.067489177419944,143.5546875,0.0625
0.900315753608481,12.469867875063605,132.0,0.0375
0.93681721092058,12.040847135882595,123.046875,0.0625
0.8746947435611474,14.1237734287084,139.6748310810811,0.025
0.9158730938313056,12.206895537775267,169.44159836065575,0.035
0.57554755646092,16.09203571237531,135.99917763157896,0.0475
0.95999263804697,13.4762991130792,158.0,0.06
0.969907540504854,11.948391963496755,156.0,0.0775
0.978757655919518,13.149946039491072,147.65625,0.05
0.9440664329036126,12.849226499514947,152.0,0.04
0.8615104368868898,12.611317381080733,159.01442307692307,0.04
0.8749193391837433,13.042674322441735,159.01442307692307,0.0525
0.9166793441942976,12.7979863678915,165.0,0.07
0.8856295120739521,11.570651546888083,132.51201923076923,0.03
0.7651120426994915,13.309254102997047,162.0,0.0375
0.949776573664576,13.59171218946343,190.0,0.06
0.7696997045083457,12.82596162682506,160.0,0.04
0.9305966899391184,14.292151712166792,129.19921875,0.0475
0.8607535559806008,14.196346406983157,129.19921875,0.0625
0.927613329650997,14.918333083420926,129.19921875,0.0325
0.8974509462589456,13.895555876928372,129.19921875,0.0575
0.83364436494874,13.740713943016226,147.65625,0.045
0.8546998914670783,14.736011334251533,147.65625,0.045
0.9427406615119854,11.092327508996021,166.0,0.045
0.9393334532533413,13.302743218546707,150.0,0.0375
0.9775355072732942,12.852749350387992,151.99908088235293,0.045
0.9094364064982753,10.273140087094779,169.44159836065575,0.0775
0.8127274425220655,14.281402155526312,153.0,0.0325
0.45460946041696326,12.875026949417478,198.76802884615384,0.0475
0.919285929722672,12.996487954935615,160.0,0.0825
0.9806272377135112,11.761895040165395,164.0,0.08
0.9440664329036126,12.849226499514947,150.0,0.04
0.9549351360364919,13.470165353230483,166.0,0.0475
0.8788586925121581,13.129032846461733,161.4990234375,0.0925
0.9520283928273524,11.841515408427227,172.0,0.075
0.9010168833103346,11.837765420038131,135.99917763157896,0.0475
0.9629454499502428,14.437222860038226,143.5546875,0.045
0.9893705977156882,13.915490421362444,156.0,0.0325
0.9740905572626672,11.757762806924859,169.44159836065575,0.045
0.8514932036043481,12.979066530287978,143.5546875,0.03
0.8992507570385179,13.401628880371712,156.60511363636363,0.025
0.8650846437055804,14.590014791586196,143.5546875,0.04
0.9170552406650982,16.202972432492025,156.60511363636363,0.0375
0.86386932993872,15.67847578535342,147.65625,0.0225
0.8222730178396939,14.073453191962647,169.0,0.035
0.946842613828326,14.59162089437553,152.0,0.0375
0.7389265513422099,13.83835612638131,132.51201923076923,0.03
0.972896784282506,12.49130800364135,168.0,0.055
0.8891875882278493,11.698210597776123,168.0,0.045
0.9550335470934788,12.678027936423597,166.70866935483872,0.045
0.8808107789657481,12.201615993295295,166.70866935483872,0.045
0.8856397190868065,12.631676545312695,160.0,0.0275
0.8850533932063924,13.142955204780733,172.0,0.0375
0.9051208580010546,12.282022697817304,147.65625,0.0425
0.6819416345415772,13.118216978944208,166.0,0.04
0.6839568189859873,14.041818173527684,180.0,0.03
0.8855418589107154,15.608634713272783,160.0,0.0275
0.9297276530214416,12.986347064570536,152.0,0.03
0.9505655193880668,12.938090278244918,132.51201923076923,0.0675
0.9260333418447616,14.4437919848584,151.99908088235293,0.0475
0.9515130419469736,12.510320886141898,129.0,0.0425
0.9834655303458965,12.717449718253206,132.0,0.0425
0.9643810485779776,12.353422677643616,156.0,0.0475
0.890660847759359,12.794455120120663,139.6748310810811,0.0575
0.9832427747666768,12.194760816620768,156.0,0.0325
0.9643797463471426,12.813469702407717,150.0,0.0525
0.9730385223079224,14.67701537913644,147.0,0.035
0.9603486555282451,11.598937121200901,151.99908088235293,0.0425
0.3636481815099129,13.618342825603554,164.0,0.055
0.8837027209075117,13.815712635202402,151.99908088235293,0.0375
0.9670214639160152,11.547716588227104,161.4990234375,0.05
0.9347941819483564,12.810368929288593,162.0,0.04
0.9536194353429532,11.124989150392796,163.0,0.04
0.9481874947605388,12.14691835408517,161.4990234375,0.04
0.9475662348525424,12.725446548124486,151.99908088235293,0.0425
0.9718074534629332,12.278483822107887,140.0,0.065
0.8636269189264464,12.143447241915377,151.99908088235293,0.035
0.9521942492117128,12.868676791433993,161.4990234375,0.0375
0.9467385789071752,11.91782162232601,145.0,0.045
0.8392476072386046,13.822316344048897,147.65625,0.0475
0.91086259748298,12.191117578381128,142.0,0.0375
0.9513101734460178,15.624206610485256,170.0,0.07
0.67578051726225,13.499077910919098,150.0,0.0275
0.9372499145718483,13.146758043413268,156.60511363636363,0.0275
0.9171674264372653,14.320396848940945,123.046875,0.0475
0.9005352331339556,14.914839955048304,123.046875,0.0425
0.9316152746670632,14.000104601793803,126.04801829268293,0.03
0.863576606989322,16.003904908568146,123.046875,0.0175
0.8715854184580689,15.957802150886696,123.046875,0.0175
0.7571010576583678,14.054602867853966,123.046875,0.0325
0.9134407163189691,12.411207149536732,120.18531976744184,0.0275
0.975942785313626,14.693352171755723,123.046875,0.0375
0.8781563583681011,13.875196527901245,123.046875,0.0375
0.820180727564192,13.690288578623887,123.046875,0.0275
0.8201366167662216,13.746081387589886,123.046875,0.045
0.7951948498854784,12.131132215897496,120.18531976744184,0.0625
0.9769469892062981,11.045411351651442,114.84375,0.0475
0.9327055750028707,13.474220668496995,126.04801829268293,0.0525
0.8265775032821328,13.517337417199633,123.046875,0.0275
0.8942172262438797,13.996829787528306,117.45383522727272,0.0425
0.9426064284056843,13.035339949609021,126.0,0.0375
0.9564228841923297,13.688806348690806,126.04801829268293,0.04
0.9705714173246878,11.144624041037488,123.046875,0.0975
0.9082158601133443,13.286690895772457,123.046875,0.06
0.941598093822141,11.785792179063035,126.04801829268293,0.0875
0.9761644980970872,12.332255412563397,132.0,0.065
0.9671761358909944,11.143677350001752,117.45383522727272,0.075
0.5795281869366057,13.508311641865795,123.046875,0.04
0.6951285770785869,12.869391863398944,114.84375,0.0225
0.9356885996583396,10.902232426973608,126.04801829268293,0.04
0.9651741193832486,10.831868786382472,126.04801829268293,0.035
0.7880010248886705,13.388955037308254,117.45383522727272,0.0225
0.9347546413268437,13.142755520512523,132.51201923076923,0.0525
0.9708216402067862,13.080121309927785,129.19921875,0.0675
0.929596156698212,12.667909397197754,120.18531976744184,0.04
0.7722256698327429,13.076516279984148,117.45383522727272,0.03
0.8466816679523843,12.165823688605736,117.45383522727272,0.04
0.9122703581596576,13.53017622593564,117.45383522727272,0.0325
0.9141735797020528,13.17733749952095,117.45383522727272,0.03
0.7851784363759977,13.621054765290205,114.84375,0.025
0.9013817629486256,14.055565220266086,120.18531976744184,0.0375
0.8203281584719503,12.858835070972157,120.18531976744184,0.04
0.9270516472485081,13.109230362232635,117.45383522727272,0.0425
0.9239922021129081,12.69733194864661,132.51201923076923,0.0775
0.910465061022398,10.82099750663646,129.19921875,0.0475
0.9790037687989108,13.172782505477649,120.18531976744184,0.035
0.8211009225996264,13.399069181840666,120.0,0.0575
0.9654948267734962,13.960517921434228,126.04801829268293,0.0325
0.6585947039040039,12.548798621721769,117.45383522727272,0.0375
0.7729019411756081,13.703679993305984,126.04801829268293,0.0425
0.9684333107841173,13.97940008672039,123.046875,0.0225
0.7114533756100749,14.591961021609968,120.18531976744184,0.03
0.8730122857145092,12.740480071715972,120.18531976744184,0.0875
0.8703586246906847,12.949604075159856,117.45383522727272,0.06
0.9642393775851366,13.249939169388835,117.45383522727272,0.065
0.9291168158815548,13.59216887194177,120.18531976744184,0.0575
0.9144751354259155,13.381406441287602,123.046875,0.05
0.9592583654637448,11.753758443322488,120.18531976744184,0.0325
0.9531962055189134,12.04760108590487,126.04801829268293,0.0325
0.9902283761572447,11.579643681550511,120.18531976744184,0.03
0.8514696151370441,11.051067109319838,123.046875,0.015
0.9815661473663934,10.958805302170322,120.18531976744184,0.04
0.9704930212690474,12.668382624482819,114.84375,0.0275
0.8711247209865535,12.764249965924126,117.45383522727272,0.0225
0.9210783477206697,12.847881838547384,114.84375,0.04
0.9038944197451082,12.298143299020488,126.04801829268293,0.0625
0.9741018128929206,13.38522833207059,129.19921875,0.0425
0.7756025099452131,16.596881564294602,123.046875,0.0525
0.9868411146735326,12.634633053448283,126.04801829268293,0.0425
0.9676712264076012,13.466148828075482,126.04801829268293,0.0425
0.8596749455956776,13.44940639264875,125.0,0.0325
0.9674049969478808,12.71124533686517,121.0,0.035
0.8544361116234263,13.7298287146113,120.18531976744184,0.0425
0.5171068394937439,10.913113836468202,120.18531976744184,0.0225
0.4008770391188953,10.453325140055341,120.18531976744184,0.0225
0.6470893114124566,10.981004664519912,120.18531976744184,0.0225
0.8968531567840404,13.638620279413834,120.18531976744184,0.0525
0.8905553892167424,13.086757368256134,116.0,0.03
0.9513369926981118,11.695848675043962,123.046875,0.0775
0.9163635617989148,11.694388962501584,123.046875,0.05
0.8539579325789648,13.98607502366666,120.18531976744184,0.07
0.9588828541616465,12.816631186996437,125.0,0.03
0.9563973139411595,13.650659105930881,123.046875,0.0375
0.9554131616798859,13.24830360557279,123.046875,0.0475
0.9473207338293886,13.314935237309022,123.046875,0.0425
0.9239189380948662,11.708539502599052,123.0,0.04
0.905192778014323,11.937229910511213,122.0,0.03
0.9210569618625783,12.2767913622952,117.45383522727272,0.0325
0.9749712840667684,14.471160554178086,129.19921875,0.05
0.8068248441802753,13.626737701001051,129.19921875,0.035
0.7723930230225694,10.861148722910274,129.19921875,0.045
0.7668530537035005,14.487964883285157,133.0,0.0625
0.6188992242044351,14.101340031175678,132.0,0.025
0.9467105080431896,11.380490426907691,120.18531976744184,0.045
0.7274275608910094,12.362417822403511,130.0,0.02
0.9871216311495163,11.873467179471053,127.60416666666669,0.065
0.8946908357022111,12.974366051086506,129.19921875,0.0375
0.993286700136433,12.286838803403688,126.04801829268293,0.035
0.9548672346547464,12.355432047929485,123.046875,0.03
0.9675167351226897,11.887474167886213,123.046875,0.035
0.9702823271284536,12.439932099343892,123.046875,0.0625
0.9840807190392716,13.5652466111547,126.04801829268293,0.0475
0.9395939756973836,10.799204588879096,126.04801829268293,0.045
0.994617623556256,13.61643156928836,126.04801829268293,0.04
0.9893567122865607,13.72691701197233,129.19921875,0.06
0.8822801131167397,13.922292500698823,123.046875,0.025
0.8917927281338878,9.22642223762768,124.52936746987952,0.0375
0.9475217280679407,11.251172364616965,123.046875,0.03
0.9459933563072904,11.2076570294236,126.04801829268293,0.0325
0.9478887585894803,12.054921473485171,123.046875,0.05
0.951148790399851,12.858102426011984,123.046875,0.0425
0.9668720509883968,12.290307362529202,124.0,0.035
0.9286167341232708,14.353690100423815,123.046875,0.035
0.9656863702903608,13.063040286039584,123.046875,0.045
0.9607144318167432,14.820985850170677,123.046875,0.0275
0.9390596574836174,14.528228452567198,123.046875,0.0425
0.970126289587231,14.163025846184604,123.046875,0.045
0.8553230178829656,14.48633288854679,123.046875,0.025
0.8692172916837264,14.931410184928437,123.046875,0.0325
0.991202133733545,13.579097580025575,123.046875,0.0175
0.9773622988017794,12.402519059970153,117.45383522727272,0.0275
0.933701923511432,15.927689807724086,125.0,0.0225
0.8919825457588939,13.828481683680444,129.19921875,0.035
0.6324688664422563,14.605548941781514,117.45383522727272,0.0275
0.9739329791496844,13.97940008672039,129.19921875,0.03
0.8875609450232234,13.026310404942507,123.046875,0.0425
0.963848629964771,12.022124491927485,123.046875,0.0275
0.913662812958468,12.029085371733952,126.04801829268293,0.0725
0.9826734092768553,12.254723162810386,126.04801829268293,0.0325
0.9700137332420902,14.25263299298818,126.04801829268293,0.06
0.9657488350510708,12.67330444858318,126.04801829268293,0.0625
0.9906545943790988,10.996366869707822,126.04801829268293,0.075
0.9085587583554008,13.300015071816588,124.0,0.04
0.8696537576210968,11.414581454777572,126.04801829268293,0.0475
0.7737773189971144,11.96075493833262,126.04801829268293,0.0375
0.8873799375426802,12.33370573138577,124.0,0.065
0.9849884664582252,13.932522648421763,123.046875,0.0425
0.946833903685112,12.825650455905777,123.046875,0.0275
0.9508365149849759,9.74312492549047,123.046875,0.0675
0.485125440297779,16.268191112976233,126.04801829268293,0.035
0.4836182858025888,15.914783336599111,126.04801829268293,0.0475
0.5919764980604906,15.806596688211336,126.04801829268293,0.0325
0.9475343067422912,13.382193855331447,126.04801829268293,0.0475
0.8749101591268542,11.368751119457364,120.18531976744184,0.08
0.9909033247601512,14.030388930900727,120.18531976744184,0.0575
0.987765814885397,13.132800027925768,107.666015625,0.0325
0.9708228769650248,12.853846875878943,123.046875,0.03
0.9761612465827918,13.328893576966934,117.45383522727272,0.0275
0.9098155697047776,13.179666788712863,120.18531976744184,0.0275
0.9459426922277382,12.887812812515657,120.18531976744184,0.0375
0.9683393944216176,13.379778013274068,125.0,0.055
0.9333538947232665,13.446833283762942,117.45383522727272,0.025
0.9332893296080579,12.043121632582139,120.18531976744184,0.0475
0.949814149525105,12.559491053830795,123.046875,0.0225
0.9585226437943768,12.658614980917978,120.18531976744184,0.05
0.9293082924881286,13.120970570884326,109.9567819148936,0.0425
0.9935734205092179,11.549465372020498,123.046875,0.05
0.9592708158963927,11.653865498075739,120.18531976744184,0.035
0.9143872881949404,12.207040008663968,123.046875,0.0675
0.8672861165195506,14.144468059471912,129.19921875,0.0425
0.9133454182964912,11.72296576684624,123.046875,0.0375
0.8815237516582493,11.532503788457817,123.046875,0.0675
0.9803024608044939,13.37836975598026,120.18531976744184,0.045
0.932802873444462,12.465669314690802,123.046875,0.065
0.8784809105932441,13.39676334626012,123.046875,0.06
0.8688466430173961,13.18541282584195,126.04801829268293,0.0725
0.7497353374638258,13.77198013176324,117.45383522727272,0.0425
0.6624390280874211,12.51408912464968,117.45383522727272,0.055
0.9812391854274236,11.780714271923848,123.046875,0.055
0.951618444124598,12.849250979936784,123.046875,0.0525
0.9739511098605436,11.535952256010077,126.04801829268293,0.055
0.936896543535054,14.150332398520046,114.84375,0.05
0.8591918021578608,12.76388468394568,120.18531976744184,0.05
0.8822485778949684,12.848823015284829,123.046875,0.0375
0.83907030523127,13.683703773973036,107.666015625,0.03
0.8721531363300459,13.306359414315805,107.666015625,0.035
0.9449076282283944,12.46255874355267,129.19921875,0.0475
0.5799514473692996,12.946161874846567,123.046875,0.035
0.7354974157505997,13.456206512643478,123.046875,0.03
0.8637481009566128,13.161836408190716,126.04801829268293,0.0325
0.9576748019770556,11.774502700575706,123.046875,0.05
0.93706326938433,12.723563831274449,126.04801829268293,0.045
0.9833613430504431,10.181491866631143,126.04801829268293,0.0475
0.8419077713212705,14.208970808910932,123.046875,0.02
0.8578478829735254,13.97940008672039,120.18531976744184,0.0275
0.9257493909613084,12.9278974927849,129.19921875,0.0375
0.9112397576777838,13.288593193279732,117.45383522727272,0.0275
0.9714693421971772,13.145665709830746,120.0,0.0625
0.9085707029167476,13.14498507566395,120.18531976744184,0.0275
0.9359405283256399,11.92090525235848,123.046875,0.05
0.9696374147207844,12.864779254524334,126.04801829268293,0.0325
0.9064765363097242,14.206431148119155,120.18531976744184,0.0275
0.8804678828865988,12.516782294166159,120.18531976744184,0.0375
0.9777782797000854,11.385666345326285,120.0,0.045
0.8985531877478047,13.160839762044109,123.046875,0.0475
0.9886631671450015,11.956494190709565,123.046875,0.035
0.9909187362851397,10.15863812530222,123.046875,0.0325
0.9175043874749412,11.789456360058551,112.34714673913044,0.0325
0.9712119840672977,12.546168889505303,126.04801829268293,0.0225
0.9150344880574216,12.83802448547321,120.18531976744184,0.025
0.8620860990170469,11.739011820847985,120.18531976744184,0.0325
0.9839967246575851,13.742969665212929,123.046875,0.0575
0.958667993515662,13.988151982075465,123.046875,0.0775
0.979371724012638,13.12956072219748,123.046875,0.0675
0.9380844778695168,12.605895127886544,123.046875,0.0575
0.9267810850809433,14.354235269667178,123.046875,0.0275
0.9894794831813906,13.17238141666506,122.0,0.05
0.8693835419834791,14.740301622369962,120.18531976744184,0.0775
0.8986179626088097,12.896896703290953,114.84375,0.0325
0.9216942540534082,12.361578792414921,114.84375,0.0325
0.9012086927486684,13.363560399619589,120.18531976744184,0.0225
0.8472600561107408,13.420563793276033,117.45383522727272,0.065
0.857620654209415,13.84463970904772,114.84375,0.0475
0.9844430466350436,13.380756638700472,117.45383522727272,0.07
0.7376065215163817,13.141589638450636,122.0,0.09
0.8748449182596185,13.602248194704302,117.45383522727272,0.055
0.97103747651526,11.19027559356069,120.18531976744184,0.06
0.8536080868517426,14.152594188850294,123.046875,0.0275
0.8614325987029265,14.54408875373559,123.046875,0.0325
0.9744226007379633,11.941084576248201,123.046875,0.0475
0.956641975794926,12.651133421337835,123.046875,0.035
0.9646093909339684,12.479435564490068,123.046875,0.0575
0.9675685031962136,12.990869517653755,120.18531976744184,0.035
0.9624579809561522,13.697149836645176,120.18531976744184,0.035
0.9418780481593715,12.83236949241142,123.046875,0.0525
0.9533808750387583,12.03058468431663,120.18531976744184,0.0425
0.8762161987776935,13.527486873992704,117.45383522727272,0.0375
0.9213029228883955,11.98498669221274,123.046875,0.0675
0.9916656830773727,11.143652171055198,126.04801829268293,0.0275
0.9237486229980181,10.723006613611368,126.04801829268293,0.03
0.947142617687868,8.6015208219615,123.046875,0.025
0.9799107612421656,10.896997056193138,124.52936746987952,0.045
0.9827574133375074,10.451265434093045,126.04801829268293,0.03
0.9655356770666008,11.624533663820902,120.18531976744184,0.05
0.9160816707882256,12.055218341725407,122.0,0.0675
0.9869228730949495,10.852459238041774,123.046875,0.035
0.9379299369970646,13.045192823059182,120.18531976744184,0.03
0.9445938226884769,11.006881227103397,123.046875,0.0375
0.8263582782010815,11.636423312950276,120.18531976744184,0.0525
0.9672593656152182,13.052310585094604,123.046875,0.0275
0.9094333926592272,13.523554654292564,114.84375,0.0275
0.9404945932367538,12.794357311639349,123.046875,0.0325
0.9825066990068622,13.176967773948892,123.046875,0.03
0.9393296352362848,13.178475987984449,123.046875,0.0375
0.955718895091094,12.62156591900649,112.34714673913044,0.04
0.9419531027990716,12.52124108601094,117.45383522727272,0.0375
0.9806848542900848,13.482352329022511,120.18531976744184,0.04
0.852274189679358,12.992935355757849,120.18531976744184,0.0425
0.8609819788882016,12.5287785118073,120.18531976744184,0.0375
0.9651302757062502,12.444906995192774,120.18531976744184,0.0325
0.8487354372557598,12.992789472248464,123.046875,0.035
0.9239189380948662,11.708539502599052,123.0,0.04
0.9815661473663934,10.958805302170322,114.0,0.04
0.9877672281416592,10.87515105153085,114.84375,0.0575
0.9597412698560266,11.6302822042054,126.04801829268293,0.045
0.5566433228419531,12.764168166796916,120.18531976744184,0.075
0.9238840533126758,12.964494244155684,123.046875,0.065
0.9406622816313164,12.566118555077614,120.18531976744184,0.0325
0.9194011875649114,13.566327694470917,120.18531976744184,0.0525
0.9724039358929696,10.79730012272315,123.046875,0.08
0.9728178078696728,10.52915625308499,123.046875,0.085
0.974302165433875,12.092727815584091,123.046875,0.0475
0.9780630986825768,11.819082382014756,123.046875,0.08
0.9018199635330815,10.397540555333528,123.046875,0.04
0.9696433642655216,10.616122204596213,120.18531976744184,0.0325
0.8752103103755838,12.777437278778804,123.046875,0.05
0.9422419593719594,12.330889725968039,123.046875,0.065
0.9854449290611988,11.646905272421517,120.18531976744184,0.025
0.9733006823701686,12.331660218516022,123.046875,0.0525
0.9084023763590532,13.912858303595325,124.52936746987952,0.07
0.9808065122012652,14.242238873305176,120.18531976744184,0.03
0.9450294301075852,11.708780161739254,123.046875,0.04
0.9381489102659404,12.560710727573897,126.04801829268293,0.035
0.9076037187525682,12.930343578022402,123.046875,0.03
0.978707158654994,12.847212292918591,123.046875,0.05
0.8319929763585686,12.49274327891452,123.046875,0.06
0.922399382591198,12.380250272988299,126.04801829268293,0.025
0.8722889545815495,14.074410725982043,123.046875,0.0375
0.93191451559648,11.789438592821984,120.18531976744184,0.0225
0.9279122137528492,13.623788229716352,122.0,0.0325
0.964709416208225,13.832660291778744,123.046875,0.0325
0.9789467835974228,14.600266947047574,123.046875,0.0275
0.9323672105939365,14.48078786914027,123.046875,0.025
0.877772927423286,14.67358094105199,123.046875,0.02
0.9651845322327254,12.47382169108241,123.046875,0.0425
0.9209082784127096,11.339938731549239,120.18531976744184,0.0225
0.9455774148580436,12.6201115493338,120.18531976744184,0.0325
0.5507751149758802,14.557648008635255,120.18531976744184,0.03
0.453572650692195,14.096465883689019,117.45383522727272,0.0525
0.9280008483493465,12.60542667252121,126.04801829268293,0.0275
0.9784973725470524,12.149797740157029,123.046875,0.06
0.9844355105208368,12.145494116042244,129.19921875,0.0675
0.7692649580654662,12.644992009152457,120.18531976744184,0.0625
0.9237545594642412,12.076699129703389,120.18531976744184,0.03
0.9178500492446025,13.891059758277995,123.046875,0.0275
0.8394743870329523,12.014876341700562,120.18531976744184,0.0225
0.976004182405346,13.196792078812129,123.046875,0.0375
0.8559303305016442,11.822174143565068,123.046875,0.055
0.8621222346134942,12.78199787805452,123.046875,0.0725
0.9380463456399244,11.804063236818244,123.046875,0.0675
0.9459598291285194,14.044203784942322,123.046875,0.0275
0.9683336989061364,13.445888517037034,120.18531976744184,0.0325
0.9484768220845147,12.192390177281439,120.18531976744184,0.0375
0.9836776042397193,13.272695687666289,117.45383522727272,0.0225
0.9387862706954493,12.858052359733996,123.046875,0.0375
0.9917714619857476,11.689123267691096,123.046875,0.045
0.969425567289115,12.076734758279272,117.45383522727272,0.035
0.9809075748902762,11.391622993156847,120.18531976744184,0.0325
0.977592225295039,11.427653450187368,123.046875,0.05
0.8300260017400491,13.348874044120098,120.18531976744184,0.0475
0.6881069788380477,15.124376565114584,114.84375,0.0275
0.7944322536358818,15.05770492371903,117.45383522727272,0.035
0.8044482971353178,14.458085212146129,117.45383522727272,0.0325
0.83214078221332,12.045389900537426,114.84375,0.0425
0.7378643299419575,13.336432140888864,117.45383522727272,0.0425
0.9139159676619325,13.432566883296003,114.0,0.03
0.9642257880633252,13.016542624219683,120.18531976744184,0.045
0.9409845007283388,13.57681676339878,117.45383522727272,0.0525
0.7707380793971828,12.716224475516327,123.046875,0.025
0.922769705274427,12.59583928662287,123.046875,0.0375
0.914663399078535,12.82095324851605,129.19921875,0.055
0.9012191731649908,13.919104337516236,129.19921875,0.0325
0.9950579713394324,10.08739144596266,117.45383522727272,0.0525
0.9871255002167454,12.223592741822284,123.046875,0.0375
0.9495917229601764,13.542316482305557,123.046875,0.0375
0.8973224211342066,11.167188494843067,123.046875,0.03
0.8891853278180798,10.590095952980576,123.046875,0.0275
0.37900778643727784,11.850686173003297,123.046875,0.0375
0.9483811155560753,14.275431391498469,123.046875,0.055
0.9682935018930452,14.295836709384028,123.046875,0.0425
0.9510556500550414,12.417118490959004,123.046875,0.04
0.9120639441296584,13.69819226487358,129.19921875,0.045
0.9595061352695997,14.23082516041491,126.04801829268293,0.0475
0.9216190345777986,14.377797179435888,128.0,0.05
0.8891631026837189,13.97940008672039,136.0,0.0225
0.8909422149958511,14.661952523015678,135.99917763157896,0.04
0.987619685050116,12.552775195759375,129.19921875,0.025
0.9988584000084826,11.255098105758497,128.0,0.0275
0.9924773539794496,13.49902690916642,123.046875,0.0325
0.8739431385009686,16.147757137336974,123.046875,0.0425
0.9602813138854744,14.404187379369924,123.046875,0.025
0.9617060108708952,11.054235557380018,139.6748310810811,0.025
0.8751081844250428,13.97940008672039,129.19921875,0.02
0.9837478462794268,14.594998057588594,117.45383522727272,0.035
0.9873216624526551,12.497193763868413,129.19921875,0.0475
0.9836229030301912,12.96462696688073,129.19921875,0.045
0.9008040200758818,13.344370893060228,129.19921875,0.0525
0.9957050003846406,10.331915044378858,126.04801829268293,0.03
0.9764996944430272,11.618974792174852,129.19921875,0.0625
0.9929393227582188,11.594914240973864,129.19921875,0.0575
0.9637812465999692,12.35671224155503,123.046875,0.045
0.9772988687953993,12.244527215332353,129.19921875,0.0675
0.956040435535526,13.6340654928897,142.0,0.0275
0.9577950172158464,12.502528155074176,123.046875,0.03
0.7821848511550842,16.623554667531025,129.19921875,0.035
0.7403872979752046,15.584577321918358,129.19921875,0.04
0.8343638633492241,13.948059610539378,127.60416666666669,0.0325
0.6830891000105783,15.600208852711003,125.0,0.0225
0.6117381295989812,15.088905659916636,126.04801829268293,0.0325
0.7578824331492693,13.758433252829054,126.04801829268293,0.03
0.7998215537507475,13.974859737845303,109.9567819148936,0.025
0.7702466036942471,12.99345954894935,120.18531976744184,0.03
0.7071718500167322,13.384362256337734,124.0,0.0325
0.7312151282863423,14.41530263541488,135.99917763157896,0.0275
0.6350619867568518,12.215563826050687,126.04801829268293,0.0675
0.9391705789106459,12.112851918702908,126.04801829268293,0.0575
0.9358998689269795,11.26591708926935,126.04801829268293,0.06
0.9206460621585044,11.650302786738802,126.04801829268293,0.06
0.6764434855419732,11.036041548866208,129.19921875,0.06
0.9525484366508601,11.665008943172102,126.04801829268293,0.06
0.7723226579180044,12.289273444259933,126.04801829268293,0.055
0.975080014271338,12.799681448830912,129.19921875,0.0425
0.8930950204596599,13.804433475279978,126.04801829268293,0.0225
0.9749901146324064,12.417698120126104,126.04801829268293,0.0225
0.9640558109403454,12.230842982218917,123.046875,0.03
0.9149642974110864,11.49225111132915,126.04801829268293,0.0275
0.9573269086685848,13.026388245776616,123.046875,0.0225
0.9712119840672977,12.546168889505303,126.04801829268293,0.0225
0.9394490486197786,13.537918529448811,123.046875,0.0275
0.940805147218408,13.97940008672039,129.19921875,0.0475
0.9938801987056032,14.90593776058607,126.04801829268293,0.05
0.9622202147606926,12.66221446239328,135.99917763157896,0.0525
0.9920169206794854,9.633851208505009,132.51201923076923,0.06
0.9944534814797288,10.25259623697874,135.99917763157896,0.0675
0.9885280668154188,11.427213150495842,135.99917763157896,0.055
0.9847224372264114,12.64943264394228,135.99917763157896,0.0675
0.8311188954603186,16.550067962604107,135.99917763157896,0.0175
0.9904592398711252,10.080902826333055,107.666015625,0.0325
0.9402992634240515,11.835741546072374,129.19921875,0.0525
0.8725840206159983,13.51538114396618,120.18531976744184,0.0375
0.9279306099630307,13.789614395183902,132.51201923076923,0.03
0.9870815277501276,13.589316307819203,120.18531976744184,0.0475
0.9896939475319604,12.724752108219915,120.18531976744184,0.0325
0.9895130684222824,12.238241689638327,123.046875,0.035
0.9375001653810693,13.237336935218906,126.04801829268293,0.035
0.8397274272947384,14.047703633756628,126.04801829268293,0.045
0.9637258180231771,14.05605400250424,126.04801829268293,0.0375
0.8648299371671916,12.922865836107723,126.04801829268293,0.0375
0.8667518302259428,14.93712094728514,129.19921875,0.04
0.9839817820200618,10.96339396245114,126.04801829268293,0.0575
0.9915238135608473,10.714691575926114,123.046875,0.07
0.9860222377669372,11.179057092795247,126.04801829268293,0.0775
0.9782047868026361,9.760344522664479,123.046875,0.04
0.9854248417464302,9.68673821047972,126.04801829268293,0.0525
0.8985082369375706,12.983186749881435,127.0,0.0525
0.9549464775950212,13.045004774278647,126.04801829268293,0.035
0.9223622332575644,12.482094936695166,123.046875,0.0325
0.8471092789858402,15.154761819663165,122.0,0.0325
0.85342025971138,14.598902524142613,120.0,0.035
0.9348543249918784,13.952179890267171,122.0,0.0375
0.9571326912208168,14.304807857096195,123.046875,0.0275
0.9659375396288736,13.216143148029529,126.04801829268293,0.06
0.95150033786521,14.321395091926044,129.19921875,0.0525
0.6704620033623909,14.308762881245833,126.04801829268293,0.0375
0.9844939594220703,11.38057512631363,126.04801829268293,0.07
0.9595332800686498,12.708744657918022,126.04801829268293,0.0425
0.8821028117799897,11.934586833178546,129.19921875,0.045
0.9492901341639883,13.623995310711269,132.51201923076923,0.0275
0.9658559848339712,12.093076719256754,129.19921875,0.025
0.9342763639406316,13.062522247987488,129.19921875,0.0275
0.9494297715541088,13.076560792352556,126.04801829268293,0.0275
0.9204585198019716,12.54843427019292,124.0,0.0325
0.9630865573282531,12.767684783606086,124.0,0.035
0.8421144578095747,12.935821610731644,126.04801829268293,0.02
0.7988036254896225,13.887654387602023,126.04801829268293,0.0375
0.8067750198369438,13.834728680707952,126.04801829268293,0.0475
0.7976326112629193,13.794069475569437,126.04801829268293,0.05
0.9035786384731036,10.739573535822725,143.5546875,0.03
0.9812834979851384,10.900437970444392,143.5546875,0.03
0.9580459957281137,15.477734984075362,129.19921875,0.0425
0.9500129310114578,13.543545909777167,129.19921875,0.05
0.9796702369317479,14.355917468289404,129.19921875,0.045
0.7209623537507366,13.855241266418382,130.0,0.0375
0.9848635169909824,14.118416146248615,135.0,0.08
0.9235825874147746,14.419457521744956,126.04801829268293,0.025
0.9211957078280985,14.312305090998088,128.0,0.0225
0.962223676335962,13.759492283836822,126.0,0.025
0.9905642739870661,12.84566390048872,126.04801829268293,0.03
0.96522155707441,11.690292376116506,126.04801829268293,0.0675
0.9289457867303927,12.739520957761005,126.04801829268293,0.055
0.7915043859984723,12.400261182576674,126.04801829268293,0.035
0.8356669607018464,12.182304177752885,120.18531976744184,0.045
0.9376072848982956,12.446198112889627,126.04801829268293,0.0525
0.9339967649204922,11.4962595828605,123.046875,0.0525
0.9391047431701012,11.99902384099564,125.0,0.055
0.9435582085064552,12.457639746017133,126.04801829268293,0.04
0.9626455476119569,10.168805163155461,129.19921875,0.04
0.9502447607058762,11.378890340521533,123.046875,0.0475
0.9706383524196698,12.807699628750033,127.60416666666669,0.065
0.9166530900042072,11.904866990220638,120.18531976744184,0.03
0.9421405701211745,12.124848057902707,120.18531976744184,0.0375
0.8582888361398329,10.84795174766252,123.046875,0.04
0.822731486194104,13.648052136762937,126.04801829268293,0.055
0.7760670240983427,13.226457787460236,126.04801829268293,0.045
0.9060678290676292,10.839608896921924,123.046875,0.045
0.9442717978779168,13.287591205014175,126.04801829268293,0.0575
0.901297569227178,12.872486856363045,123.046875,0.0425
0.9168306008093485,12.496551162596905,129.19921875,0.035
0.8907186129314593,11.886585514748777,120.18531976744184,0.0275
0.8749490773013734,14.165709078790059,123.046875,0.035
0.8623642641963907,13.962599968290636,129.19921875,0.03
0.7609720708872649,14.171391167229613,126.04801829268293,0.0225
0.89285313681236,13.442455548156055,129.19921875,0.0525
0.6688515808730311,15.533824336074982,129.19921875,0.0475
0.9295313796265883,13.027438734539334,125.0,0.03
0.9383056276480944,12.693101065257077,123.046875,0.035
0.9042266265174683,14.051865960065637,123.046875,0.03
0.669650489867988,14.16792922676068,123.046875,0.03
0.9520569887203978,14.75458477079283,129.19921875,0.0575
0.9732542105952224,13.150893284594098,123.046875,0.0275
0.959941949859898,14.679884662144202,129.19921875,0.0325
0.866783478619988,17.424794707945097,123.046875,0.035
0.9643551390835744,11.480625354554377,123.046875,0.0775
0.8935586857150242,12.573373447837161,120.18531976744184,0.04
0.9368280404420206,11.83970823004095,120.18531976744184,0.075
0.8483659670698872,10.796566753891984,120.18531976744184,0.035
0.8505810984783182,10.964233905823578,120.18531976744184,0.035
0.8503028808064734,13.427176062052736,126.04801829268293,0.0675
0.9101917966147866,12.918245691692626,123.046875,0.035
0.8480551664181987,13.78113597594792,123.046875,0.055
0.8613536437080361,12.728450875328747,123.046875,0.03
0.8693246941344949,12.950532924168968,123.046875,0.03
0.968705478966376,12.052271707775525,126.04801829268293,0.0425
0.987067036997708,10.983077054788891,123.046875,0.07
0.9398797976604563,15.196510392754966,120.18531976744184,0.035
0.8958743381369753,13.335625061017176,126.04801829268293,0.035
0.8831664567353755,13.473364658240378,123.046875,0.04
0.7204523321800315,12.813760543534976,121.59926470588236,0.04
0.947197310947324,12.713413971942042,120.18531976744184,0.0575
0.918881133525904,12.892612186540898,120.18531976744184,0.035
0.925560225830411,12.56573975726024,120.18531976744184,0.06
0.9913470282178962,10.88353178500035,126.04801829268293,0.055
0.9828689001077032,11.108159402145148,123.046875,0.0675
0.9683896994231311,11.314563622749795,126.04801829268293,0.035
0.969038715825842,12.348111182880393,123.046875,0.0225
0.9310964987185704,13.582897178829192,114.84375,0.0425
0.9701906636097921,13.79788346133252,114.84375,0.0325
0.8920019758314648,13.816926146385494,123.046875,0.0475
0.967503776483863,12.171098306021586,123.046875,0.0275
0.9128420229951644,12.272781691727983,123.046875,0.0375
0.9711810765718484,11.537505420629216,123.046875,0.06
0.8424151503110108,13.252011679854224,123.046875,0.025
0.974641807239933,11.62020147610088,123.046875,0.0575
0.976004182405346,13.196792078812129,123.046875,0.0375
0.9133908224449188,13.570660968514552,123.046875,0.025
0.9133908224449188,13.570660968514552,123.046875,0.025
0.861271989511945,10.60714721220813,123.046875,0.03
0.8839309699960286,13.907153767704294,126.04801829268293,0.0375
0.5490305178045023,12.10149557849598,135.99917763157896,0.065
0.8847280382204008,14.185822320137177,139.6748310810811,0.0375
0.913648082302436,11.209646657707571,139.6748310810811,0.045
0.9500899982292248,12.32634772929081,123.046875,0.0225
0.8087175738478356,13.359853664427309,126.04801829268293,0.0475
0.8159807259080287,13.127171955921217,126.04801829268293,0.0425
0.9792435634911782,12.82588294260783,135.99917763157896,0.075
0.9321558281854945,13.852963303596876,151.99908088235293,0.045
0.9237104512753136,11.756369472965138,139.6748310810811,0.0625
0.908560118294604,15.356586469164617,143.5546875,0.0475
0.9695808081507178,12.88656967206016,126.04801829268293,0.0575
0.9744937755252892,14.46877870532305,132.51201923076923,0.0525
0.8785666735666092,13.68666951693915,130.83465189873417,0.0275
0.9894243846293164,11.825971207975872,129.19921875,0.0375
0.9796040780807636,15.930156221336476,114.84375,0.0425
0.9914631829367271,12.197641113419001,132.51201923076923,0.0525
0.9581774697614508,12.83097613395434,136.0,0.0675
0.9306369094204817,14.056599269260541,139.6748310810811,0.05
0.8320734087136794,15.352182436021558,129.19921875,0.0275
0.9898004705089334,14.882473595823065,123.046875,0.045
0.9795696247738899,14.632497359316195,143.5546875,0.0475
0.9900372486508896,12.272873665667548,135.99917763157896,0.055
0.9711988944719185,13.944061938299644,143.5546875,0.0575
0.959804491379568,11.52570563399369,139.6748310810811,0.0475
0.9958610078790752,12.87894171917924,129.19921875,0.0525
0.9801748169079152,14.755738928609295,147.65625,0.0325
0.9453038884697714,15.31846588908946,132.51201923076923,0.05
0.9021138272719501,14.069787718225705,164.0,0.035
0.994645393530758,14.301689233071142,151.99908088235293,0.0475
0.9844891666285756,10.663807216643596,145.57658450704224,0.0575
0.9578860855206308,9.34980865974914,129.19921875,0.0275
0.9619852927631556,9.840443377744378,129.19921875,0.0275
0.9910148017520807,9.342406461800609,137.0,0.0675
0.9808347014045128,12.1784252317556,147.65625,0.045
0.9738315506048851,13.320652237144513,147.65625,0.0325
0.9809231289924109,11.219475533735851,132.51201923076923,0.04
0.9528994854738171,13.993461891537574,143.5546875,0.035
0.9887664680625594,12.247178638244954,126.04801829268293,0.065
0.9584094164699704,11.725493384885063,143.5546875,0.0525
0.8912422513058313,11.423425730564873,135.99917763157896,0.03
0.876325283293971,13.422940911412674,139.6748310810811,0.0375
0.8965123816559755,10.489338440988188,129.19921875,0.0275
0.897565573108505,10.720256583218928,129.19921875,0.03
0.9853009026361697,11.711817834736085,135.99917763157896,0.0925
0.9920197581781616,11.67999533796666,135.99917763157896,0.065
0.9226992685341531,10.869598924441163,147.65625,0.0675
0.9760083553898826,10.342120293552838,135.99917763157896,0.03
0.8235504990118614,15.73575532601454,146.0,0.0425
0.896254657139359,13.948450665856084,147.65625,0.05
0.8749524440055413,13.649028148119148,117.45383522727272,0.0475
0.8823866444981725,14.335483070747975,147.65625,0.07
0.9586608609126693,12.10239512624729,132.51201923076923,0.05
0.8984938138545003,12.905939226408323,135.99917763157896,0.085
0.9450709129392412,12.077702300857144,132.51201923076923,0.0775
0.9541625119297585,11.772501042651697,132.51201923076923,0.06
0.9763580154663648,11.820056159767816,135.99917763157896,0.08
0.9677042021648716,11.973550282280344,132.51201923076923,0.0275
0.9930418096789801,14.86137630322623,147.65625,0.0425
0.9035012122067076,11.32941110347403,132.51201923076923,0.0325
0.9512908207374314,12.410608649860674,135.99917763157896,0.04
0.9360371389645685,16.987347065337538,139.6748310810811,0.04
0.9237783316423914,13.133510316438342,139.6748310810811,0.0275
0.8445971093261035,13.723898464289976,137.8125,0.0375
0.9766321205090958,11.693330661332352,132.51201923076923,0.045
0.9642656504183328,12.771241065604537,133.0,0.0475
0.977257697454085,12.784326897086594,139.6748310810811,0.0325
0.8317788728193206,16.504793439789147,129.19921875,0.0375
0.8548044777426789,12.342806691344734,135.99917763157896,0.065
0.923981177978306,12.912153211252948,126.04801829268293,0.0425
0.8405476516394085,14.929397831167238,126.04801829268293,0.035
0.9359381815742416,13.257733913162483,120.18531976744184,0.065
0.928986754236802,12.588213187865511,143.5546875,0.075
0.9696669781542984,12.564532071943898,127.0,0.08
0.9044119622439903,13.700923269984349,123.046875,0.0675
0.8952672751673021,12.894463103941794,139.6748310810811,0.0425
0.918121487935282,14.815511285907226,123.046875,0.0375
0.9479763489523333,13.580106808321354,120.18531976744184,0.055
0.9542807700771909,13.290632899849836,123.046875,0.05
0.9871252490719892,14.428388085500785,123.046875,0.0625
0.8906176363630735,13.620862404468024,120.18531976744184,0.0375
0.9592663113552393,11.047657345445586,123.046875,0.03
0.9246578472452336,13.673447477129042,117.45383522727272,0.035
0.8947232085635083,14.063689659144789,117.45383522727272,0.055
0.8389650309913386,14.025597440272016,117.45383522727272,0.075
0.9356511183742443,13.73621672300964,123.046875,0.04
0.904018540088366,15.42547340388344,123.046875,0.0625
0.7608494095151781,15.01082817118204,123.046875,0.0725
0.913885219366669,13.200640297526045,120.18531976744184,0.05
0.9768196091601944,11.630551630530977,120.18531976744184,0.0625
0.9739618553222193,12.842141821041377,120.18531976744184,0.0475
0.8424907228029811,14.467929632173629,117.45383522727272,0.0475
0.9408941180416299,14.517168993214565,120.18531976744184,0.0375
0.8375398769661737,12.124802509075591,143.5546875,0.035
0.9427295890611778,11.603872496236848,135.99917763157896,0.0375
0.9808879404751568,15.235250269212916,143.5546875,0.0275
0.9876486450053312,10.008038316253351,135.99917763157896,0.04
0.9696701139177756,9.416798767634436,138.0,0.04
0.9730533748227024,11.961384796699392,143.5546875,0.0175
0.8648666695234504,11.995750692826215,143.5546875,0.035
0.945093567212646,13.328341938215472,147.65625,0.0175
0.990577745282124,10.720564773157683,147.65625,0.0275
0.9890189328855769,9.88535147734581,143.5546875,0.0225
0.9712773616727568,10.834129306941202,140.0,0.035
0.972696970675883,12.429667842416189,112.34714673913044,0.0675
0.9135234926625682,13.477858957526095,129.19921875,0.0475
0.9698582662585797,12.273293260559912,126.04801829268293,0.045
0.9704921169666963,11.745269126290012,139.6748310810811,0.035
0.9090450455780398,12.808659676837827,129.19921875,0.025
0.9577205805035875,14.21963134351662,123.046875,0.0325
0.9714760651809637,10.722516424487047,139.6748310810811,0.0475
0.9197729298885335,12.186359128028736,143.5546875,0.08
0.9560842366530692,12.29381333305207,129.19921875,0.0325
0.9676058960104624,11.378379358404185,123.046875,0.05
0.9736556604982274,13.015671979612424,123.046875,0.075
0.9745418548349736,13.029548722869654,120.18531976744184,0.04
0.8638023943328771,13.170342147258063,147.65625,0.075
0.9650055163125095,11.968506508439074,126.04801829268293,0.0575
0.961724841182199,12.625140719779965,135.99917763157896,0.05
0.963233123646801,12.585660859804179,147.65625,0.0875
0.928680291800534,12.516420884180132,126.04801829268293,0.0475
0.9313506736878401,11.582586354058245,126.04801829268293,0.0525
0.991321908749433,15.428835425785303,114.84375,0.05
0.9866133962725184,13.662117742433072,139.6748310810811,0.0325
0.992596999784561,13.784322299363225,139.6748310810811,0.035
0.9721376649739282,14.809379007132819,143.5546875,0.0725
0.968754225106284,13.97940008672039,114.84375,0.0325
0.9457541000103848,9.187190454231144,132.51201923076923,0.03
0.8892034792617565,11.834945804561308,136.0,0.0425
0.9022382694369356,13.071368075630076,129.19921875,0.035
0.8428393548490706,13.3670967662862,139.6748310810811,0.045
0.9389336301746424,13.60747743880101,132.51201923076923,0.055
0.9180112090341801,12.707388983612088,151.99908088235293,0.04
0.9746082887290535,13.254968236903943,132.51201923076923,0.03
0.9022736365466684,12.204732457129708,129.19921875,0.015
0.9785215454586365,10.582528632022315,132.51201923076923,0.035
0.6600145303981544,14.90650050651182,126.04801829268293,0.0375
0.957451363956638,13.388797148976767,143.5546875,0.0575
0.6694213310018295,12.442989663274535,117.45383522727272,0.045
0.8468710434770501,11.788247967107,123.046875,0.0325
0.975706271830397,12.105946490799932,145.57658450704224,0.0375
0.9335765697976602,15.992418501986982,139.6748310810811,0.045
0.8431914294452668,12.249265343145144,123.046875,0.035
0.9382799894013296,14.202913621955815,143.5546875,0.04
0.9647665964744844,13.97834405856658,132.51201923076923,0.045
0.9235867434881584,10.572098718301746,126.04801829268293,0.0375
0.9207669920813235,10.656121194473071,126.04801829268293,0.04
0.9058787974535405,10.765375046280923,126.04801829268293,0.0375
0.9086156072117708,12.361577756056114,123.046875,0.04
0.946255834458381,13.088601047335263,135.99917763157896,0.04
0.9724049930501595,13.375539917063533,135.99917763157896,0.04
0.945919184397093,14.624789467642106,135.99917763157896,0.0525
0.6248381212512781,12.001140563797328,123.046875,0.0425
0.9435147888517728,12.140348999074266,126.04801829268293,0.0475
0.9158740393486784,12.334882676177983,135.99917763157896,0.0675
0.8798911363196411,13.406207166065577,147.65625,0.0675
0.8717597011415926,12.683396210772091,126.04801829268293,0.0375
0.6938090255609857,14.173128145586304,154.267723880597,0.0325
0.919260988870328,13.500797423840828,126.04801829268293,0.0325
0.891305264425214,14.840386602003496,129.19921875,0.0525
0.957521646556735,12.347061640372935,126.04801829268293,0.07
0.8943553456685271,13.763786050454168,135.99917763157896,0.04
0.9015119256137876,11.36336115401668,129.19921875,0.05
0.9453722246188032,11.993088816086782,150.0,0.075
0.7070952875245884,14.493045429910088,126.04801829268293,0.045
0.7675195735056056,15.083053900299351,124.0,0.045
0.6091985261421977,15.27265055672234,120.18531976744184,0.0425
0.9603650994657188,13.22388096760145,147.65625,0.045
0.8636074245670163,12.0698854440839,151.99908088235293,0.035
0.8667252674633584,11.910426480458494,150.0,0.035
0.8835150086655997,11.660056011462434,129.19921875,0.03
0.9662518125072512,13.81182279726998,120.18531976744184,0.0325
0.825351126641849,14.542919942509425,135.99917763157896,0.035
0.8641928554223318,12.761057896667936,139.6748310810811,0.045
0.9627622239126826,13.921881977860671,151.99908088235293,0.0425
0.9130524733875992,12.02364314791922,126.04801829268293,0.04
0.8641865569571849,12.907907947531665,132.0,0.035
0.9621750700932028,12.298480824887076,129.19921875,0.0375
0.8490592232774803,13.66381663925265,135.99917763157896,0.035
0.8568300350871735,14.161852004186438,143.5546875,0.0375
0.9316377095493591,13.572701467246675,126.04801829268293,0.0575
0.940025055251925,13.552571916838652,135.99917763157896,0.05
0.8334168318050789,12.73697389614926,129.19921875,0.05
0.8105089235922219,15.697146689643542,135.99917763157896,0.035
0.8136989951349578,12.107932164156542,139.6748310810811,0.0725
0.7560851956893158,14.00610168169791,135.99917763157896,0.0475
0.7008494897437995,12.681636257199717,120.18531976744184,0.025
0.8527551569374175,15.94543809990353,135.99917763157896,0.0375
0.895197131628758,14.563341416597398,156.60511363636363,0.075
0.935301968156056,12.502940274943917,132.51201923076923,0.03
0.9454755589495374,11.82134540875194,129.19921875,0.0475
0.6688957210221804,12.76205310832431,123.046875,0.03
0.8648761641047744,12.654351162366648,120.18531976744184,0.035
0.876068842418623,13.0805669745829,120.18531976744184,0.0325
0.8558349591896088,13.03457164389635,120.18531976744184,0.0325
0.8645369725394215,15.403122659213963,138.0,0.065
0.8147461425682746,14.071037976928945,144.0,0.035
0.8346942021860699,14.165889426535305,139.6748310810811,0.0625
0.777566023362841,14.534347893207803,143.5546875,0.0325
0.9056526746138647,10.955023431635798,141.58818493150685,0.075
0.4925054798103879,11.163791380390185,139.6748310810811,0.0375
0.9634083633904632,11.63120076262473,138.0,0.0375
0.9120639441296584,13.69819226487358,129.19921875,0.045
0.9387175361584588,13.49188475427639,139.6748310810811,0.04
0.8730780002553514,14.043796250127356,100.0,0.0375
0.8100354364719353,11.980670733955492,106.0,0.0275
0.904359630258522,12.561493861400422,100.0,0.045
0.9172475272304924,14.14634250544,98.0,0.0375
0.5564024252543921,12.219302624304952,90.0,0.04
0.6192270350148066,12.301497737655788,89.0,0.035
0.5978190994693343,12.999198774588343,80.0,0.0375
0.9427066540876935,13.160335083578012,104.0,0.0325
0.8626723683089337,12.658756412192435,70.0,0.0175
0.7386968586823985,13.58773018463812,90.0,0.0325
0.7174240811169597,11.746116786146713,60.0,0.02
0.6644902543959086,11.972183830406014,100.0,0.04
0.5988792932776927,11.425838601679903,75.0,0.02
0.891339542485256,9.17118691508317,107.666015625,0.0475
0.5846225944663614,12.98274068807686,91.0,0.025
0.6584575715672799,13.60506877495607,90.0,0.035
0.8904035666160124,13.807394858351742,96.0,0.03
0.5517868090681353,14.422088801909114,100.0,0.03
0.8729814200664053,14.070495013529513,100.0,0.0425
0.5090503034874038,14.217714544987906,100.0,0.0275
0.9585245102430808,10.912361333293012,94.0,0.0475
0.9879435453929676,8.80921597865481,98.0,0.0625
0.9562262344916304,13.296942392369914,94.0,0.0225
0.5406018346121055,12.502057528822874,97.0,0.0375
0.5120404839446534,12.886796371693471,100.0,0.0325
0.798266787785038,10.97488088239524,100.0,0.0325
0.9176516508208905,11.671620311333559,98.0,0.06
0.7873076385008153,13.954304097109581,100.0,0.0425
0.9586934826863244,11.162295210990337,106.0,0.0425
0.8027449145756093,13.66959489374446,100.0,0.05
0.8995788331594258,12.857138664138805,90.0,0.07
0.9307101010462909,10.302664824432863,64.0,0.025
0.996367561445176,12.6193572915314,103.359375,0.04
0.8693473127266339,8.787964444282796,94.0,0.025
0.8655331751301681,12.293441073709669,94.0,0.03
0.5297800325871147,11.953462821596972,100.0,0.0575
0.7749079031184867,12.981112433452942,101.0,0.055
0.8805833237913854,13.069489707078338,100.0,0.0425
0.9108560634628233,13.90398267849547,107.0,0.04
0.6955016821546843,12.483448536455157,106.0,0.0425
0.9320679279691231,11.974759922357755,100.0,0.03
0.8060934950502326,13.763099019489783,94.0,0.04
0.41651772848711055,11.91709614747144,70.0,0.065
0.797412378884528,12.31099990433574,84.0,0.035
0.79608068139825,13.810294803675689,100.0,0.03
0.8348888127063028,11.640015051490288,100.0,0.0425
0.8200190361816918,11.12532030270851,72.0,0.025
0.6085729417377659,14.183929235651984,99.0,0.035
0.820052831259331,12.515219111935616,86.0,0.055
-0.5873493598784076,14.261280096063048,96.0,0.0375
-0.5217126660397268,14.586648339298224,96.0,0.0375
0.6279462405437941,12.301839385988721,100.0,0.04
0.8773528181745688,12.487785341952012,98.0,0.025
0.7205981873892923,12.234922136730868,98.0,0.04
0.8208327988353398,12.510258396209123,92.0,0.065
0.7391640277471568,14.708009222234931,96.0,0.0425
0.6696614779453083,12.215812941660403,92.0,0.035
0.7921155263246715,12.43020756533392,109.0,0.025
0.9279877826427144,13.687633726393397,108.0,0.02
0.8708570726332029,12.198579333915172,97.0,0.035
0.9018764145663807,12.951595500766668,100.0,0.0225
0.8995838711798233,12.916359550888542,94.0,0.0425
0.8691434589168155,13.229475926256196,97.0,0.0325
0.9053768428988777,12.0674858418687,108.0,0.04
0.44200206204344505,13.483886041592406,108.0,0.025
0.9065645945006064,11.612377234564196,104.0,0.05
0.8543879264768186,12.84085494515078,100.0,0.03
0.6759560020635496,12.648967057964244,94.0,0.0375
0.8850546037020213,12.067547338080608,100.0,0.0425
0.8530595048457466,12.296349324813196,92.0,0.04
0.8632266519345606,13.450695745779017,102.0,0.03
0.9791377777344612,12.762825189739837,102.0,0.0375
0.11686931887765395,15.881963442644738,109.9567819148936,0.025
0.4612851048451234,13.968355464844953,108.0,0.055
0.8631682861274548,12.378087548657147,100.0,0.035
0.7829672357816168,11.66635692149668,100.0,0.03
0.825413991936955,11.484951819096205,100.0,0.025
0.8128863707866665,12.961281812508345,102.0,0.04
0.8377714097799852,11.302687459587224,102.0,0.03
0.8822008477768024,11.552645170534534,102.0,0.0275
0.7837896643090415,11.053196229399175,92.0,0.065
0.8680016324558236,13.206546627588686,96.0,0.035
0.7781585927702472,12.489873990048551,96.0,0.06
0.9356020445436568,11.46007134975682,72.0,0.02
0.9121322510170577,12.788828986194346,100.0,0.06
0.7502838627223478,13.034524199456989,80.0,0.0625
0.4254383159611388,12.23171558795095,80.0,0.0425
-0.1503127176482961,10.820994059254849,85.0,0.0325
0.8219463776133396,12.912590067194365,98.0,0.03
0.6922957355288374,12.88096832792568,98.0,0.035
0.49024645822687163,11.14077013180052,98.0,0.0525
0.7145915663090644,12.84883950039564,98.0,0.04
0.7107675780205341,13.713209171000983,92.0,0.035
0.858629441253741,12.07450845592632,97.0,0.02
0.8293098849529117,14.681068211723659,105.46875,0.0375
0.994524668573308,11.728846826514328,98.0,0.0575
0.8188507906185645,13.74992848491674,88.0,0.0275
0.8682654437720851,13.321415214786256,101.33272058823528,0.0375
0.9360545358813296,13.5911514310714,101.33272058823528,0.0375
0.7909472252129479,13.583459588419533,94.0,0.035
0.806529904034988,12.757002016969658,98.0,0.0375
0.7640397261629885,12.50831580436329,87.0,0.0175
0.8084765640359121,12.673179084323902,87.0,0.0275
0.7540896381966736,12.990758788765444,87.0,0.025
0.7432934232598406,14.754151217214313,93.0,0.03
0.8638981579186046,12.93022820624125,100.0,0.035
0.8759920880716987,13.108838384917398,100.0,0.035
0.9734814568486663,12.63798520670197,100.0,0.04
0.9023993107409751,12.098202471277602,98.0,0.045
0.8697300850510992,13.428938897410582,97.0,0.0375
0.85287185134813,13.734734643080905,105.46875,0.045
0.9130219025553195,13.158272712471902,101.33272058823528,0.04
0.9199049808150104,13.638427113196077,107.666015625,0.0375
0.8168086258032831,13.919632634826474,90.0,0.0325
0.9007414354273489,13.295912811376223,94.0,0.0275
0.9233711901795324,11.830849919256902,92.0,0.0425
0.966022960646734,13.154854309874768,103.359375,0.0525
0.8562069386582554,13.048893918531748,90.0,0.045
0.957646595354607,11.68245505298206,105.46875,0.0325
0.8928819508254018,12.675882714925152,86.0,0.0475
0.9009432600609432,13.036312089688568,82.0,0.035
0.9731543037663387,11.482705983121292,101.33272058823528,0.05
0.9735081803166388,11.71226280555068,103.359375,0.0325
0.8884885616111472,12.404023137572793,72.0,0.0375
0.8200919175503492,13.05990380023338,89.0,0.0275
0.9970531492025939,8.197490151948715,90.0,0.0375
0.9476729309544774,10.732919514039189,100.0,0.0425
0.8992863308510237,10.542974890700952,82.0,0.03
0.9977980486327793,7.906894727628987,80.0,0.0325
0.9998789543855664,6.5394342964316685,80.0,0.0375
0.9987985363639207,5.8844585434072005,90.0,0.0425
0.9913336832184122,8.098457338804176,80.0,0.0275
0.9946271006405568,7.795406097701544,90.0,0.04
0.9915532003380702,7.299688510402779,80.0,0.0425
0.9991219503530868,5.9102457804214765,80.0,0.045
0.9986446595650418,7.6569807850799645,90.0,0.0375
0.993875728824737,9.62312795203796,101.33272058823528,0.0325
0.9931369210735059,6.972644968053363,80.0,0.055
0.9054978636160964,13.47284834502173,104.0,0.0325
0.9546546622757536,10.588143161125862,90.0,0.06
0.7410902954691021,12.691577619356474,81.0,0.045
0.9055136875395665,12.876634580214766,77.0,0.0275
0.8196716593067225,12.520546384817235,96.0,0.0325
0.3522708723647349,12.789019344162275,95.0,0.02
0.8835087549881708,12.716667376129134,101.33272058823528,0.0375
0.9228890214310175,11.319009958666864,103.359375,0.0375
0.9553803724079294,13.499080588874424,103.359375,0.0325
0.8429134552669865,12.568256253894756,82.0,0.0425
0.8594311163818322,12.588665225614296,85.0,0.0325
0.9001797431501317,12.626035598690805,85.0,0.035
0.9926591420743955,10.028561627448155,98.0,0.03
0.9824451949515683,10.39949720198392,100.0,0.065
0.9851896429406812,11.276670237720763,100.0,0.0275
0.713583117195433,11.490331763513163,80.0,0.0325
0.8019817456385381,13.37122302863472,70.0,0.0325
0.9194805113686194,13.762564175933743,105.46875,0.04
0.9273294432519276,12.763122207268406,100.0,0.04
0.9328706369515696,13.092550872802104,103.359375,0.04
0.924352635516312,13.134417991277031,96.0,0.045
0.878495664325315,13.994302374576232,100.0,0.0225
0.9414316753640743,12.957384292790161,100.0,0.0175
0.8805547295746277,12.490752307027265,101.33272058823528,0.0275
0.9199130572982116,12.043072788203705,96.0,0.035
0.9250576791124032,10.960630726696968,101.33272058823528,0.0375
0.9661241412664952,13.626581572724971,93.0,0.0375
0.9197456698501106,12.326167356378384,105.46875,0.03
0.7810243114768859,13.35123076125762,105.46875,0.03
0.7617561748923148,14.792390504309548,101.33272058823528,0.035
0.9034778264538308,14.891609382945223,92.0,0.03
0.8957850876613734,11.75524122986209,95.0,0.0425
0.9682026707800269,12.21671051990041,98.0,0.02
0.8851861391482064,12.195593233635282,101.33272058823528,0.0375
0.9772563094648974,11.698294603153412,96.0,0.055
0.8465119836823514,11.54360572572049,95.0,0.0275
0.9383711145288673,10.802368577492427,101.33272058823528,0.075
0.8645511154435113,13.192888789071574,74.0,0.05
0.9588358390906566,13.123273153176642,103.359375,0.045
0.8315597985977142,13.118068933601975,88.0,0.045
0.947795118384245,13.877713142504009,105.46875,0.0375
0.8629271975664747,13.263464345946389,103.359375,0.0375
0.8409919179260337,12.586995391992946,84.0,0.0275
0.8971690660579613,12.576190690074643,105.46875,0.035
0.9050454536721594,12.821445312139891,105.46875,0.0275
0.7217996092224652,13.278367438296645,103.359375,0.0675
0.8553557035224287,13.35624644248519,103.359375,0.04
0.8771882360639687,13.47648583367946,86.0,0.0525
0.8817121841304195,13.275287106024216,92.0,0.0525
0.996970571401057,12.678729671888261,95.0,0.04
0.8470087496720444,12.533418978277957,100.0,0.0575
0.4073871649707008,9.709354435490722,101.33272058823528,0.02
0.9945968614145184,13.226264774183907,101.33272058823528,0.05
0.9893426206920156,13.013951304098528,86.0,0.035
0.9657593595209794,11.458341432521385,101.33272058823528,0.0525
0.9259295879744937,11.434887080713644,98.0,0.0725
0.8652175786893339,12.983553018613906,101.33272058823528,0.0375
0.3715278142850464,12.31305914058779,135.99917763157896,0.0625
0.870724844369211,12.789065363665006,139.6748310810811,0.04
0.7218422478344213,13.095568629322216,135.99917763157896,0.0675
0.8279896585307045,12.509059397521035,126.0,0.04
0.742865632270269,12.09564161351621,135.99917763157896,0.04
0.7736241294536995,12.736762906495876,135.99917763157896,0.0425
0.7403623069042535,13.876386798155304,118.0,0.0375
0.8393368625620297,12.02836529940354,135.99917763157896,0.0425
0.9617371018360078,12.45984244590023,123.046875,0.0375
0.9459474160232136,12.889384778471594,126.04801829268293,0.035
0.5762490674930024,13.387108666870027,143.5546875,0.0475
0.7759057989106095,13.342507831139287,143.5546875,0.0575
0.94352363535191,11.506267353010886,151.99908088235293,0.0725
0.7733458556289413,13.468271697870971,129.19921875,0.05
0.900970542493426,12.720032427431118,126.04801829268293,0.0375
0.7590852631768082,12.484288157778776,129.0,0.06
0.7854826492665604,13.480655990413675,153.0,0.05
0.822195884685318,13.006972667909208,143.5546875,0.0725
0.7648003370194234,12.686077845374928,143.5546875,0.065
0.6492309648218378,12.927697323567564,138.0,0.065
0.7933257926772879,13.477180520264556,139.6748310810811,0.055
0.8942754184070324,13.229247927596234,143.5546875,0.06
0.8723193397466142,12.009460117533806,143.5546875,0.0775
0.7838798717940002,12.711450946165291,120.0,0.07
0.845727847993385,13.09845629171737,139.6748310810811,0.075
0.8527666437687653,11.555582768416858,147.0,0.0625
0.8611023278794463,13.00496069623209,139.6748310810811,0.04
0.7992065851664205,12.691817835478355,143.5546875,0.055
0.8049721960441889,12.24231972461239,143.5546875,0.065
0.9682746267833728,12.223844487146831,139.6748310810811,0.0675
0.8979792619949267,12.598166425151408,132.51201923076923,0.0625
0.8532506286248815,12.42756304358042,132.51201923076923,0.0575
0.8763910961001203,14.338246262543445,132.51201923076923,0.0375
0.8931668635670889,12.528656661989016,132.51201923076923,0.0575
0.9182522985524559,13.478856839082063,138.0,0.0425
0.8956481600046979,13.422885425607184,139.6748310810811,0.045
0.8894568437936975,12.689007451710015,135.99917763157896,0.05
0.8405830148460949,13.376062740833367,128.0,0.0325
0.6601464785726167,13.763469332418804,132.51201923076923,0.0475
0.796964504722379,12.853911516746484,143.5546875,0.06
0.8646576188413,14.344112233743472,143.5546875,0.035
0.8312075884160841,14.080290539465155,143.5546875,0.035
0.855287485339156,13.503483306338005,139.6748310810811,0.055
0.5376209229307232,13.968521761265126,135.99917763157896,0.0575
0.7939934414498292,13.389653966638573,135.99917763157896,0.0525
0.9044770443539525,12.84695002935187,135.99917763157896,0.0525
0.7310178765841565,12.364071121487024,147.65625,0.0625
0.717380202957466,13.809542968157098,147.65625,0.0575
0.8266024400525822,12.868626554723487,147.65625,0.0575
0.9332646444629964,13.86437282586005,139.6748310810811,0.065
0.922091124834542,14.375602624164756,139.6748310810811,0.045
0.7385342408016928,13.998223447509423,139.6748310810811,0.05
0.8977221934015756,12.57003831441217,135.99917763157896,0.0625
0.902996519141074,12.434913453724455,135.99917763157896,0.06
0.8960241825586451,12.565268590979208,135.99917763157896,0.055
0.9023975670629143,12.846683817837175,135.99917763157896,0.07
0.7200006604072199,13.52679258180876,142.0,0.05
0.7193222770566258,13.100456620713071,151.99908088235293,0.0675
0.6750388560136846,14.30429541525779,130.0,0.0575
0.8661548009748035,14.273268661634807,128.0,0.0475
0.8238006266127084,13.689653043115582,132.51201923076923,0.05
0.823426519827258,13.814341610255712,132.51201923076923,0.045
0.9090845761851162,13.49388292109132,126.0,0.0525
0.8875468972295437,13.638447273388538,129.0,0.0575
0.8745661527592257,13.375174766950366,129.0,0.065
0.8215276575615095,13.993712978423813,143.5546875,0.0475
0.8136967322951307,13.754371574975938,123.046875,0.0475
0.9379669360873693,13.822321915104101,123.0,0.0475
0.8288546012849362,9.381003871952824,139.6748310810811,0.08
0.7771889811780781,14.980192645715587,134.0,0.0375
0.7995858255865543,10.47927524997766,132.51201923076923,0.0825
0.7627350744506015,13.900429291866512,129.19921875,0.0425
0.7905851626852125,14.72450435726618,134.0,0.055
0.9516209250736092,13.646920839682558,151.99908088235293,0.0625
0.5890763795202661,14.028177394129973,143.5546875,0.04
0.824470178161738,11.951893581993266,139.6748310810811,0.0625
0.9460579595402139,13.412385124027717,139.6748310810811,0.0525
0.9032967084711312,13.757884200420255,139.6748310810811,0.0525
0.8848324191976285,11.402655989459394,132.51201923076923,0.05
0.8699512750946709,12.027338892248888,132.51201923076923,0.04
0.8329725250058797,12.729828571693243,147.65625,0.0575
0.7434796611041725,12.61403917490764,147.65625,0.05
0.8175565116042603,12.855773394087192,139.6748310810811,0.0675
0.9248432264838098,12.193262608293452,143.5546875,0.045
0.8152996662280465,13.843063400580592,139.6748310810811,0.05
0.8304218368326257,13.908527906995118,139.6748310810811,0.0525
0.9244808594607388,12.8849806868303,132.51201923076923,0.0575
0.83294595550535,13.227322018821237,123.046875,0.0675
0.9006636159407433,13.308949928125976,129.19921875,0.0675
0.589838962995771,13.896100241720458,132.51201923076923,0.075
0.8009407856532037,12.68145909938507,126.04801829268293,0.0975
0.9496512302278798,15.48533092737216,126.04801829268293,0.04
0.8548814050765933,12.653365236329508,156.60511363636363,0.0625
0.8979699023410401,12.022830910871999,139.6748310810811,0.045
0.740701333183062,11.31729567266132,143.5546875,0.095
0.6554778848376596,13.671788976902766,143.5546875,0.0375
0.9515262821952902,14.084476461509192,132.51201923076923,0.0425
0.8299842982940364,13.782669735415729,132.51201923076923,0.055
0.9161315712243914,13.842078178236616,132.51201923076923,0.05
0.8173226841904344,13.303123737605109,143.5546875,0.0625
0.8724075229114956,12.535664111839743,132.51201923076923,0.0625
0.8485727156758218,13.52365180271193,132.51201923076923,0.0475
0.451244560632028,13.272695608171006,132.51201923076923,0.0575
0.8615193708954225,13.85861794346321,135.99917763157896,0.0475
0.7938686479850777,13.455092653269716,138.0,0.0525
0.7035816677619559,12.568221571056664,130.0,0.05
0.9536445356062322,15.367657545993751,139.6748310810811,0.045
0.9018884920978631,11.665065096854606,143.5546875,0.0925
0.8618385502537598,13.353843242731218,127.0,0.065
0.94050924852583,13.866441977995432,126.0,0.07
0.9314666415102676,13.128110555070279,126.0,0.05
0.8270711842538319,12.802981661087198,132.51201923076923,0.07
0.8501809765844002,12.748605361710574,132.51201923076923,0.075
0.960884580482841,14.229491167122363,126.04801829268293,0.025
0.9852301972834245,12.32877458326217,125.0,0.09
0.898913107336679,13.566545011294526,120.18531976744184,0.0675
0.8254573516671684,14.165120569098068,120.18531976744184,0.0725
0.900897826736896,12.627608912610166,132.51201923076923,0.04
0.7530374617201356,13.521834600861968,135.99917763157896,0.0725
0.8189535378351002,13.741804939192392,135.99917763157896,0.06
0.8757102188868291,12.211467193579558,135.99917763157896,0.0475
0.877242554976871,13.908424134771657,138.0,0.035
0.6436695836295583,13.798213935133102,143.5546875,0.035
0.7648958802090493,12.45661193323711,135.99917763157896,0.0525
0.8321432979732442,14.04590155203901,139.6748310810811,0.05
0.8244138075541506,13.888944067513796,139.6748310810811,0.0475
0.9875657271671456,13.514522687297433,139.6748310810811,0.0525
0.8582527947831152,12.996167975830188,139.6748310810811,0.0375
0.5870316878367523,14.106383130150585,135.99917763157896,0.0275
0.7460597408946572,14.43104932035646,139.6748310810811,0.035
0.8209475872349461,13.935211209848509,128.0,0.0375
0.6157036267979279,12.943206860042636,135.0,0.0275
0.7626564915037918,14.353487789522482,151.99908088235293,0.035
0.7396465524674718,13.222998039712078,135.99917763157896,0.05
0.6684348598244088,13.07561042384916,139.6748310810811,0.0625
0.7898345637571846,13.298474042403235,143.5546875,0.0625
0.9247241026755136,12.805491047228736,132.51201923076923,0.08
0.8511671968514998,12.42844534447266,139.6748310810811,0.06
0.8256311272608458,12.522800326067667,139.6748310810811,0.0675
0.6638515978739301,12.385708083532224,139.6748310810811,0.065
0.8517919657906956,11.04352242293151,139.6748310810811,0.065
0.8325862935182526,12.050919950501598,139.6748310810811,0.07
0.885341275687869,11.59772329986382,139.6748310810811,0.0725
0.570088584787641,12.34596183548136,139.6748310810811,0.08
0.690485896498346,12.579051730813728,143.5546875,0.0875
0.9357515446090328,12.850618990024433,147.65625,0.0725
0.8910783649758696,12.68598143407208,139.6748310810811,0.0825
0.5263530924493974,14.007989176672464,125.0,0.05
0.3282565078592621,12.846712035928274,132.51201923076923,0.0675
0.8293867960372168,13.600346898653974,132.51201923076923,0.055
0.6683138309927747,15.270163725390525,138.0,0.0425
0.8802201799878611,12.539146886373976,139.6748310810811,0.0525
0.9175816751229382,14.12909063298075,139.6748310810811,0.0475
0.7496072069368882,13.311132315817005,143.5546875,0.055
0.8649468126938887,14.601825764106945,146.0,0.045
0.9018610741425788,12.32865037584222,170.0,0.0475
0.8024784115878928,13.629700311416611,139.6748310810811,0.07
0.7394435004873625,13.583553636181001,139.6748310810811,0.0475
0.8648203949876794,13.829399169396227,146.0,0.05
0.9364341325575404,13.351119181056728,132.51201923076923,0.055
0.8428228946797505,13.679211462821709,135.99917763157896,0.0375
0.8805280323092822,13.648596648688798,135.99917763157896,0.0525
0.5381006113581522,13.277431762119871,135.99917763157896,0.075
0.619657350460126,12.40037263342243,151.99908088235293,0.0725
0.7972759858354636,13.275333101448227,135.99917763157896,0.07
0.895524071062142,14.084969611908376,126.04801829268293,0.0325
0.9211013286460684,13.856056846543147,126.04801829268293,0.0325
0.8485804378698951,13.82302331091114,126.0,0.06
0.7821706265265087,12.624837757186375,139.6748310810811,0.055
0.7708365329447265,10.810359119804762,147.65625,0.0925
0.8496327385315603,10.990588956189049,143.5546875,0.0675
0.8930879556825161,12.938374644980648,143.5546875,0.07
0.9150885315616676,13.418487122146697,147.65625,0.065
0.7928689194564116,10.661764666531417,139.6748310810811,0.1
0.8344271289495144,11.954214754570888,135.99917763157896,0.06
0.8885554983061144,11.272704340200317,132.51201923076923,0.1
0.7224924627579328,13.339043445669766,143.5546875,0.0625
0.9683697266692752,12.828526456379656,120.18531976744184,0.035
0.7890372361056567,13.395877499523472,135.99917763157896,0.06
0.83178847719422,13.052429153269927,143.5546875,0.065
0.870228684238227,12.59993865696911,143.5546875,0.0625
0.7706839284303932,12.727220249734167,132.51201923076923,0.0675
0.7326789909137771,12.701967336689112,164.0625,0.0575
0.7504244422585715,14.318937143428863,151.99908088235293,0.0525
0.842718403608379,13.186469692234862,132.51201923076923,0.0575
0.8141394100629327,13.855244584626101,139.6748310810811,0.0675
0.6346427245607884,12.84815767016346,143.5546875,0.06
0.8864912162467644,12.967426249195,143.5546875,0.065
0.883478637734574,12.92187481876316,150.0,0.065
0.6111706633132631,13.622574374327495,151.99908088235293,0.06
0.8909531225163179,13.128421253505271,129.0,0.045
0.963289938885074,14.01851432153196,123.046875,0.02
0.91633087945722,13.383872541484097,126.04801829268293,0.035
0.8679697406340315,13.130592910863548,120.0,0.035
0.8779991833833333,14.126395573453998,135.99917763157896,0.0375
0.9330317632533685,12.382589552931671,128.0,0.035
0.8971374845430365,13.386989119091272,128.0,0.0375
0.6902864286893415,13.049609936134274,135.99917763157896,0.0625
0.6743939721459387,13.859430281348448,135.99917763157896,0.04
0.9446757601413818,9.986359996548453,139.6748310810811,0.0525
0.6189070625843334,13.810402785325124,128.0,0.075
0.8607777643395194,12.220124943753522,132.51201923076923,0.03
0.5680186243618344,13.025206549023203,147.65625,0.0475
0.8794431538986357,14.65700888615558,120.18531976744184,0.05
0.6288335184344999,12.679033303974371,151.99908088235293,0.05
0.8159899082960826,14.254793315697984,123.046875,0.04
0.8995924137274659,12.687354594407658,127.0,0.03
0.4612851048451234,13.968355464844953,108.0,0.055
0.6244878124827461,12.743653438636814,151.99908088235293,0.0525
0.970690643971491,13.308293395816415,143.5546875,0.07
0.8612292064947078,13.351144749274903,143.5546875,0.065
0.9089863685758011,13.450397107299839,139.6748310810811,0.0625
0.838711514323373,14.47988567804411,139.6748310810811,0.0525
0.695956553092911,13.47622874788129,139.6748310810811,0.05
0.8682057980522213,13.361740702404884,139.6748310810811,0.0575
0.8453696864051462,11.663955889138759,142.0,0.065
0.0955684277917972,12.81927630090267,132.51201923076923,0.05
0.8367868589331097,14.859752004664466,126.04801829268293,0.03
0.935403012248968,14.584710842825356,126.04801829268293,0.0425
0.4915962312234262,12.952803490461928,139.6748310810811,0.065
0.4629702701852271,13.11259417959977,139.6748310810811,0.07
0.5515577924139922,12.861083909127414,139.6748310810811,0.07
0.842641329330696,11.953516827811171,139.6748310810811,0.0575
0.8028617572982126,12.302566697795495,139.6748310810811,0.055
0.8367337778634634,11.789482433774037,139.6748310810811,0.0575
0.5092654438274132,14.400619020838564,143.5546875,0.0375
0.5908715441665476,13.541423250232771,139.6748310810811,0.0375
0.9389469875798306,12.65068476861336,123.046875,0.0575
0.8596143791190365,13.893951089479504,139.6748310810811,0.035
0.9368198850445095,13.026788955636128,143.5546875,0.0475
0.943069080469505,10.709049043731095,143.5546875,0.0675
0.7034863587434221,13.931396131606723,135.99917763157896,0.04
0.8342296593010735,13.648235171402433,114.84375,0.0275
0.8786030596722936,13.053229844655661,117.45383522727272,0.03
0.9722860679569381,13.450809872879297,120.18531976744184,0.035
0.9030261806246588,13.765774294952264,120.18531976744184,0.035
0.7617630629538291,14.433965961413104,120.18531976744184,0.04
0.9635602324356788,12.402684747790786,120.18531976744184,0.0425
0.9333538947232665,13.446833283762942,117.45383522727272,0.025
0.8679155339127853,12.418013830676607,120.18531976744184,0.035
0.8780629565252603,12.995202380709575,112.34714673913044,0.045
0.8428528015102852,13.953276355435973,117.45383522727272,0.0425
0.8677339490704111,14.029807801746212,117.45383522727272,0.0425
0.8237067058936995,13.627833001408433,120.18531976744184,0.035
0.9749274762090124,13.426587831975812,120.18531976744184,0.03
0.8693686206689111,14.190426441144409,112.34714673913044,0.025
0.8550604456730142,14.071384649059482,117.45383522727272,0.025
0.9154056210119071,13.029576250332829,117.45383522727272,0.06
0.8612874857440085,13.238911494584906,120.18531976744184,0.04
0.9049371247282714,14.561410210961444,117.45383522727272,0.0275
0.9258439689080971,13.345196593872013,117.45383522727272,0.0375
0.7877396293625676,12.788789966476672,120.18531976744184,0.0475
0.9065128179081884,11.696753485470488,120.18531976744184,0.07
0.9300884342932496,13.215805161848154,120.18531976744184,0.0575
0.8563344134617451,13.444785363972333,117.45383522727272,0.0575
0.9133454182964912,11.72296576684624,123.046875,0.0375
0.9590621762858869,12.172328232330592,126.04801829268293,0.06
0.9076291128011797,12.935425143015607,126.04801829268293,0.065
0.967904463553385,12.511316288179138,126.04801829268293,0.055
0.8927553311116297,12.22942449537565,126.04801829268293,0.055
0.9363927139455648,12.013173666025295,126.04801829268293,0.05
0.9862309001399177,13.002035456382615,123.046875,0.0375
0.9893921071591176,13.434715985954607,123.046875,0.0575
0.8994424297166854,12.748378356845873,120.18531976744184,0.07
0.8804331594797786,12.151006919886932,129.19921875,0.0375
0.8481817188073145,11.967883529917124,117.45383522727272,0.055
0.9310147003271754,11.40594291152647,117.45383522727272,0.0575
0.9327040778169372,11.317967338728142,120.18531976744184,0.0525
0.9626522838072704,11.185516554725435,120.18531976744184,0.05
0.8800083751722301,14.42146495160008,120.18531976744184,0.03
0.8279955015023164,13.97940008672039,123.046875,0.04
0.8401503915366927,15.145209529430451,123.046875,0.03
0.7755229145833149,14.086328886543125,120.18531976744184,0.015
0.9143198471126801,12.296746478349942,123.046875,0.0325
0.9885359146716647,12.731884093732976,120.18531976744184,0.055
0.9124837781042678,14.660128326401185,129.19921875,0.035
0.9821469577301689,12.604544852975419,129.19921875,0.04
0.9266088820780018,13.808330734596531,105.46875,0.03
0.9322826861772369,12.690887471037616,120.18531976744184,0.03
0.5786758433774883,13.197439443505427,120.18531976744184,0.0225
0.923871917584492,14.043179278384716,123.046875,0.0275
0.9037682887133445,13.733850656192534,117.45383522727272,0.0275
0.9720319331600826,13.043448953905344,120.18531976744184,0.0625
0.9621908363472018,13.011871616675059,120.18531976744184,0.05
0.9918621333172926,12.52394648486538,120.18531976744184,0.065
0.9581780653454616,13.012267102927476,120.18531976744184,0.0575
0.9611362395366623,13.693487879238418,120.18531976744184,0.0275
0.9085707029167476,13.14498507566395,120.18531976744184,0.0275
0.9713200212493651,14.892020878545889,120.18531976744184,0.0325
0.9703310027598202,11.945596599531335,114.84375,0.0375
0.9336264545817905,12.659632227747199,123.046875,0.025
0.9359405283256399,11.92090525235848,123.046875,0.05
0.9585244458494668,13.230160587793332,129.19921875,0.03
0.9617762153208482,12.98500089823528,129.19921875,0.03
0.9720911761653688,13.526049650191352,126.04801829268293,0.03
0.97906838744041,12.896946015885083,126.04801829268293,0.0325
0.9737719427679018,12.890201889488168,126.04801829268293,0.0325
0.9786445526741585,11.417418618612496,126.04801829268293,0.0275
0.9696374147207844,12.864779254524334,126.04801829268293,0.0325
0.9288617661966188,13.36784104961198,126.04801829268293,0.03
0.8899643003805053,13.03194192783724,126.04801829268293,0.03
0.9654784447995162,13.120137514874791,120.18531976744184,0.0275
0.9174249179310521,13.428253551658397,112.0,0.0225
0.9175360063432527,13.361363739122144,112.0,0.035
0.9603727755086616,13.123707190007948,112.34714673913044,0.025
0.9339661931893254,12.592645213687444,120.18531976744184,0.03
0.801859171496015,12.5177586437498,112.34714673913044,0.0775
0.8814316162834069,13.51285733692467,114.84375,0.0675
0.7401664050405818,13.61601481121142,117.45383522727272,0.06
0.9137608979234784,13.273843508421464,123.046875,0.0325
0.9908040176155285,13.63944713495511,126.04801829268293,0.05
0.9888742152582777,10.924764920320982,123.046875,0.0725
0.906718784097218,12.256191148135905,120.18531976744184,0.06
0.7283994724088318,12.502807030833065,126.04801829268293,0.0575
0.9922698667364914,13.12189948059142,126.04801829268293,0.05
0.9952713316762736,12.937471121782774,126.04801829268293,0.0475
0.8302168864915671,13.311235906588182,123.046875,0.055
0.8959229019444224,12.532725939440164,123.046875,0.045
0.9560412602119148,14.09497981451764,124.52936746987952,0.0525
0.8944146533391092,11.84052027670571,123.046875,0.0575
0.9902102494227207,12.602527718954516,126.04801829268293,0.0525
0.9922365861115688,12.890797729463651,126.04801829268293,0.055
0.9886502867930972,12.277388854279842,123.046875,0.0675
0.7548649299750413,11.940789159726801,126.04801829268293,0.0525
0.9907656124302853,12.675400491717692,120.18531976744184,0.0675
0.9418593964539371,12.616858618360379,126.04801829268293,0.08
0.948509702584354,12.81684700306997,126.04801829268293,0.0725
0.9881766129790276,12.782524930461472,126.04801829268293,0.0475
0.992100204027595,13.119948804356664,126.04801829268293,0.0375
0.9949549659583612,11.519216085679684,123.046875,0.055
0.9814498528402764,12.796012059807513,123.046875,0.0625
0.9440826373185064,11.442441367809298,123.046875,0.0625
0.948079847079474,13.653177204842889,123.046875,0.0775
0.9882944576914217,11.994424840452476,123.046875,0.065
0.9214087374676224,15.158305718942728,123.046875,0.0325
0.9628488406546953,12.507657083959927,123.046875,0.0375
0.8505300586369534,13.078782328718376,128.0,0.03
0.7585620558401508,13.94849062984035,126.04801829268293,0.0275
0.979346795975764,11.530667698227703,123.046875,0.0675
0.9713679981353952,11.71146690780049,120.18531976744184,0.0375
0.9065661577188898,12.299064521034627,123.046875,0.05
0.9661299280777176,13.635683161358422,123.046875,0.055
0.9301456912813733,13.123036002440765,123.0,0.025
0.9708657981346328,11.935770847520288,120.18531976744184,0.06
0.9155218170537568,10.190907335278895,120.18531976744184,0.0475
0.9725660942168992,10.232847127038127,117.45383522727272,0.0375
0.9580067448978536,13.115632402231435,120.18531976744184,0.04
0.9912310617486155,13.656444743176163,120.18531976744184,0.0575
0.9641982256530492,12.975635544521692,120.18531976744184,0.0425
0.9089890958875012,13.774685074970808,117.45383522727272,0.0275
0.9181026409335572,13.776488956864888,120.18531976744184,0.025
0.8900929080408863,14.615217444859747,120.18531976744184,0.0375
0.9384989001165004,13.964258319818612,120.18531976744184,0.035
0.80532439968717,12.012793182977248,120.18531976744184,0.025
0.6663874363588127,14.820570602977186,126.04801829268293,0.04
0.8319920569680987,12.627152012128091,120.18531976744184,0.06
0.8562926267659628,12.72263983166214,116.0,0.0525
0.9591865005184348,12.0451401375642,120.18531976744184,0.035
0.9223479491476774,13.300744231239737,121.0,0.035
0.9667922080877344,12.911900118270916,116.0,0.075
0.9817972115722936,14.027605465427063,126.04801829268293,0.0125
0.961240207226254,13.995359328209863,112.34714673913044,0.0275
0.9087196631760042,11.975918594661355,126.04801829268293,0.0575
0.9839517150808712,13.682833190230959,123.046875,0.0225
0.9927137148517604,10.710276544899392,123.046875,0.045
0.8809217880299749,12.80080183352723,123.046875,0.075
0.9366751643826723,13.405672844845665,123.046875,0.025
0.8488395400904377,13.985839644389404,123.046875,0.035
0.9560414619027848,13.113485004570489,123.046875,0.0225
0.915547855765785,12.682122109832616,123.046875,0.0525
0.9762808125629387,12.924113378218058,123.046875,0.0275
0.973764959024002,13.275705516493865,123.046875,0.025
0.9069710602071044,12.455302427010825,123.046875,0.02
0.9679379609467512,13.716486064426594,123.046875,0.04
0.9831903126078225,13.467477018419363,123.046875,0.0275
0.9365372387321734,11.87113406290235,120.18531976744184,0.0475
0.9464932335890055,11.47355124440626,120.18531976744184,0.07
0.8568166472612468,12.14133774499479,126.04801829268293,0.0325
0.9032027173249588,12.70458596744126,120.18531976744184,0.0325
0.9666060839269182,13.026719476821576,120.18531976744184,0.0525
0.9426025534769822,12.318903866422993,120.18531976744184,0.0325
0.9569245064421956,13.166984642436963,120.18531976744184,0.0475
0.9659887347015524,13.25188591467941,123.046875,0.0425
0.9081854594066208,14.11293291001295,120.18531976744184,0.0375
0.8892354026253876,14.710598447929682,120.18531976744184,0.0325
0.9027672835653372,13.324919105319163,120.18531976744184,0.075
0.8879810992791302,12.37640739647571,120.18531976744184,0.02
0.9918139819194202,11.295030919858306,117.45383522727272,0.04
0.9711664886039358,12.431162186164684,120.18531976744184,0.045
0.9795694080006369,11.829499729386209,126.04801829268293,0.0375
0.9102191798517772,12.330985773697108,120.18531976744184,0.0475
0.9257499320656536,12.357725101944942,126.04801829268293,0.065
0.9688100991094787,12.545921663904426,123.046875,0.0575
0.9107957137596323,12.363410867925047,126.04801829268293,0.06
0.9251421886508554,11.083007689755595,120.18531976744184,0.06
0.8811289482405665,12.486845235189374,120.18531976744184,0.0475
0.9658977233700243,11.173225900970905,123.046875,0.075
0.9874521240127533,12.533542709346552,123.046875,0.0525
0.9496887017372848,11.97756542539425,123.046875,0.05
0.9384068195245253,13.715094130429254,120.18531976744184,0.025
0.8979291456117486,12.713724033737062,123.046875,0.065
0.8015464638286212,12.709797131434549,123.046875,0.0775
0.9752943973428108,12.918131829084654,123.046875,0.0475
0.8759996668351453,13.515096675087168,129.19921875,0.045
0.964968785640238,12.313406663023825,122.0,0.0375
0.9785450870214016,13.8385055185597,123.046875,0.0225
0.9673918454821028,12.663426804722912,126.04801829268293,0.0325
0.9327952938131413,13.045932716471416,123.046875,0.05
0.9785450870214016,13.8385055185597,123.046875,0.0225
0.960058069839575,13.301972225895245,126.04801829268293,0.025
0.9819460689036938,12.873733536091784,126.04801829268293,0.03
0.7359991213380483,14.396841005335842,107.666015625,0.06
0.974923565674928,11.906489246266124,123.046875,0.025
0.9023136766499011,12.56274978958674,123.046875,0.0475
0.8838191495482576,12.065469926239334,123.046875,0.0575
0.9718866207243511,10.978572880864425,123.046875,0.09
0.9718866207243511,10.978572880864425,123.046875,0.09
0.8423351414134447,13.362433720787209,123.046875,0.025
0.9453721783356923,11.993356649041626,126.04801829268293,0.0275
0.9100661136121816,12.821301512014774,123.046875,0.0275
0.9830341861287653,12.543884583467795,123.046875,0.0425
0.9906078822058724,10.718848290429252,123.046875,0.04
0.9390109564822526,12.699080478759877,123.046875,0.05
0.9701381110034568,13.01878119565375,123.046875,0.0375
0.9623036265159006,12.330293440190916,123.046875,0.04
0.9759972339338223,12.146012066189058,120.18531976744184,0.03
0.9769841141676966,12.602314987016348,129.19921875,0.06
0.9783377213946296,11.453698275500388,123.046875,0.0425
0.9847345099525288,11.573503998754136,126.04801829268293,0.0325
0.8796043189716716,13.901647822293349,123.046875,0.055
0.9725644523537333,11.0435201940873,117.45383522727272,0.0575
0.8727549009652855,13.42300872822412,123.046875,0.045
0.7049375813481606,13.717789437020146,123.046875,0.0325
0.8880082404539091,13.500341009486053,117.45383522727272,0.06
0.9167629849892831,13.038283145243067,120.18531976744184,0.025
0.9235938032140072,13.017199317442216,120.18531976744184,0.025
0.9269200673200292,12.728107300629986,120.18531976744184,0.025
0.9542959971888951,10.89248037145806,169.44159836065575,0.06
0.7832226110500082,12.520247457929248,175.1853813559322,0.045
0.9453744147921852,12.833911365269898,179.0,0.065
0.9617894415080191,13.46756954838771,181.3322368421053,0.0575
0.949776573664576,13.59171218946343,190.0,0.06
0.9057014231087748,11.888135292462632,191.40625,0.0775
0.8592665705860401,10.804471609377224,164.0625,0.0575
0.9149441902411051,12.0090536604929,202.0,0.05
0.8057640158386372,14.287592674910892,172.265625,0.0525
0.9270189949025018,12.043757095211326,164.0,0.05
0.7881161687273568,14.13934132295733,169.44159836065575,0.055
0.8349230550894478,12.988328227551447,169.44159836065575,0.05
0.9831749695352985,12.420977328617521,151.99908088235293,0.06
0.7853559816017528,12.824044193075935,156.60511363636363,0.06
0.8435458201438207,13.177237656504154,161.4990234375,0.03
0.9743332207261874,15.3719161935239,156.60511363636363,0.045
0.5661826452230397,13.127623893269938,161.4990234375,0.045
0.9293442808346108,11.703349808830994,191.40625,0.1
0.9352016319164046,11.811013418908686,186.0,0.0925
0.9696045540668118,12.212114223464884,172.265625,0.0425
0.761771077187285,12.673848660300296,184.5703125,0.055
0.7358460424820996,12.763457887378076,184.5703125,0.0475
0.8277574976250338,13.716173988356296,151.99908088235293,0.0475
0.9240024214466898,13.581469369666534,151.99908088235293,0.06
0.8147449394771658,13.159582470629605,147.65625,0.0425
0.9946524254270492,15.084168159298411,156.60511363636363,0.045
0.9864190441748694,14.78093918742134,184.5703125,0.0625
0.7987417609982689,12.417789586049691,156.60511363636363,0.0425
0.9813806868353228,13.285866047277418,195.01768867924528,0.0525
0.9820915610284694,12.8296617185114,198.76802884615384,0.055
0.9265894726971772,10.87418521079179,172.265625,0.065
0.8330427158197231,13.519136390011418,172.265625,0.0575
0.6969819538047541,13.186293233575771,172.265625,0.06
0.9334247368698719,13.788627637679078,169.44159836065575,0.035
0.9175335314983233,13.88184360306841,169.44159836065575,0.0325
0.9574058634936771,15.189743884953096,156.0,0.0525
0.8994810001610606,14.618661046913608,156.60511363636363,0.05
0.9841501892036838,13.471418818453252,175.1853813559322,0.06
0.9918133358006052,11.434694477321363,169.44159836065575,0.065
0.9686386525825025,13.941819242418273,169.44159836065575,0.0425
0.8236256710025041,13.37715283438553,178.20581896551724,0.04
0.9176095418718814,12.687626452097057,222.0,0.0625
0.9393334532533413,13.302743218546707,150.0,0.0375
0.9775355072732942,12.852749350387992,151.99908088235293,0.045
0.940410650873984,13.319160005815514,184.5703125,0.0575
0.9094820666771616,14.465560872213956,184.5703125,0.04
0.4103005229834696,13.494881786971714,172.265625,0.05
0.20460129125247678,12.15750753935982,166.70866935483872,0.05
0.9220325698939232,14.079876799548426,151.99908088235293,0.04
0.96103757077498,13.854743873448431,181.3322368421053,0.0425
0.8963964866140204,13.22087850677247,169.44159836065575,0.055
0.7705510434851606,12.896376793016357,161.4990234375,0.06
0.36080550763407016,12.895564860232842,161.4990234375,0.0625
0.9075488178416862,13.4370195312666,156.60511363636363,0.0525
0.9603122641530687,11.854902743073719,156.60511363636363,0.06
0.8456526476883592,15.86375731764801,154.267723880597,0.045
0.8220509131669373,17.621852520791705,156.60511363636363,0.0375
0.7140408054862426,13.636622783966484,168.0,0.07
0.7908920772626105,12.770716449903865,160.0,0.0425
0.9546766258508306,10.174818890791919,161.4990234375,0.05
0.8161256947294259,14.250256167576424,169.44159836065575,0.0475
0.9461708106213437,12.313022120484428,163.0,0.0825
0.7816452072683497,13.033496125156663,164.0625,0.0425
0.8227384868211068,13.052268142935716,169.44159836065575,0.0475
0.8341734115019179,12.638520195591102,161.4990234375,0.0375
0.9238218721633731,11.752666544370243,161.4990234375,0.0525
0.927736914761137,11.801179313060898,161.4990234375,0.035
0.9618907558294989,13.379132186788889,161.4990234375,0.0375
0.7661867473883329,12.651732141254344,184.5703125,0.05
0.9472755542920874,14.527453417146145,161.4990234375,0.0425
0.4663188424384832,12.108224360260856,175.1853813559322,0.0475
0.7396524470916118,12.816903223229977,166.70866935483872,0.065
0.8847223558084865,11.363874346208927,139.6748310810811,0.065
0.9432352743232377,13.565720046434034,166.70866935483872,0.04
0.8807684654149635,12.753688793893184,156.60511363636363,0.045
0.7371187917717059,14.975949325241888,154.0,0.0275
0.7557005829166572,13.756312161722473,174.0,0.0825
0.6884591815421415,13.075880279076587,174.0,0.0525
0.9751973453865156,12.363579311312485,161.4990234375,0.045
0.895467265429009,12.511817904911322,164.0,0.05
0.9343743910234243,13.07569441496802,160.0,0.0625
0.941461793041731,13.325269967257723,159.01442307692307,0.04
0.8585232270706098,14.047413441060089,166.70866935483872,0.0425
0.912858404919163,13.202154141332143,159.01442307692307,0.045
0.9433666130382964,11.227921572127016,161.4990234375,0.075
0.7804692661214874,13.881163393018554,161.4990234375,0.055
0.8767988786105606,13.732530652615978,161.4990234375,0.0575
0.9669218327291496,9.784364349069104,172.265625,0.055
0.9135295496272309,13.373683683426652,161.4990234375,0.0575
0.6013435843518524,14.754681738654728,164.0625,0.0375
0.3797370207195172,14.539947686276676,180.0,0.065
0.959264380542999,15.311440300183657,169.44159836065575,0.0425
0.9896655202459308,12.639221627941945,147.65625,0.0625
0.49405334078957497,13.382301153562107,189.0,0.0525
0.988295504263021,11.654351202562506,151.99908088235293,0.0725
0.3736930992063796,13.004472364003451,175.1853813559322,0.0425
-0.1467244840324517,12.587886997382093,175.1853813559322,0.0225
0.6078507361167499,12.497718050580449,191.40625,0.0575
0.5488610156202227,12.830680586054598,184.5703125,0.0575
0.6128221489874357,13.413559843327755,184.0,0.0575
0.9774757968906234,12.28710505916862,150.0,0.055
0.9260333418447616,14.4437919848584,151.99908088235293,0.0475
0.590964228337133,12.785543001372906,191.40625,0.04
0.8093019024958115,12.22813703290307,175.1853813559322,0.0725
0.9410457452667326,11.038038738893205,166.70866935483872,0.0725
0.505598827019371,11.447574662413,172.265625,0.07
0.7525866244280006,13.528258084259935,166.70866935483872,0.0425
0.9633525881063566,15.619343605187726,191.40625,0.0475
0.4984147432564656,13.688131866537095,166.70866935483872,0.04
0.6817259740103596,14.251372482654187,161.0,0.035
0.7335963492680195,12.346567188372203,161.4990234375,0.09
0.9693523195179016,11.25994808032713,187.0,0.0525
0.9393812722652205,12.979599196371925,180.0,0.0625
0.945821004639773,12.67097176773104,180.0,0.07
0.8981267602791485,12.961283481044909,195.01768867924528,0.0475
0.9942148093245258,12.206471391499555,166.70866935483872,0.0675
0.9861827531397016,11.812058316107624,172.265625,0.07
0.9833499746193236,13.170381869148986,172.265625,0.0575
0.9412435764890656,12.232807191517601,185.0,0.0375
0.9360664622194124,13.592649241312802,164.0,0.055
0.8532600427223898,13.779265038382292,164.0,0.055
0.5952814550327504,11.794508160473104,172.265625,0.1
0.8507351144640752,13.827324446355853,159.0,0.0525
0.9788910076654465,14.79640141695566,176.0,0.0475
0.9506176311483965,11.627900441799717,175.1853813559322,0.0675
0.934103040121994,11.73745790136766,161.4990234375,0.0625
0.9273472971131078,12.424533111625145,155.0,0.0375
0.7718489055116605,14.048261597780892,161.4990234375,0.05
0.8673557625488343,12.093523617332208,172.265625,0.0625
0.3636481815099129,13.618342825603554,164.0,0.055
0.924089672251122,13.26434686054492,161.4990234375,0.0525
0.7652539717390121,13.645912126518668,166.70866935483872,0.0525
0.8937929217756069,14.376402228092314,161.4990234375,0.0625
0.8925107300511717,13.717953894081969,166.70866935483872,0.0625
0.7953047490198766,10.066848359903066,175.1853813559322,0.06
0.984483654772952,10.610328300524358,191.40625,0.0675
0.916193564577968,13.475834904489647,168.0,0.0475
0.9321171872082186,12.816377275978063,156.0,0.035
0.9774021571846602,13.430892399432024,170.0,0.055
0.7798419872314954,13.107504195211364,169.44159836065575,0.0575
0.8123558065817182,12.992652729219675,169.44159836065575,0.0625
0.9149535814941977,12.089944496264959,166.70866935483872,0.0625
0.8796989538607248,11.452408535688305,172.265625,0.035
0.91818348667266,12.40312033331054,161.4990234375,0.055
0.91532316795339,14.197060400596596,161.4990234375,0.045
0.909986417353967,11.910514668297267,178.20581896551724,0.03
0.8109453342287318,14.44800243993138,169.0,0.035
0.9515441353199028,13.257208602580167,169.44159836065575,0.0825
0.8955209993462964,10.96983391991644,191.40625,0.06
0.829458763570706,9.771609681057496,135.99917763157896,0.065
0.5972261544867538,12.13752839378514,168.0,0.0525
0.8756301005653779,12.819818667889127,151.99908088235293,0.045
0.989501889818348,12.424225578674012,198.76802884615384,0.0675
0.8953240191136679,10.410031254181211,190.0,0.0775
0.9058961010643488,12.881376564561888,191.40625,0.0675
0.931036697582338,11.975093634786983,169.44159836065575,0.08
0.938254425123216,7.31910248918131,178.20581896551724,0.085
0.9503681346302296,10.100417054346313,187.9261363636364,0.065
0.8926478421885751,12.224571048534685,178.20581896551724,0.0775
0.9007525885423816,12.949896496178166,181.3322368421053,0.0775
0.7903916761186223,13.213508937275304,210.0,0.0775
0.9085958489617744,12.157592506025807,178.20581896551724,0.0625
0.9159466575386156,12.407195065392273,198.76802884615384,0.075
0.754838315721363,12.68520706246668,230.0,0.07
0.9762204263747262,12.987842409130833,161.4990234375,0.05
0.873738206241197,11.898301316439152,208.0,0.0925
0.9424598396085262,11.56779566153785,192.0,0.0775
0.5911258816428931,12.642336018292518,169.44159836065575,0.04
0.9537041657672588,14.080375934378075,184.5703125,0.0475
0.8228556086930693,12.532461756554792,156.60511363636363,0.0375
0.8858036139209302,11.728066344624857,161.4990234375,0.03
0.9842558616847265,9.764809784407758,195.01768867924528,0.0725
0.9267839265385877,11.575834855650015,198.76802884615384,0.075
0.8076050207174279,12.90503053832991,181.3322368421053,0.0525
0.9688871836341524,11.718678967187586,185.0,0.0575
0.940617041689447,11.920033022231664,200.0,0.0375
0.9758747978172346,12.265039707917872,191.40625,0.08
0.956337989587192,14.496283311323184,181.3322368421053,0.0775
0.9437492135877033,13.843626601737233,178.20581896551724,0.07
0.6248113296727276,14.052882671443546,178.20581896551724,0.055
0.9931619367944876,12.605265831899665,151.99908088235293,0.0525
0.9853469268032348,9.036923444575711,220.0,0.0625
0.9510846440689764,12.682447017183332,175.1853813559322,0.085
0.9775355072732942,12.852749350387992,151.99908088235293,0.045
0.9191907941577284,13.07528564484967,198.76802884615384,0.07
0.7181359902317259,10.47626429771282,175.1853813559322,0.08
0.9528100849330532,15.09638073433598,184.5703125,0.075
0.9647283768085726,10.925768739499045,195.01768867924528,0.065
0.6383066500214973,13.282244765031523,161.4990234375,0.0675
0.9031993013615026,11.86145284786308,164.0,0.095
0.854973329326908,9.370340195278912,161.4990234375,0.08
0.968131481947592,12.949992367769667,172.265625,0.0575
0.9490640642160302,13.25647358342107,195.01768867924528,0.055
0.9788698733679126,15.60310763366323,184.5703125,0.0525
-0.053015097518171,12.936375045261707,187.9261363636364,0.055
-0.0243324820982599,11.784169959730535,147.65625,0.0425
0.4227497038058655,12.537732236021842,147.65625,0.04
0.941628851823714,12.692638864223746,151.99908088235293,0.035
0.6292784972029694,12.428541903942511,187.9261363636364,0.0525
0.2844910866936275,12.537003443490173,187.9261363636364,0.0325
0.9295261673534108,10.10451991588896,178.20581896551724,0.0575
0.8521696968966381,9.807936944051134,172.265625,0.07
0.9618575264828612,9.724753345673651,166.70866935483872,0.05
0.965983617701161,12.462023078881543,178.20581896551724,0.0525
0.8739947946280725,13.035994479013231,151.99908088235293,0.045
0.891622702722631,12.571589986204073,156.60511363636363,0.07
0.951963771408856,11.371133206496632,161.4990234375,0.0775
0.9461708106213437,12.313022120484428,163.0,0.0825
0.8711371545926619,11.802456664612755,170.0,0.0425
0.778707202455996,13.624824747511742,187.9261363636364,0.0625
0.7891959352047109,10.50535377354634,166.70866935483872,0.0975
0.9597226027798476,12.530624535150263,175.1853813559322,0.06
0.9904774978280588,10.719417193520329,171.0,0.0475
0.917841095948123,13.720018462660395,156.60511363636363,0.0425
0.8992171731417338,12.890511786771476,172.265625,0.0525
0.7813279272824654,8.443798739585294,187.9261363636364,0.0725
0.7819054572012392,9.112760718773956,187.9261363636364,0.07
0.9859104405935414,12.405331750391309,190.0,0.055
0.6839568189859873,14.041818173527684,180.0,0.03
0.7627261109214258,12.4218774723901,159.01442307692307,0.025
0.8671166533691167,13.016692040145017,159.01442307692307,0.0375
0.5640762485070189,12.125702989000878,151.99908088235293,0.0625
0.8593419323381242,9.605052178949695,164.0625,0.0425
0.9291867164962336,12.23809381654408,198.76802884615384,0.085
0.9573451239264044,9.67556301975488,193.0,0.0975
0.9888572795334698,7.47964810680137,202.0,0.1
0.9642395474120455,10.789288796848506,187.9261363636364,0.07875
0.95709005857715,12.823087628455282,161.4990234375,0.055
0.7917763826078676,12.873727259658988,170.0,0.0675
0.9864413059278574,11.789058589927112,161.4990234375,0.07
0.9172913031793792,12.05537694474329,169.44159836065575,0.025
0.5653312851595462,12.327362315368925,166.70866935483872,0.075
0.9874174117161244,11.6810093902971,184.5703125,0.0675
0.9580380005543667,12.54883933148301,181.3322368421053,0.05
0.9971745933225536,11.549308072706117,161.4990234375,0.065
0.9525269714736939,12.361929751951823,172.265625,0.0475
0.9247597230743808,13.04609971608215,184.5703125,0.045
0.9831456338857104,13.441638498138657,181.3322368421053,0.07
0.978688847907514,9.744896301085502,187.9261363636364,0.0925
0.7666324286703778,13.1953986512917,226.0,0.05
0.9833448416900106,11.05332515555314,151.99908088235293,0.065
0.9523009496452852,13.2800056898344,195.01768867924528,0.06
0.9831459580379858,10.781317731595516,178.20581896551724,0.0525
0.9345853133386222,12.204262624916776,178.20581896551724,0.065
0.808420427279656,8.624010904251508,156.60511363636363,0.0925
0.8718131777654469,12.753623577749677,188.0,0.065
0.892132998750245,13.402986629576983,198.76802884615384,0.05
0.9758693862287857,11.774389483645779,191.40625,0.05
0.9806238481457556,12.03659181632222,195.01768867924528,0.0575
0.9412449209732809,15.078111466682067,154.0,0.045
0.9621173037485381,13.358481211125198,161.4990234375,0.0525
0.9080911790860449,13.417459903553992,166.70866935483872,0.0625
0.9933055816724767,12.615756972408633,178.20581896551724,0.055
0.8720212621411888,13.453721768049105,175.1853813559322,0.0425
0.9837101384807958,11.600193400916355,195.01768867924528,0.0575
0.9957234708778512,11.142576824653826,195.01768867924528,0.05
0.8398590194839055,12.832038381698704,191.40625,0.025
0.8858103588087813,13.450830165978266,150.0,0.0525
0.981848674617954,11.118541897745445,164.0625,0.0525
0.8520432251041604,12.912971701062679,145.57658450704224,0.06
0.9839886713153688,10.490318974940468,151.99908088235293,0.065
0.969958727735477,7.961305914884947,220.0,0.0725
0.8994574912706019,9.752815613756404,191.40625,0.07
0.9198805240753756,12.103483722627633,191.40625,0.0725
0.9503666179132109,9.719811087267791,172.265625,0.0575
0.9658257839206019,12.600023187017886,220.0,0.055
0.9801987003313497,11.739111998925008,151.99908088235293,0.0775
0.9689401679990644,10.344715759226567,166.70866935483872,0.085
0.9590776730465098,12.022463862095103,156.60511363636363,0.0425
0.8806885469649897,12.72886886049304,184.5703125,0.07
0.8308378672135611,11.472117264293637,175.1853813559322,0.06
0.8144798157038229,13.677057021446956,169.44159836065575,0.0575
0.8818616978230832,12.863455019509711,202.0,0.0525
0.8721074170113249,11.161402466556455,156.60511363636363,0.0825
0.9503806420545251,12.400023159093966,210.0,0.0575
0.9623360272883656,11.345901229266898,178.20581896551724,0.06
0.9793888358248498,12.481099807624814,151.99908088235293,0.06
0.9169815105527004,11.766350537203893,156.60511363636363,0.075
0.874195495341456,13.880200194144273,216.0,0.065
0.9676564743734529,12.902626687626498,210.0,0.055
0.954454130453393,12.225156658320447,220.0,0.0575
0.9776747738884376,12.022623116834032,166.0,0.075
0.9915066509179515,9.319705940315364,147.65625,0.075
0.9541661359994428,8.522708137493797,145.0,0.0675
0.9700040698448813,11.838644925910032,156.60511363636363,0.065
0.9416916200784213,12.47082158153858,147.65625,0.0625
0.9665215675548648,14.609621545049809,151.99908088235293,0.0525
0.6658660510172646,11.672710637530914,151.99908088235293,0.035
0.8092519829666216,12.715193394533493,151.99908088235293,0.0475
0.6402237658303448,13.00032132194749,198.76802884615384,0.07
0.9180455581942266,12.718574458396203,143.5546875,0.05
0.92550589587485,12.54451310859138,143.5546875,0.0425
0.864343925354542,11.47607191920758,139.6748310810811,0.04
0.8933765654984321,10.78313134802794,139.6748310810811,0.035
0.8903343642556735,11.497323703184518,139.6748310810811,0.04
0.8203283748338914,12.067489177419944,143.5546875,0.0625
0.8819561394746538,13.61393839756158,166.70866935483872,0.0425
0.18434286426004196,12.406074911674514,172.265625,0.1
0.3704143469460184,12.475057436410982,172.265625,0.0675
0.7854529516425943,14.612658082431228,161.4990234375,0.06
0.7883071144227294,14.695774451717336,161.4990234375,0.06
0.9381997247441196,13.16610269601309,161.4990234375,0.0525
0.728108641734249,13.952051401210356,172.265625,0.0625
0.7865377021354326,14.864682767534813,161.4990234375,0.0375
0.7913595342702398,14.326139845542851,161.4990234375,0.0625
0.9771481619069572,11.994626580187592,161.4990234375,0.04
0.8722184270524396,14.40895042301527,163.0,0.0625
0.7597833872119456,12.343490388272173,179.0,0.05
0.934211484220542,13.416961973603293,162.0,0.035
0.8814830899390199,12.796927531566215,169.44159836065575,0.03
0.9577835426956417,12.880714232620488,165.0,0.045
0.54489242976655,12.602648756268184,170.0,0.065
0.8308130852670789,13.428315156352635,164.0,0.06
0.7653812962453541,12.751956384370562,151.99908088235293,0.035
0.9503192147473174,14.39914319507986,156.0,0.0425
0.5372412637019353,14.144254641194625,161.4990234375,0.0325
0.4098392933690439,12.702654049468489,160.0,0.035
0.9598022185475668,11.663498523270617,147.65625,0.075
0.8987969689846533,14.374655293633186,139.6748310810811,0.0475
0.8908879483277854,11.97090135063278,139.6748310810811,0.07
0.9160513001661064,12.831302462214316,134.0,0.045
0.845146294827676,13.24635428013162,161.4990234375,0.035
0.5216493129999001,12.316823859547096,161.4990234375,0.055
0.8178743641002101,13.821809664770026,166.70866935483872,0.0525
0.7806318717538694,9.076889509873848,158.0,0.07
0.5817225583062207,14.338400229711944,147.65625,0.055
0.9222802101594936,11.830435121587188,166.70866935483872,0.0425
0.8355336513031199,12.83217501311307,166.70866935483872,0.055
0.9264516222855261,12.762714090902975,161.4990234375,0.03
0.8576710335798295,12.943362249376346,172.0,0.0475
0.9069868619511202,10.503393426305932,156.60511363636363,0.08
0.7941381639053601,15.174366915015687,151.99908088235293,0.055
0.9683330931403376,11.04074902792992,147.65625,0.065
0.9801066917731036,13.663514743055735,143.5546875,0.035
0.733431681580817,11.198866457721369,156.0,0.0575
0.9538619439219023,14.17583740083116,161.4990234375,0.04
0.81211730179318,12.299640280932344,175.1853813559322,0.0525
0.905974001211262,13.575396328414861,170.0,0.0425
0.9714707723965227,11.727841315712478,161.4990234375,0.05
0.5501431119131686,13.244980156971115,172.265625,0.045
0.9308584119144543,12.544888011684954,165.0,0.0525
0.9393334532533413,13.302743218546707,150.0,0.0375
0.7500652821170947,12.659260506145152,156.60511363636363,0.035
0.9463325059405464,12.889451516406917,149.7961956521739,0.03
0.8399486778501442,13.478773421150503,159.01442307692307,0.025
0.8285759083472132,12.781177462810607,161.4990234375,0.0775
0.7744022407982151,12.53023533325294,156.60511363636363,0.045
0.8298936524392513,11.320357684322476,161.4990234375,0.0625
0.6483454165134996,12.206467696460265,139.6748310810811,0.05
0.9535269143664667,13.095617606385312,150.0,0.0425
0.9968992441650772,10.920639466125078,156.60511363636363,0.0375
0.9438241369761685,11.065308576454,164.0625,0.03
0.6798789136590686,12.462482058759102,147.65625,0.045
0.9257494015250236,12.453731604183876,161.4990234375,0.045
0.8754842505226291,13.97940008672039,161.4990234375,0.035
0.9502225998323668,12.288592365628192,172.265625,0.0475
0.6298511389998598,11.970399188577698,161.4990234375,0.07
0.9326318048502384,11.533742608789368,151.99908088235293,0.07
-0.2091183239069149,13.123235395396216,161.4990234375,0.0275
0.36396454567588465,14.03182227253173,151.99908088235293,0.0375
0.5384573393318794,13.158886389496333,156.60511363636363,0.0575
0.688041037948657,12.972626982131267,158.0,0.065
0.935480071510891,12.337309025488809,161.4990234375,0.03
0.9455841707966892,13.75452958058753,161.4990234375,0.04
0.953369339789064,12.339938818595527,151.99908088235293,0.055
0.914151927156845,13.645916657100667,147.65625,0.05
0.7611738264024732,14.156891710489049,161.4990234375,0.025
0.6786231666932449,13.555234081559645,161.4990234375,0.0575
0.5221673711819377,12.027543786401242,161.4990234375,0.0625
0.7166253433261258,12.35625606539917,161.4990234375,0.0525
0.863075054713551,9.482454299862468,166.70866935483872,0.065
0.9614745957793904,11.556097648320204,156.60511363636363,0.035
0.5562122733202006,12.654400101261004,159.01442307692307,0.03
0.951157437035227,12.65519486396228,151.99908088235293,0.0275
0.8159216839972723,12.627562895513586,151.99908088235293,0.035
0.8832651571473342,12.9896160870598,151.99908088235293,0.0325
0.9624897755890446,12.317575485897592,156.60511363636363,0.05
0.8992507570385179,13.401628880371712,156.60511363636363,0.025
0.8430097420749205,11.455569871798387,156.60511363636363,0.0475
0.8825877250908917,11.681473805047416,143.5546875,0.0475
0.8739947946280725,13.035994479013231,151.99908088235293,0.045
0.7523532663763253,13.303264001360834,147.65625,0.06
0.5080607954271898,14.313447241245557,147.65625,0.04
0.6579744094372214,13.137196065035932,147.65625,0.0525
0.6347209152068243,13.9444439938301,154.0,0.0525
0.991314666932414,13.397871858793003,156.0,0.0625
0.9385579085182048,11.040379249153908,156.60511363636363,0.06
0.8914149403122786,12.618723865195062,161.4990234375,0.0375
0.9688478900184613,13.7459253268106,169.44159836065575,0.055
0.9483423744449394,13.015549918358744,167.0,0.0375
0.9552627343235768,12.960076655998195,164.0,0.0375
0.7961041427853397,14.599471585211441,151.99908088235293,0.055
0.8828152850509383,13.68427027936543,140.0,0.0475
0.9447676786134416,14.06854398564801,156.0,0.0525
0.9543696858693672,13.977293668751756,156.0,0.05
0.8895734382348559,14.52859071556912,156.60511363636363,0.035
0.9099107148842713,13.49991809508429,156.60511363636363,0.0425
0.7607439055524299,13.593520187906186,172.265625,0.0425
0.8842350908452572,13.191862093571352,147.65625,0.0475
0.6818148506649424,14.296171700437114,164.0,0.04
0.7044828230537241,15.160240426243828,164.0,0.04
0.6127194448758508,14.543276464969775,161.4990234375,0.025
0.4874005342546061,13.15391978144384,161.4990234375,0.0375
0.8112930254285354,12.479596222905128,156.0,0.0575
0.9481284689217389,12.898898874812048,143.5546875,0.0525
0.8144765041096786,13.892902350806503,169.44159836065575,0.065
0.970323782174746,10.30447975283226,161.4990234375,0.085
0.46845204300470794,12.549871374264882,175.1853813559322,0.055
0.5339150911951809,12.403657733445138,147.65625,0.0625
0.9266546817865093,12.966342250533055,147.65625,0.0575
0.8792217909898885,13.999763477329498,160.0,0.0475
0.9408669173313866,11.916443261550176,143.5546875,0.055
0.8740146896101808,12.252137007803622,150.0,0.0625
0.8970500152305075,12.522684181511062,145.0,0.035
0.6675479179625619,11.759296607963861,156.60511363636363,0.0475
0.616412112635678,13.011064257697775,156.60511363636363,0.055
0.8277668019660791,11.806432391968356,161.4990234375,0.035
0.750154272432938,12.052355212734355,161.4990234375,0.0725
0.8419841458041014,13.99218648901369,161.4990234375,0.0575
0.7439356194168629,14.208237896667082,156.60511363636363,0.04
0.8541266730606412,11.959565113830159,150.0,0.065
0.8838474896532101,10.98987432644461,150.0,0.065
0.8422687598973,13.023368036835977,156.60511363636363,0.0525
0.7361494088194068,13.561480593435016,156.60511363636363,0.05
0.3250599897904516,14.7755755147084,161.4990234375,0.03
0.4444965655216815,12.75001758042275,161.4990234375,0.05
0.6478008182854491,12.458156764234662,147.65625,0.05
0.7780015551750995,12.25900906665234,147.65625,0.05
0.773286811789652,12.327894067863104,161.4990234375,0.0525
0.7054663538322057,13.000087357125906,159.01442307692307,0.0625
0.5833036579665432,12.00084590155165,161.4990234375,0.05
0.6968502600522706,12.096530665060923,151.99908088235293,0.055
0.6491771734652614,12.686242117143479,154.0,0.0525
0.6691498982890931,14.59706645648168,150.0,0.04
0.9311212367337708,12.914234276130578,166.70866935483872,0.035
0.8913199860375465,11.50743013303492,151.99908088235293,0.0425
0.8863340892211165,12.99878271690146,151.99908088235293,0.05
0.9580563721779296,13.159550963726913,151.99908088235293,0.035
0.9297169561957552,13.459055989710562,156.60511363636363,0.04
0.974440564013654,11.978568349753075,156.60511363636363,0.0375
0.988780895079708,10.382326588653168,156.60511363636363,0.065
0.821851372764007,13.688697779097057,139.6748310810811,0.035
0.8996115177470723,13.093954939985412,139.6748310810811,0.04
0.8785393700933974,14.589540639908892,143.5546875,0.04
0.951601447500261,13.278495848006155,139.6748310810811,0.0425
0.9015721334490134,14.381947601207507,143.5546875,0.04
0.8762799589947572,13.767631183897837,147.65625,0.035
0.925056988380583,14.613649172238942,147.65625,0.0375
0.9913844924646966,14.1404960291099,147.65625,0.0475
0.9806685296182215,12.993102744979392,156.60511363636363,0.0925
0.9706293619231874,11.030032502219616,159.01442307692307,0.04
0.879321364834207,11.497614623406562,150.0,0.075
0.9750545592739586,11.533134599555249,150.0,0.0525
0.8321868523038323,13.328803838684873,146.0,0.05
0.8096314410397705,11.419550857156768,151.99908088235293,0.0775
0.7695543996707195,14.463323175423579,151.99908088235293,0.04
0.9636739427588896,13.89210397867137,120.18531976744184,0.04
0.9523908014461049,13.10829000778624,123.046875,0.035
0.9046607882368046,14.12297194210553,120.18531976744184,0.0325
0.9449410556447614,11.621889696030902,120.18531976744184,0.085
0.960231606943337,11.20392285728283,120.18531976744184,0.0475
0.9294393295948172,13.266113132067826,126.04801829268293,0.0475
0.9734709073175704,13.6829695751326,126.04801829268293,0.0425
0.9485438497604433,13.70434821716627,120.18531976744184,0.0375
0.986319618923556,13.959616127058542,120.18531976744184,0.0375
0.8949426857186764,13.616613505041096,123.0,0.03
0.8959998868342749,14.372470699623513,122.0,0.0325
0.8564714183283023,13.305273487128504,123.0,0.0375
0.9453691338156409,12.976691642239055,123.046875,0.025
0.949814149525105,12.559491053830795,123.046875,0.0225
0.9622028349456793,12.546263178865392,123.046875,0.045
0.9424338162859026,13.094414214985889,122.0,0.0425
0.9496793816874667,14.012677018450063,120.18531976744184,0.025
0.9770342084496656,12.254344636173474,123.046875,0.055
0.8641726260211294,14.617789890028616,117.45383522727272,0.045
0.845372625348388,14.01358265939268,114.84375,0.0375
0.9030513022892612,12.802243256056979,120.18531976744184,0.05
0.9019409104305915,12.920340063599664,114.84375,0.0525
0.835974442527757,14.14990134961199,114.0,0.0475
0.8944393381787067,13.990325335396175,112.34714673913044,0.045
0.9735213571188648,13.930925197107056,123.046875,0.0325
0.9492494932076254,13.300421572483032,120.18531976744184,0.0375
0.9518079458309896,14.807431030246498,120.18531976744184,0.0425
0.8254428922852712,13.30841374225929,120.18531976744184,0.0325
0.9646306990512624,10.792290373785768,120.18531976744184,0.065
0.976288427637912,12.365200733328296,117.45383522727272,0.035
0.9817104521994978,12.496026151873103,120.18531976744184,0.0375
0.9695889108130351,12.736238180995786,114.84375,0.03
0.9404446342114728,13.46555543015593,123.046875,0.0325
0.8984674381873528,14.815781008329695,123.046875,0.0275
0.9730461866951732,11.317892917636854,126.04801829268293,0.07
0.944547486846459,11.685879150556833,126.04801829268293,0.045
0.9936722779743727,12.198815852894207,123.046875,0.035
0.9854169584812624,12.414372362842482,123.046875,0.07
0.9595904961335152,11.24796918839137,122.0,0.0425
0.9650486049344834,11.634721823601826,123.046875,0.05
0.8844289642639049,13.782966449034895,123.046875,0.075
0.9838818087049983,12.330707281790861,123.046875,0.065
0.989971905671179,13.687312175958066,120.0,0.0775
0.923804728625148,13.435778072121757,123.046875,0.035
0.9852232028032072,11.93979192006755,123.046875,0.04
0.9411421451878486,14.104254449742156,121.0,0.03
0.9477457031004454,15.141164281750592,117.45383522727272,0.0225
0.9435199288259521,13.255149474929453,117.45383522727272,0.0275
0.900130024838301,13.962092216277451,120.18531976744184,0.03
0.8922123941040067,13.032913933263467,123.046875,0.06
0.842918039350669,15.211313915456897,117.45383522727272,0.04
0.8875470888857215,14.456238935144587,120.18531976744184,0.055
0.933818908446804,13.02978252568644,123.046875,0.065
0.9493269574080598,13.393734801299136,123.046875,0.0575
0.960576852640756,11.391324160425718,120.18531976744184,0.085
0.968699467835353,13.718708221137511,123.046875,0.055
0.929080797613357,12.730560565818381,126.04801829268293,0.0525
0.8672790219631271,13.412186717861848,125.0,0.03
0.9802289975326686,10.70776512663912,126.04801829268293,0.05
0.9831662630446604,10.348173411925792,126.04801829268293,0.085
0.8811404119173393,9.574170144852983,126.04801829268293,0.06
0.6941862517616084,13.811557964531918,126.04801829268293,0.055
0.8950673907088582,13.38310857893379,112.34714673913044,0.06
0.9956905429059959,12.485685959996085,126.04801829268293,0.04
0.9683394072882058,14.360466246953916,123.046875,0.0225
0.9677887717687501,13.813610448028612,126.04801829268293,0.04
0.9773514033376698,14.684694059165963,123.046875,0.02
0.9453978795570755,14.09464751986273,126.04801829268293,0.0425
0.7427023760500715,13.005208663975653,123.046875,0.03
0.867262481152589,14.958475544744608,126.04801829268293,0.0375
0.900471591992564,13.147050828410865,123.046875,0.0325
0.9415593842601356,15.459812330748155,123.046875,0.0275
0.9554173014318144,14.185740854146172,117.45383522727272,0.04
0.8298422277638454,14.062288225704634,120.18531976744184,0.0425
0.8889537733439377,13.52101215256556,120.18531976744184,0.055
0.8990679299218044,13.966766063201158,123.046875,0.0325
0.9693053087887198,13.918191624720246,123.046875,0.04
0.9175670599442636,14.284945482190992,123.046875,0.045
0.9023111877074568,14.632089529081972,117.45383522727272,0.0225
0.9775787893186778,13.379923475843558,120.18531976744184,0.0375
0.9957699176091594,12.710227318661849,117.45383522727272,0.0325
0.7182182869304273,14.025016969984756,123.046875,0.0525
0.942752770931266,12.728012355663257,117.45383522727272,0.025
0.7054571606144545,15.238725142024832,126.04801829268293,0.0575
0.9754762443725168,13.068539920007067,120.18531976744184,0.0525
0.8797643226568939,12.088345578671007,117.45383522727272,0.0775
0.7882725952884082,13.38523284134621,132.51201923076923,0.055
0.7918320034569981,13.42156133819567,132.51201923076923,0.055
0.9773597104803282,11.881206385397014,128.0,0.05
0.8838191495482576,12.065469926239334,123.046875,0.0575
0.9702182606453613,12.994588970984596,123.046875,0.0525
0.959901371982123,12.64414876698866,126.04801829268293,0.0275
0.9724250340979338,12.24437563026482,120.18531976744184,0.08
0.9363968586107152,13.371639612869082,126.04801829268293,0.03
0.8796726658969027,13.50408403661906,123.046875,0.0275
0.9279122137528492,13.623788229716352,122.0,0.0325
0.9267708185652708,11.622964616655516,126.04801829268293,0.0325
0.9414776283487764,12.309166259715994,123.046875,0.03
0.9386310831996747,12.186665422854823,123.046875,0.025
0.9877265985292971,11.68739148743866,126.04801829268293,0.0325
0.9729459880216385,11.428915617217147,125.0,0.0625
0.8687754547504554,14.21541633402244,123.046875,0.0525
0.938513520430287,12.490575841649832,123.046875,0.03
0.974670249744717,12.693157240631328,117.45383522727272,0.025
0.9141754367193202,11.853167098128257,123.046875,0.0325
0.9731927422194512,11.353275079543682,123.046875,0.04
0.9352365857392388,13.144675649020222,123.046875,0.0275
0.9117470791320729,14.008267322160265,123.046875,0.02
0.9887286527125532,10.665411494202727,126.04801829268293,0.0775
0.923804728625148,13.435778072121757,123.046875,0.035
0.9901547906327789,12.146489253093328,123.046875,0.0425
0.957141229310636,12.378195314066142,123.046875,0.0375
0.8892322497585623,10.722378466338316,123.046875,0.0475
0.9413017052562347,11.888729396990257,123.046875,0.05
0.9448693684521228,12.460407681650736,123.046875,0.085
0.7918079307123583,12.7418898749445,123.046875,0.03
0.9611557352559212,12.355739861850283,123.046875,0.0775
0.977592225295039,11.427653450187368,123.046875,0.05
0.558193092291629,14.51579991863593,117.45383522727272,0.035
0.7477433184374694,13.879522811056074,123.046875,0.0325
0.9407487148513164,13.135468690308716,120.18531976744184,0.0575
1.0,13.129573322518365,114.84375,0.0525
0.8836249707737128,12.77530954940137,120.18531976744184,0.025
0.8646930012687164,12.017054585952092,110.0,0.0475
0.8115143215933762,14.463550090626352,123.046875,0.0525
0.8329768759706097,14.01176825056979,117.0,0.04
0.9295908576544021,12.86319739751404,134.0,0.0475
0.9162804753530158,12.828136086306236,126.04801829268293,0.045
0.9121259161650626,12.710782448182002,126.04801829268293,0.0475
0.8090079522275382,14.959096428545589,126.04801829268293,0.055
0.8813379149364444,17.108167784968053,123.046875,0.0275
0.9538584265829811,12.288607420300242,123.046875,0.0525
0.9617371018360078,12.45984244590023,123.046875,0.0375
0.9562850269028764,12.149681042264326,126.04801829268293,0.0275
0.9509522128979572,13.30670067580243,126.04801829268293,0.0375
0.91617801447699,13.738909714192111,132.51201923076923,0.05
0.9653556881448659,12.956580717622904,126.04801829268293,0.0375
0.944650606560317,12.702568287045152,129.19921875,0.0325
0.975095841323112,13.665627495055874,126.04801829268293,0.0375
0.9602139002141188,12.150345774778994,126.04801829268293,0.0375
0.9158551442913105,12.687875146336168,129.19921875,0.0425
0.9635807337245726,11.756921090433996,123.046875,0.035
0.9495581745367296,10.622804541639471,126.04801829268293,0.045
0.9257678473829142,12.71268420609535,126.04801829268293,0.0325
0.9732017661357737,13.332563497492886,120.18531976744184,0.05
0.9459474160232136,12.889384778471594,126.04801829268293,0.035
0.5200775499327939,14.23027853721621,129.19921875,0.0575
0.9716452878028704,9.9625858564298,114.84375,0.0425
0.9826058932678052,11.23451691570888,129.0,0.0325
0.9022705478496196,13.472618682481224,116.0,0.0425
0.8582179312820717,14.807804183105072,106.0,0.0325
0.7190553463099967,14.433645985554248,120.18531976744184,0.0325
0.8773651608704376,12.648383120326805,120.18531976744184,0.0775
0.9399792499975992,12.882266723226486,123.046875,0.0275
0.9425103163721974,13.02802153748124,123.046875,0.0325
0.8106999226933367,12.69616018573042,123.046875,0.06
0.7116705828787542,12.675373884633583,123.046875,0.0525
0.6522697872001707,14.22818994506935,123.046875,0.0325
0.9132178359330242,13.905129382410069,128.0,0.0325
0.9883950302407978,16.473171019833217,129.0,0.0225
0.8944459517872666,13.730950788942948,132.51201923076923,0.055
0.8642247329025687,12.12459016749263,123.046875,0.0275
0.8974699438994751,12.161335681995238,123.046875,0.03
0.8331724564040311,13.231075095392729,123.046875,0.0325
0.7536910395953071,14.191028864386416,126.04801829268293,0.045
0.8885131887068839,13.37079736040759,129.19921875,0.055
0.9549450105016087,12.078986116657763,123.046875,0.0425
0.7322930981831807,14.636236904833176,123.046875,0.0325
0.8131684976034326,13.625575438413922,115.0,0.0325
0.9073039665039748,12.666767828353914,118.0,0.045
0.8129283088592772,13.711074014761737,123.046875,0.035
0.8898425269226041,12.59900439428565,126.04801829268293,0.035
0.7718379134847064,14.012609676035773,125.0,0.0375
0.8734761509052993,14.087742527300612,123.046875,0.04
0.8018746878862605,13.562460552846062,123.046875,0.03
0.909274589131342,14.318021919975903,123.046875,0.04
0.9265139584593531,13.311815335881306,123.046875,0.05
0.8969359993501654,13.522201336684102,123.046875,0.0575
0.8204287942322738,13.41251213491174,120.18531976744184,0.03
0.9022823139680236,12.782846002910198,129.0,0.04
0.9042441057772911,13.07373880612776,129.0,0.045
0.9214696155899132,12.309816472296347,122.0,0.0325
0.9047128369830506,11.734474236525564,118.0,0.0325
0.5113411701054165,14.212327610035956,123.046875,0.0275
0.9029543601626326,12.636480189802413,120.18531976744184,0.05
0.8633397114135509,14.078520614651508,123.046875,0.05
0.9395740981124587,14.129227596129525,123.046875,0.03
0.8614884548456497,14.690260242201118,111.0,0.025
0.8757792917524567,13.414328223945144,112.0,0.025
0.7091765765080319,13.777769807791376,118.0,0.03
0.8918650739279085,12.36837844142773,120.18531976744184,0.03
0.909491855598249,15.517757460931573,117.0,0.0225
0.8712407147154559,13.86850105477265,120.18531976744184,0.03
0.9310639520313512,14.956401659200504,126.04801829268293,0.035
0.8848732653608569,11.81565577136968,112.0,0.0625
0.7920392854141526,13.142040728695036,123.046875,0.035
0.9020075547021552,13.028480235033982,123.046875,0.0575
0.8691619338095116,14.223382050541172,123.046875,0.045
0.7033058994757757,14.546593273962447,120.18531976744184,0.0225
0.8786621727603493,14.438950299968525,120.18531976744184,0.0575
0.856744962267046,13.871663022923673,120.18531976744184,0.0775
0.9098126361034582,12.608964284918555,129.19921875,0.035
0.9058544504857196,13.481249126766699,132.51201923076923,0.0475
0.9387079803609346,11.87238210756967,115.0,0.04
0.9375774591070816,13.629516794888294,113.0,0.035
0.9796703317565219,11.456422174264546,123.046875,0.025
0.9292807004031604,13.42032953466352,132.51201923076923,0.04
0.9536417377064543,12.829911365545728,123.046875,0.0275
0.8582440620569426,13.279163714847247,120.18531976744184,0.03
0.8471630643495063,13.65376111230708,114.0,0.0475
0.837022718479042,14.666238767392295,114.84375,0.045
0.8801304212755665,11.714021038515046,120.18531976744184,0.025
0.6849584075123308,14.754672030054303,126.04801829268293,0.0325
0.8203769126450537,14.819266038133556,126.04801829268293,0.055
0.9826963968347908,11.23058941801941,126.04801829268293,0.045
0.979747827410192,12.316161645451652,126.04801829268293,0.0575
0.9612459348144695,14.636881664904482,126.04801829268293,0.0225
0.9259286635285412,13.071895889132604,132.51201923076923,0.03
0.9290526128300588,14.756197095429252,129.0,0.0225
0.88340966511295,13.762090609869968,113.0,0.045
0.7249093164409076,13.489255117290718,129.19921875,0.05
0.764684907947222,13.67088684410005,129.19921875,0.05
0.964042995971229,13.60206840151878,126.04801829268293,0.0425
0.9639499946919098,13.600337359580724,125.0,0.045
0.82380627613656,12.269219327522611,129.0,0.0425
0.9911057765158273,12.788602546128146,132.51201923076923,0.0625
0.9671244846888825,14.98817167456867,139.6748310810811,0.05
0.8690717430010374,12.925045276674684,128.0,0.035
0.9461254406375552,14.448174986838245,129.19921875,0.0425
0.6801061297191954,12.97037433363073,130.0,0.04
0.9265816892691748,14.620369636511835,120.18531976744184,0.03
0.9024741586618475,15.351220223269513,123.046875,0.0425
0.9445145225492164,12.984999878321043,120.18531976744184,0.0225
0.8687575107047455,14.057926523855368,135.0,0.0425
0.8151427499959621,13.34966598589391,130.0,0.025
0.8925646119338634,12.825136092709778,132.51201923076923,0.0375
0.9186407775242413,13.175982481619444,135.99917763157896,0.035
0.9101139177589176,14.317287989806054,128.0,0.04
0.8732877921244332,13.706969329497568,129.0,0.0575
0.9360006222987249,13.899717420277335,135.99917763157896,0.035
0.9234768851029911,13.1855480152803,129.0,0.0375
0.9403992027132352,14.166846627663784,126.0,0.0325
0.637555314299489,12.788725523236767,134.0,0.045
0.7540066533898357,13.243618928145539,123.046875,0.0225
0.8369709767517308,13.549153088402127,123.046875,0.0275
0.9327504347186336,13.035307324031852,123.046875,0.0325
0.8903888383594186,13.04412719960644,139.6748310810811,0.0375
0.82568668631275,13.505248401718369,126.04801829268293,0.04
0.7963174041330952,13.939002669305445,113.0,0.0425
0.8304343919442809,14.345073446755475,120.18531976744184,0.0225
0.8009407856532037,12.68145909938507,126.04801829268293,0.0975
0.8884601324151192,12.812209089867004,114.0,0.06
0.8510421626580894,14.253478970016692,120.18531976744184,0.0475
0.8320123294436345,14.117712002649654,120.18531976744184,0.055
0.8187899402377496,13.425037468309299,132.51201923076923,0.0425
0.6758884007548726,12.330811496297443,134.23295454545453,0.045
0.955085052127418,13.080925353196788,129.19921875,0.0525
0.9178249926039842,12.796520206846573,139.6748310810811,0.0575
0.9272773690947165,11.805850130420009,128.0,0.025
0.8884371330951131,13.207592230375946,135.99917763157896,0.02
0.9283540003996529,13.211795539651472,132.51201923076923,0.0175
0.6069254727203253,14.030522390032706,132.51201923076923,0.02
0.974180107840306,12.745304827173756,132.51201923076923,0.03
0.9463132793081712,14.781978582827088,132.51201923076923,0.03
0.9825438273774424,13.288214866161002,125.0,0.0125
0.8719392314587159,13.16557070237363,122.0,0.055
0.7589910895547939,14.30960818087489,120.18531976744184,0.025
0.5834193828390914,13.873224090229659,132.51201923076923,0.0325
0.891601034768765,14.172160309865156,129.19921875,0.025
0.9900277714854554,12.193764229978726,129.19921875,0.0525
0.9790173745115508,14.258497013826222,123.046875,0.0275
0.9330639298375002,13.781205305336055,132.51201923076923,0.025
0.8393134617545247,14.721905488906556,120.18531976744184,0.04
0.9908069745823462,11.638778575610647,117.45383522727272,0.0425
0.9165376745935158,15.549784175563355,123.046875,0.0275
0.9406185066399664,13.180957728437866,124.0,0.0375
0.816041190844865,15.739795104052613,126.04801829268293,0.0325
0.8266174062210159,12.214093181551435,132.51201923076923,0.035
0.914502334561561,12.833749871212756,129.19921875,0.0375
0.8063569264821187,13.48444015376101,117.45383522727272,0.07
0.8806058761227833,13.053324490702279,123.046875,0.0675
0.9650747498816808,13.333551279602244,126.04801829268293,0.0275
0.941562254523042,14.294248262424428,120.18531976744184,0.0375
0.9141213838674052,13.741294679280678,120.18531976744184,0.055
0.7825125115973701,12.356874673032852,135.99917763157896,0.0725
0.8341843125517883,11.731592932926418,130.0,0.0625
0.962064476414962,12.530000049144,126.04801829268293,0.07
0.9197353451565916,12.34489512533614,138.0,0.06
0.5954169145641548,13.81780931553543,120.18531976744184,0.0725
0.9789390645019728,14.546410935187282,123.046875,0.05
0.907089659098499,13.855475506488713,120.18531976744184,0.0425
0.9857106499048248,12.647949683363144,126.04801829268293,0.045
0.895524071062142,14.084969611908376,126.04801829268293,0.0325
0.9211013286460684,13.856056846543147,126.04801829268293,0.0325
0.7389149010568747,13.842260087223336,126.04801829268293,0.0275
0.7723464351813438,14.969525203891092,126.04801829268293,0.0325
0.5156747111020803,13.339678195181897,120.18531976744184,0.0375
0.9260935469665865,13.865802596603142,138.0,0.0325
0.8773757143499609,15.439847344087118,139.6748310810811,0.0325
0.9197709750711609,14.644074663915244,129.19921875,0.0425
0.9100940003370191,13.711007208576971,125.0,0.03
0.94206263457073,13.26275759310566,114.84375,0.0425
0.6907784324353144,13.139930796568606,114.84375,0.0425
0.7455847173360546,13.668325568007607,118.0,0.05
0.7981709145515951,13.522975418106999,120.18531976744184,0.0475
0.8863124403522877,13.74606009732376,120.18531976744184,0.0425
0.8938149713993885,13.52590406858645,118.0,0.0325
0.8754734114439212,10.299565428067137,123.046875,0.075
0.7134756738149177,12.941837503110392,120.18531976744184,0.04
0.9104902986985328,14.499073159852166,139.6748310810811,0.05
0.7964686070357037,12.032261791234433,126.04801829268293,0.03
0.9683697266692752,12.828526456379656,120.18531976744184,0.035
0.7857762216194014,13.079193289175482,123.046875,0.0275
0.7798682287384537,13.975316638435286,123.046875,0.0275
0.9662671240695476,13.764010083110188,129.19921875,0.06
0.9123441589438784,14.09941413655617,129.19921875,0.0275
0.9371322734941704,12.323784594081122,139.6748310810811,0.0725
0.8329511674990284,11.793380853204116,135.99917763157896,0.0975
0.8729260193662245,14.651414941100043,129.19921875,0.0575
0.946704733522933,13.80900917621997,123.0,0.04
0.984790085279798,12.468642419475252,116.0,0.045
0.9829091186016621,11.858858894319933,118.0,0.0425
0.8279185225813867,15.412674036255828,117.45383522727272,0.025
0.9193513939432268,14.554733932944512,123.046875,0.045
0.65581189571596,14.790208370780745,118.0,0.0375
0.71873653243009,13.105091306197664,123.046875,0.05
0.91633087945722,13.383872541484097,126.04801829268293,0.035
0.8532091283340705,13.921998499612894,115.0,0.035
0.8971374845430365,13.386989119091272,128.0,0.0375
0.9156758243812942,12.122065112833582,126.04801829268293,0.05
0.9074527369161666,12.25669769162006,126.04801829268293,0.0475
0.9446286013505233,12.895415353837006,123.046875,0.0275
0.9439126006447708,12.80609704044373,126.04801829268293,0.0325
0.8777648507637124,12.165946025905672,120.18531976744184,0.035
0.9243816920026401,13.665670187623085,123.046875,0.035
0.8740247413780793,14.441327104362307,129.19921875,0.0275
0.8729960077412295,14.140258570220052,123.046875,0.0375
0.8715426989441055,13.900147107440102,126.04801829268293,0.0375
0.9032621270347563,13.613876694711873,126.04801829268293,0.0375
0.9273168726075514,12.904270954688979,123.046875,0.035
0.8706510328692167,13.66027856590524,123.046875,0.03
0.9074837703723588,12.955926976784255,123.046875,0.035
0.9739322673562854,14.186000874881783,123.046875,0.025
0.8405827245311612,14.027905888715711,123.046875,0.0275
0.8302772554350681,15.006361532449844,126.0,0.025
0.9012357339648878,12.977390671756291,126.04801829268293,0.0325
0.938374031167407,13.61036756671108,123.046875,0.0375
0.831890099883347,13.766389499502989,126.04801829268293,0.035
0.760579899636451,12.880406708590396,117.45383522727272,0.0475
0.9437634736194888,13.972446064294356,129.19921875,0.0425
0.953426579298889,12.9800568639439,135.99917763157896,0.0425
0.9550720268124454,12.625389743800563,135.99917763157896,0.0475
0.9679811632639026,11.684772611953619,126.04801829268293,0.03
0.8641941434698023,13.207424360807305,126.04801829268293,0.02
0.7158890547890542,13.627607469696553,129.19921875,0.045
0.9022398983983926,15.727543559333316,126.04801829268293,0.03
0.8141684326223868,13.315321725455743,126.04801829268293,0.03
0.8575298609000119,13.50658189015822,126.04801829268293,0.0325
0.9470810275464726,12.060145377930665,126.04801829268293,0.0525
0.8275564834096952,11.82430584004867,112.34714673913044,0.0425
0.9464496802822422,13.649561635004936,125.0,0.03
0.9656152168887904,11.15451094612644,123.046875,0.06
0.9146335786948696,12.055000110688749,132.51201923076923,0.035
0.914237516112324,12.50914531248123,129.19921875,0.0275
0.9749855095175091,12.749145609453294,132.51201923076923,0.04
0.9959861171121376,11.498705943475205,132.51201923076923,0.03
0.9714464161619484,11.290521421254802,135.99917763157896,0.0275
0.9616975860798568,15.235814327339344,132.51201923076923,0.0375
0.9331710141366794,14.227366894042742,135.99917763157896,0.0675
0.9951302144178468,13.41643611628048,132.51201923076923,0.0325
0.8856441298280622,13.494014248597548,126.04801829268293,0.0325
0.8166738953064996,12.762223250570047,126.04801829268293,0.065
0.698347751576122,14.127619266880735,112.34714673913044,0.055
0.698347751576122,14.127619266880735,112.34714673913044,0.055
0.6091144813057896,13.90701848409519,112.34714673913044,0.0325
0.6091144813057896,13.90701848409519,112.34714673913044,0.0325
0.7940333836815539,13.537908152158781,112.0,0.0425
0.7940333836815539,13.537908152158781,112.0,0.0425
0.9501367329214268,12.397708068208555,112.0,0.0725
0.9501367329214268,12.397708068208555,112.0,0.0725
0.5849034385522608,14.543031760920474,114.84375,0.0425
0.5849034385522608,14.543031760920474,114.84375,0.0425
0.8190786296720782,12.367497406610994,136.0,0.045
0.845872964504579,12.646384473574876,129.19921875,0.0425
0.7976490080929358,11.91913649663542,126.04801829268293,0.085
0.950659939814454,15.229614482093584,122.0,0.0225
0.9952059868743065,16.489638417194854,123.046875,0.0225
0.958009506858102,14.404163710733798,123.046875,0.0275
0.886841857752986,13.423319806508731,123.046875,0.045
0.8880108640900994,13.061639017954755,123.046875,0.0525
0.9379438161845018,12.794462380642123,120.18531976744184,0.04
0.9389011821703974,13.826482020863375,123.046875,0.0575
0.92061525367698,13.882947567162377,123.046875,0.06
0.8430327840896961,14.549951986953513,123.046875,0.04
0.8639049083482551,14.026989618491783,123.046875,0.035
0.9065658668213432,12.928285997103242,129.19921875,0.05
0.8437951240906738,13.46368546106683,132.51201923076923,0.0425
0.8836877694221391,13.84868857753708,129.19921875,0.045
0.7783376153169811,12.572937923214972,118.0,0.0225
0.7998264562482208,14.721273158218397,118.0,0.04
0.8897053609178338,12.47913781763276,118.0,0.06
0.94842134247929,12.736605270999238,120.18531976744184,0.0525
0.6420855946113136,15.468393925930544,126.04801829268293,0.04
0.6927689836883197,14.41211828148352,129.19921875,0.04
0.9685323860862014,13.011318786290335,129.19921875,0.055
0.6665504802671698,16.61238890502126,123.046875,0.045
0.7382569009635926,13.89355367698759,126.04801829268293,0.05
0.8994198078630828,14.311629657319749,123.046875,0.0475
0.865382833288429,14.286652699953276,111.0,0.03
0.7866050279652859,13.657078323531273,123.046875,0.0225
0.8120382009890494,15.5665042344921,126.04801829268293,0.03
0.811744409790676,14.07345468995641,123.046875,0.03
0.737013590044438,15.441854928800984,123.046875,0.0375
0.8548915014090116,15.558873281689062,126.04801829268293,0.055
0.7410141730127265,14.20982198182969,123.046875,0.0425
0.9071645228486076,14.951022208071048,123.046875,0.04
0.9388626535337734,12.915980085315026,126.04801829268293,0.0725
0.8686237825794569,14.82330904332508,129.19921875,0.065
0.8445270387974377,13.30174875984434,123.046875,0.0625
0.6031539931437522,14.723496113301143,115.0,0.0225
0.9721471356558372,12.934098263761747,126.04801829268293,0.0375
0.8913336272430539,16.340856121282208,123.046875,0.0375
0.9549396750144181,15.270392245393825,123.046875,0.0425
0.5604266094595243,16.063067281160237,116.0,0.0325
0.6923322739380029,13.555414378185883,126.04801829268293,0.0175
0.7630216641023326,14.545819942768938,123.046875,0.0275
0.9359484614414596,13.154209709148729,129.19921875,0.06
0.6490686166950767,15.349765336570057,118.0,0.04
0.5203321932539058,15.447986313865613,118.0,0.0325
0.7994029193211327,13.967200253943858,123.046875,0.03
0.9182733924648042,14.485990578482106,123.046875,0.04
0.9478711631572432,12.799237812157159,123.046875,0.0375
0.859688572569191,14.571423738082023,123.046875,0.04
0.7395711089361142,14.169397284272367,116.0,0.025
0.8782183129909084,14.604166086246185,123.046875,0.0575
0.9334736738019729,13.238826152344156,126.0,0.035
0.6750634418912724,14.756117093239832,123.046875,0.045
0.3610153226164186,13.159288519763495,143.5546875,0.04
0.8665749091097509,14.680987808421381,135.99917763157896,0.035
0.9137570830536776,14.162974870965378,139.6748310810811,0.085
0.9929617575809057,12.379959838585311,142.0,0.05
0.9952461277753034,11.649689403233396,142.0,0.0575
0.9833654933583058,10.804039874380734,147.65625,0.1
0.852288545373099,15.164225272877692,139.0,0.04
0.9138732825922404,12.928299682424685,139.6748310810811,0.0525
0.9518370575109392,12.181717960443208,147.65625,0.0575
0.8412590834611046,15.744209809281324,147.65625,0.055
0.8910331324917675,10.937068932953116,151.99908088235293,0.0725
0.9908142082020552,11.73397330525174,132.51201923076923,0.0275
0.7845468687229455,11.71604825225958,129.19921875,0.035
0.8806455574061844,14.569861134018186,143.5546875,0.0475
0.8057404626572665,11.108346684392796,132.51201923076923,0.0325
0.8665557709891516,14.7109623300207,147.0,0.0725
0.9463814031869998,12.178537969866827,135.99917763157896,0.05
0.8412590834611046,15.744209809281324,147.65625,0.055
0.9564662379699082,12.35769086047697,135.99917763157896,0.0625
0.918900903832585,14.158064315607229,135.99917763157896,0.0425
0.9095582722205,12.819560939714393,135.99917763157896,0.03
0.8528273349810161,11.54713228423319,132.51201923076923,0.045
0.9461041584228798,12.481750277195982,143.5546875,0.0475
0.9678453669899671,12.306155791097446,164.0625,0.0525
0.9075889992789123,13.339844117398094,132.51201923076923,0.0475
0.8834342286663663,14.27372586005243,129.19921875,0.0475
0.942329078815995,12.846497502539197,172.0,0.0575
0.957477197066597,12.260274412457605,156.60511363636363,0.04
0.863993483644943,10.129731854884298,184.5703125,0.0875
0.9568416904898178,14.134001716511353,169.44159836065575,0.045
0.9231852483405938,11.596054064331057,135.99917763157896,0.0525
0.984114830620204,14.242234098551371,156.60511363636363,0.0525
0.8303738163979748,10.302955647190329,139.6748310810811,0.0725
0.9394427259701263,14.959254838942217,164.0,0.04
0.9786492720295166,12.924664924080538,143.5546875,0.0325
0.9744398922323161,11.996876456094864,129.19921875,0.0425
0.9413761645182604,12.939996110732322,129.19921875,0.035
0.9502908778148673,13.16448172769212,129.19921875,0.0475
0.9232585606265498,13.440459413431757,166.70866935483872,0.0675
0.8435458201438207,13.177237656504154,161.4990234375,0.03
0.9988397861939662,11.518798114364877,139.6748310810811,0.0975
0.8674167608681569,14.580803535139584,135.99917763157896,0.045
0.9541112488587152,14.306547562229934,143.5546875,0.0475
0.885229147469649,12.639044654307854,147.0,0.0975
0.9867136785266948,14.77986309829548,144.0,0.0425
0.965074058652138,14.15998682802022,143.5546875,0.04
0.9633102505183928,14.703526399836498,139.6748310810811,0.035
0.844590596955443,13.815740380466025,156.0,0.055
0.896322678823069,14.821528916663468,143.5546875,0.035
0.7370334746067697,12.387939011323642,156.60511363636363,0.05
0.9713401572579266,12.210683186705841,156.60511363636363,0.045
0.9435036553344306,12.16206976474785,161.4990234375,0.0425
0.9308224981327028,12.874950235028338,163.0,0.06
0.9776823639727172,15.576905350552348,147.65625,0.0775
0.9278928255547136,13.449601841927993,143.5546875,0.055
0.9854954202425044,9.158231940177206,143.5546875,0.08
0.9435127965189828,14.448215994720474,156.0,0.05
0.8703543337708612,15.267795256663394,150.0,0.0525
0.8762347692164763,14.423950097248273,143.5546875,0.0675
0.9983077654559384,11.892036809324235,151.99908088235293,0.0825
0.9312805232230316,15.419762316273433,149.7961956521739,0.0575
0.9127710434411336,13.183618119584253,135.99917763157896,0.0425
0.9535844069073176,11.678123993888631,166.70866935483872,0.0375
0.8886318423330981,12.755569379145165,154.0,0.07
0.9805689877814023,11.92647534392234,146.0,0.0575
0.7333618503910032,12.77554026703555,139.6748310810811,0.04
0.695691831599514,13.289664082622933,139.6748310810811,0.0475
0.9832368165984652,12.902129638172887,132.51201923076923,0.09
0.8616436828065237,13.653526311066699,147.65625,0.055
0.9669290097628032,12.110544494389199,143.5546875,0.075
0.9532477297278443,12.187733003988743,147.65625,0.065
0.7612389634907288,13.854944835711466,147.65625,0.07
0.9410145279929968,13.942999544845083,139.6748310810811,0.035
0.9596757756811969,13.102259083836746,150.0,0.0425
0.970839143854274,13.14161381901694,191.40625,0.03
0.8917832417126734,13.82602229131333,135.99917763157896,0.0625
0.986290107050134,14.257898775654652,161.4990234375,0.0425
0.8575279159287758,12.776948805150154,164.0625,0.0725
0.9778027828308503,8.522701460806953,166.70866935483872,0.0875
0.8938047328647876,14.60563227250427,169.44159836065575,0.03
0.9193768203806947,13.210544902655778,150.0,0.0275
0.978880930478122,14.202900695091692,139.6748310810811,0.0425
0.707565393353984,14.545850883078852,143.5546875,0.02
0.9813483746119516,12.251127326982047,161.4990234375,0.035
0.9722832878427723,11.87439301318913,151.99908088235293,0.035
0.9117486080642688,15.309490397619562,151.99908088235293,0.035
0.8186523214176495,14.913009165710085,151.99908088235293,0.0325
0.8898205367293811,12.648261466275724,156.60511363636363,0.045
0.929585461658596,13.65654944796617,150.0,0.025
0.8205243493099418,11.44545164996109,169.44159836065575,0.0475
0.9570452056891783,14.079586094257348,143.5546875,0.035
0.7667470693263547,15.417841270280789,156.60511363636363,0.0225
0.9397429095834527,10.229678913639749,166.70866935483872,0.0875
0.9388481110787805,13.857070024319363,132.51201923076923,0.07
0.8691262324112649,13.412747363182396,139.6748310810811,0.055
0.9577448097660666,11.730746025967049,143.5546875,0.0575
0.9786465530606302,12.847440277164178,135.99917763157896,0.055
0.7320054740120208,9.963703091540475,147.65625,0.055
0.8890420078943257,11.239638885574326,166.70866935483872,0.0575
0.5824859740488555,11.388323583988562,147.65625,0.05
0.7970784078348012,12.534179485536503,162.0,0.06
0.566610023256308,11.78156405243153,166.70866935483872,0.055
-0.2545369150155275,11.199599718643508,166.70866935483872,0.0625
0.4103005229834696,13.494881786971714,172.265625,0.05
0.45460946041696326,12.875026949417478,198.76802884615384,0.0475
0.7849424322669408,14.009645568253372,156.60511363636363,0.035
0.1384003257832526,12.72911115495925,167.0,0.0775
0.2845818056360834,13.798665996729998,178.20581896551724,0.045
0.2784281037032814,12.50438411784492,150.0,0.05
0.7094220451177433,11.919954168174865,175.1853813559322,0.04
0.20460129125247678,12.15750753935982,166.70866935483872,0.05
0.2844910866936275,12.537003443490173,187.9261363636364,0.0325
0.9364428364590609,13.496472362579327,151.99908088235293,0.04
0.9416008216219328,14.03390904375305,132.51201923076923,0.045
0.995255014156117,13.038431105026639,151.99908088235293,0.0325
0.9893705977156882,13.915490421362444,156.0,0.0325
0.9922067237618926,14.437561126592252,139.6748310810811,0.03
0.9740905572626672,11.757762806924859,169.44159836065575,0.045
0.9823431750994072,13.458313743834436,178.20581896551724,0.035
0.93655048352295,15.13084498678466,149.7961956521739,0.0225
0.9868108465015812,12.592140749494806,164.0,0.0425
0.9928906643020685,16.312316801148853,156.60511363636363,0.035
0.9980378508708396,14.891533674409182,159.01442307692307,0.04
0.8999320305553947,12.124959975571938,135.99917763157896,0.0625
0.939601937794058,12.370884640949795,151.99908088235293,0.0625
0.901751941122716,13.284157896371743,166.70866935483872,0.0475
0.9546766258508306,10.174818890791919,161.4990234375,0.05
0.8394978834294388,14.129438654062133,166.70866935483872,0.055
0.9772421708175398,12.01329735770577,143.5546875,0.09
0.8853810490366192,14.070509574935851,156.60511363636363,0.085
0.9731724559032224,12.615356910521214,250.0,0.0775
0.9489426900503856,13.269216906617153,147.65625,0.08
0.8218639769147738,12.09615646884617,157.0,0.0825
0.7330132274283914,15.305407075930137,161.4990234375,0.0475
0.7613301235070363,12.200696624937637,156.60511363636363,0.0575
0.8050867479976263,12.409202092197813,139.6748310810811,0.0525
0.9686285957609944,12.042562348440942,139.6748310810811,0.04
0.8495027367636778,12.720178537184317,143.5546875,0.085
0.9137862252239148,12.824409987805067,143.5546875,0.0575
0.9765983345619448,16.55708748687407,143.5546875,0.05
0.8427215798631179,12.720893119112295,152.0,0.03
0.8227391303910758,10.366509014435092,129.19921875,0.055
0.9382738597587942,11.893584665896604,138.0,0.07
0.9023974874079208,12.58444000397345,151.99908088235293,0.0475
0.8806198852290434,12.120058717489407,147.65625,0.045
0.8888978450260983,14.135064383802245,143.5546875,0.0325
0.9422463004046,13.488084245378744,139.6748310810811,0.04
0.9366047465808548,11.131577014120218,137.8125,0.04
0.9474142413724593,12.161628259357332,135.99917763157896,0.035
0.904834999801529,12.687032690830222,156.0,0.03
0.7537547277773282,12.91988149520416,156.60511363636363,0.0475
0.9289737545058157,12.342146719212288,135.99917763157896,0.06
0.9289737545058157,12.342146719212288,135.99917763157896,0.06
0.8711846110792606,12.26641075044154,139.6748310810811,0.0325
0.9140378034717962,14.503673098358693,135.99917763157896,0.0475
0.9566860890142712,13.317935265151238,150.0,0.065
0.9791984689186336,11.412074984124729,143.5546875,0.04
0.9951163580354055,12.136640693197569,147.65625,0.0425
0.8401733843728754,14.237083236901318,143.5546875,0.075
0.8391171335162781,14.439734972293143,135.99917763157896,0.055
0.9333292684127912,12.940434779808882,136.0,0.035
0.8908481099054426,13.114182203973415,126.04801829268293,0.0375
0.7266367205887028,14.009267714401576,129.19921875,0.0275
0.6454102003960476,16.075192295451064,129.19921875,0.0725
0.7147585281733279,12.982546334485047,129.19921875,0.03
0.9171249334860276,14.63403475909323,143.5546875,0.05
0.6511868869263491,16.20322109864298,126.04801829268293,0.0425
0.8543794547163194,14.058895294220582,129.19921875,0.0425
0.95709005857715,12.823087628455282,161.4990234375,0.055
0.8172939663988197,13.234817362530736,151.99908088235293,0.055
0.7917763826078676,12.873727259658988,170.0,0.0675
0.9135295496272309,13.373683683426652,161.4990234375,0.0575
0.7267950647420665,12.460911215153113,135.99917763157896,0.0425
0.9085888157551,14.07989996080932,135.99917763157896,0.0525
0.8288289199830416,14.875537125394256,132.51201923076923,0.04
0.9890255049036112,12.958783885521187,150.0,0.0825
0.985685921108893,13.789441951457512,143.5546875,0.0575
0.9386264236955404,11.164930950973025,132.51201923076923,0.065
0.9740425148588476,11.83584428313096,147.65625,0.0625
0.9848841156389722,11.607437955623183,135.99917763157896,0.0475
0.9761344747826934,10.431251945606386,132.51201923076923,0.04
0.9725753025519276,9.622549469947096,135.99917763157896,0.0425
0.9684875123896532,12.219246367882725,161.4990234375,0.06
0.9508392042642196,6.1045041899972965,143.5546875,0.1
0.9407618252927156,11.917432207955049,152.0,0.07
0.9342069819578984,10.792913893840456,147.65625,0.0525
0.9254387529562584,12.07819876419192,146.0,0.05
0.5859286391253853,11.53715997808643,148.0,0.045
0.8964533395260118,11.93290963638828,149.7961956521739,0.06
0.8339701071381354,13.036199605653565,161.4990234375,0.0575
0.8865930128398524,12.877783713197529,164.0,0.0725
0.8896203698154821,12.703363108686453,139.6748310810811,0.0525
0.9006596105527417,12.356712611804273,152.0,0.0675
0.9705486270699366,12.84341069749555,138.0,0.0725
0.9205911374107022,10.100505392748069,143.5546875,0.0675
0.9491747323749128,11.56876659011538,135.99917763157896,0.065
0.937041684302794,9.071062236660282,143.5546875,0.0875
0.9937405104029128,13.838922059430061,135.99917763157896,0.055
0.9807093593294549,12.492063707435229,135.99917763157896,0.0575
0.9665879720082532,11.718624835167724,161.4990234375,0.085
0.9922760663352038,10.698770264840922,129.19921875,0.075
0.9801851283727847,14.366728289001912,132.51201923076923,0.045
0.949250659754601,12.716408244100665,135.99917763157896,0.0775
0.9515883949215832,10.59126560357101,132.51201923076923,0.095
0.7873038920636509,10.111149657174195,139.6748310810811,0.075
0.9818902951583662,12.951179929323636,147.65625,0.04
0.36310741413038244,12.65196545851662,143.5546875,0.0675
0.9573903345545884,11.292702130887438,139.6748310810811,0.035
0.33352150192376984,11.790057317782923,139.6748310810811,0.06
0.424430044278933,11.716924662281142,139.6748310810811,0.06
0.67578051726225,13.499077910919098,150.0,0.0275
0.83238329452369,14.09260812384416,143.5546875,0.03
0.3556173923433668,11.33440329730689,150.0,0.05
0.412482350548044,12.394616789928769,150.0,0.045
0.6385379661756225,12.860572052986575,139.6748310810811,0.05
0.8797850098776143,15.0018322568737,143.5546875,0.035
0.8109550529291467,15.542730863772364,143.5546875,0.03
0.9932885657942443,12.967684329722246,147.65625,0.0425
0.7596227568439043,14.12942361991056,135.99917763157896,0.0725
0.7958056563546443,14.514870814522565,133.0,0.035
0.7749316993540486,12.344647587134233,147.65625,0.0475
0.8161583238869963,12.275010687360698,150.0,0.0425
0.9547258867144548,12.601068733569395,132.51201923076923,0.0375
0.8979267120169147,14.732143714105328,135.99917763157896,0.04
0.8847900598987731,14.504784689316594,135.99917763157896,0.04
0.722440542858813,12.206002496047821,129.19921875,0.0425
0.8956018438155109,12.591270500537671,139.6748310810811,0.0525
0.8167127261538893,13.04251853315193,135.99917763157896,0.045
0.7438351026673613,12.774891902775192,139.6748310810811,0.0625
0.7807332497455078,12.773769179440423,139.6748310810811,0.0375
0.8705486023393617,13.59101622207457,123.046875,0.035
0.7431344200026585,12.719822503481586,132.51201923076923,0.0425
0.7092202052443413,12.48933242072794,147.65625,0.0575
0.7774953431562948,13.888634654143438,129.19921875,0.025
0.7204970213608667,12.357581644707235,147.65625,0.045
0.6425457644681131,12.93711335335207,132.51201923076923,0.05
0.858845509777395,14.010758170456825,135.99917763157896,0.0375
0.7685972080947231,13.293821769918605,151.99908088235293,0.05
0.7044453483375661,12.954385925440382,151.99908088235293,0.045
0.7627320171140382,14.49974689167366,135.99917763157896,0.035
0.9369435055013788,13.540524350847027,135.99917763157896,0.0375
0.8496565709899255,12.844698658638034,139.6748310810811,0.035
0.4869591811447618,15.010427381151608,146.0,0.0475
0.7767677035608925,12.64161635221746,139.6748310810811,0.0375
0.8592977411497971,12.742714563764828,135.99917763157896,0.0425
0.2303474228948002,14.334140766232007,140.0,0.05
0.7526539935811656,14.898566089440575,139.6748310810811,0.0275
0.7449513030771249,12.809785904389951,132.51201923076923,0.055
0.9343518306981109,11.12632607078783,150.0,0.05
0.9303498810202916,12.750315847991107,135.99917763157896,0.06
0.9675392926101084,12.06656896188548,135.99917763157896,0.0575
0.5878083262767442,13.188211810464624,123.046875,0.0325
0.9615280913160504,12.07956114276096,123.046875,0.045
0.5966947276879175,11.79352441741992,129.19921875,0.035
0.6332277598677055,12.498407619536986,123.046875,0.0475
0.6725292447844435,12.973852264003323,135.99917763157896,0.0325
0.6801194758859602,12.69246936589376,135.99917763157896,0.0375
0.8821785948691375,12.09075359154333,123.046875,0.04
0.6572340071991192,12.711726045702017,135.99917763157896,0.05
0.9309092981546807,12.078000302190606,135.99917763157896,0.0575
0.6372452382464983,12.51603860228295,135.99917763157896,0.0625
0.7072171434843308,11.850553566945116,135.99917763157896,0.0475
0.6282030039191604,12.431313762232842,135.99917763157896,0.0375
0.7940000163474799,12.537952516833837,117.45383522727272,0.035
0.0991141505770882,12.249408430933816,135.99917763157896,0.035
0.8423345872579517,11.408759742616123,139.6748310810811,0.0425
0.9372059114922642,15.216522669216694,146.0,0.0325
0.5871298112673221,12.425470982025445,135.99917763157896,0.0375
0.9647679556424515,11.770327353462728,147.65625,0.0375
0.6734218934497513,11.969408923671407,151.99908088235293,0.05
0.7500332380472152,15.298648448205403,120.18531976744184,0.0275
0.7681340671060934,12.032593613596319,129.0,0.05
0.9279947613361496,11.87173298809309,120.18531976744184,0.0475
0.813117376488886,11.409123426935857,123.046875,0.0375
0.7073859526163401,15.282095024984162,123.046875,0.03
0.762173193911557,14.030120908429657,123.046875,0.025
0.8427012510067498,13.14357664726695,139.6748310810811,0.04
0.923200612675081,13.809021198331944,149.7961956521739,0.035
0.8789802437440122,13.244349223040253,151.99908088235293,0.0575
0.7910346426087087,13.069256287303261,139.6748310810811,0.055
0.9595968464342086,14.347907461119206,139.6748310810811,0.025
0.6016035416561706,13.104245870191146,143.5546875,0.03
0.9767253685270982,12.65078074905946,147.65625,0.025
0.8462460967621641,14.85562385091272,129.19921875,0.06
0.9751782003652208,13.108696315865036,132.51201923076923,0.075
0.9385875260985928,10.947226734249607,129.19921875,0.0225
0.34307982151564076,12.072357569658005,151.99908088235293,0.04
0.86232609535598,12.936685423997808,135.99917763157896,0.025
0.9341472406361908,12.740929901614026,132.51201923076923,0.035
0.9254822218401938,12.11180294821419,135.99917763157896,0.055
0.8290668720576907,12.768277050946708,138.0,0.0675
0.9259794496603068,12.595091117669051,129.19921875,0.03
0.8725617203389497,14.230085805368994,129.19921875,0.035
0.729771662631156,13.72710683382009,129.19921875,0.0375
0.9719789815835488,11.122497796243351,126.04801829268293,0.025
0.8871975880373183,14.302828686777506,124.0,0.0375
0.6071992903864936,13.530831118890916,127.0,0.045
0.8946338150935803,13.729536196307034,127.0,0.05
0.8754597707481784,14.84918621123882,126.0,0.0275
0.8526827569638389,10.559281480292011,151.99908088235293,0.0375
0.5799707205125213,10.922266670924396,151.99908088235293,0.0325
0.7889176655683448,13.971594231914203,135.99917763157896,0.0225
0.9118303171742946,15.691188127322757,135.99917763157896,0.02
0.9624063458878265,13.84668656006492,143.5546875,0.0425
0.7897481480625561,10.76855744087181,139.6748310810811,0.0375
0.5523613649271502,13.466720148961105,143.5546875,0.03
0.7220264038482319,11.943012434535028,129.19921875,0.03
0.4878782045683585,13.171338339042942,145.57658450704224,0.0375
0.9261877240895973,13.973831520752437,129.19921875,0.03
0.8420717657558082,13.321325107477726,129.19921875,0.03
0.8106294390663542,13.331299926459613,129.19921875,0.035
0.9624031733707356,12.97667437892822,139.6748310810811,0.07
0.9901570030331128,11.774794123425306,139.6748310810811,0.055
0.6553935757380956,12.561270054549217,135.99917763157896,0.0525
0.6172712807388067,12.333645497685913,147.65625,0.045
0.5533792104219893,12.555563385036905,147.65625,0.055
0.6798789136590686,12.462482058759102,147.65625,0.045
0.6653479439304424,13.331715885170784,151.99908088235293,0.04
0.9070642335248786,13.768077145027751,139.6748310810811,0.0325
0.6203027514149113,13.499394539090163,132.51201923076923,0.035
0.625478702751264,13.194365100528728,147.65625,0.03
0.5185280136050767,14.04787777336912,139.6748310810811,0.045
0.8813053941024256,12.240186723574167,139.6748310810811,0.0525
0.8704783663501617,11.977396289906832,139.6748310810811,0.06
0.8685075781988947,12.842809466399832,132.51201923076923,0.0475
0.4901808479036327,12.5931728908654,130.0,0.045
0.8687575107047455,14.057926523855368,135.0,0.0425
0.7539774344894608,12.828188027875935,129.19921875,0.03
0.731517889497922,12.80659005514714,135.99917763157896,0.0525
0.692872848090092,12.678918332455014,132.51201923076923,0.05
0.8151427499959621,13.34966598589391,130.0,0.025
0.8118335329562167,12.076783347403824,156.60511363636363,0.0475
0.7366899889963344,13.068079991258262,156.60511363636363,0.05
0.678734746839102,12.687619763278587,151.99908088235293,0.0375
0.7295142689273593,12.433346373674912,151.99908088235293,0.035
0.7548038830219808,12.055543008088886,143.5546875,0.04
0.7504006634558048,11.980507852776231,151.99908088235293,0.035
0.7780772707828729,12.762531720970058,132.51201923076923,0.035
0.8415715282751981,12.766648594078237,142.0,0.0325
0.2834442090537168,10.376026846721045,147.65625,0.065
0.6225722891767602,12.165960744999198,126.04801829268293,0.0375
0.4622509709113183,12.820441959352001,136.0,0.045
0.7792931315152134,11.360067000626428,132.51201923076923,0.0375
0.6874173906099725,11.232400298871674,129.19921875,0.04
0.7665239311756475,12.476968448668561,135.99917763157896,0.045
0.6541849470180017,12.252856298906716,132.51201923076923,0.0675
0.7879924043239864,11.995200463433576,129.19921875,0.0425
0.8390398050983209,11.49882001965922,129.19921875,0.0225
0.3000041441927424,12.74834140302437,132.51201923076923,0.0375
0.7127378048460704,11.507389345589088,135.99917763157896,0.0625
0.9259388454731914,11.741923983292844,129.19921875,0.055
0.9903355112762674,11.733466199840176,123.046875,0.025
0.2991081901458248,13.297731686757192,139.6748310810811,0.0325
0.9271353206431612,12.07232308459257,129.19921875,0.0475
0.09526951274009655,12.664966334123225,135.99917763157896,0.03
0.8711846110792606,12.26641075044154,139.6748310810811,0.0325
0.6851834651811245,13.886299528172133,139.6748310810811,0.0325
0.872358567110048,12.309658945654796,139.6748310810811,0.0325
0.5645761943284285,12.467702404617677,145.57658450704224,0.0425
0.941842820735463,13.182123094609928,139.6748310810811,0.0425
0.7333981510574015,12.328673855177154,135.99917763157896,0.065
0.9505408476229606,13.517556317417341,150.0,0.0425
-0.09663306954039405,12.519674032825316,129.0,0.0325
0.8261315683458035,11.789403782828838,151.99908088235293,0.045
0.92883314253169,12.070512846873102,132.51201923076923,0.04
0.7003724540466658,13.126250915779536,146.0,0.0325
0.9123221066421698,13.044166029667426,139.6748310810811,0.04
0.7205538348364363,13.05625567084698,139.6748310810811,0.045
0.9554482455723476,11.658188135035068,135.99917763157896,0.065
0.8385945318619521,12.214849629266109,135.99917763157896,0.0875
0.8673203023320862,12.513325355393738,135.99917763157896,0.0775
0.5898988906108704,13.749377773439438,139.6748310810811,0.055
0.9704092909350532,11.532809244619004,135.99917763157896,0.0725
0.8308092733792256,13.437998544773862,143.5546875,0.04
0.8791658111392759,13.119007593426428,129.19921875,0.065
0.9150698240412096,12.945981654515316,129.19921875,0.07
0.8783053821895352,12.67792708420017,129.19921875,0.04
0.8646561711912646,15.45583705248443,138.0,0.0275
0.797969090523207,12.769533169274355,151.99908088235293,0.0325
0.7515080937491658,12.814006044469169,120.0,0.035
0.6162018010936184,13.38548607102317,127.0,0.0425
0.4208044063986819,12.940289106368757,156.60511363636363,0.05
0.5370301438665069,12.484348905060408,135.99917763157896,0.055
0.9495565817606232,12.026954208816502,130.0,0.05
0.9081251237337722,13.345219995907724,126.04801829268293,0.035
0.873332518709178,10.96560795690452,156.60511363636363,0.045
0.6836100107479104,12.17799766224729,143.5546875,0.0325
0.8535165787353958,13.97999093990216,135.0,0.0375
0.8605323276725098,12.548632166837898,129.19921875,0.0525
0.8044868340343754,13.164799754015194,132.51201923076923,0.0275
0.987673946572966,11.592930414603416,147.65625,0.0625
0.64816161281337,12.963783382328554,139.6748310810811,0.055
0.810159564601672,13.49620077500013,147.65625,0.0325
0.5415488243914599,12.407382316656363,150.0,0.0275
0.7199111651898165,12.450198524243714,132.51201923076923,0.045
0.7920389644986037,13.813269529824773,139.6748310810811,0.035
0.9891156411298492,13.681816460271964,143.5546875,0.03
0.9586499311866613,11.663700859268005,120.18531976744184,0.0325
0.8605987740117773,11.35413552401032,147.65625,0.03
0.7328931475092417,11.927138342074194,151.99908088235293,0.02
0.9379387440725224,13.378545330868622,129.19921875,0.085
0.489436242881397,13.847657544512852,139.6748310810811,0.0225
0.760579899636451,12.880406708590396,117.45383522727272,0.0475
0.4059868272238057,13.73089763375382,150.0,0.0325
0.8786457383979491,12.067159414417185,143.5546875,0.025
0.8911314542698691,13.619756813899063,143.5546875,0.0275
0.8193338576117546,12.886998978993168,143.5546875,0.0275
0.5877560640581121,13.432017090069062,143.5546875,0.055
0.21321299160663,13.390665826180287,147.65625,0.025
0.5377537609556147,15.355404264153533,151.99908088235293,0.0375
0.567357946155583,14.414891281508408,143.5546875,0.0325
0.4766787985507788,12.194367049082468,139.6748310810811,0.065
0.7582546936435253,11.945072234012152,130.0,0.0425
0.757115112163055,12.38319299889159,147.65625,0.0575
0.8106061790618331,13.841309709792686,139.6748310810811,0.045
0.7597020921850139,13.9228780845518,143.5546875,0.045
0.8970221906298386,13.452501705717616,135.0,0.07625
0.8207198538905411,13.874632262850987,136.0,0.0425
0.8118059625815427,13.855741540380912,139.6748310810811,0.0525
0.8655707810125073,13.811802981542215,139.6748310810811,0.035
0.9455856219936584,13.22696283786999,139.6748310810811,0.04
0.9284542525525921,14.131331592321201,139.6748310810811,0.04
0.8917658257279222,13.26800147244386,138.0,0.03
0.7507794437901197,11.290905622121256,135.0,0.0225
0.41126166295234057,12.854518958679318,143.5546875,0.035
0.8061185385915106,12.437091491240862,135.99917763157896,0.025
0.748973531647158,11.5315507735767,143.5546875,0.03
0.9686821418188496,11.676434839898128,126.04801829268293,0.055
0.9491103208878652,12.367352844766874,126.04801829268293,0.06
0.8554327150081975,14.272244119427482,128.0,0.0475
0.772475715973302,13.529869073478068,139.6748310810811,0.03
0.8590395961299049,13.13529770399928,135.99917763157896,0.05
0.5753284547909441,13.300055006292704,126.04801829268293,0.0425
